ISO-10303-21;
HEADER;
FILE_DESCRIPTION(('STEP AP242'),'1');
FILE_NAME('1053142308.stp','2025-02-05T05:13:05',('TraceParts'),('TraceParts S.A.'),'Spatial InterOp 3D',' ',' ');
FILE_SCHEMA(('AP242_MANAGED_MODEL_BASED_3D_ENGINEERING_MIM_LF  {1 0 10303 442 1 1 4}'));
ENDSEC;
DATA;
#1=PRODUCT_DEFINITION_CONTEXT('',#10,'design');
#2=APPLICATION_PROTOCOL_DEFINITION('INTERNATIONAL STANDARD','ap242_managed_model_based_3d_engineering',2014,#10);
#3=PRODUCT_CATEGORY_RELATIONSHIP('NONE','NONE',#11,#12);
#4=SHAPE_DEFINITION_REPRESENTATION(#13,#14);
#5=SHAPE_DEFINITION_REPRESENTATION(#13,#15);
#6= (GEOMETRIC_REPRESENTATION_CONTEXT(3)GLOBAL_UNCERTAINTY_ASSIGNED_CONTEXT((#18))GLOBAL_UNIT_ASSIGNED_CONTEXT((#20,#21,#22))REPRESENTATION_CONTEXT('NONE','WORKSPACE'));
#10=APPLICATION_CONTEXT('managed model based 3d engineering');
#11=PRODUCT_CATEGORY('part','NONE');
#12=PRODUCT_RELATED_PRODUCT_CATEGORY('detail',' ',(#24));
#13=PRODUCT_DEFINITION_SHAPE('NONE','NONE',#25);
#14=ADVANCED_BREP_SHAPE_REPRESENTATION('1053142308_1',(#26,#27),#6);
#15=GEOMETRICALLY_BOUNDED_SURFACE_SHAPE_REPRESENTATION('1',(#28,#29),#6);
#18=UNCERTAINTY_MEASURE_WITH_UNIT(LENGTH_MEASURE(1.0E-06),#20,'','');
#20= (CONVERSION_BASED_UNIT('MILLIMETRE',#32)LENGTH_UNIT()NAMED_UNIT(#35));
#21= (NAMED_UNIT(#37)PLANE_ANGLE_UNIT()SI_UNIT($,.RADIAN.));
#22= (NAMED_UNIT(#37)SOLID_ANGLE_UNIT()SI_UNIT($,.STERADIAN.));
#24=PRODUCT('1053142308_1','1053142308_1','PART-1053142308_1-DESC',(#43));
#25=PRODUCT_DEFINITION('','NONE',#44,#1);
#26=MANIFOLD_SOLID_BREP('1053142308_1',#45);
#27=AXIS2_PLACEMENT_3D('',#46,#47,#48);
#28=GEOMETRIC_SET('1',(#49,#50,#51,#52,#53,#54,#55,#56,#57,#58,#59,#60,#61,#62,#63,#64,#65,#66,#67,#68));
#29=AXIS2_PLACEMENT_3D('',#69,#70,#71);
#32=LENGTH_MEASURE_WITH_UNIT(LENGTH_MEASURE(1.0),#72);
#35=DIMENSIONAL_EXPONENTS(1.0,0.0,0.0,0.0,0.0,0.0,0.0);
#37=DIMENSIONAL_EXPONENTS(0.0,0.0,0.0,0.0,0.0,0.0,0.0);
#43=PRODUCT_CONTEXT('',#10,'mechanical');
#44=PRODUCT_DEFINITION_FORMATION_WITH_SPECIFIED_SOURCE(' ','NONE',#24,.NOT_KNOWN.);
#45=CLOSED_SHELL('',(#73,#74,#75,#76,#77,#78,#79,#80,#81,#82,#83,#84,#85,#86,#87,#88,#89,#90,#91,#92,#93,#94,#95,#96,#97,#98,#99,#100,#101,#102,#103,#104,#105,#106,#107,#108,#109,#110,#111,#112,#113,#114,#115,#116,#117,#118,#119,#120,#121,#122,#123,#124,#125,#126,#127,#128,#129,#130,#131,#132,#133,#134,#135,#136,#137,#138,#139,#140,#141,#142,#143,#144,#145,#146,#147,#148,#149,#150,#151,#152,#153,#154,#155,#156,#157,#158,#159,#160,#161,#162,#163,#164,#165,#166,#167,#168,#169,#170,#171,#172,#173,#174,#175,#176,#177,#178,#179,#180,#181,#182,#183,#184,#185,#186,#187,#188,#189,#190,#191,#192,#193,#194,#195,#196,#197,#198,#199,#200,#201,#202,#203,#204,#205,#206,#207,#208,#209,#210,#211,#212,#213,#214,#215,#216,#217,#218,#219,#220,#221,#222,#223,#224,#225,#226,#227,#228,#229,#230,#231,#232,#233,#234,#235,#236,#237,#238,#239,#240,#241,#242,#243,#244,#245,#246,#247,#248,#249,#250,#251,#252,#253,#254,#255,#256,#257,#258,#259,#260,#261,#262,#263,#264,#265,#266,#267,#268,#269,#270,#271,#272,#273,#274,#275,#276,#277,#278,#279,#280,#281,#282,#283,#284,#285,#286,#287,#288,#289,#290,#291,#292,#293,#294,#295,#296,#297,#298,#299,#300,#301,#302,#303,#304,#305,#306,#307,#308,#309,#310,#311,#312,#313,#314,#315,#316,#317,#318,#319,#320,#321,#322,#323,#324,#325,#326,#327,#328,#329,#330,#331,#332,#333,#334,#335,#336,#337,#338,#339,#340,#341,#342,#343,#344,#345,#346,#347,#348,#349,#350,#351,#352,#353,#354,#355,#356,#357,#358,#359,#360,#361,#362,#363,#364,#365,#366,#367,#368,#369,#370,#371,#372,#373,#374,#375,#376,#377,#378,#379,#380,#381));
#46=CARTESIAN_POINT('',(0.0,0.0,0.0));
#47=DIRECTION('',(0.0,0.0,1.0));
#48=DIRECTION('',(1.0,0.0,0.0));
#49=COMPOSITE_CURVE('1053142308_2',(#382),.U.);
#50=COMPOSITE_CURVE('1053142308_3',(#383),.U.);
#51=COMPOSITE_CURVE('1053142308_4',(#384),.U.);
#52=COMPOSITE_CURVE('1053142308_5',(#385),.U.);
#53=COMPOSITE_CURVE('1053142308_6',(#386),.U.);
#54=COMPOSITE_CURVE('1053142308_7',(#387),.U.);
#55=COMPOSITE_CURVE('1053142308_8',(#388),.U.);
#56=COMPOSITE_CURVE('1053142308_9',(#389),.U.);
#57=COMPOSITE_CURVE('1053142308_10',(#390),.U.);
#58=COMPOSITE_CURVE('1053142308_11',(#391),.U.);
#59=COMPOSITE_CURVE('1053142308_12',(#392),.U.);
#60=COMPOSITE_CURVE('1053142308_13',(#393),.U.);
#61=COMPOSITE_CURVE('1053142308_14',(#394),.U.);
#62=COMPOSITE_CURVE('1053142308_15',(#395),.U.);
#63=COMPOSITE_CURVE('1053142308_16',(#396),.U.);
#64=COMPOSITE_CURVE('1053142308_17',(#397),.U.);
#65=COMPOSITE_CURVE('1053142308_18',(#398),.U.);
#66=COMPOSITE_CURVE('1053142308_19',(#399),.U.);
#67=COMPOSITE_CURVE('1053142308_20',(#400),.U.);
#68=COMPOSITE_CURVE('1053142308_21',(#401),.U.);
#69=CARTESIAN_POINT('',(0.0,0.0,0.0));
#70=DIRECTION('',(0.0,0.0,1.0));
#71=DIRECTION('',(1.0,0.0,0.0));
#72= (NAMED_UNIT(#35)LENGTH_UNIT()SI_UNIT(.MILLI.,.METRE.));
#73=ADVANCED_FACE('',(#403),#404,.T.);
#74=ADVANCED_FACE('',(#405),#406,.T.);
#75=ADVANCED_FACE('',(#407),#408,.T.);
#76=ADVANCED_FACE('',(#409),#410,.T.);
#77=ADVANCED_FACE('',(#411),#412,.T.);
#78=ADVANCED_FACE('',(#413),#414,.T.);
#79=ADVANCED_FACE('',(#415),#416,.T.);
#80=ADVANCED_FACE('',(#417),#418,.T.);
#81=ADVANCED_FACE('',(#419,#420,#421),#422,.F.);
#82=ADVANCED_FACE('',(#423),#424,.T.);
#83=ADVANCED_FACE('',(#425),#426,.T.);
#84=ADVANCED_FACE('',(#427),#428,.T.);
#85=ADVANCED_FACE('',(#429),#430,.T.);
#86=ADVANCED_FACE('',(#431),#432,.T.);
#87=ADVANCED_FACE('',(#433),#434,.T.);
#88=ADVANCED_FACE('',(#435),#436,.T.);
#89=ADVANCED_FACE('',(#437),#438,.T.);
#90=ADVANCED_FACE('',(#439),#440,.T.);
#91=ADVANCED_FACE('',(#441),#442,.T.);
#92=ADVANCED_FACE('',(#443,#444,#445,#446,#447,#448),#449,.T.);
#93=ADVANCED_FACE('',(#450),#451,.F.);
#94=ADVANCED_FACE('',(#452),#453,.F.);
#95=ADVANCED_FACE('',(#454),#455,.F.);
#96=ADVANCED_FACE('',(#456),#457,.F.);
#97=ADVANCED_FACE('',(#458,#459),#460,.T.);
#98=ADVANCED_FACE('',(#461,#462),#463,.T.);
#99=ADVANCED_FACE('',(#464),#465,.F.);
#100=ADVANCED_FACE('',(#466),#467,.F.);
#101=ADVANCED_FACE('',(#468),#469,.F.);
#102=ADVANCED_FACE('',(#470),#471,.F.);
#103=ADVANCED_FACE('',(#472),#473,.F.);
#104=ADVANCED_FACE('',(#474),#475,.F.);
#105=ADVANCED_FACE('',(#476),#477,.F.);
#106=ADVANCED_FACE('',(#478),#479,.F.);
#107=ADVANCED_FACE('',(#480),#481,.T.);
#108=ADVANCED_FACE('',(#482),#483,.T.);
#109=ADVANCED_FACE('',(#484),#485,.T.);
#110=ADVANCED_FACE('',(#486),#487,.T.);
#111=ADVANCED_FACE('',(#488),#489,.T.);
#112=ADVANCED_FACE('',(#490,#491,#492,#493,#494,#495,#496,#497,#498),#499,.T.);
#113=ADVANCED_FACE('',(#500),#501,.T.);
#114=ADVANCED_FACE('',(#502),#503,.T.);
#115=ADVANCED_FACE('',(#504),#505,.T.);
#116=ADVANCED_FACE('',(#506),#507,.T.);
#117=ADVANCED_FACE('',(#508),#509,.T.);
#118=ADVANCED_FACE('',(#510),#511,.T.);
#119=ADVANCED_FACE('',(#512),#513,.T.);
#120=ADVANCED_FACE('',(#514),#515,.F.);
#121=ADVANCED_FACE('',(#516),#517,.F.);
#122=ADVANCED_FACE('',(#518),#519,.F.);
#123=ADVANCED_FACE('',(#520),#521,.T.);
#124=ADVANCED_FACE('',(#522),#523,.F.);
#125=ADVANCED_FACE('',(#524),#525,.T.);
#126=ADVANCED_FACE('',(#526),#527,.T.);
#127=ADVANCED_FACE('',(#528),#529,.T.);
#128=ADVANCED_FACE('',(#530),#531,.T.);
#129=ADVANCED_FACE('',(#532),#533,.T.);
#130=ADVANCED_FACE('',(#534),#535,.F.);
#131=ADVANCED_FACE('',(#536),#537,.T.);
#132=ADVANCED_FACE('',(#538),#539,.T.);
#133=ADVANCED_FACE('',(#540),#541,.F.);
#134=ADVANCED_FACE('',(#542),#543,.F.);
#135=ADVANCED_FACE('',(#544),#545,.F.);
#136=ADVANCED_FACE('',(#546),#547,.T.);
#137=ADVANCED_FACE('',(#548),#549,.F.);
#138=ADVANCED_FACE('',(#550),#551,.F.);
#139=ADVANCED_FACE('',(#552),#553,.F.);
#140=ADVANCED_FACE('',(#554),#555,.F.);
#141=ADVANCED_FACE('',(#556),#557,.F.);
#142=ADVANCED_FACE('',(#558,#559),#560,.T.);
#143=ADVANCED_FACE('',(#561,#562),#563,.T.);
#144=ADVANCED_FACE('',(#564),#565,.F.);
#145=ADVANCED_FACE('',(#566),#567,.F.);
#146=ADVANCED_FACE('',(#568),#569,.F.);
#147=ADVANCED_FACE('',(#570),#571,.F.);
#148=ADVANCED_FACE('',(#572),#573,.F.);
#149=ADVANCED_FACE('',(#574),#575,.F.);
#150=ADVANCED_FACE('',(#576),#577,.F.);
#151=ADVANCED_FACE('',(#578),#579,.F.);
#152=ADVANCED_FACE('',(#580),#581,.T.);
#153=ADVANCED_FACE('',(#582),#583,.T.);
#154=ADVANCED_FACE('',(#584),#585,.T.);
#155=ADVANCED_FACE('',(#586),#587,.T.);
#156=ADVANCED_FACE('',(#588),#589,.T.);
#157=ADVANCED_FACE('',(#590),#591,.T.);
#158=ADVANCED_FACE('',(#592),#593,.T.);
#159=ADVANCED_FACE('',(#594),#595,.T.);
#160=ADVANCED_FACE('',(#596),#597,.T.);
#161=ADVANCED_FACE('',(#598),#599,.T.);
#162=ADVANCED_FACE('',(#600),#601,.T.);
#163=ADVANCED_FACE('',(#602),#603,.F.);
#164=ADVANCED_FACE('',(#604),#605,.T.);
#165=ADVANCED_FACE('',(#606),#607,.T.);
#166=ADVANCED_FACE('',(#608),#609,.T.);
#167=ADVANCED_FACE('',(#610),#611,.T.);
#168=ADVANCED_FACE('',(#612),#613,.T.);
#169=ADVANCED_FACE('',(#614),#615,.T.);
#170=ADVANCED_FACE('',(#616),#617,.T.);
#171=ADVANCED_FACE('',(#618),#619,.T.);
#172=ADVANCED_FACE('',(#620),#621,.T.);
#173=ADVANCED_FACE('',(#622),#623,.T.);
#174=ADVANCED_FACE('',(#624),#625,.T.);
#175=ADVANCED_FACE('',(#626),#627,.T.);
#176=ADVANCED_FACE('',(#628),#629,.T.);
#177=ADVANCED_FACE('',(#630),#631,.T.);
#178=ADVANCED_FACE('',(#632),#633,.T.);
#179=ADVANCED_FACE('',(#634),#635,.T.);
#180=ADVANCED_FACE('',(#636),#637,.T.);
#181=ADVANCED_FACE('',(#638),#639,.T.);
#182=ADVANCED_FACE('',(#640),#641,.T.);
#183=ADVANCED_FACE('',(#642),#643,.T.);
#184=ADVANCED_FACE('',(#644),#645,.T.);
#185=ADVANCED_FACE('',(#646),#647,.T.);
#186=ADVANCED_FACE('',(#648),#649,.T.);
#187=ADVANCED_FACE('',(#650),#651,.F.);
#188=ADVANCED_FACE('',(#652),#653,.T.);
#189=ADVANCED_FACE('',(#654),#655,.T.);
#190=ADVANCED_FACE('',(#656),#657,.T.);
#191=ADVANCED_FACE('',(#658),#659,.T.);
#192=ADVANCED_FACE('',(#660),#661,.F.);
#193=ADVANCED_FACE('',(#662),#663,.F.);
#194=ADVANCED_FACE('',(#664),#665,.F.);
#195=ADVANCED_FACE('',(#666),#667,.F.);
#196=ADVANCED_FACE('',(#668),#669,.F.);
#197=ADVANCED_FACE('',(#670),#671,.F.);
#198=ADVANCED_FACE('',(#672),#673,.F.);
#199=ADVANCED_FACE('',(#674,#675),#676,.T.);
#200=ADVANCED_FACE('',(#677,#678),#679,.T.);
#201=ADVANCED_FACE('',(#680),#681,.F.);
#202=ADVANCED_FACE('',(#682),#683,.F.);
#203=ADVANCED_FACE('',(#684),#685,.F.);
#204=ADVANCED_FACE('',(#686),#687,.F.);
#205=ADVANCED_FACE('',(#688),#689,.F.);
#206=ADVANCED_FACE('',(#690),#691,.F.);
#207=ADVANCED_FACE('',(#692),#693,.F.);
#208=ADVANCED_FACE('',(#694),#695,.F.);
#209=ADVANCED_FACE('',(#696),#697,.T.);
#210=ADVANCED_FACE('',(#698),#699,.T.);
#211=ADVANCED_FACE('',(#700),#701,.T.);
#212=ADVANCED_FACE('',(#702),#703,.T.);
#213=ADVANCED_FACE('',(#704),#705,.T.);
#214=ADVANCED_FACE('',(#706),#707,.T.);
#215=ADVANCED_FACE('',(#708),#709,.T.);
#216=ADVANCED_FACE('',(#710),#711,.T.);
#217=ADVANCED_FACE('',(#712),#713,.T.);
#218=ADVANCED_FACE('',(#714),#715,.T.);
#219=ADVANCED_FACE('',(#716),#717,.T.);
#220=ADVANCED_FACE('',(#718),#719,.F.);
#221=ADVANCED_FACE('',(#720),#721,.T.);
#222=ADVANCED_FACE('',(#722),#723,.T.);
#223=ADVANCED_FACE('',(#724),#725,.T.);
#224=ADVANCED_FACE('',(#726),#727,.T.);
#225=ADVANCED_FACE('',(#728),#729,.T.);
#226=ADVANCED_FACE('',(#730),#731,.T.);
#227=ADVANCED_FACE('',(#732),#733,.T.);
#228=ADVANCED_FACE('',(#734),#735,.T.);
#229=ADVANCED_FACE('',(#736),#737,.T.);
#230=ADVANCED_FACE('',(#738),#739,.T.);
#231=ADVANCED_FACE('',(#740),#741,.T.);
#232=ADVANCED_FACE('',(#742),#743,.T.);
#233=ADVANCED_FACE('',(#744),#745,.T.);
#234=ADVANCED_FACE('',(#746),#747,.T.);
#235=ADVANCED_FACE('',(#748),#749,.T.);
#236=ADVANCED_FACE('',(#750),#751,.T.);
#237=ADVANCED_FACE('',(#752),#753,.T.);
#238=ADVANCED_FACE('',(#754),#755,.T.);
#239=ADVANCED_FACE('',(#756),#757,.T.);
#240=ADVANCED_FACE('',(#758),#759,.T.);
#241=ADVANCED_FACE('',(#760),#761,.T.);
#242=ADVANCED_FACE('',(#762),#763,.T.);
#243=ADVANCED_FACE('',(#764),#765,.T.);
#244=ADVANCED_FACE('',(#766),#767,.F.);
#245=ADVANCED_FACE('',(#768),#769,.T.);
#246=ADVANCED_FACE('',(#770),#771,.T.);
#247=ADVANCED_FACE('',(#772),#773,.T.);
#248=ADVANCED_FACE('',(#774),#775,.T.);
#249=ADVANCED_FACE('',(#776),#777,.T.);
#250=ADVANCED_FACE('',(#778),#779,.T.);
#251=ADVANCED_FACE('',(#780),#781,.T.);
#252=ADVANCED_FACE('',(#782),#783,.T.);
#253=ADVANCED_FACE('',(#784),#785,.T.);
#254=ADVANCED_FACE('',(#786),#787,.T.);
#255=ADVANCED_FACE('',(#788),#789,.T.);
#256=ADVANCED_FACE('',(#790),#791,.T.);
#257=ADVANCED_FACE('',(#792),#793,.F.);
#258=ADVANCED_FACE('',(#794),#795,.T.);
#259=ADVANCED_FACE('',(#796),#797,.T.);
#260=ADVANCED_FACE('',(#798),#799,.T.);
#261=ADVANCED_FACE('',(#800),#801,.T.);
#262=ADVANCED_FACE('',(#802),#803,.T.);
#263=ADVANCED_FACE('',(#804),#805,.T.);
#264=ADVANCED_FACE('',(#806),#807,.T.);
#265=ADVANCED_FACE('',(#808),#809,.T.);
#266=ADVANCED_FACE('',(#810),#811,.T.);
#267=ADVANCED_FACE('',(#812),#813,.T.);
#268=ADVANCED_FACE('',(#814),#815,.F.);
#269=ADVANCED_FACE('',(#816),#817,.T.);
#270=ADVANCED_FACE('',(#818),#819,.T.);
#271=ADVANCED_FACE('',(#820),#821,.T.);
#272=ADVANCED_FACE('',(#822),#823,.T.);
#273=ADVANCED_FACE('',(#824),#825,.T.);
#274=ADVANCED_FACE('',(#826),#827,.T.);
#275=ADVANCED_FACE('',(#828),#829,.T.);
#276=ADVANCED_FACE('',(#830),#831,.T.);
#277=ADVANCED_FACE('',(#832),#833,.T.);
#278=ADVANCED_FACE('',(#834),#835,.T.);
#279=ADVANCED_FACE('',(#836),#837,.T.);
#280=ADVANCED_FACE('',(#838),#839,.T.);
#281=ADVANCED_FACE('',(#840),#841,.T.);
#282=ADVANCED_FACE('',(#842),#843,.T.);
#283=ADVANCED_FACE('',(#844),#845,.T.);
#284=ADVANCED_FACE('',(#846),#847,.F.);
#285=ADVANCED_FACE('',(#848),#849,.F.);
#286=ADVANCED_FACE('',(#850),#851,.F.);
#287=ADVANCED_FACE('',(#852),#853,.F.);
#288=ADVANCED_FACE('',(#854),#855,.T.);
#289=ADVANCED_FACE('',(#856),#857,.T.);
#290=ADVANCED_FACE('',(#858),#859,.T.);
#291=ADVANCED_FACE('',(#860),#861,.T.);
#292=ADVANCED_FACE('',(#862),#863,.T.);
#293=ADVANCED_FACE('',(#864),#865,.T.);
#294=ADVANCED_FACE('',(#866),#867,.T.);
#295=ADVANCED_FACE('',(#868),#869,.T.);
#296=ADVANCED_FACE('',(#870),#871,.T.);
#297=ADVANCED_FACE('',(#872),#873,.T.);
#298=ADVANCED_FACE('',(#874),#875,.T.);
#299=ADVANCED_FACE('',(#876),#877,.F.);
#300=ADVANCED_FACE('',(#878),#879,.T.);
#301=ADVANCED_FACE('',(#880),#881,.T.);
#302=ADVANCED_FACE('',(#882),#883,.T.);
#303=ADVANCED_FACE('',(#884),#885,.T.);
#304=ADVANCED_FACE('',(#886),#887,.T.);
#305=ADVANCED_FACE('',(#888),#889,.T.);
#306=ADVANCED_FACE('',(#890),#891,.T.);
#307=ADVANCED_FACE('',(#892),#893,.T.);
#308=ADVANCED_FACE('',(#894,#895),#896,.T.);
#309=ADVANCED_FACE('',(#897,#898),#899,.T.);
#310=ADVANCED_FACE('',(#900),#901,.F.);
#311=ADVANCED_FACE('',(#902),#903,.F.);
#312=ADVANCED_FACE('',(#904),#905,.F.);
#313=ADVANCED_FACE('',(#906),#907,.F.);
#314=ADVANCED_FACE('',(#908),#909,.F.);
#315=ADVANCED_FACE('',(#910),#911,.F.);
#316=ADVANCED_FACE('',(#912),#913,.F.);
#317=ADVANCED_FACE('',(#914),#915,.F.);
#318=ADVANCED_FACE('',(#916),#917,.F.);
#319=ADVANCED_FACE('',(#918),#919,.F.);
#320=ADVANCED_FACE('',(#920),#921,.T.);
#321=ADVANCED_FACE('',(#922),#923,.T.);
#322=ADVANCED_FACE('',(#924),#925,.F.);
#323=ADVANCED_FACE('',(#926),#927,.T.);
#324=ADVANCED_FACE('',(#928),#929,.T.);
#325=ADVANCED_FACE('',(#930),#931,.T.);
#326=ADVANCED_FACE('',(#932),#933,.T.);
#327=ADVANCED_FACE('',(#934),#935,.T.);
#328=ADVANCED_FACE('',(#936),#937,.T.);
#329=ADVANCED_FACE('',(#938),#939,.T.);
#330=ADVANCED_FACE('',(#940),#941,.T.);
#331=ADVANCED_FACE('',(#942),#943,.T.);
#332=ADVANCED_FACE('',(#944),#945,.T.);
#333=ADVANCED_FACE('',(#946),#947,.T.);
#334=ADVANCED_FACE('',(#948),#949,.T.);
#335=ADVANCED_FACE('',(#950),#951,.T.);
#336=ADVANCED_FACE('',(#952),#953,.T.);
#337=ADVANCED_FACE('',(#954),#955,.T.);
#338=ADVANCED_FACE('',(#956),#957,.T.);
#339=ADVANCED_FACE('',(#958),#959,.T.);
#340=ADVANCED_FACE('',(#960),#961,.T.);
#341=ADVANCED_FACE('',(#962),#963,.T.);
#342=ADVANCED_FACE('',(#964),#965,.T.);
#343=ADVANCED_FACE('',(#966),#967,.T.);
#344=ADVANCED_FACE('',(#968),#969,.T.);
#345=ADVANCED_FACE('',(#970),#971,.T.);
#346=ADVANCED_FACE('',(#972),#973,.F.);
#347=ADVANCED_FACE('',(#974),#975,.T.);
#348=ADVANCED_FACE('',(#976),#977,.T.);
#349=ADVANCED_FACE('',(#978),#979,.T.);
#350=ADVANCED_FACE('',(#980),#981,.T.);
#351=ADVANCED_FACE('',(#982),#983,.F.);
#352=ADVANCED_FACE('',(#984),#985,.T.);
#353=ADVANCED_FACE('',(#986),#987,.T.);
#354=ADVANCED_FACE('',(#988),#989,.T.);
#355=ADVANCED_FACE('',(#990),#991,.T.);
#356=ADVANCED_FACE('',(#992),#993,.F.);
#357=ADVANCED_FACE('',(#994),#995,.T.);
#358=ADVANCED_FACE('',(#996),#997,.T.);
#359=ADVANCED_FACE('',(#998),#999,.T.);
#360=ADVANCED_FACE('',(#1000),#1001,.T.);
#361=ADVANCED_FACE('',(#1002),#1003,.F.);
#362=ADVANCED_FACE('',(#1004),#1005,.T.);
#363=ADVANCED_FACE('',(#1006),#1007,.T.);
#364=ADVANCED_FACE('',(#1008),#1009,.F.);
#365=ADVANCED_FACE('',(#1010),#1011,.T.);
#366=ADVANCED_FACE('',(#1012),#1013,.T.);
#367=ADVANCED_FACE('',(#1014),#1015,.T.);
#368=ADVANCED_FACE('',(#1016),#1017,.F.);
#369=ADVANCED_FACE('',(#1018),#1019,.T.);
#370=ADVANCED_FACE('',(#1020),#1021,.T.);
#371=ADVANCED_FACE('',(#1022),#1023,.T.);
#372=ADVANCED_FACE('',(#1024),#1025,.F.);
#373=ADVANCED_FACE('',(#1026),#1027,.T.);
#374=ADVANCED_FACE('',(#1028),#1029,.T.);
#375=ADVANCED_FACE('',(#1030),#1031,.T.);
#376=ADVANCED_FACE('',(#1032),#1033,.F.);
#377=ADVANCED_FACE('',(#1034),#1035,.T.);
#378=ADVANCED_FACE('',(#1036),#1037,.T.);
#379=ADVANCED_FACE('',(#1038),#1039,.T.);
#380=ADVANCED_FACE('',(#1040),#1041,.T.);
#381=ADVANCED_FACE('',(#1042),#1043,.T.);
#382=COMPOSITE_CURVE_SEGMENT(.CONTINUOUS.,.T.,#1044);
#383=COMPOSITE_CURVE_SEGMENT(.CONTINUOUS.,.T.,#1045);
#384=COMPOSITE_CURVE_SEGMENT(.CONTINUOUS.,.T.,#1046);
#385=COMPOSITE_CURVE_SEGMENT(.CONTINUOUS.,.T.,#1047);
#386=COMPOSITE_CURVE_SEGMENT(.CONTINUOUS.,.T.,#1048);
#387=COMPOSITE_CURVE_SEGMENT(.CONTINUOUS.,.T.,#1049);
#388=COMPOSITE_CURVE_SEGMENT(.CONTINUOUS.,.T.,#1050);
#389=COMPOSITE_CURVE_SEGMENT(.CONTINUOUS.,.T.,#1051);
#390=COMPOSITE_CURVE_SEGMENT(.CONTINUOUS.,.T.,#1052);
#391=COMPOSITE_CURVE_SEGMENT(.CONTINUOUS.,.T.,#1053);
#392=COMPOSITE_CURVE_SEGMENT(.CONTINUOUS.,.T.,#1054);
#393=COMPOSITE_CURVE_SEGMENT(.CONTINUOUS.,.T.,#1055);
#394=COMPOSITE_CURVE_SEGMENT(.CONTINUOUS.,.T.,#1056);
#395=COMPOSITE_CURVE_SEGMENT(.CONTINUOUS.,.T.,#1057);
#396=COMPOSITE_CURVE_SEGMENT(.CONTINUOUS.,.T.,#1058);
#397=COMPOSITE_CURVE_SEGMENT(.CONTINUOUS.,.T.,#1059);
#398=COMPOSITE_CURVE_SEGMENT(.CONTINUOUS.,.T.,#1060);
#399=COMPOSITE_CURVE_SEGMENT(.CONTINUOUS.,.T.,#1061);
#400=COMPOSITE_CURVE_SEGMENT(.CONTINUOUS.,.T.,#1062);
#401=COMPOSITE_CURVE_SEGMENT(.CONTINUOUS.,.T.,#1063);
#403=FACE_OUTER_BOUND('',#1064,.T.);
#404=CYLINDRICAL_SURFACE('',#1065,0.8);
#405=FACE_OUTER_BOUND('',#1066,.T.);
#406=CYLINDRICAL_SURFACE('',#1067,0.8);
#407=FACE_OUTER_BOUND('',#1068,.T.);
#408=CONICAL_SURFACE('',#1069,0.7250032082262,0.358754526158123);
#409=FACE_OUTER_BOUND('',#1070,.T.);
#410=CONICAL_SURFACE('',#1071,0.7250032082263,0.358754526158123);
#411=FACE_OUTER_BOUND('',#1072,.T.);
#412=CYLINDRICAL_SURFACE('',#1073,0.8);
#413=FACE_OUTER_BOUND('',#1074,.T.);
#414=CONICAL_SURFACE('',#1075,0.7250032082262,0.358754526158123);
#415=FACE_OUTER_BOUND('',#1076,.T.);
#416=CYLINDRICAL_SURFACE('',#1077,0.8);
#417=FACE_OUTER_BOUND('',#1078,.T.);
#418=CONICAL_SURFACE('',#1079,0.7250032082263,0.358754526158123);
#419=FACE_OUTER_BOUND('',#1080,.T.);
#420=FACE_BOUND('',#1081,.T.);
#421=FACE_BOUND('',#1082,.T.);
#422=PLANE('',#1083);
#423=FACE_OUTER_BOUND('',#1084,.T.);
#424=PLANE('',#1085);
#425=FACE_OUTER_BOUND('',#1086,.T.);
#426=PLANE('',#1087);
#427=FACE_OUTER_BOUND('',#1088,.T.);
#428=PLANE('',#1089);
#429=FACE_OUTER_BOUND('',#1090,.T.);
#430=PLANE('',#1091);
#431=FACE_OUTER_BOUND('',#1092,.T.);
#432=PLANE('',#1093);
#433=FACE_OUTER_BOUND('',#1094,.T.);
#434=PLANE('',#1095);
#435=FACE_OUTER_BOUND('',#1096,.T.);
#436=PLANE('',#1097);
#437=FACE_OUTER_BOUND('',#1098,.T.);
#438=PLANE('',#1099);
#439=FACE_OUTER_BOUND('',#1100,.T.);
#440=PLANE('',#1101);
#441=FACE_OUTER_BOUND('',#1102,.T.);
#442=PLANE('',#1103);
#443=FACE_OUTER_BOUND('',#1104,.T.);
#444=FACE_BOUND('',#1105,.T.);
#445=FACE_BOUND('',#1106,.T.);
#446=FACE_BOUND('',#1107,.T.);
#447=FACE_BOUND('',#1108,.T.);
#448=FACE_BOUND('',#1109,.T.);
#449=PLANE('',#1110);
#450=FACE_OUTER_BOUND('',#1111,.T.);
#451=PLANE('',#1112);
#452=FACE_OUTER_BOUND('',#1113,.T.);
#453=PLANE('',#1114);
#454=FACE_OUTER_BOUND('',#1115,.T.);
#455=PLANE('',#1116);
#456=FACE_OUTER_BOUND('',#1117,.T.);
#457=PLANE('',#1118);
#458=FACE_OUTER_BOUND('',#1119,.T.);
#459=FACE_BOUND('',#1120,.T.);
#460=PLANE('',#1121);
#461=FACE_OUTER_BOUND('',#1122,.T.);
#462=FACE_BOUND('',#1123,.T.);
#463=PLANE('',#1124);
#464=FACE_OUTER_BOUND('',#1125,.T.);
#465=PLANE('',#1126);
#466=FACE_OUTER_BOUND('',#1127,.T.);
#467=PLANE('',#1128);
#468=FACE_OUTER_BOUND('',#1129,.T.);
#469=PLANE('',#1130);
#470=FACE_OUTER_BOUND('',#1131,.T.);
#471=PLANE('',#1132);
#472=FACE_OUTER_BOUND('',#1133,.T.);
#473=PLANE('',#1134);
#474=FACE_OUTER_BOUND('',#1135,.T.);
#475=PLANE('',#1136);
#476=FACE_OUTER_BOUND('',#1137,.T.);
#477=PLANE('',#1138);
#478=FACE_OUTER_BOUND('',#1139,.T.);
#479=PLANE('',#1140);
#480=FACE_OUTER_BOUND('',#1141,.T.);
#481=PLANE('',#1142);
#482=FACE_OUTER_BOUND('',#1143,.T.);
#483=PLANE('',#1144);
#484=FACE_OUTER_BOUND('',#1145,.T.);
#485=PLANE('',#1146);
#486=FACE_OUTER_BOUND('',#1147,.T.);
#487=PLANE('',#1148);
#488=FACE_OUTER_BOUND('',#1149,.T.);
#489=PLANE('',#1150);
#490=FACE_OUTER_BOUND('',#1151,.T.);
#491=FACE_BOUND('',#1152,.T.);
#492=FACE_BOUND('',#1153,.T.);
#493=FACE_BOUND('',#1154,.T.);
#494=FACE_BOUND('',#1155,.T.);
#495=FACE_BOUND('',#1156,.T.);
#496=FACE_BOUND('',#1157,.T.);
#497=FACE_BOUND('',#1158,.T.);
#498=FACE_BOUND('',#1159,.T.);
#499=PLANE('',#1160);
#500=FACE_OUTER_BOUND('',#1161,.T.);
#501=PLANE('',#1162);
#502=FACE_OUTER_BOUND('',#1163,.T.);
#503=PLANE('',#1164);
#504=FACE_OUTER_BOUND('',#1165,.T.);
#505=CYLINDRICAL_SURFACE('',#1166,0.2);
#506=FACE_OUTER_BOUND('',#1167,.T.);
#507=PLANE('',#1168);
#508=FACE_OUTER_BOUND('',#1169,.T.);
#509=CYLINDRICAL_SURFACE('',#1170,0.2);
#510=FACE_OUTER_BOUND('',#1171,.T.);
#511=PLANE('',#1172);
#512=FACE_OUTER_BOUND('',#1173,.T.);
#513=PLANE('',#1174);
#514=FACE_OUTER_BOUND('',#1175,.T.);
#515=PLANE('',#1176);
#516=FACE_OUTER_BOUND('',#1177,.T.);
#517=PLANE('',#1178);
#518=FACE_OUTER_BOUND('',#1179,.T.);
#519=PLANE('',#1180);
#520=FACE_OUTER_BOUND('',#1181,.T.);
#521=PLANE('',#1182);
#522=FACE_OUTER_BOUND('',#1183,.T.);
#523=PLANE('',#1184);
#524=FACE_OUTER_BOUND('',#1185,.T.);
#525=CYLINDRICAL_SURFACE('',#1186,0.2);
#526=FACE_OUTER_BOUND('',#1187,.T.);
#527=CYLINDRICAL_SURFACE('',#1188,0.2);
#528=FACE_OUTER_BOUND('',#1189,.T.);
#529=SPHERICAL_SURFACE('',#1190,0.2);
#530=FACE_OUTER_BOUND('',#1191,.T.);
#531=PLANE('',#1192);
#532=FACE_OUTER_BOUND('',#1193,.T.);
#533=CYLINDRICAL_SURFACE('',#1194,0.2);
#534=FACE_OUTER_BOUND('',#1195,.T.);
#535=PLANE('',#1196);
#536=FACE_OUTER_BOUND('',#1197,.T.);
#537=CYLINDRICAL_SURFACE('',#1198,0.2);
#538=FACE_OUTER_BOUND('',#1199,.T.);
#539=SPHERICAL_SURFACE('',#1200,0.2);
#540=FACE_OUTER_BOUND('',#1201,.T.);
#541=CYLINDRICAL_SURFACE('',#1202,0.25);
#542=FACE_OUTER_BOUND('',#1203,.T.);
#543=PLANE('',#1204);
#544=FACE_OUTER_BOUND('',#1205,.T.);
#545=CYLINDRICAL_SURFACE('',#1206,0.25);
#546=FACE_OUTER_BOUND('',#1207,.T.);
#547=PLANE('',#1208);
#548=FACE_OUTER_BOUND('',#1209,.T.);
#549=PLANE('',#1210);
#550=FACE_OUTER_BOUND('',#1211,.T.);
#551=PLANE('',#1212);
#552=FACE_OUTER_BOUND('',#1213,.T.);
#553=PLANE('',#1214);
#554=FACE_OUTER_BOUND('',#1215,.T.);
#555=PLANE('',#1216);
#556=FACE_OUTER_BOUND('',#1217,.T.);
#557=PLANE('',#1218);
#558=FACE_OUTER_BOUND('',#1219,.T.);
#559=FACE_BOUND('',#1220,.T.);
#560=PLANE('',#1221);
#561=FACE_OUTER_BOUND('',#1222,.T.);
#562=FACE_BOUND('',#1223,.T.);
#563=PLANE('',#1224);
#564=FACE_OUTER_BOUND('',#1225,.T.);
#565=PLANE('',#1226);
#566=FACE_OUTER_BOUND('',#1227,.T.);
#567=PLANE('',#1228);
#568=FACE_OUTER_BOUND('',#1229,.T.);
#569=PLANE('',#1230);
#570=FACE_OUTER_BOUND('',#1231,.T.);
#571=PLANE('',#1232);
#572=FACE_OUTER_BOUND('',#1233,.T.);
#573=PLANE('',#1234);
#574=FACE_OUTER_BOUND('',#1235,.T.);
#575=PLANE('',#1236);
#576=FACE_OUTER_BOUND('',#1237,.T.);
#577=PLANE('',#1238);
#578=FACE_OUTER_BOUND('',#1239,.T.);
#579=PLANE('',#1240);
#580=FACE_OUTER_BOUND('',#1241,.T.);
#581=PLANE('',#1242);
#582=FACE_OUTER_BOUND('',#1243,.T.);
#583=PLANE('',#1244);
#584=FACE_OUTER_BOUND('',#1245,.T.);
#585=PLANE('',#1246);
#586=FACE_OUTER_BOUND('',#1247,.T.);
#587=PLANE('',#1248);
#588=FACE_OUTER_BOUND('',#1249,.T.);
#589=PLANE('',#1250);
#590=FACE_OUTER_BOUND('',#1251,.T.);
#591=CYLINDRICAL_SURFACE('',#1252,0.935);
#592=FACE_OUTER_BOUND('',#1253,.T.);
#593=PLANE('',#1254);
#594=FACE_OUTER_BOUND('',#1255,.T.);
#595=PLANE('',#1256);
#596=FACE_OUTER_BOUND('',#1257,.T.);
#597=PLANE('',#1258);
#598=FACE_OUTER_BOUND('',#1259,.T.);
#599=PLANE('',#1260);
#600=FACE_OUTER_BOUND('',#1261,.T.);
#601=PLANE('',#1262);
#602=FACE_OUTER_BOUND('',#1263,.T.);
#603=CYLINDRICAL_SURFACE('',#1264,0.3);
#604=FACE_OUTER_BOUND('',#1265,.T.);
#605=PLANE('',#1266);
#606=FACE_OUTER_BOUND('',#1267,.T.);
#607=PLANE('',#1268);
#608=FACE_OUTER_BOUND('',#1269,.T.);
#609=PLANE('',#1270);
#610=FACE_OUTER_BOUND('',#1271,.T.);
#611=PLANE('',#1272);
#612=FACE_OUTER_BOUND('',#1273,.T.);
#613=PLANE('',#1274);
#614=FACE_OUTER_BOUND('',#1275,.T.);
#615=PLANE('',#1276);
#616=FACE_OUTER_BOUND('',#1277,.T.);
#617=PLANE('',#1278);
#618=FACE_OUTER_BOUND('',#1279,.T.);
#619=PLANE('',#1280);
#620=FACE_OUTER_BOUND('',#1281,.T.);
#621=PLANE('',#1282);
#622=FACE_OUTER_BOUND('',#1283,.T.);
#623=PLANE('',#1284);
#624=FACE_OUTER_BOUND('',#1285,.T.);
#625=PLANE('',#1286);
#626=FACE_OUTER_BOUND('',#1287,.T.);
#627=PLANE('',#1288);
#628=FACE_OUTER_BOUND('',#1289,.T.);
#629=PLANE('',#1290);
#630=FACE_OUTER_BOUND('',#1291,.T.);
#631=PLANE('',#1292);
#632=FACE_OUTER_BOUND('',#1293,.T.);
#633=CYLINDRICAL_SURFACE('',#1294,0.935);
#634=FACE_OUTER_BOUND('',#1295,.T.);
#635=PLANE('',#1296);
#636=FACE_OUTER_BOUND('',#1297,.T.);
#637=PLANE('',#1298);
#638=FACE_OUTER_BOUND('',#1299,.T.);
#639=PLANE('',#1300);
#640=FACE_OUTER_BOUND('',#1301,.T.);
#641=PLANE('',#1302);
#642=FACE_OUTER_BOUND('',#1303,.T.);
#643=PLANE('',#1304);
#644=FACE_OUTER_BOUND('',#1305,.T.);
#645=PLANE('',#1306);
#646=FACE_OUTER_BOUND('',#1307,.T.);
#647=PLANE('',#1308);
#648=FACE_OUTER_BOUND('',#1309,.T.);
#649=PLANE('',#1310);
#650=FACE_OUTER_BOUND('',#1311,.T.);
#651=CYLINDRICAL_SURFACE('',#1312,0.3);
#652=FACE_OUTER_BOUND('',#1313,.T.);
#653=PLANE('',#1314);
#654=FACE_OUTER_BOUND('',#1315,.T.);
#655=PLANE('',#1316);
#656=FACE_OUTER_BOUND('',#1317,.T.);
#657=PLANE('',#1318);
#658=FACE_OUTER_BOUND('',#1319,.T.);
#659=PLANE('',#1320);
#660=FACE_OUTER_BOUND('',#1321,.T.);
#661=PLANE('',#1322);
#662=FACE_OUTER_BOUND('',#1323,.T.);
#663=PLANE('',#1324);
#664=FACE_OUTER_BOUND('',#1325,.T.);
#665=PLANE('',#1326);
#666=FACE_OUTER_BOUND('',#1327,.T.);
#667=PLANE('',#1328);
#668=FACE_OUTER_BOUND('',#1329,.T.);
#669=PLANE('',#1330);
#670=FACE_OUTER_BOUND('',#1331,.T.);
#671=PLANE('',#1332);
#672=FACE_OUTER_BOUND('',#1333,.T.);
#673=PLANE('',#1334);
#674=FACE_OUTER_BOUND('',#1335,.T.);
#675=FACE_BOUND('',#1336,.T.);
#676=PLANE('',#1337);
#677=FACE_OUTER_BOUND('',#1338,.T.);
#678=FACE_BOUND('',#1339,.T.);
#679=PLANE('',#1340);
#680=FACE_OUTER_BOUND('',#1341,.T.);
#681=PLANE('',#1342);
#682=FACE_OUTER_BOUND('',#1343,.T.);
#683=PLANE('',#1344);
#684=FACE_OUTER_BOUND('',#1345,.T.);
#685=PLANE('',#1346);
#686=FACE_OUTER_BOUND('',#1347,.T.);
#687=PLANE('',#1348);
#688=FACE_OUTER_BOUND('',#1349,.T.);
#689=PLANE('',#1350);
#690=FACE_OUTER_BOUND('',#1351,.T.);
#691=PLANE('',#1352);
#692=FACE_OUTER_BOUND('',#1353,.T.);
#693=PLANE('',#1354);
#694=FACE_OUTER_BOUND('',#1355,.T.);
#695=PLANE('',#1356);
#696=FACE_OUTER_BOUND('',#1357,.T.);
#697=PLANE('',#1358);
#698=FACE_OUTER_BOUND('',#1359,.T.);
#699=PLANE('',#1360);
#700=FACE_OUTER_BOUND('',#1361,.T.);
#701=PLANE('',#1362);
#702=FACE_OUTER_BOUND('',#1363,.T.);
#703=PLANE('',#1364);
#704=FACE_OUTER_BOUND('',#1365,.T.);
#705=PLANE('',#1366);
#706=FACE_OUTER_BOUND('',#1367,.T.);
#707=CYLINDRICAL_SURFACE('',#1368,0.935);
#708=FACE_OUTER_BOUND('',#1369,.T.);
#709=PLANE('',#1370);
#710=FACE_OUTER_BOUND('',#1371,.T.);
#711=PLANE('',#1372);
#712=FACE_OUTER_BOUND('',#1373,.T.);
#713=PLANE('',#1374);
#714=FACE_OUTER_BOUND('',#1375,.T.);
#715=PLANE('',#1376);
#716=FACE_OUTER_BOUND('',#1377,.T.);
#717=PLANE('',#1378);
#718=FACE_OUTER_BOUND('',#1379,.T.);
#719=CYLINDRICAL_SURFACE('',#1380,0.3);
#720=FACE_OUTER_BOUND('',#1381,.T.);
#721=PLANE('',#1382);
#722=FACE_OUTER_BOUND('',#1383,.T.);
#723=PLANE('',#1384);
#724=FACE_OUTER_BOUND('',#1385,.T.);
#725=PLANE('',#1386);
#726=FACE_OUTER_BOUND('',#1387,.T.);
#727=PLANE('',#1388);
#728=FACE_OUTER_BOUND('',#1389,.T.);
#729=PLANE('',#1390);
#730=FACE_OUTER_BOUND('',#1391,.T.);
#731=PLANE('',#1392);
#732=FACE_OUTER_BOUND('',#1393,.T.);
#733=PLANE('',#1394);
#734=FACE_OUTER_BOUND('',#1395,.T.);
#735=PLANE('',#1396);
#736=FACE_OUTER_BOUND('',#1397,.T.);
#737=PLANE('',#1398);
#738=FACE_OUTER_BOUND('',#1399,.T.);
#739=PLANE('',#1400);
#740=FACE_OUTER_BOUND('',#1401,.T.);
#741=PLANE('',#1402);
#742=FACE_OUTER_BOUND('',#1403,.T.);
#743=PLANE('',#1404);
#744=FACE_OUTER_BOUND('',#1405,.T.);
#745=PLANE('',#1406);
#746=FACE_OUTER_BOUND('',#1407,.T.);
#747=PLANE('',#1408);
#748=FACE_OUTER_BOUND('',#1409,.T.);
#749=CYLINDRICAL_SURFACE('',#1410,0.935);
#750=FACE_OUTER_BOUND('',#1411,.T.);
#751=PLANE('',#1412);
#752=FACE_OUTER_BOUND('',#1413,.T.);
#753=PLANE('',#1414);
#754=FACE_OUTER_BOUND('',#1415,.T.);
#755=PLANE('',#1416);
#756=FACE_OUTER_BOUND('',#1417,.T.);
#757=PLANE('',#1418);
#758=FACE_OUTER_BOUND('',#1419,.T.);
#759=PLANE('',#1420);
#760=FACE_OUTER_BOUND('',#1421,.T.);
#761=PLANE('',#1422);
#762=FACE_OUTER_BOUND('',#1423,.T.);
#763=PLANE('',#1424);
#764=FACE_OUTER_BOUND('',#1425,.T.);
#765=PLANE('',#1426);
#766=FACE_OUTER_BOUND('',#1427,.T.);
#767=CYLINDRICAL_SURFACE('',#1428,0.3);
#768=FACE_OUTER_BOUND('',#1429,.T.);
#769=PLANE('',#1430);
#770=FACE_OUTER_BOUND('',#1431,.T.);
#771=PLANE('',#1432);
#772=FACE_OUTER_BOUND('',#1433,.T.);
#773=PLANE('',#1434);
#774=FACE_OUTER_BOUND('',#1435,.T.);
#775=PLANE('',#1436);
#776=FACE_OUTER_BOUND('',#1437,.T.);
#777=PLANE('',#1438);
#778=FACE_OUTER_BOUND('',#1439,.T.);
#779=PLANE('',#1440);
#780=FACE_OUTER_BOUND('',#1441,.T.);
#781=CYLINDRICAL_SURFACE('',#1442,0.935);
#782=FACE_OUTER_BOUND('',#1443,.T.);
#783=PLANE('',#1444);
#784=FACE_OUTER_BOUND('',#1445,.T.);
#785=PLANE('',#1446);
#786=FACE_OUTER_BOUND('',#1447,.T.);
#787=PLANE('',#1448);
#788=FACE_OUTER_BOUND('',#1449,.T.);
#789=PLANE('',#1450);
#790=FACE_OUTER_BOUND('',#1451,.T.);
#791=PLANE('',#1452);
#792=FACE_OUTER_BOUND('',#1453,.T.);
#793=CYLINDRICAL_SURFACE('',#1454,0.3);
#794=FACE_OUTER_BOUND('',#1455,.T.);
#795=PLANE('',#1456);
#796=FACE_OUTER_BOUND('',#1457,.T.);
#797=PLANE('',#1458);
#798=FACE_OUTER_BOUND('',#1459,.T.);
#799=PLANE('',#1460);
#800=FACE_OUTER_BOUND('',#1461,.T.);
#801=PLANE('',#1462);
#802=FACE_OUTER_BOUND('',#1463,.T.);
#803=PLANE('',#1464);
#804=FACE_OUTER_BOUND('',#1465,.T.);
#805=PLANE('',#1466);
#806=FACE_OUTER_BOUND('',#1467,.T.);
#807=PLANE('',#1468);
#808=FACE_OUTER_BOUND('',#1469,.T.);
#809=PLANE('',#1470);
#810=FACE_OUTER_BOUND('',#1471,.T.);
#811=PLANE('',#1472);
#812=FACE_OUTER_BOUND('',#1473,.T.);
#813=PLANE('',#1474);
#814=FACE_OUTER_BOUND('',#1475,.T.);
#815=CYLINDRICAL_SURFACE('',#1476,0.3);
#816=FACE_OUTER_BOUND('',#1477,.T.);
#817=PLANE('',#1478);
#818=FACE_OUTER_BOUND('',#1479,.T.);
#819=PLANE('',#1480);
#820=FACE_OUTER_BOUND('',#1481,.T.);
#821=PLANE('',#1482);
#822=FACE_OUTER_BOUND('',#1483,.T.);
#823=PLANE('',#1484);
#824=FACE_OUTER_BOUND('',#1485,.T.);
#825=PLANE('',#1486);
#826=FACE_OUTER_BOUND('',#1487,.T.);
#827=PLANE('',#1488);
#828=FACE_OUTER_BOUND('',#1489,.T.);
#829=PLANE('',#1490);
#830=FACE_OUTER_BOUND('',#1491,.T.);
#831=CYLINDRICAL_SURFACE('',#1492,0.935);
#832=FACE_OUTER_BOUND('',#1493,.T.);
#833=PLANE('',#1494);
#834=FACE_OUTER_BOUND('',#1495,.T.);
#835=PLANE('',#1496);
#836=FACE_OUTER_BOUND('',#1497,.T.);
#837=PLANE('',#1498);
#838=FACE_OUTER_BOUND('',#1499,.T.);
#839=PLANE('',#1500);
#840=FACE_OUTER_BOUND('',#1501,.T.);
#841=PLANE('',#1502);
#842=FACE_OUTER_BOUND('',#1503,.T.);
#843=PLANE('',#1504);
#844=FACE_OUTER_BOUND('',#1505,.T.);
#845=PLANE('',#1506);
#846=FACE_OUTER_BOUND('',#1507,.T.);
#847=PLANE('',#1508);
#848=FACE_OUTER_BOUND('',#1509,.T.);
#849=PLANE('',#1510);
#850=FACE_OUTER_BOUND('',#1511,.T.);
#851=PLANE('',#1512);
#852=FACE_OUTER_BOUND('',#1513,.T.);
#853=PLANE('',#1514);
#854=FACE_OUTER_BOUND('',#1515,.T.);
#855=PLANE('',#1516);
#856=FACE_OUTER_BOUND('',#1517,.T.);
#857=PLANE('',#1518);
#858=FACE_OUTER_BOUND('',#1519,.T.);
#859=PLANE('',#1520);
#860=FACE_OUTER_BOUND('',#1521,.T.);
#861=PLANE('',#1522);
#862=FACE_OUTER_BOUND('',#1523,.T.);
#863=PLANE('',#1524);
#864=FACE_OUTER_BOUND('',#1525,.T.);
#865=CYLINDRICAL_SURFACE('',#1526,0.935);
#866=FACE_OUTER_BOUND('',#1527,.T.);
#867=PLANE('',#1528);
#868=FACE_OUTER_BOUND('',#1529,.T.);
#869=PLANE('',#1530);
#870=FACE_OUTER_BOUND('',#1531,.T.);
#871=PLANE('',#1532);
#872=FACE_OUTER_BOUND('',#1533,.T.);
#873=PLANE('',#1534);
#874=FACE_OUTER_BOUND('',#1535,.T.);
#875=PLANE('',#1536);
#876=FACE_OUTER_BOUND('',#1537,.T.);
#877=CYLINDRICAL_SURFACE('',#1538,0.3);
#878=FACE_OUTER_BOUND('',#1539,.T.);
#879=PLANE('',#1540);
#880=FACE_OUTER_BOUND('',#1541,.T.);
#881=PLANE('',#1542);
#882=FACE_OUTER_BOUND('',#1543,.T.);
#883=PLANE('',#1544);
#884=FACE_OUTER_BOUND('',#1545,.T.);
#885=PLANE('',#1546);
#886=FACE_OUTER_BOUND('',#1547,.T.);
#887=PLANE('',#1548);
#888=FACE_OUTER_BOUND('',#1549,.T.);
#889=PLANE('',#1550);
#890=FACE_OUTER_BOUND('',#1551,.T.);
#891=PLANE('',#1552);
#892=FACE_OUTER_BOUND('',#1553,.T.);
#893=PLANE('',#1554);
#894=FACE_OUTER_BOUND('',#1555,.T.);
#895=FACE_BOUND('',#1556,.T.);
#896=PLANE('',#1557);
#897=FACE_OUTER_BOUND('',#1558,.T.);
#898=FACE_BOUND('',#1559,.T.);
#899=PLANE('',#1560);
#900=FACE_OUTER_BOUND('',#1561,.T.);
#901=PLANE('',#1562);
#902=FACE_OUTER_BOUND('',#1563,.T.);
#903=PLANE('',#1564);
#904=FACE_OUTER_BOUND('',#1565,.T.);
#905=PLANE('',#1566);
#906=FACE_OUTER_BOUND('',#1567,.T.);
#907=PLANE('',#1568);
#908=FACE_OUTER_BOUND('',#1569,.T.);
#909=PLANE('',#1570);
#910=FACE_OUTER_BOUND('',#1571,.T.);
#911=PLANE('',#1572);
#912=FACE_OUTER_BOUND('',#1573,.T.);
#913=PLANE('',#1574);
#914=FACE_OUTER_BOUND('',#1575,.T.);
#915=PLANE('',#1576);
#916=FACE_OUTER_BOUND('',#1577,.T.);
#917=PLANE('',#1578);
#918=FACE_OUTER_BOUND('',#1579,.T.);
#919=PLANE('',#1580);
#920=FACE_OUTER_BOUND('',#1581,.T.);
#921=PLANE('',#1582);
#922=FACE_OUTER_BOUND('',#1583,.T.);
#923=PLANE('',#1584);
#924=FACE_OUTER_BOUND('',#1585,.T.);
#925=CYLINDRICAL_SURFACE('',#1586,0.3);
#926=FACE_OUTER_BOUND('',#1587,.T.);
#927=PLANE('',#1588);
#928=FACE_OUTER_BOUND('',#1589,.T.);
#929=PLANE('',#1590);
#930=FACE_OUTER_BOUND('',#1591,.T.);
#931=PLANE('',#1592);
#932=FACE_OUTER_BOUND('',#1593,.T.);
#933=PLANE('',#1594);
#934=FACE_OUTER_BOUND('',#1595,.T.);
#935=PLANE('',#1596);
#936=FACE_OUTER_BOUND('',#1597,.T.);
#937=PLANE('',#1598);
#938=FACE_OUTER_BOUND('',#1599,.T.);
#939=CYLINDRICAL_SURFACE('',#1600,0.935);
#940=FACE_OUTER_BOUND('',#1601,.T.);
#941=PLANE('',#1602);
#942=FACE_OUTER_BOUND('',#1603,.T.);
#943=PLANE('',#1604);
#944=FACE_OUTER_BOUND('',#1605,.T.);
#945=PLANE('',#1606);
#946=FACE_OUTER_BOUND('',#1607,.T.);
#947=PLANE('',#1608);
#948=FACE_OUTER_BOUND('',#1609,.T.);
#949=PLANE('',#1610);
#950=FACE_OUTER_BOUND('',#1611,.T.);
#951=PLANE('',#1612);
#952=FACE_OUTER_BOUND('',#1613,.T.);
#953=PLANE('',#1614);
#954=FACE_OUTER_BOUND('',#1615,.T.);
#955=PLANE('',#1616);
#956=FACE_OUTER_BOUND('',#1617,.T.);
#957=PLANE('',#1618);
#958=FACE_OUTER_BOUND('',#1619,.T.);
#959=PLANE('',#1620);
#960=FACE_OUTER_BOUND('',#1621,.T.);
#961=PLANE('',#1622);
#962=FACE_OUTER_BOUND('',#1623,.T.);
#963=CONICAL_SURFACE('',#1624,0.7250032082264,0.358754526158123);
#964=FACE_OUTER_BOUND('',#1625,.T.);
#965=PLANE('',#1626);
#966=FACE_OUTER_BOUND('',#1627,.T.);
#967=PLANE('',#1628);
#968=FACE_OUTER_BOUND('',#1629,.T.);
#969=PLANE('',#1630);
#970=FACE_OUTER_BOUND('',#1631,.T.);
#971=CYLINDRICAL_SURFACE('',#1632,0.8);
#972=FACE_OUTER_BOUND('',#1633,.T.);
#973=CYLINDRICAL_SURFACE('',#1634,0.1);
#974=FACE_OUTER_BOUND('',#1635,.T.);
#975=PLANE('',#1636);
#976=FACE_OUTER_BOUND('',#1637,.T.);
#977=CONICAL_SURFACE('',#1638,0.7250032082263,0.358754526158123);
#978=FACE_OUTER_BOUND('',#1639,.T.);
#979=CYLINDRICAL_SURFACE('',#1640,0.8);
#980=FACE_OUTER_BOUND('',#1641,.T.);
#981=PLANE('',#1642);
#982=FACE_OUTER_BOUND('',#1643,.T.);
#983=CYLINDRICAL_SURFACE('',#1644,0.1);
#984=FACE_OUTER_BOUND('',#1645,.T.);
#985=PLANE('',#1646);
#986=FACE_OUTER_BOUND('',#1647,.T.);
#987=CONICAL_SURFACE('',#1648,0.7250032082264,0.358754526158123);
#988=FACE_OUTER_BOUND('',#1649,.T.);
#989=CYLINDRICAL_SURFACE('',#1650,0.8);
#990=FACE_OUTER_BOUND('',#1651,.T.);
#991=PLANE('',#1652);
#992=FACE_OUTER_BOUND('',#1653,.T.);
#993=CYLINDRICAL_SURFACE('',#1654,0.1);
#994=FACE_OUTER_BOUND('',#1655,.T.);
#995=PLANE('',#1656);
#996=FACE_OUTER_BOUND('',#1657,.T.);
#997=CONICAL_SURFACE('',#1658,0.7250032082262,0.358754526158123);
#998=FACE_OUTER_BOUND('',#1659,.T.);
#999=CYLINDRICAL_SURFACE('',#1660,0.8);
#1000=FACE_OUTER_BOUND('',#1661,.T.);
#1001=PLANE('',#1662);
#1002=FACE_OUTER_BOUND('',#1663,.T.);
#1003=CYLINDRICAL_SURFACE('',#1664,0.1);
#1004=FACE_OUTER_BOUND('',#1665,.T.);
#1005=CONICAL_SURFACE('',#1666,0.7250032082263,0.358754526158123);
#1006=FACE_OUTER_BOUND('',#1667,.T.);
#1007=PLANE('',#1668);
#1008=FACE_OUTER_BOUND('',#1669,.T.);
#1009=CYLINDRICAL_SURFACE('',#1670,0.1);
#1010=FACE_OUTER_BOUND('',#1671,.T.);
#1011=PLANE('',#1672);
#1012=FACE_OUTER_BOUND('',#1673,.T.);
#1013=CONICAL_SURFACE('',#1674,0.7250032082263,0.358754526158123);
#1014=FACE_OUTER_BOUND('',#1675,.T.);
#1015=PLANE('',#1676);
#1016=FACE_OUTER_BOUND('',#1677,.T.);
#1017=CYLINDRICAL_SURFACE('',#1678,0.1);
#1018=FACE_OUTER_BOUND('',#1679,.T.);
#1019=PLANE('',#1680);
#1020=FACE_OUTER_BOUND('',#1681,.T.);
#1021=CONICAL_SURFACE('',#1682,0.7250032082262,0.358754526158123);
#1022=FACE_OUTER_BOUND('',#1683,.T.);
#1023=PLANE('',#1684);
#1024=FACE_OUTER_BOUND('',#1685,.T.);
#1025=CYLINDRICAL_SURFACE('',#1686,0.1);
#1026=FACE_OUTER_BOUND('',#1687,.T.);
#1027=PLANE('',#1688);
#1028=FACE_OUTER_BOUND('',#1689,.T.);
#1029=CONICAL_SURFACE('',#1690,0.7250032082264,0.358754526158123);
#1030=FACE_OUTER_BOUND('',#1691,.T.);
#1031=PLANE('',#1692);
#1032=FACE_OUTER_BOUND('',#1693,.T.);
#1033=CYLINDRICAL_SURFACE('',#1694,0.1);
#1034=FACE_OUTER_BOUND('',#1695,.T.);
#1035=PLANE('',#1696);
#1036=FACE_OUTER_BOUND('',#1697,.T.);
#1037=CYLINDRICAL_SURFACE('',#1698,0.8);
#1038=FACE_OUTER_BOUND('',#1699,.T.);
#1039=CYLINDRICAL_SURFACE('',#1700,0.8);
#1040=FACE_OUTER_BOUND('',#1701,.T.);
#1041=CYLINDRICAL_SURFACE('',#1702,0.8);
#1042=FACE_OUTER_BOUND('',#1703,.T.);
#1043=CYLINDRICAL_SURFACE('',#1704,0.8);
#1044=TRIMMED_CURVE('',#1705,(PARAMETER_VALUE(0.0)),(PARAMETER_VALUE(3.1415926535892)),.T.,.UNSPECIFIED.);
#1045=TRIMMED_CURVE('',#1706,(PARAMETER_VALUE(0.0)),(PARAMETER_VALUE(3.1415926535892)),.T.,.UNSPECIFIED.);
#1046=TRIMMED_CURVE('',#1707,(PARAMETER_VALUE(0.0)),(PARAMETER_VALUE(3.1415926535892)),.T.,.UNSPECIFIED.);
#1047=TRIMMED_CURVE('',#1708,(PARAMETER_VALUE(0.0)),(PARAMETER_VALUE(3.1415926535892)),.T.,.UNSPECIFIED.);
#1048=TRIMMED_CURVE('',#1709,(PARAMETER_VALUE(0.0)),(PARAMETER_VALUE(3.1415926535892)),.T.,.UNSPECIFIED.);
#1049=TRIMMED_CURVE('',#1710,(PARAMETER_VALUE(0.0)),(PARAMETER_VALUE(3.1415926535892)),.T.,.UNSPECIFIED.);
#1050=TRIMMED_CURVE('',#1711,(PARAMETER_VALUE(0.0)),(PARAMETER_VALUE(3.1415926535892)),.T.,.UNSPECIFIED.);
#1051=TRIMMED_CURVE('',#1712,(PARAMETER_VALUE(0.0)),(PARAMETER_VALUE(3.1415926535892)),.T.,.UNSPECIFIED.);
#1052=TRIMMED_CURVE('',#1713,(PARAMETER_VALUE(0.0)),(PARAMETER_VALUE(3.1415926535892)),.T.,.UNSPECIFIED.);
#1053=TRIMMED_CURVE('',#1714,(PARAMETER_VALUE(0.0)),(PARAMETER_VALUE(3.1415926535892)),.T.,.UNSPECIFIED.);
#1054=TRIMMED_CURVE('',#1715,(PARAMETER_VALUE(0.0)),(PARAMETER_VALUE(3.1415926535892)),.T.,.UNSPECIFIED.);
#1055=TRIMMED_CURVE('',#1716,(PARAMETER_VALUE(0.0)),(PARAMETER_VALUE(3.1415926535892)),.T.,.UNSPECIFIED.);
#1056=TRIMMED_CURVE('',#1717,(PARAMETER_VALUE(0.0)),(PARAMETER_VALUE(3.1415926535892)),.T.,.UNSPECIFIED.);
#1057=TRIMMED_CURVE('',#1718,(PARAMETER_VALUE(0.0)),(PARAMETER_VALUE(3.1415926535892)),.T.,.UNSPECIFIED.);
#1058=TRIMMED_CURVE('',#1719,(PARAMETER_VALUE(0.0)),(PARAMETER_VALUE(3.1415926535892)),.T.,.UNSPECIFIED.);
#1059=TRIMMED_CURVE('',#1720,(PARAMETER_VALUE(0.0)),(PARAMETER_VALUE(3.1415926535892)),.T.,.UNSPECIFIED.);
#1060=TRIMMED_CURVE('',#1721,(PARAMETER_VALUE(0.0)),(PARAMETER_VALUE(3.1415926535892)),.T.,.UNSPECIFIED.);
#1061=TRIMMED_CURVE('',#1722,(PARAMETER_VALUE(0.0)),(PARAMETER_VALUE(3.1415926535892)),.T.,.UNSPECIFIED.);
#1062=TRIMMED_CURVE('',#1723,(PARAMETER_VALUE(0.0)),(PARAMETER_VALUE(3.1415926535892)),.T.,.UNSPECIFIED.);
#1063=TRIMMED_CURVE('',#1724,(PARAMETER_VALUE(0.0)),(PARAMETER_VALUE(3.1415926535892)),.T.,.UNSPECIFIED.);
#1064=EDGE_LOOP('',(#1725,#1726,#1727,#1728));
#1065=AXIS2_PLACEMENT_3D('',#1729,#1730,#1731);
#1066=EDGE_LOOP('',(#1732,#1733,#1734,#1735,#1736));
#1067=AXIS2_PLACEMENT_3D('',#1737,#1738,#1739);
#1068=EDGE_LOOP('',(#1740,#1741,#1742,#1743,#1744));
#1069=AXIS2_PLACEMENT_3D('',#1745,#1746,#1747);
#1070=EDGE_LOOP('',(#1748,#1749,#1750,#1751));
#1071=AXIS2_PLACEMENT_3D('',#1752,#1753,#1754);
#1072=EDGE_LOOP('',(#1755,#1756,#1757,#1758));
#1073=AXIS2_PLACEMENT_3D('',#1759,#1760,#1761);
#1074=EDGE_LOOP('',(#1762,#1763,#1764,#1765,#1766));
#1075=AXIS2_PLACEMENT_3D('',#1767,#1768,#1769);
#1076=EDGE_LOOP('',(#1770,#1771,#1772,#1773,#1774));
#1077=AXIS2_PLACEMENT_3D('',#1775,#1776,#1777);
#1078=EDGE_LOOP('',(#1778,#1779,#1780,#1781));
#1079=AXIS2_PLACEMENT_3D('',#1782,#1783,#1784);
#1080=EDGE_LOOP('',(#1785,#1786,#1787,#1788,#1789,#1790,#1791,#1792,#1793,#1794,#1795,#1796));
#1081=EDGE_LOOP('',(#1797,#1798,#1799,#1800,#1801,#1802,#1803,#1804,#1805,#1806,#1807,#1808,#1809,#1810,#1811,#1812,#1813,#1814));
#1082=EDGE_LOOP('',(#1815,#1816,#1817,#1818,#1819,#1820,#1821,#1822,#1823,#1824,#1825,#1826,#1827,#1828,#1829,#1830,#1831,#1832));
#1083=AXIS2_PLACEMENT_3D('',#1833,#1834,#1835);
#1084=EDGE_LOOP('',(#1836,#1837,#1838,#1839,#1840,#1841,#1842,#1843));
#1085=AXIS2_PLACEMENT_3D('',#1844,#1845,#1846);
#1086=EDGE_LOOP('',(#1847,#1848,#1849,#1850));
#1087=AXIS2_PLACEMENT_3D('',#1851,#1852,#1853);
#1088=EDGE_LOOP('',(#1854,#1855,#1856,#1857));
#1089=AXIS2_PLACEMENT_3D('',#1858,#1859,#1860);
#1090=EDGE_LOOP('',(#1861,#1862,#1863,#1864));
#1091=AXIS2_PLACEMENT_3D('',#1865,#1866,#1867);
#1092=EDGE_LOOP('',(#1868,#1869,#1870,#1871));
#1093=AXIS2_PLACEMENT_3D('',#1872,#1873,#1874);
#1094=EDGE_LOOP('',(#1875,#1876,#1877,#1878));
#1095=AXIS2_PLACEMENT_3D('',#1879,#1880,#1881);
#1096=EDGE_LOOP('',(#1882,#1883,#1884,#1885));
#1097=AXIS2_PLACEMENT_3D('',#1886,#1887,#1888);
#1098=EDGE_LOOP('',(#1889,#1890,#1891,#1892,#1893,#1894,#1895,#1896));
#1099=AXIS2_PLACEMENT_3D('',#1897,#1898,#1899);
#1100=EDGE_LOOP('',(#1900,#1901,#1902,#1903));
#1101=AXIS2_PLACEMENT_3D('',#1904,#1905,#1906);
#1102=EDGE_LOOP('',(#1907,#1908,#1909,#1910));
#1103=AXIS2_PLACEMENT_3D('',#1911,#1912,#1913);
#1104=EDGE_LOOP('',(#1914,#1915,#1916,#1917,#1918,#1919,#1920,#1921,#1922,#1923,#1924,#1925,#1926,#1927,#1928,#1929,#1930,#1931,#1932,#1933,#1934,#1935,#1936,#1937));
#1105=EDGE_LOOP('',(#1938,#1939,#1940,#1941));
#1106=EDGE_LOOP('',(#1942,#1943,#1944,#1945));
#1107=EDGE_LOOP('',(#1946,#1947,#1948,#1949));
#1108=EDGE_LOOP('',(#1950,#1951,#1952,#1953,#1954,#1955,#1956,#1957));
#1109=EDGE_LOOP('',(#1958,#1959,#1960,#1961));
#1110=AXIS2_PLACEMENT_3D('',#1962,#1963,#1964);
#1111=EDGE_LOOP('',(#1965,#1966,#1967,#1968));
#1112=AXIS2_PLACEMENT_3D('',#1969,#1970,#1971);
#1113=EDGE_LOOP('',(#1972,#1973,#1974,#1975));
#1114=AXIS2_PLACEMENT_3D('',#1976,#1977,#1978);
#1115=EDGE_LOOP('',(#1979,#1980,#1981,#1982));
#1116=AXIS2_PLACEMENT_3D('',#1983,#1984,#1985);
#1117=EDGE_LOOP('',(#1986,#1987,#1988,#1989));
#1118=AXIS2_PLACEMENT_3D('',#1990,#1991,#1992);
#1119=EDGE_LOOP('',(#1993,#1994,#1995,#1996));
#1120=EDGE_LOOP('',(#1997,#1998,#1999,#2000));
#1121=AXIS2_PLACEMENT_3D('',#2001,#2002,#2003);
#1122=EDGE_LOOP('',(#2004,#2005,#2006,#2007));
#1123=EDGE_LOOP('',(#2008,#2009,#2010,#2011));
#1124=AXIS2_PLACEMENT_3D('',#2012,#2013,#2014);
#1125=EDGE_LOOP('',(#2015,#2016,#2017,#2018));
#1126=AXIS2_PLACEMENT_3D('',#2019,#2020,#2021);
#1127=EDGE_LOOP('',(#2022,#2023,#2024,#2025));
#1128=AXIS2_PLACEMENT_3D('',#2026,#2027,#2028);
#1129=EDGE_LOOP('',(#2029,#2030,#2031,#2032));
#1130=AXIS2_PLACEMENT_3D('',#2033,#2034,#2035);
#1131=EDGE_LOOP('',(#2036,#2037,#2038,#2039));
#1132=AXIS2_PLACEMENT_3D('',#2040,#2041,#2042);
#1133=EDGE_LOOP('',(#2043,#2044,#2045,#2046));
#1134=AXIS2_PLACEMENT_3D('',#2047,#2048,#2049);
#1135=EDGE_LOOP('',(#2050,#2051,#2052,#2053));
#1136=AXIS2_PLACEMENT_3D('',#2054,#2055,#2056);
#1137=EDGE_LOOP('',(#2057,#2058,#2059,#2060,#2061,#2062,#2063,#2064));
#1138=AXIS2_PLACEMENT_3D('',#2065,#2066,#2067);
#1139=EDGE_LOOP('',(#2068,#2069,#2070,#2071,#2072,#2073,#2074,#2075));
#1140=AXIS2_PLACEMENT_3D('',#2076,#2077,#2078);
#1141=EDGE_LOOP('',(#2079,#2080,#2081,#2082));
#1142=AXIS2_PLACEMENT_3D('',#2083,#2084,#2085);
#1143=EDGE_LOOP('',(#2086,#2087,#2088,#2089));
#1144=AXIS2_PLACEMENT_3D('',#2090,#2091,#2092);
#1145=EDGE_LOOP('',(#2093,#2094,#2095,#2096));
#1146=AXIS2_PLACEMENT_3D('',#2097,#2098,#2099);
#1147=EDGE_LOOP('',(#2100,#2101,#2102,#2103));
#1148=AXIS2_PLACEMENT_3D('',#2104,#2105,#2106);
#1149=EDGE_LOOP('',(#2107,#2108,#2109,#2110));
#1150=AXIS2_PLACEMENT_3D('',#2111,#2112,#2113);
#1151=EDGE_LOOP('',(#2114,#2115,#2116,#2117));
#1152=EDGE_LOOP('',(#2118,#2119,#2120,#2121));
#1153=EDGE_LOOP('',(#2122,#2123,#2124,#2125));
#1154=EDGE_LOOP('',(#2126,#2127,#2128,#2129));
#1155=EDGE_LOOP('',(#2130,#2131,#2132,#2133));
#1156=EDGE_LOOP('',(#2134,#2135,#2136,#2137));
#1157=EDGE_LOOP('',(#2138,#2139,#2140,#2141));
#1158=EDGE_LOOP('',(#2142,#2143,#2144,#2145));
#1159=EDGE_LOOP('',(#2146,#2147,#2148,#2149));
#1160=AXIS2_PLACEMENT_3D('',#2150,#2151,#2152);
#1161=EDGE_LOOP('',(#2153,#2154,#2155,#2156,#2157,#2158,#2159,#2160,#2161,#2162));
#1162=AXIS2_PLACEMENT_3D('',#2163,#2164,#2165);
#1163=EDGE_LOOP('',(#2166,#2167,#2168,#2169,#2170,#2171,#2172,#2173));
#1164=AXIS2_PLACEMENT_3D('',#2174,#2175,#2176);
#1165=EDGE_LOOP('',(#2177,#2178,#2179,#2180));
#1166=AXIS2_PLACEMENT_3D('',#2181,#2182,#2183);
#1167=EDGE_LOOP('',(#2184,#2185,#2186,#2187,#2188,#2189));
#1168=AXIS2_PLACEMENT_3D('',#2190,#2191,#2192);
#1169=EDGE_LOOP('',(#2193,#2194,#2195,#2196));
#1170=AXIS2_PLACEMENT_3D('',#2197,#2198,#2199);
#1171=EDGE_LOOP('',(#2200,#2201,#2202,#2203,#2204,#2205));
#1172=AXIS2_PLACEMENT_3D('',#2206,#2207,#2208);
#1173=EDGE_LOOP('',(#2209,#2210,#2211,#2212,#2213,#2214,#2215,#2216));
#1174=AXIS2_PLACEMENT_3D('',#2217,#2218,#2219);
#1175=EDGE_LOOP('',(#2220,#2221,#2222,#2223,#2224));
#1176=AXIS2_PLACEMENT_3D('',#2225,#2226,#2227);
#1177=EDGE_LOOP('',(#2228,#2229,#2230,#2231,#2232,#2233,#2234,#2235,#2236,#2237));
#1178=AXIS2_PLACEMENT_3D('',#2238,#2239,#2240);
#1179=EDGE_LOOP('',(#2241,#2242,#2243,#2244,#2245,#2246));
#1180=AXIS2_PLACEMENT_3D('',#2247,#2248,#2249);
#1181=EDGE_LOOP('',(#2250,#2251,#2252,#2253));
#1182=AXIS2_PLACEMENT_3D('',#2254,#2255,#2256);
#1183=EDGE_LOOP('',(#2257,#2258,#2259,#2260,#2261,#2262));
#1184=AXIS2_PLACEMENT_3D('',#2263,#2264,#2265);
#1185=EDGE_LOOP('',(#2266,#2267,#2268,#2269));
#1186=AXIS2_PLACEMENT_3D('',#2270,#2271,#2272);
#1187=EDGE_LOOP('',(#2273,#2274,#2275,#2276));
#1188=AXIS2_PLACEMENT_3D('',#2277,#2278,#2279);
#1189=EDGE_LOOP('',(#2280,#2281,#2282));
#1190=AXIS2_PLACEMENT_3D('',#2283,#2284,#2285);
#1191=EDGE_LOOP('',(#2286,#2287,#2288,#2289,#2290,#2291,#2292,#2293,#2294,#2295));
#1192=AXIS2_PLACEMENT_3D('',#2296,#2297,#2298);
#1193=EDGE_LOOP('',(#2299,#2300,#2301,#2302));
#1194=AXIS2_PLACEMENT_3D('',#2303,#2304,#2305);
#1195=EDGE_LOOP('',(#2306,#2307,#2308,#2309,#2310,#2311));
#1196=AXIS2_PLACEMENT_3D('',#2312,#2313,#2314);
#1197=EDGE_LOOP('',(#2315,#2316,#2317,#2318));
#1198=AXIS2_PLACEMENT_3D('',#2319,#2320,#2321);
#1199=EDGE_LOOP('',(#2322,#2323,#2324));
#1200=AXIS2_PLACEMENT_3D('',#2325,#2326,#2327);
#1201=EDGE_LOOP('',(#2328,#2329,#2330,#2331));
#1202=AXIS2_PLACEMENT_3D('',#2332,#2333,#2334);
#1203=EDGE_LOOP('',(#2335,#2336,#2337,#2338));
#1204=AXIS2_PLACEMENT_3D('',#2339,#2340,#2341);
#1205=EDGE_LOOP('',(#2342,#2343,#2344,#2345));
#1206=AXIS2_PLACEMENT_3D('',#2346,#2347,#2348);
#1207=EDGE_LOOP('',(#2349,#2350,#2351,#2352,#2353,#2354,#2355,#2356,#2357,#2358));
#1208=AXIS2_PLACEMENT_3D('',#2359,#2360,#2361);
#1209=EDGE_LOOP('',(#2362,#2363,#2364,#2365,#2366));
#1210=AXIS2_PLACEMENT_3D('',#2367,#2368,#2369);
#1211=EDGE_LOOP('',(#2370,#2371,#2372,#2373,#2374,#2375,#2376,#2377));
#1212=AXIS2_PLACEMENT_3D('',#2378,#2379,#2380);
#1213=EDGE_LOOP('',(#2381,#2382,#2383,#2384));
#1214=AXIS2_PLACEMENT_3D('',#2385,#2386,#2387);
#1215=EDGE_LOOP('',(#2388,#2389,#2390,#2391));
#1216=AXIS2_PLACEMENT_3D('',#2392,#2393,#2394);
#1217=EDGE_LOOP('',(#2395,#2396,#2397,#2398));
#1218=AXIS2_PLACEMENT_3D('',#2399,#2400,#2401);
#1219=EDGE_LOOP('',(#2402,#2403,#2404,#2405));
#1220=EDGE_LOOP('',(#2406,#2407,#2408,#2409));
#1221=AXIS2_PLACEMENT_3D('',#2410,#2411,#2412);
#1222=EDGE_LOOP('',(#2413,#2414,#2415,#2416));
#1223=EDGE_LOOP('',(#2417,#2418,#2419,#2420));
#1224=AXIS2_PLACEMENT_3D('',#2421,#2422,#2423);
#1225=EDGE_LOOP('',(#2424,#2425,#2426,#2427));
#1226=AXIS2_PLACEMENT_3D('',#2428,#2429,#2430);
#1227=EDGE_LOOP('',(#2431,#2432,#2433,#2434));
#1228=AXIS2_PLACEMENT_3D('',#2435,#2436,#2437);
#1229=EDGE_LOOP('',(#2438,#2439,#2440,#2441));
#1230=AXIS2_PLACEMENT_3D('',#2442,#2443,#2444);
#1231=EDGE_LOOP('',(#2445,#2446,#2447,#2448));
#1232=AXIS2_PLACEMENT_3D('',#2449,#2450,#2451);
#1233=EDGE_LOOP('',(#2452,#2453,#2454,#2455));
#1234=AXIS2_PLACEMENT_3D('',#2456,#2457,#2458);
#1235=EDGE_LOOP('',(#2459,#2460,#2461,#2462,#2463,#2464,#2465,#2466));
#1236=AXIS2_PLACEMENT_3D('',#2467,#2468,#2469);
#1237=EDGE_LOOP('',(#2470,#2471,#2472,#2473,#2474,#2475,#2476,#2477));
#1238=AXIS2_PLACEMENT_3D('',#2478,#2479,#2480);
#1239=EDGE_LOOP('',(#2481,#2482,#2483,#2484));
#1240=AXIS2_PLACEMENT_3D('',#2485,#2486,#2487);
#1241=EDGE_LOOP('',(#2488,#2489,#2490,#2491));
#1242=AXIS2_PLACEMENT_3D('',#2492,#2493,#2494);
#1243=EDGE_LOOP('',(#2495,#2496,#2497,#2498));
#1244=AXIS2_PLACEMENT_3D('',#2499,#2500,#2501);
#1245=EDGE_LOOP('',(#2502,#2503,#2504,#2505));
#1246=AXIS2_PLACEMENT_3D('',#2506,#2507,#2508);
#1247=EDGE_LOOP('',(#2509,#2510,#2511,#2512));
#1248=AXIS2_PLACEMENT_3D('',#2513,#2514,#2515);
#1249=EDGE_LOOP('',(#2516,#2517,#2518,#2519));
#1250=AXIS2_PLACEMENT_3D('',#2520,#2521,#2522);
#1251=EDGE_LOOP('',(#2523,#2524,#2525,#2526));
#1252=AXIS2_PLACEMENT_3D('',#2527,#2528,#2529);
#1253=EDGE_LOOP('',(#2530,#2531,#2532,#2533));
#1254=AXIS2_PLACEMENT_3D('',#2534,#2535,#2536);
#1255=EDGE_LOOP('',(#2537,#2538,#2539,#2540));
#1256=AXIS2_PLACEMENT_3D('',#2541,#2542,#2543);
#1257=EDGE_LOOP('',(#2544,#2545,#2546,#2547));
#1258=AXIS2_PLACEMENT_3D('',#2548,#2549,#2550);
#1259=EDGE_LOOP('',(#2551,#2552,#2553,#2554));
#1260=AXIS2_PLACEMENT_3D('',#2555,#2556,#2557);
#1261=EDGE_LOOP('',(#2558,#2559,#2560,#2561));
#1262=AXIS2_PLACEMENT_3D('',#2562,#2563,#2564);
#1263=EDGE_LOOP('',(#2565,#2566,#2567,#2568));
#1264=AXIS2_PLACEMENT_3D('',#2569,#2570,#2571);
#1265=EDGE_LOOP('',(#2572,#2573,#2574,#2575));
#1266=AXIS2_PLACEMENT_3D('',#2576,#2577,#2578);
#1267=EDGE_LOOP('',(#2579,#2580,#2581,#2582));
#1268=AXIS2_PLACEMENT_3D('',#2583,#2584,#2585);
#1269=EDGE_LOOP('',(#2586,#2587,#2588,#2589));
#1270=AXIS2_PLACEMENT_3D('',#2590,#2591,#2592);
#1271=EDGE_LOOP('',(#2593,#2594,#2595,#2596,#2597,#2598,#2599,#2600));
#1272=AXIS2_PLACEMENT_3D('',#2601,#2602,#2603);
#1273=EDGE_LOOP('',(#2604,#2605,#2606,#2607,#2608,#2609,#2610,#2611));
#1274=AXIS2_PLACEMENT_3D('',#2612,#2613,#2614);
#1275=EDGE_LOOP('',(#2615,#2616,#2617,#2618));
#1276=AXIS2_PLACEMENT_3D('',#2619,#2620,#2621);
#1277=EDGE_LOOP('',(#2622,#2623,#2624,#2625));
#1278=AXIS2_PLACEMENT_3D('',#2626,#2627,#2628);
#1279=EDGE_LOOP('',(#2629,#2630,#2631,#2632));
#1280=AXIS2_PLACEMENT_3D('',#2633,#2634,#2635);
#1281=EDGE_LOOP('',(#2636,#2637,#2638,#2639));
#1282=AXIS2_PLACEMENT_3D('',#2640,#2641,#2642);
#1283=EDGE_LOOP('',(#2643,#2644,#2645,#2646));
#1284=AXIS2_PLACEMENT_3D('',#2647,#2648,#2649);
#1285=EDGE_LOOP('',(#2650,#2651,#2652,#2653));
#1286=AXIS2_PLACEMENT_3D('',#2654,#2655,#2656);
#1287=EDGE_LOOP('',(#2657,#2658,#2659,#2660));
#1288=AXIS2_PLACEMENT_3D('',#2661,#2662,#2663);
#1289=EDGE_LOOP('',(#2664,#2665,#2666,#2667));
#1290=AXIS2_PLACEMENT_3D('',#2668,#2669,#2670);
#1291=EDGE_LOOP('',(#2671,#2672,#2673,#2674));
#1292=AXIS2_PLACEMENT_3D('',#2675,#2676,#2677);
#1293=EDGE_LOOP('',(#2678,#2679,#2680,#2681));
#1294=AXIS2_PLACEMENT_3D('',#2682,#2683,#2684);
#1295=EDGE_LOOP('',(#2685,#2686,#2687,#2688));
#1296=AXIS2_PLACEMENT_3D('',#2689,#2690,#2691);
#1297=EDGE_LOOP('',(#2692,#2693,#2694,#2695));
#1298=AXIS2_PLACEMENT_3D('',#2696,#2697,#2698);
#1299=EDGE_LOOP('',(#2699,#2700,#2701,#2702));
#1300=AXIS2_PLACEMENT_3D('',#2703,#2704,#2705);
#1301=EDGE_LOOP('',(#2706,#2707,#2708,#2709));
#1302=AXIS2_PLACEMENT_3D('',#2710,#2711,#2712);
#1303=EDGE_LOOP('',(#2713,#2714,#2715,#2716));
#1304=AXIS2_PLACEMENT_3D('',#2717,#2718,#2719);
#1305=EDGE_LOOP('',(#2720,#2721,#2722,#2723));
#1306=AXIS2_PLACEMENT_3D('',#2724,#2725,#2726);
#1307=EDGE_LOOP('',(#2727,#2728,#2729,#2730));
#1308=AXIS2_PLACEMENT_3D('',#2731,#2732,#2733);
#1309=EDGE_LOOP('',(#2734,#2735,#2736,#2737));
#1310=AXIS2_PLACEMENT_3D('',#2738,#2739,#2740);
#1311=EDGE_LOOP('',(#2741,#2742,#2743,#2744));
#1312=AXIS2_PLACEMENT_3D('',#2745,#2746,#2747);
#1313=EDGE_LOOP('',(#2748,#2749,#2750,#2751));
#1314=AXIS2_PLACEMENT_3D('',#2752,#2753,#2754);
#1315=EDGE_LOOP('',(#2755,#2756,#2757,#2758));
#1316=AXIS2_PLACEMENT_3D('',#2759,#2760,#2761);
#1317=EDGE_LOOP('',(#2762,#2763,#2764,#2765));
#1318=AXIS2_PLACEMENT_3D('',#2766,#2767,#2768);
#1319=EDGE_LOOP('',(#2769,#2770,#2771,#2772));
#1320=AXIS2_PLACEMENT_3D('',#2773,#2774,#2775);
#1321=EDGE_LOOP('',(#2776,#2777,#2778,#2779));
#1322=AXIS2_PLACEMENT_3D('',#2780,#2781,#2782);
#1323=EDGE_LOOP('',(#2783,#2784,#2785,#2786));
#1324=AXIS2_PLACEMENT_3D('',#2787,#2788,#2789);
#1325=EDGE_LOOP('',(#2790,#2791,#2792,#2793));
#1326=AXIS2_PLACEMENT_3D('',#2794,#2795,#2796);
#1327=EDGE_LOOP('',(#2797,#2798,#2799,#2800,#2801,#2802,#2803,#2804));
#1328=AXIS2_PLACEMENT_3D('',#2805,#2806,#2807);
#1329=EDGE_LOOP('',(#2808,#2809,#2810,#2811));
#1330=AXIS2_PLACEMENT_3D('',#2812,#2813,#2814);
#1331=EDGE_LOOP('',(#2815,#2816,#2817,#2818));
#1332=AXIS2_PLACEMENT_3D('',#2819,#2820,#2821);
#1333=EDGE_LOOP('',(#2822,#2823,#2824,#2825));
#1334=AXIS2_PLACEMENT_3D('',#2826,#2827,#2828);
#1335=EDGE_LOOP('',(#2829,#2830,#2831,#2832));
#1336=EDGE_LOOP('',(#2833,#2834,#2835,#2836));
#1337=AXIS2_PLACEMENT_3D('',#2837,#2838,#2839);
#1338=EDGE_LOOP('',(#2840,#2841,#2842,#2843));
#1339=EDGE_LOOP('',(#2844,#2845,#2846,#2847));
#1340=AXIS2_PLACEMENT_3D('',#2848,#2849,#2850);
#1341=EDGE_LOOP('',(#2851,#2852,#2853,#2854));
#1342=AXIS2_PLACEMENT_3D('',#2855,#2856,#2857);
#1343=EDGE_LOOP('',(#2858,#2859,#2860,#2861));
#1344=AXIS2_PLACEMENT_3D('',#2862,#2863,#2864);
#1345=EDGE_LOOP('',(#2865,#2866,#2867,#2868));
#1346=AXIS2_PLACEMENT_3D('',#2869,#2870,#2871);
#1347=EDGE_LOOP('',(#2872,#2873,#2874,#2875));
#1348=AXIS2_PLACEMENT_3D('',#2876,#2877,#2878);
#1349=EDGE_LOOP('',(#2879,#2880,#2881,#2882));
#1350=AXIS2_PLACEMENT_3D('',#2883,#2884,#2885);
#1351=EDGE_LOOP('',(#2886,#2887,#2888,#2889,#2890,#2891,#2892,#2893));
#1352=AXIS2_PLACEMENT_3D('',#2894,#2895,#2896);
#1353=EDGE_LOOP('',(#2897,#2898,#2899,#2900,#2901,#2902,#2903,#2904));
#1354=AXIS2_PLACEMENT_3D('',#2905,#2906,#2907);
#1355=EDGE_LOOP('',(#2908,#2909,#2910,#2911));
#1356=AXIS2_PLACEMENT_3D('',#2912,#2913,#2914);
#1357=EDGE_LOOP('',(#2915,#2916,#2917,#2918));
#1358=AXIS2_PLACEMENT_3D('',#2919,#2920,#2921);
#1359=EDGE_LOOP('',(#2922,#2923,#2924,#2925));
#1360=AXIS2_PLACEMENT_3D('',#2926,#2927,#2928);
#1361=EDGE_LOOP('',(#2929,#2930,#2931,#2932));
#1362=AXIS2_PLACEMENT_3D('',#2933,#2934,#2935);
#1363=EDGE_LOOP('',(#2936,#2937,#2938,#2939));
#1364=AXIS2_PLACEMENT_3D('',#2940,#2941,#2942);
#1365=EDGE_LOOP('',(#2943,#2944,#2945,#2946));
#1366=AXIS2_PLACEMENT_3D('',#2947,#2948,#2949);
#1367=EDGE_LOOP('',(#2950,#2951,#2952,#2953));
#1368=AXIS2_PLACEMENT_3D('',#2954,#2955,#2956);
#1369=EDGE_LOOP('',(#2957,#2958,#2959,#2960));
#1370=AXIS2_PLACEMENT_3D('',#2961,#2962,#2963);
#1371=EDGE_LOOP('',(#2964,#2965,#2966,#2967));
#1372=AXIS2_PLACEMENT_3D('',#2968,#2969,#2970);
#1373=EDGE_LOOP('',(#2971,#2972,#2973,#2974));
#1374=AXIS2_PLACEMENT_3D('',#2975,#2976,#2977);
#1375=EDGE_LOOP('',(#2978,#2979,#2980,#2981));
#1376=AXIS2_PLACEMENT_3D('',#2982,#2983,#2984);
#1377=EDGE_LOOP('',(#2985,#2986,#2987,#2988));
#1378=AXIS2_PLACEMENT_3D('',#2989,#2990,#2991);
#1379=EDGE_LOOP('',(#2992,#2993,#2994,#2995));
#1380=AXIS2_PLACEMENT_3D('',#2996,#2997,#2998);
#1381=EDGE_LOOP('',(#2999,#3000,#3001,#3002));
#1382=AXIS2_PLACEMENT_3D('',#3003,#3004,#3005);
#1383=EDGE_LOOP('',(#3006,#3007,#3008,#3009));
#1384=AXIS2_PLACEMENT_3D('',#3010,#3011,#3012);
#1385=EDGE_LOOP('',(#3013,#3014,#3015,#3016));
#1386=AXIS2_PLACEMENT_3D('',#3017,#3018,#3019);
#1387=EDGE_LOOP('',(#3020,#3021,#3022,#3023,#3024,#3025,#3026,#3027));
#1388=AXIS2_PLACEMENT_3D('',#3028,#3029,#3030);
#1389=EDGE_LOOP('',(#3031,#3032,#3033,#3034,#3035,#3036,#3037,#3038));
#1390=AXIS2_PLACEMENT_3D('',#3039,#3040,#3041);
#1391=EDGE_LOOP('',(#3042,#3043,#3044,#3045));
#1392=AXIS2_PLACEMENT_3D('',#3046,#3047,#3048);
#1393=EDGE_LOOP('',(#3049,#3050,#3051,#3052));
#1394=AXIS2_PLACEMENT_3D('',#3053,#3054,#3055);
#1395=EDGE_LOOP('',(#3056,#3057,#3058,#3059));
#1396=AXIS2_PLACEMENT_3D('',#3060,#3061,#3062);
#1397=EDGE_LOOP('',(#3063,#3064,#3065,#3066));
#1398=AXIS2_PLACEMENT_3D('',#3067,#3068,#3069);
#1399=EDGE_LOOP('',(#3070,#3071,#3072,#3073));
#1400=AXIS2_PLACEMENT_3D('',#3074,#3075,#3076);
#1401=EDGE_LOOP('',(#3077,#3078,#3079,#3080));
#1402=AXIS2_PLACEMENT_3D('',#3081,#3082,#3083);
#1403=EDGE_LOOP('',(#3084,#3085,#3086,#3087));
#1404=AXIS2_PLACEMENT_3D('',#3088,#3089,#3090);
#1405=EDGE_LOOP('',(#3091,#3092,#3093,#3094));
#1406=AXIS2_PLACEMENT_3D('',#3095,#3096,#3097);
#1407=EDGE_LOOP('',(#3098,#3099,#3100,#3101));
#1408=AXIS2_PLACEMENT_3D('',#3102,#3103,#3104);
#1409=EDGE_LOOP('',(#3105,#3106,#3107,#3108));
#1410=AXIS2_PLACEMENT_3D('',#3109,#3110,#3111);
#1411=EDGE_LOOP('',(#3112,#3113,#3114,#3115));
#1412=AXIS2_PLACEMENT_3D('',#3116,#3117,#3118);
#1413=EDGE_LOOP('',(#3119,#3120,#3121,#3122));
#1414=AXIS2_PLACEMENT_3D('',#3123,#3124,#3125);
#1415=EDGE_LOOP('',(#3126,#3127,#3128,#3129));
#1416=AXIS2_PLACEMENT_3D('',#3130,#3131,#3132);
#1417=EDGE_LOOP('',(#3133,#3134,#3135,#3136));
#1418=AXIS2_PLACEMENT_3D('',#3137,#3138,#3139);
#1419=EDGE_LOOP('',(#3140,#3141,#3142,#3143));
#1420=AXIS2_PLACEMENT_3D('',#3144,#3145,#3146);
#1421=EDGE_LOOP('',(#3147,#3148,#3149,#3150));
#1422=AXIS2_PLACEMENT_3D('',#3151,#3152,#3153);
#1423=EDGE_LOOP('',(#3154,#3155,#3156,#3157));
#1424=AXIS2_PLACEMENT_3D('',#3158,#3159,#3160);
#1425=EDGE_LOOP('',(#3161,#3162,#3163,#3164));
#1426=AXIS2_PLACEMENT_3D('',#3165,#3166,#3167);
#1427=EDGE_LOOP('',(#3168,#3169,#3170,#3171));
#1428=AXIS2_PLACEMENT_3D('',#3172,#3173,#3174);
#1429=EDGE_LOOP('',(#3175,#3176,#3177,#3178));
#1430=AXIS2_PLACEMENT_3D('',#3179,#3180,#3181);
#1431=EDGE_LOOP('',(#3182,#3183,#3184,#3185));
#1432=AXIS2_PLACEMENT_3D('',#3186,#3187,#3188);
#1433=EDGE_LOOP('',(#3189,#3190,#3191,#3192));
#1434=AXIS2_PLACEMENT_3D('',#3193,#3194,#3195);
#1435=EDGE_LOOP('',(#3196,#3197,#3198,#3199));
#1436=AXIS2_PLACEMENT_3D('',#3200,#3201,#3202);
#1437=EDGE_LOOP('',(#3203,#3204,#3205,#3206));
#1438=AXIS2_PLACEMENT_3D('',#3207,#3208,#3209);
#1439=EDGE_LOOP('',(#3210,#3211,#3212,#3213));
#1440=AXIS2_PLACEMENT_3D('',#3214,#3215,#3216);
#1441=EDGE_LOOP('',(#3217,#3218,#3219,#3220));
#1442=AXIS2_PLACEMENT_3D('',#3221,#3222,#3223);
#1443=EDGE_LOOP('',(#3224,#3225,#3226,#3227));
#1444=AXIS2_PLACEMENT_3D('',#3228,#3229,#3230);
#1445=EDGE_LOOP('',(#3231,#3232,#3233,#3234));
#1446=AXIS2_PLACEMENT_3D('',#3235,#3236,#3237);
#1447=EDGE_LOOP('',(#3238,#3239,#3240,#3241));
#1448=AXIS2_PLACEMENT_3D('',#3242,#3243,#3244);
#1449=EDGE_LOOP('',(#3245,#3246,#3247,#3248));
#1450=AXIS2_PLACEMENT_3D('',#3249,#3250,#3251);
#1451=EDGE_LOOP('',(#3252,#3253,#3254,#3255));
#1452=AXIS2_PLACEMENT_3D('',#3256,#3257,#3258);
#1453=EDGE_LOOP('',(#3259,#3260,#3261,#3262));
#1454=AXIS2_PLACEMENT_3D('',#3263,#3264,#3265);
#1455=EDGE_LOOP('',(#3266,#3267,#3268,#3269));
#1456=AXIS2_PLACEMENT_3D('',#3270,#3271,#3272);
#1457=EDGE_LOOP('',(#3273,#3274,#3275,#3276));
#1458=AXIS2_PLACEMENT_3D('',#3277,#3278,#3279);
#1459=EDGE_LOOP('',(#3280,#3281,#3282,#3283));
#1460=AXIS2_PLACEMENT_3D('',#3284,#3285,#3286);
#1461=EDGE_LOOP('',(#3287,#3288,#3289,#3290));
#1462=AXIS2_PLACEMENT_3D('',#3291,#3292,#3293);
#1463=EDGE_LOOP('',(#3294,#3295,#3296,#3297,#3298,#3299,#3300,#3301));
#1464=AXIS2_PLACEMENT_3D('',#3302,#3303,#3304);
#1465=EDGE_LOOP('',(#3305,#3306,#3307,#3308,#3309,#3310,#3311,#3312));
#1466=AXIS2_PLACEMENT_3D('',#3313,#3314,#3315);
#1467=EDGE_LOOP('',(#3316,#3317,#3318,#3319));
#1468=AXIS2_PLACEMENT_3D('',#3320,#3321,#3322);
#1469=EDGE_LOOP('',(#3323,#3324,#3325,#3326));
#1470=AXIS2_PLACEMENT_3D('',#3327,#3328,#3329);
#1471=EDGE_LOOP('',(#3330,#3331,#3332,#3333));
#1472=AXIS2_PLACEMENT_3D('',#3334,#3335,#3336);
#1473=EDGE_LOOP('',(#3337,#3338,#3339,#3340));
#1474=AXIS2_PLACEMENT_3D('',#3341,#3342,#3343);
#1475=EDGE_LOOP('',(#3344,#3345,#3346,#3347));
#1476=AXIS2_PLACEMENT_3D('',#3348,#3349,#3350);
#1477=EDGE_LOOP('',(#3351,#3352,#3353,#3354));
#1478=AXIS2_PLACEMENT_3D('',#3355,#3356,#3357);
#1479=EDGE_LOOP('',(#3358,#3359,#3360,#3361));
#1480=AXIS2_PLACEMENT_3D('',#3362,#3363,#3364);
#1481=EDGE_LOOP('',(#3365,#3366,#3367,#3368));
#1482=AXIS2_PLACEMENT_3D('',#3369,#3370,#3371);
#1483=EDGE_LOOP('',(#3372,#3373,#3374,#3375));
#1484=AXIS2_PLACEMENT_3D('',#3376,#3377,#3378);
#1485=EDGE_LOOP('',(#3379,#3380,#3381,#3382));
#1486=AXIS2_PLACEMENT_3D('',#3383,#3384,#3385);
#1487=EDGE_LOOP('',(#3386,#3387,#3388,#3389));
#1488=AXIS2_PLACEMENT_3D('',#3390,#3391,#3392);
#1489=EDGE_LOOP('',(#3393,#3394,#3395,#3396));
#1490=AXIS2_PLACEMENT_3D('',#3397,#3398,#3399);
#1491=EDGE_LOOP('',(#3400,#3401,#3402,#3403));
#1492=AXIS2_PLACEMENT_3D('',#3404,#3405,#3406);
#1493=EDGE_LOOP('',(#3407,#3408,#3409,#3410));
#1494=AXIS2_PLACEMENT_3D('',#3411,#3412,#3413);
#1495=EDGE_LOOP('',(#3414,#3415,#3416,#3417));
#1496=AXIS2_PLACEMENT_3D('',#3418,#3419,#3420);
#1497=EDGE_LOOP('',(#3421,#3422,#3423,#3424));
#1498=AXIS2_PLACEMENT_3D('',#3425,#3426,#3427);
#1499=EDGE_LOOP('',(#3428,#3429,#3430,#3431));
#1500=AXIS2_PLACEMENT_3D('',#3432,#3433,#3434);
#1501=EDGE_LOOP('',(#3435,#3436,#3437,#3438));
#1502=AXIS2_PLACEMENT_3D('',#3439,#3440,#3441);
#1503=EDGE_LOOP('',(#3442,#3443,#3444,#3445));
#1504=AXIS2_PLACEMENT_3D('',#3446,#3447,#3448);
#1505=EDGE_LOOP('',(#3449,#3450,#3451,#3452));
#1506=AXIS2_PLACEMENT_3D('',#3453,#3454,#3455);
#1507=EDGE_LOOP('',(#3456,#3457,#3458,#3459));
#1508=AXIS2_PLACEMENT_3D('',#3460,#3461,#3462);
#1509=EDGE_LOOP('',(#3463,#3464,#3465,#3466,#3467,#3468,#3469,#3470));
#1510=AXIS2_PLACEMENT_3D('',#3471,#3472,#3473);
#1511=EDGE_LOOP('',(#3474,#3475,#3476,#3477,#3478,#3479,#3480,#3481));
#1512=AXIS2_PLACEMENT_3D('',#3482,#3483,#3484);
#1513=EDGE_LOOP('',(#3485,#3486,#3487,#3488));
#1514=AXIS2_PLACEMENT_3D('',#3489,#3490,#3491);
#1515=EDGE_LOOP('',(#3492,#3493,#3494,#3495));
#1516=AXIS2_PLACEMENT_3D('',#3496,#3497,#3498);
#1517=EDGE_LOOP('',(#3499,#3500,#3501,#3502));
#1518=AXIS2_PLACEMENT_3D('',#3503,#3504,#3505);
#1519=EDGE_LOOP('',(#3506,#3507,#3508,#3509));
#1520=AXIS2_PLACEMENT_3D('',#3510,#3511,#3512);
#1521=EDGE_LOOP('',(#3513,#3514,#3515,#3516));
#1522=AXIS2_PLACEMENT_3D('',#3517,#3518,#3519);
#1523=EDGE_LOOP('',(#3520,#3521,#3522,#3523));
#1524=AXIS2_PLACEMENT_3D('',#3524,#3525,#3526);
#1525=EDGE_LOOP('',(#3527,#3528,#3529,#3530));
#1526=AXIS2_PLACEMENT_3D('',#3531,#3532,#3533);
#1527=EDGE_LOOP('',(#3534,#3535,#3536,#3537));
#1528=AXIS2_PLACEMENT_3D('',#3538,#3539,#3540);
#1529=EDGE_LOOP('',(#3541,#3542,#3543,#3544));
#1530=AXIS2_PLACEMENT_3D('',#3545,#3546,#3547);
#1531=EDGE_LOOP('',(#3548,#3549,#3550,#3551));
#1532=AXIS2_PLACEMENT_3D('',#3552,#3553,#3554);
#1533=EDGE_LOOP('',(#3555,#3556,#3557,#3558));
#1534=AXIS2_PLACEMENT_3D('',#3559,#3560,#3561);
#1535=EDGE_LOOP('',(#3562,#3563,#3564,#3565));
#1536=AXIS2_PLACEMENT_3D('',#3566,#3567,#3568);
#1537=EDGE_LOOP('',(#3569,#3570,#3571,#3572));
#1538=AXIS2_PLACEMENT_3D('',#3573,#3574,#3575);
#1539=EDGE_LOOP('',(#3576,#3577,#3578,#3579));
#1540=AXIS2_PLACEMENT_3D('',#3580,#3581,#3582);
#1541=EDGE_LOOP('',(#3583,#3584,#3585,#3586));
#1542=AXIS2_PLACEMENT_3D('',#3587,#3588,#3589);
#1543=EDGE_LOOP('',(#3590,#3591,#3592,#3593));
#1544=AXIS2_PLACEMENT_3D('',#3594,#3595,#3596);
#1545=EDGE_LOOP('',(#3597,#3598,#3599,#3600,#3601,#3602,#3603,#3604));
#1546=AXIS2_PLACEMENT_3D('',#3605,#3606,#3607);
#1547=EDGE_LOOP('',(#3608,#3609,#3610,#3611,#3612,#3613,#3614,#3615));
#1548=AXIS2_PLACEMENT_3D('',#3616,#3617,#3618);
#1549=EDGE_LOOP('',(#3619,#3620,#3621,#3622));
#1550=AXIS2_PLACEMENT_3D('',#3623,#3624,#3625);
#1551=EDGE_LOOP('',(#3626,#3627,#3628,#3629));
#1552=AXIS2_PLACEMENT_3D('',#3630,#3631,#3632);
#1553=EDGE_LOOP('',(#3633,#3634,#3635,#3636));
#1554=AXIS2_PLACEMENT_3D('',#3637,#3638,#3639);
#1555=EDGE_LOOP('',(#3640,#3641,#3642,#3643));
#1556=EDGE_LOOP('',(#3644,#3645,#3646,#3647));
#1557=AXIS2_PLACEMENT_3D('',#3648,#3649,#3650);
#1558=EDGE_LOOP('',(#3651,#3652,#3653,#3654));
#1559=EDGE_LOOP('',(#3655,#3656,#3657,#3658));
#1560=AXIS2_PLACEMENT_3D('',#3659,#3660,#3661);
#1561=EDGE_LOOP('',(#3662,#3663,#3664,#3665,#3666,#3667,#3668,#3669));
#1562=AXIS2_PLACEMENT_3D('',#3670,#3671,#3672);
#1563=EDGE_LOOP('',(#3673,#3674,#3675,#3676));
#1564=AXIS2_PLACEMENT_3D('',#3677,#3678,#3679);
#1565=EDGE_LOOP('',(#3680,#3681,#3682,#3683,#3684,#3685,#3686));
#1566=AXIS2_PLACEMENT_3D('',#3687,#3688,#3689);
#1567=EDGE_LOOP('',(#3690,#3691,#3692,#3693));
#1568=AXIS2_PLACEMENT_3D('',#3694,#3695,#3696);
#1569=EDGE_LOOP('',(#3697,#3698,#3699,#3700,#3701,#3702,#3703));
#1570=AXIS2_PLACEMENT_3D('',#3704,#3705,#3706);
#1571=EDGE_LOOP('',(#3707,#3708,#3709,#3710));
#1572=AXIS2_PLACEMENT_3D('',#3711,#3712,#3713);
#1573=EDGE_LOOP('',(#3714,#3715,#3716,#3717));
#1574=AXIS2_PLACEMENT_3D('',#3718,#3719,#3720);
#1575=EDGE_LOOP('',(#3721,#3722,#3723,#3724));
#1576=AXIS2_PLACEMENT_3D('',#3725,#3726,#3727);
#1577=EDGE_LOOP('',(#3728,#3729,#3730,#3731));
#1578=AXIS2_PLACEMENT_3D('',#3732,#3733,#3734);
#1579=EDGE_LOOP('',(#3735,#3736,#3737,#3738));
#1580=AXIS2_PLACEMENT_3D('',#3739,#3740,#3741);
#1581=EDGE_LOOP('',(#3742,#3743,#3744,#3745));
#1582=AXIS2_PLACEMENT_3D('',#3746,#3747,#3748);
#1583=EDGE_LOOP('',(#3749,#3750,#3751,#3752));
#1584=AXIS2_PLACEMENT_3D('',#3753,#3754,#3755);
#1585=EDGE_LOOP('',(#3756,#3757,#3758,#3759));
#1586=AXIS2_PLACEMENT_3D('',#3760,#3761,#3762);
#1587=EDGE_LOOP('',(#3763,#3764,#3765,#3766));
#1588=AXIS2_PLACEMENT_3D('',#3767,#3768,#3769);
#1589=EDGE_LOOP('',(#3770,#3771,#3772,#3773));
#1590=AXIS2_PLACEMENT_3D('',#3774,#3775,#3776);
#1591=EDGE_LOOP('',(#3777,#3778,#3779,#3780));
#1592=AXIS2_PLACEMENT_3D('',#3781,#3782,#3783);
#1593=EDGE_LOOP('',(#3784,#3785,#3786,#3787));
#1594=AXIS2_PLACEMENT_3D('',#3788,#3789,#3790);
#1595=EDGE_LOOP('',(#3791,#3792,#3793,#3794));
#1596=AXIS2_PLACEMENT_3D('',#3795,#3796,#3797);
#1597=EDGE_LOOP('',(#3798,#3799,#3800,#3801));
#1598=AXIS2_PLACEMENT_3D('',#3802,#3803,#3804);
#1599=EDGE_LOOP('',(#3805,#3806,#3807,#3808));
#1600=AXIS2_PLACEMENT_3D('',#3809,#3810,#3811);
#1601=EDGE_LOOP('',(#3812,#3813,#3814,#3815));
#1602=AXIS2_PLACEMENT_3D('',#3816,#3817,#3818);
#1603=EDGE_LOOP('',(#3819,#3820,#3821,#3822));
#1604=AXIS2_PLACEMENT_3D('',#3823,#3824,#3825);
#1605=EDGE_LOOP('',(#3826,#3827,#3828,#3829));
#1606=AXIS2_PLACEMENT_3D('',#3830,#3831,#3832);
#1607=EDGE_LOOP('',(#3833,#3834,#3835,#3836));
#1608=AXIS2_PLACEMENT_3D('',#3837,#3838,#3839);
#1609=EDGE_LOOP('',(#3840,#3841,#3842,#3843));
#1610=AXIS2_PLACEMENT_3D('',#3844,#3845,#3846);
#1611=EDGE_LOOP('',(#3847,#3848,#3849,#3850));
#1612=AXIS2_PLACEMENT_3D('',#3851,#3852,#3853);
#1613=EDGE_LOOP('',(#3854,#3855,#3856,#3857));
#1614=AXIS2_PLACEMENT_3D('',#3858,#3859,#3860);
#1615=EDGE_LOOP('',(#3861,#3862,#3863,#3864));
#1616=AXIS2_PLACEMENT_3D('',#3865,#3866,#3867);
#1617=EDGE_LOOP('',(#3868,#3869,#3870,#3871));
#1618=AXIS2_PLACEMENT_3D('',#3872,#3873,#3874);
#1619=EDGE_LOOP('',(#3875,#3876,#3877,#3878));
#1620=AXIS2_PLACEMENT_3D('',#3879,#3880,#3881);
#1621=EDGE_LOOP('',(#3882,#3883,#3884,#3885,#3886));
#1622=AXIS2_PLACEMENT_3D('',#3887,#3888,#3889);
#1623=EDGE_LOOP('',(#3890,#3891,#3892,#3893));
#1624=AXIS2_PLACEMENT_3D('',#3894,#3895,#3896);
#1625=EDGE_LOOP('',(#3897,#3898,#3899,#3900,#3901,#3902,#3903,#3904,#3905,#3906,#3907,#3908,#3909,#3910,#3911,#3912,#3913,#3914));
#1626=AXIS2_PLACEMENT_3D('',#3915,#3916,#3917);
#1627=EDGE_LOOP('',(#3918,#3919,#3920,#3921,#3922,#3923,#3924,#3925,#3926,#3927,#3928,#3929,#3930,#3931,#3932,#3933,#3934,#3935));
#1628=AXIS2_PLACEMENT_3D('',#3936,#3937,#3938);
#1629=EDGE_LOOP('',(#3939,#3940,#3941,#3942,#3943));
#1630=AXIS2_PLACEMENT_3D('',#3944,#3945,#3946);
#1631=EDGE_LOOP('',(#3947,#3948,#3949,#3950));
#1632=AXIS2_PLACEMENT_3D('',#3951,#3952,#3953);
#1633=EDGE_LOOP('',(#3954,#3955,#3956,#3957));
#1634=AXIS2_PLACEMENT_3D('',#3958,#3959,#3960);
#1635=EDGE_LOOP('',(#3961,#3962,#3963,#3964,#3965));
#1636=AXIS2_PLACEMENT_3D('',#3966,#3967,#3968);
#1637=EDGE_LOOP('',(#3969,#3970,#3971,#3972,#3973));
#1638=AXIS2_PLACEMENT_3D('',#3974,#3975,#3976);
#1639=EDGE_LOOP('',(#3977,#3978,#3979,#3980));
#1640=AXIS2_PLACEMENT_3D('',#3981,#3982,#3983);
#1641=EDGE_LOOP('',(#3984,#3985,#3986,#3987,#3988));
#1642=AXIS2_PLACEMENT_3D('',#3989,#3990,#3991);
#1643=EDGE_LOOP('',(#3992,#3993,#3994,#3995));
#1644=AXIS2_PLACEMENT_3D('',#3996,#3997,#3998);
#1645=EDGE_LOOP('',(#3999,#4000,#4001,#4002,#4003));
#1646=AXIS2_PLACEMENT_3D('',#4004,#4005,#4006);
#1647=EDGE_LOOP('',(#4007,#4008,#4009,#4010));
#1648=AXIS2_PLACEMENT_3D('',#4011,#4012,#4013);
#1649=EDGE_LOOP('',(#4014,#4015,#4016,#4017));
#1650=AXIS2_PLACEMENT_3D('',#4018,#4019,#4020);
#1651=EDGE_LOOP('',(#4021,#4022,#4023,#4024,#4025));
#1652=AXIS2_PLACEMENT_3D('',#4026,#4027,#4028);
#1653=EDGE_LOOP('',(#4029,#4030,#4031,#4032));
#1654=AXIS2_PLACEMENT_3D('',#4033,#4034,#4035);
#1655=EDGE_LOOP('',(#4036,#4037,#4038,#4039,#4040));
#1656=AXIS2_PLACEMENT_3D('',#4041,#4042,#4043);
#1657=EDGE_LOOP('',(#4044,#4045,#4046,#4047));
#1658=AXIS2_PLACEMENT_3D('',#4048,#4049,#4050);
#1659=EDGE_LOOP('',(#4051,#4052,#4053,#4054,#4055));
#1660=AXIS2_PLACEMENT_3D('',#4056,#4057,#4058);
#1661=EDGE_LOOP('',(#4059,#4060,#4061,#4062,#4063));
#1662=AXIS2_PLACEMENT_3D('',#4064,#4065,#4066);
#1663=EDGE_LOOP('',(#4067,#4068,#4069,#4070));
#1664=AXIS2_PLACEMENT_3D('',#4071,#4072,#4073);
#1665=EDGE_LOOP('',(#4074,#4075,#4076,#4077,#4078));
#1666=AXIS2_PLACEMENT_3D('',#4079,#4080,#4081);
#1667=EDGE_LOOP('',(#4082,#4083,#4084,#4085,#4086));
#1668=AXIS2_PLACEMENT_3D('',#4087,#4088,#4089);
#1669=EDGE_LOOP('',(#4090,#4091,#4092,#4093));
#1670=AXIS2_PLACEMENT_3D('',#4094,#4095,#4096);
#1671=EDGE_LOOP('',(#4097,#4098,#4099,#4100,#4101));
#1672=AXIS2_PLACEMENT_3D('',#4102,#4103,#4104);
#1673=EDGE_LOOP('',(#4105,#4106,#4107,#4108));
#1674=AXIS2_PLACEMENT_3D('',#4109,#4110,#4111);
#1675=EDGE_LOOP('',(#4112,#4113,#4114,#4115,#4116));
#1676=AXIS2_PLACEMENT_3D('',#4117,#4118,#4119);
#1677=EDGE_LOOP('',(#4120,#4121,#4122,#4123));
#1678=AXIS2_PLACEMENT_3D('',#4124,#4125,#4126);
#1679=EDGE_LOOP('',(#4127,#4128,#4129,#4130,#4131));
#1680=AXIS2_PLACEMENT_3D('',#4132,#4133,#4134);
#1681=EDGE_LOOP('',(#4135,#4136,#4137,#4138));
#1682=AXIS2_PLACEMENT_3D('',#4139,#4140,#4141);
#1683=EDGE_LOOP('',(#4142,#4143,#4144,#4145,#4146));
#1684=AXIS2_PLACEMENT_3D('',#4147,#4148,#4149);
#1685=EDGE_LOOP('',(#4150,#4151,#4152,#4153));
#1686=AXIS2_PLACEMENT_3D('',#4154,#4155,#4156);
#1687=EDGE_LOOP('',(#4157,#4158,#4159,#4160,#4161));
#1688=AXIS2_PLACEMENT_3D('',#4162,#4163,#4164);
#1689=EDGE_LOOP('',(#4165,#4166,#4167,#4168));
#1690=AXIS2_PLACEMENT_3D('',#4169,#4170,#4171);
#1691=EDGE_LOOP('',(#4172,#4173,#4174,#4175,#4176));
#1692=AXIS2_PLACEMENT_3D('',#4177,#4178,#4179);
#1693=EDGE_LOOP('',(#4180,#4181,#4182,#4183));
#1694=AXIS2_PLACEMENT_3D('',#4184,#4185,#4186);
#1695=EDGE_LOOP('',(#4187,#4188,#4189,#4190,#4191));
#1696=AXIS2_PLACEMENT_3D('',#4192,#4193,#4194);
#1697=EDGE_LOOP('',(#4195,#4196,#4197,#4198));
#1698=AXIS2_PLACEMENT_3D('',#4199,#4200,#4201);
#1699=EDGE_LOOP('',(#4202,#4203,#4204,#4205));
#1700=AXIS2_PLACEMENT_3D('',#4206,#4207,#4208);
#1701=EDGE_LOOP('',(#4209,#4210,#4211,#4212,#4213));
#1702=AXIS2_PLACEMENT_3D('',#4214,#4215,#4216);
#1703=EDGE_LOOP('',(#4217,#4218,#4219,#4220));
#1704=AXIS2_PLACEMENT_3D('',#4221,#4222,#4223);
#1705=CIRCLE('',#4224,0.6);
#1706=CIRCLE('',#4225,0.6);
#1707=CIRCLE('',#4226,0.6);
#1708=CIRCLE('',#4227,0.6);
#1709=CIRCLE('',#4228,0.6);
#1710=CIRCLE('',#4229,0.6);
#1711=CIRCLE('',#4230,0.6);
#1712=CIRCLE('',#4231,0.6);
#1713=CIRCLE('',#4232,0.6);
#1714=CIRCLE('',#4233,0.6);
#1715=CIRCLE('',#4234,0.6);
#1716=CIRCLE('',#4235,0.6);
#1717=CIRCLE('',#4236,0.6);
#1718=CIRCLE('',#4237,0.6);
#1719=CIRCLE('',#4238,0.6);
#1720=CIRCLE('',#4239,0.6);
#1721=CIRCLE('',#4240,0.85);
#1722=CIRCLE('',#4241,0.85);
#1723=CIRCLE('',#4242,0.85);
#1724=CIRCLE('',#4243,0.85);
#1725=ORIENTED_EDGE('',*,*,#4244,.F.);
#1726=ORIENTED_EDGE('',*,*,#4245,.T.);
#1727=ORIENTED_EDGE('',*,*,#4246,.F.);
#1728=ORIENTED_EDGE('',*,*,#4247,.T.);
#1729=CARTESIAN_POINT('',(-3.75,-2.99,1.03));
#1730=DIRECTION('',(0.0,1.0,-0.0));
#1731=DIRECTION('',(0.0,0.0,1.0));
#1732=ORIENTED_EDGE('',*,*,#4248,.F.);
#1733=ORIENTED_EDGE('',*,*,#4249,.T.);
#1734=ORIENTED_EDGE('',*,*,#4250,.T.);
#1735=ORIENTED_EDGE('',*,*,#4251,.T.);
#1736=ORIENTED_EDGE('',*,*,#4252,.T.);
#1737=CARTESIAN_POINT('',(-3.75,-2.99,1.03));
#1738=DIRECTION('',(0.0,1.0,-0.0));
#1739=DIRECTION('',(0.0,0.0,1.0));
#1740=ORIENTED_EDGE('',*,*,#4253,.F.);
#1741=ORIENTED_EDGE('',*,*,#4254,.F.);
#1742=ORIENTED_EDGE('',*,*,#4255,.F.);
#1743=ORIENTED_EDGE('',*,*,#4245,.F.);
#1744=ORIENTED_EDGE('',*,*,#4256,.F.);
#1745=CARTESIAN_POINT('',(-3.749995713886,-4.390000815859,1.029999285225));
#1746=DIRECTION('',(-0.0,1.0,0.0));
#1747=DIRECTION('',(0.0,0.0,-1.0));
#1748=ORIENTED_EDGE('',*,*,#4257,.F.);
#1749=ORIENTED_EDGE('',*,*,#4251,.F.);
#1750=ORIENTED_EDGE('',*,*,#4258,.F.);
#1751=ORIENTED_EDGE('',*,*,#4259,.F.);
#1752=CARTESIAN_POINT('',(-3.750004286114,-4.390000815859,1.030000714775));
#1753=DIRECTION('',(-0.0,1.0,0.0));
#1754=DIRECTION('',(0.0,0.0,-1.0));
#1755=ORIENTED_EDGE('',*,*,#4260,.F.);
#1756=ORIENTED_EDGE('',*,*,#4261,.T.);
#1757=ORIENTED_EDGE('',*,*,#4262,.F.);
#1758=ORIENTED_EDGE('',*,*,#4263,.T.);
#1759=CARTESIAN_POINT('',(3.75,-2.99,1.03));
#1760=DIRECTION('',(0.0,1.0,-0.0));
#1761=DIRECTION('',(0.0,0.0,1.0));
#1762=ORIENTED_EDGE('',*,*,#4264,.F.);
#1763=ORIENTED_EDGE('',*,*,#4265,.F.);
#1764=ORIENTED_EDGE('',*,*,#4266,.F.);
#1765=ORIENTED_EDGE('',*,*,#4261,.F.);
#1766=ORIENTED_EDGE('',*,*,#4267,.F.);
#1767=CARTESIAN_POINT('',(3.750004286114,-4.390000815859,1.029999285225));
#1768=DIRECTION('',(-0.0,1.0,0.0));
#1769=DIRECTION('',(0.0,0.0,-1.0));
#1770=ORIENTED_EDGE('',*,*,#4268,.F.);
#1771=ORIENTED_EDGE('',*,*,#4269,.T.);
#1772=ORIENTED_EDGE('',*,*,#4270,.T.);
#1773=ORIENTED_EDGE('',*,*,#4271,.T.);
#1774=ORIENTED_EDGE('',*,*,#4272,.T.);
#1775=CARTESIAN_POINT('',(3.75,-2.99,1.03));
#1776=DIRECTION('',(0.0,1.0,-0.0));
#1777=DIRECTION('',(0.0,0.0,1.0));
#1778=ORIENTED_EDGE('',*,*,#4273,.F.);
#1779=ORIENTED_EDGE('',*,*,#4271,.F.);
#1780=ORIENTED_EDGE('',*,*,#4274,.F.);
#1781=ORIENTED_EDGE('',*,*,#4275,.F.);
#1782=CARTESIAN_POINT('',(3.749995713886,-4.390000815859,1.030000714775));
#1783=DIRECTION('',(-0.0,1.0,0.0));
#1784=DIRECTION('',(0.0,0.0,-1.0));
#1785=ORIENTED_EDGE('',*,*,#4276,.F.);
#1786=ORIENTED_EDGE('',*,*,#4277,.F.);
#1787=ORIENTED_EDGE('',*,*,#4278,.T.);
#1788=ORIENTED_EDGE('',*,*,#4279,.F.);
#1789=ORIENTED_EDGE('',*,*,#4280,.F.);
#1790=ORIENTED_EDGE('',*,*,#4281,.F.);
#1791=ORIENTED_EDGE('',*,*,#4282,.F.);
#1792=ORIENTED_EDGE('',*,*,#4283,.F.);
#1793=ORIENTED_EDGE('',*,*,#4284,.T.);
#1794=ORIENTED_EDGE('',*,*,#4285,.F.);
#1795=ORIENTED_EDGE('',*,*,#4286,.F.);
#1796=ORIENTED_EDGE('',*,*,#4287,.F.);
#1797=ORIENTED_EDGE('',*,*,#4288,.F.);
#1798=ORIENTED_EDGE('',*,*,#4289,.F.);
#1799=ORIENTED_EDGE('',*,*,#4290,.T.);
#1800=ORIENTED_EDGE('',*,*,#4291,.F.);
#1801=ORIENTED_EDGE('',*,*,#4269,.F.);
#1802=ORIENTED_EDGE('',*,*,#4292,.F.);
#1803=ORIENTED_EDGE('',*,*,#4293,.F.);
#1804=ORIENTED_EDGE('',*,*,#4294,.T.);
#1805=ORIENTED_EDGE('',*,*,#4295,.F.);
#1806=ORIENTED_EDGE('',*,*,#4296,.F.);
#1807=ORIENTED_EDGE('',*,*,#4297,.F.);
#1808=ORIENTED_EDGE('',*,*,#4298,.T.);
#1809=ORIENTED_EDGE('',*,*,#4299,.F.);
#1810=ORIENTED_EDGE('',*,*,#4300,.F.);
#1811=ORIENTED_EDGE('',*,*,#4263,.F.);
#1812=ORIENTED_EDGE('',*,*,#4301,.F.);
#1813=ORIENTED_EDGE('',*,*,#4302,.T.);
#1814=ORIENTED_EDGE('',*,*,#4303,.F.);
#1815=ORIENTED_EDGE('',*,*,#4304,.F.);
#1816=ORIENTED_EDGE('',*,*,#4305,.T.);
#1817=ORIENTED_EDGE('',*,*,#4306,.F.);
#1818=ORIENTED_EDGE('',*,*,#4307,.F.);
#1819=ORIENTED_EDGE('',*,*,#4247,.F.);
#1820=ORIENTED_EDGE('',*,*,#4308,.F.);
#1821=ORIENTED_EDGE('',*,*,#4309,.T.);
#1822=ORIENTED_EDGE('',*,*,#4310,.F.);
#1823=ORIENTED_EDGE('',*,*,#4311,.F.);
#1824=ORIENTED_EDGE('',*,*,#4312,.F.);
#1825=ORIENTED_EDGE('',*,*,#4313,.T.);
#1826=ORIENTED_EDGE('',*,*,#4314,.F.);
#1827=ORIENTED_EDGE('',*,*,#4249,.F.);
#1828=ORIENTED_EDGE('',*,*,#4315,.F.);
#1829=ORIENTED_EDGE('',*,*,#4316,.F.);
#1830=ORIENTED_EDGE('',*,*,#4317,.T.);
#1831=ORIENTED_EDGE('',*,*,#4318,.F.);
#1832=ORIENTED_EDGE('',*,*,#4319,.F.);
#1833=CARTESIAN_POINT('',(0.0,-2.99,0.0));
#1834=DIRECTION('',(-0.0,1.0,0.0));
#1835=DIRECTION('',(1.0,0.0,0.0));
#1836=ORIENTED_EDGE('',*,*,#4320,.T.);
#1837=ORIENTED_EDGE('',*,*,#4321,.F.);
#1838=ORIENTED_EDGE('',*,*,#4322,.F.);
#1839=ORIENTED_EDGE('',*,*,#4287,.T.);
#1840=ORIENTED_EDGE('',*,*,#4323,.T.);
#1841=ORIENTED_EDGE('',*,*,#4324,.F.);
#1842=ORIENTED_EDGE('',*,*,#4325,.F.);
#1843=ORIENTED_EDGE('',*,*,#4283,.T.);
#1844=CARTESIAN_POINT('',(-5.47,-2.99,-4.23));
#1845=DIRECTION('',(-1.0,0.0,0.0));
#1846=DIRECTION('',(0.0,0.0,1.0));
#1847=ORIENTED_EDGE('',*,*,#4325,.T.);
#1848=ORIENTED_EDGE('',*,*,#4326,.F.);
#1849=ORIENTED_EDGE('',*,*,#4327,.F.);
#1850=ORIENTED_EDGE('',*,*,#4284,.F.);
#1851=CARTESIAN_POINT('',(-4.87,-2.99,2.63));
#1852=DIRECTION('',(0.0,0.0,1.0));
#1853=DIRECTION('',(1.0,0.0,0.0));
#1854=ORIENTED_EDGE('',*,*,#4327,.T.);
#1855=ORIENTED_EDGE('',*,*,#4328,.F.);
#1856=ORIENTED_EDGE('',*,*,#4329,.F.);
#1857=ORIENTED_EDGE('',*,*,#4285,.T.);
#1858=CARTESIAN_POINT('',(-4.87,-2.99,-2.63));
#1859=DIRECTION('',(1.0,0.0,0.0));
#1860=DIRECTION('',(0.0,1.0,0.0));
#1861=ORIENTED_EDGE('',*,*,#4329,.T.);
#1862=ORIENTED_EDGE('',*,*,#4330,.F.);
#1863=ORIENTED_EDGE('',*,*,#4323,.F.);
#1864=ORIENTED_EDGE('',*,*,#4286,.T.);
#1865=CARTESIAN_POINT('',(-5.47,-2.99,-2.63));
#1866=DIRECTION('',(0.0,0.0,-1.0));
#1867=DIRECTION('',(0.0,-1.0,0.0));
#1868=ORIENTED_EDGE('',*,*,#4331,.T.);
#1869=ORIENTED_EDGE('',*,*,#4332,.T.);
#1870=ORIENTED_EDGE('',*,*,#4333,.T.);
#1871=ORIENTED_EDGE('',*,*,#4334,.T.);
#1872=CARTESIAN_POINT('',(-5.47,-3.29,4.23));
#1873=DIRECTION('',(0.0,-1.0,0.0));
#1874=DIRECTION('',(0.0,0.0,-1.0));
#1875=ORIENTED_EDGE('',*,*,#4330,.T.);
#1876=ORIENTED_EDGE('',*,*,#4328,.T.);
#1877=ORIENTED_EDGE('',*,*,#4326,.T.);
#1878=ORIENTED_EDGE('',*,*,#4324,.T.);
#1879=CARTESIAN_POINT('',(-5.47,-3.29,4.23));
#1880=DIRECTION('',(0.0,-1.0,0.0));
#1881=DIRECTION('',(0.0,0.0,-1.0));
#1882=ORIENTED_EDGE('',*,*,#4335,.T.);
#1883=ORIENTED_EDGE('',*,*,#4334,.F.);
#1884=ORIENTED_EDGE('',*,*,#4336,.F.);
#1885=ORIENTED_EDGE('',*,*,#4280,.T.);
#1886=CARTESIAN_POINT('',(5.47,-2.99,2.63));
#1887=DIRECTION('',(0.0,0.0,1.0));
#1888=DIRECTION('',(1.0,0.0,0.0));
#1889=ORIENTED_EDGE('',*,*,#4337,.T.);
#1890=ORIENTED_EDGE('',*,*,#4338,.F.);
#1891=ORIENTED_EDGE('',*,*,#4339,.F.);
#1892=ORIENTED_EDGE('',*,*,#4281,.T.);
#1893=ORIENTED_EDGE('',*,*,#4336,.T.);
#1894=ORIENTED_EDGE('',*,*,#4333,.F.);
#1895=ORIENTED_EDGE('',*,*,#4340,.F.);
#1896=ORIENTED_EDGE('',*,*,#4277,.T.);
#1897=CARTESIAN_POINT('',(5.47,-2.99,4.23));
#1898=DIRECTION('',(1.0,0.0,0.0));
#1899=DIRECTION('',(0.0,1.0,0.0));
#1900=ORIENTED_EDGE('',*,*,#4340,.T.);
#1901=ORIENTED_EDGE('',*,*,#4332,.F.);
#1902=ORIENTED_EDGE('',*,*,#4341,.F.);
#1903=ORIENTED_EDGE('',*,*,#4278,.F.);
#1904=CARTESIAN_POINT('',(4.87,-2.99,-2.63));
#1905=DIRECTION('',(0.0,0.0,-1.0));
#1906=DIRECTION('',(0.0,-1.0,0.0));
#1907=ORIENTED_EDGE('',*,*,#4341,.T.);
#1908=ORIENTED_EDGE('',*,*,#4331,.F.);
#1909=ORIENTED_EDGE('',*,*,#4335,.F.);
#1910=ORIENTED_EDGE('',*,*,#4279,.T.);
#1911=CARTESIAN_POINT('',(4.87,-2.99,2.63));
#1912=DIRECTION('',(-1.0,0.0,0.0));
#1913=DIRECTION('',(0.0,0.0,1.0));
#1914=ORIENTED_EDGE('',*,*,#4342,.F.);
#1915=ORIENTED_EDGE('',*,*,#4343,.T.);
#1916=ORIENTED_EDGE('',*,*,#4344,.F.);
#1917=ORIENTED_EDGE('',*,*,#4320,.F.);
#1918=ORIENTED_EDGE('',*,*,#4282,.T.);
#1919=ORIENTED_EDGE('',*,*,#4339,.T.);
#1920=ORIENTED_EDGE('',*,*,#4345,.F.);
#1921=ORIENTED_EDGE('',*,*,#4346,.F.);
#1922=ORIENTED_EDGE('',*,*,#4347,.F.);
#1923=ORIENTED_EDGE('',*,*,#4348,.T.);
#1924=ORIENTED_EDGE('',*,*,#4349,.F.);
#1925=ORIENTED_EDGE('',*,*,#4350,.F.);
#1926=ORIENTED_EDGE('',*,*,#4351,.F.);
#1927=ORIENTED_EDGE('',*,*,#4352,.F.);
#1928=ORIENTED_EDGE('',*,*,#4353,.F.);
#1929=ORIENTED_EDGE('',*,*,#4354,.F.);
#1930=ORIENTED_EDGE('',*,*,#4355,.F.);
#1931=ORIENTED_EDGE('',*,*,#4356,.F.);
#1932=ORIENTED_EDGE('',*,*,#4357,.F.);
#1933=ORIENTED_EDGE('',*,*,#4358,.F.);
#1934=ORIENTED_EDGE('',*,*,#4359,.F.);
#1935=ORIENTED_EDGE('',*,*,#4360,.F.);
#1936=ORIENTED_EDGE('',*,*,#4361,.F.);
#1937=ORIENTED_EDGE('',*,*,#4362,.F.);
#1938=ORIENTED_EDGE('',*,*,#4363,.F.);
#1939=ORIENTED_EDGE('',*,*,#4364,.F.);
#1940=ORIENTED_EDGE('',*,*,#4365,.F.);
#1941=ORIENTED_EDGE('',*,*,#4366,.F.);
#1942=ORIENTED_EDGE('',*,*,#4367,.F.);
#1943=ORIENTED_EDGE('',*,*,#4368,.F.);
#1944=ORIENTED_EDGE('',*,*,#4369,.F.);
#1945=ORIENTED_EDGE('',*,*,#4370,.F.);
#1946=ORIENTED_EDGE('',*,*,#4371,.F.);
#1947=ORIENTED_EDGE('',*,*,#4372,.F.);
#1948=ORIENTED_EDGE('',*,*,#4373,.F.);
#1949=ORIENTED_EDGE('',*,*,#4374,.F.);
#1950=ORIENTED_EDGE('',*,*,#4375,.F.);
#1951=ORIENTED_EDGE('',*,*,#4376,.F.);
#1952=ORIENTED_EDGE('',*,*,#4377,.F.);
#1953=ORIENTED_EDGE('',*,*,#4378,.F.);
#1954=ORIENTED_EDGE('',*,*,#4379,.F.);
#1955=ORIENTED_EDGE('',*,*,#4380,.F.);
#1956=ORIENTED_EDGE('',*,*,#4381,.F.);
#1957=ORIENTED_EDGE('',*,*,#4382,.T.);
#1958=ORIENTED_EDGE('',*,*,#4383,.F.);
#1959=ORIENTED_EDGE('',*,*,#4384,.F.);
#1960=ORIENTED_EDGE('',*,*,#4385,.F.);
#1961=ORIENTED_EDGE('',*,*,#4386,.F.);
#1962=CARTESIAN_POINT('',(-5.47,-2.99,4.23));
#1963=DIRECTION('',(0.0,0.0,1.0));
#1964=DIRECTION('',(1.0,0.0,0.0));
#1965=ORIENTED_EDGE('',*,*,#4387,.T.);
#1966=ORIENTED_EDGE('',*,*,#4388,.F.);
#1967=ORIENTED_EDGE('',*,*,#4389,.F.);
#1968=ORIENTED_EDGE('',*,*,#4386,.T.);
#1969=CARTESIAN_POINT('',(2.64,2.345,4.23));
#1970=DIRECTION('',(-1.0,0.0,0.0));
#1971=DIRECTION('',(0.0,0.0,1.0));
#1972=ORIENTED_EDGE('',*,*,#4389,.T.);
#1973=ORIENTED_EDGE('',*,*,#4390,.F.);
#1974=ORIENTED_EDGE('',*,*,#4391,.F.);
#1975=ORIENTED_EDGE('',*,*,#4383,.T.);
#1976=CARTESIAN_POINT('',(4.86,2.345,4.23));
#1977=DIRECTION('',(-0.0,1.0,0.0));
#1978=DIRECTION('',(1.0,0.0,0.0));
#1979=ORIENTED_EDGE('',*,*,#4391,.T.);
#1980=ORIENTED_EDGE('',*,*,#4392,.F.);
#1981=ORIENTED_EDGE('',*,*,#4393,.F.);
#1982=ORIENTED_EDGE('',*,*,#4384,.T.);
#1983=CARTESIAN_POINT('',(4.86,0.155,4.23));
#1984=DIRECTION('',(1.0,0.0,0.0));
#1985=DIRECTION('',(0.0,1.0,0.0));
#1986=ORIENTED_EDGE('',*,*,#4393,.T.);
#1987=ORIENTED_EDGE('',*,*,#4394,.F.);
#1988=ORIENTED_EDGE('',*,*,#4387,.F.);
#1989=ORIENTED_EDGE('',*,*,#4385,.T.);
#1990=CARTESIAN_POINT('',(2.64,0.155,4.23));
#1991=DIRECTION('',(0.0,-1.0,0.0));
#1992=DIRECTION('',(0.0,0.0,-1.0));
#1993=ORIENTED_EDGE('',*,*,#4394,.T.);
#1994=ORIENTED_EDGE('',*,*,#4392,.T.);
#1995=ORIENTED_EDGE('',*,*,#4390,.T.);
#1996=ORIENTED_EDGE('',*,*,#4388,.T.);
#1997=ORIENTED_EDGE('',*,*,#4395,.T.);
#1998=ORIENTED_EDGE('',*,*,#4396,.T.);
#1999=ORIENTED_EDGE('',*,*,#4397,.F.);
#2000=ORIENTED_EDGE('',*,*,#4398,.F.);
#2001=CARTESIAN_POINT('',(0.0,-2.99,-1.77));
#2002=DIRECTION('',(0.0,0.0,1.0));
#2003=DIRECTION('',(1.0,0.0,0.0));
#2004=ORIENTED_EDGE('',*,*,#4399,.T.);
#2005=ORIENTED_EDGE('',*,*,#4400,.T.);
#2006=ORIENTED_EDGE('',*,*,#4401,.T.);
#2007=ORIENTED_EDGE('',*,*,#4402,.T.);
#2008=ORIENTED_EDGE('',*,*,#4403,.T.);
#2009=ORIENTED_EDGE('',*,*,#4404,.F.);
#2010=ORIENTED_EDGE('',*,*,#4405,.F.);
#2011=ORIENTED_EDGE('',*,*,#4406,.T.);
#2012=CARTESIAN_POINT('',(0.0,-2.99,-1.77));
#2013=DIRECTION('',(0.0,0.0,1.0));
#2014=DIRECTION('',(1.0,0.0,0.0));
#2015=ORIENTED_EDGE('',*,*,#4407,.T.);
#2016=ORIENTED_EDGE('',*,*,#4402,.F.);
#2017=ORIENTED_EDGE('',*,*,#4408,.F.);
#2018=ORIENTED_EDGE('',*,*,#4366,.T.);
#2019=CARTESIAN_POINT('',(2.64,-2.345,4.23));
#2020=DIRECTION('',(0.0,-1.0,0.0));
#2021=DIRECTION('',(0.0,0.0,-1.0));
#2022=ORIENTED_EDGE('',*,*,#4408,.T.);
#2023=ORIENTED_EDGE('',*,*,#4401,.F.);
#2024=ORIENTED_EDGE('',*,*,#4409,.F.);
#2025=ORIENTED_EDGE('',*,*,#4363,.T.);
#2026=CARTESIAN_POINT('',(2.64,-0.155,4.23));
#2027=DIRECTION('',(-1.0,0.0,0.0));
#2028=DIRECTION('',(0.0,0.0,1.0));
#2029=ORIENTED_EDGE('',*,*,#4409,.T.);
#2030=ORIENTED_EDGE('',*,*,#4400,.F.);
#2031=ORIENTED_EDGE('',*,*,#4410,.F.);
#2032=ORIENTED_EDGE('',*,*,#4364,.T.);
#2033=CARTESIAN_POINT('',(4.86,-0.155,4.23));
#2034=DIRECTION('',(-0.0,1.0,0.0));
#2035=DIRECTION('',(1.0,0.0,0.0));
#2036=ORIENTED_EDGE('',*,*,#4410,.T.);
#2037=ORIENTED_EDGE('',*,*,#4399,.F.);
#2038=ORIENTED_EDGE('',*,*,#4407,.F.);
#2039=ORIENTED_EDGE('',*,*,#4365,.T.);
#2040=CARTESIAN_POINT('',(4.86,-2.345,4.23));
#2041=DIRECTION('',(1.0,0.0,0.0));
#2042=DIRECTION('',(0.0,1.0,0.0));
#2043=ORIENTED_EDGE('',*,*,#4411,.F.);
#2044=ORIENTED_EDGE('',*,*,#4395,.F.);
#2045=ORIENTED_EDGE('',*,*,#4412,.F.);
#2046=ORIENTED_EDGE('',*,*,#4413,.T.);
#2047=CARTESIAN_POINT('',(3.4325,-2.99,0.0));
#2048=DIRECTION('',(1.0,0.0,0.0));
#2049=DIRECTION('',(0.0,1.0,0.0));
#2050=ORIENTED_EDGE('',*,*,#4414,.F.);
#2051=ORIENTED_EDGE('',*,*,#4406,.F.);
#2052=ORIENTED_EDGE('',*,*,#4415,.F.);
#2053=ORIENTED_EDGE('',*,*,#4416,.T.);
#2054=CARTESIAN_POINT('',(3.4325,-2.99,0.0));
#2055=DIRECTION('',(1.0,0.0,0.0));
#2056=DIRECTION('',(0.0,1.0,0.0));
#2057=ORIENTED_EDGE('',*,*,#4417,.F.);
#2058=ORIENTED_EDGE('',*,*,#4418,.F.);
#2059=ORIENTED_EDGE('',*,*,#4419,.F.);
#2060=ORIENTED_EDGE('',*,*,#4420,.T.);
#2061=ORIENTED_EDGE('',*,*,#4421,.F.);
#2062=ORIENTED_EDGE('',*,*,#4422,.F.);
#2063=ORIENTED_EDGE('',*,*,#4423,.F.);
#2064=ORIENTED_EDGE('',*,*,#4424,.T.);
#2065=CARTESIAN_POINT('',(3.4325,-2.99,0.0));
#2066=DIRECTION('',(1.0,0.0,0.0));
#2067=DIRECTION('',(0.0,1.0,0.0));
#2068=ORIENTED_EDGE('',*,*,#4425,.F.);
#2069=ORIENTED_EDGE('',*,*,#4426,.F.);
#2070=ORIENTED_EDGE('',*,*,#4427,.F.);
#2071=ORIENTED_EDGE('',*,*,#4428,.T.);
#2072=ORIENTED_EDGE('',*,*,#4429,.F.);
#2073=ORIENTED_EDGE('',*,*,#4430,.F.);
#2074=ORIENTED_EDGE('',*,*,#4431,.F.);
#2075=ORIENTED_EDGE('',*,*,#4432,.T.);
#2076=CARTESIAN_POINT('',(3.4325,-2.99,0.0));
#2077=DIRECTION('',(1.0,0.0,0.0));
#2078=DIRECTION('',(0.0,1.0,0.0));
#2079=ORIENTED_EDGE('',*,*,#4433,.F.);
#2080=ORIENTED_EDGE('',*,*,#4413,.F.);
#2081=ORIENTED_EDGE('',*,*,#4434,.F.);
#2082=ORIENTED_EDGE('',*,*,#4435,.T.);
#2083=CARTESIAN_POINT('',(3.5075,1.25,2.525));
#2084=DIRECTION('',(-0.964763821237732,0.0,0.263117405792109));
#2085=DIRECTION('',(0.0,1.0,0.0));
#2086=ORIENTED_EDGE('',*,*,#4435,.F.);
#2087=ORIENTED_EDGE('',*,*,#4436,.F.);
#2088=ORIENTED_EDGE('',*,*,#4437,.F.);
#2089=ORIENTED_EDGE('',*,*,#4438,.T.);
#2090=CARTESIAN_POINT('',(3.4325,1.5675,2.8));
#2091=DIRECTION('',(0.0,0.0,1.0));
#2092=DIRECTION('',(1.0,0.0,0.0));
#2093=ORIENTED_EDGE('',*,*,#4439,.T.);
#2094=ORIENTED_EDGE('',*,*,#4440,.T.);
#2095=ORIENTED_EDGE('',*,*,#4433,.T.);
#2096=ORIENTED_EDGE('',*,*,#4438,.F.);
#2097=CARTESIAN_POINT('',(3.75,1.4925,2.525));
#2098=DIRECTION('',(0.0,0.964763821237732,0.263117405792109));
#2099=DIRECTION('',(1.0,0.0,-0.0));
#2100=ORIENTED_EDGE('',*,*,#4441,.F.);
#2101=ORIENTED_EDGE('',*,*,#4442,.F.);
#2102=ORIENTED_EDGE('',*,*,#4421,.T.);
#2103=ORIENTED_EDGE('',*,*,#4443,.T.);
#2104=CARTESIAN_POINT('',(3.4325,1.5675,-8.0325));
#2105=DIRECTION('',(-0.0,1.0,0.0));
#2106=DIRECTION('',(1.0,0.0,0.0));
#2107=ORIENTED_EDGE('',*,*,#4444,.F.);
#2108=ORIENTED_EDGE('',*,*,#4396,.F.);
#2109=ORIENTED_EDGE('',*,*,#4411,.T.);
#2110=ORIENTED_EDGE('',*,*,#4440,.F.);
#2111=CARTESIAN_POINT('',(3.4325,1.5675,-8.0325));
#2112=DIRECTION('',(-0.0,1.0,0.0));
#2113=DIRECTION('',(1.0,0.0,0.0));
#2114=ORIENTED_EDGE('',*,*,#4322,.T.);
#2115=ORIENTED_EDGE('',*,*,#4445,.F.);
#2116=ORIENTED_EDGE('',*,*,#4337,.F.);
#2117=ORIENTED_EDGE('',*,*,#4276,.T.);
#2118=ORIENTED_EDGE('',*,*,#4446,.T.);
#2119=ORIENTED_EDGE('',*,*,#4447,.T.);
#2120=ORIENTED_EDGE('',*,*,#4448,.F.);
#2121=ORIENTED_EDGE('',*,*,#4428,.F.);
#2122=ORIENTED_EDGE('',*,*,#4449,.T.);
#2123=ORIENTED_EDGE('',*,*,#4443,.F.);
#2124=ORIENTED_EDGE('',*,*,#4420,.F.);
#2125=ORIENTED_EDGE('',*,*,#4450,.T.);
#2126=ORIENTED_EDGE('',*,*,#4451,.T.);
#2127=ORIENTED_EDGE('',*,*,#4452,.T.);
#2128=ORIENTED_EDGE('',*,*,#4453,.F.);
#2129=ORIENTED_EDGE('',*,*,#4454,.F.);
#2130=ORIENTED_EDGE('',*,*,#4455,.T.);
#2131=ORIENTED_EDGE('',*,*,#4456,.T.);
#2132=ORIENTED_EDGE('',*,*,#4457,.F.);
#2133=ORIENTED_EDGE('',*,*,#4458,.F.);
#2134=ORIENTED_EDGE('',*,*,#4459,.T.);
#2135=ORIENTED_EDGE('',*,*,#4460,.T.);
#2136=ORIENTED_EDGE('',*,*,#4461,.F.);
#2137=ORIENTED_EDGE('',*,*,#4462,.F.);
#2138=ORIENTED_EDGE('',*,*,#4463,.T.);
#2139=ORIENTED_EDGE('',*,*,#4464,.T.);
#2140=ORIENTED_EDGE('',*,*,#4465,.F.);
#2141=ORIENTED_EDGE('',*,*,#4466,.F.);
#2142=ORIENTED_EDGE('',*,*,#4467,.T.);
#2143=ORIENTED_EDGE('',*,*,#4468,.T.);
#2144=ORIENTED_EDGE('',*,*,#4469,.F.);
#2145=ORIENTED_EDGE('',*,*,#4470,.F.);
#2146=ORIENTED_EDGE('',*,*,#4471,.T.);
#2147=ORIENTED_EDGE('',*,*,#4472,.T.);
#2148=ORIENTED_EDGE('',*,*,#4473,.F.);
#2149=ORIENTED_EDGE('',*,*,#4474,.F.);
#2150=CARTESIAN_POINT('',(5.47,-2.99,-4.23));
#2151=DIRECTION('',(0.0,0.0,-1.0));
#2152=DIRECTION('',(0.0,-1.0,0.0));
#2153=ORIENTED_EDGE('',*,*,#4475,.T.);
#2154=ORIENTED_EDGE('',*,*,#4476,.F.);
#2155=ORIENTED_EDGE('',*,*,#4345,.T.);
#2156=ORIENTED_EDGE('',*,*,#4338,.T.);
#2157=ORIENTED_EDGE('',*,*,#4445,.T.);
#2158=ORIENTED_EDGE('',*,*,#4321,.T.);
#2159=ORIENTED_EDGE('',*,*,#4344,.T.);
#2160=ORIENTED_EDGE('',*,*,#4477,.T.);
#2161=ORIENTED_EDGE('',*,*,#4478,.T.);
#2162=ORIENTED_EDGE('',*,*,#4479,.T.);
#2163=CARTESIAN_POINT('',(0.0,2.99,0.0));
#2164=DIRECTION('',(-0.0,1.0,0.0));
#2165=DIRECTION('',(1.0,0.0,0.0));
#2166=ORIENTED_EDGE('',*,*,#4479,.F.);
#2167=ORIENTED_EDGE('',*,*,#4480,.F.);
#2168=ORIENTED_EDGE('',*,*,#4481,.T.);
#2169=ORIENTED_EDGE('',*,*,#4482,.T.);
#2170=ORIENTED_EDGE('',*,*,#4483,.T.);
#2171=ORIENTED_EDGE('',*,*,#4484,.F.);
#2172=ORIENTED_EDGE('',*,*,#4485,.T.);
#2173=ORIENTED_EDGE('',*,*,#4486,.F.);
#2174=CARTESIAN_POINT('',(-2.6,2.99,-0.77));
#2175=DIRECTION('',(0.0,0.0,-1.0));
#2176=DIRECTION('',(0.0,-1.0,0.0));
#2177=ORIENTED_EDGE('',*,*,#4475,.F.);
#2178=ORIENTED_EDGE('',*,*,#4486,.T.);
#2179=ORIENTED_EDGE('',*,*,#4487,.F.);
#2180=ORIENTED_EDGE('',*,*,#4488,.F.);
#2181=CARTESIAN_POINT('',(2.4,-22.576424,-0.57));
#2182=DIRECTION('',(0.0,-1.0,0.0));
#2183=DIRECTION('',(1.0,0.0,0.0));
#2184=ORIENTED_EDGE('',*,*,#4489,.T.);
#2185=ORIENTED_EDGE('',*,*,#4490,.T.);
#2186=ORIENTED_EDGE('',*,*,#4346,.T.);
#2187=ORIENTED_EDGE('',*,*,#4476,.T.);
#2188=ORIENTED_EDGE('',*,*,#4488,.T.);
#2189=ORIENTED_EDGE('',*,*,#4491,.T.);
#2190=CARTESIAN_POINT('',(2.6,0.0,0.0));
#2191=DIRECTION('',(1.0,0.0,0.0));
#2192=DIRECTION('',(0.0,1.0,0.0));
#2193=ORIENTED_EDGE('',*,*,#4491,.F.);
#2194=ORIENTED_EDGE('',*,*,#4492,.T.);
#2195=ORIENTED_EDGE('',*,*,#4493,.T.);
#2196=ORIENTED_EDGE('',*,*,#4494,.F.);
#2197=CARTESIAN_POINT('',(2.4,5.65,-0.6042154769777));
#2198=DIRECTION('',(0.0,0.0,-1.0));
#2199=DIRECTION('',(1.0,0.0,0.0));
#2200=ORIENTED_EDGE('',*,*,#4495,.F.);
#2201=ORIENTED_EDGE('',*,*,#4496,.T.);
#2202=ORIENTED_EDGE('',*,*,#4497,.T.);
#2203=ORIENTED_EDGE('',*,*,#4498,.T.);
#2204=ORIENTED_EDGE('',*,*,#4489,.F.);
#2205=ORIENTED_EDGE('',*,*,#4494,.T.);
#2206=CARTESIAN_POINT('',(-2.6,5.85,5.69));
#2207=DIRECTION('',(0.0,0.0,1.0));
#2208=DIRECTION('',(1.0,0.0,0.0));
#2209=ORIENTED_EDGE('',*,*,#4499,.F.);
#2210=ORIENTED_EDGE('',*,*,#4500,.F.);
#2211=ORIENTED_EDGE('',*,*,#4347,.T.);
#2212=ORIENTED_EDGE('',*,*,#4490,.F.);
#2213=ORIENTED_EDGE('',*,*,#4498,.F.);
#2214=ORIENTED_EDGE('',*,*,#4501,.T.);
#2215=ORIENTED_EDGE('',*,*,#4342,.T.);
#2216=ORIENTED_EDGE('',*,*,#4502,.T.);
#2217=CARTESIAN_POINT('',(-2.6,5.28,5.69));
#2218=DIRECTION('',(0.0,-0.707106781186548,0.707106781186548));
#2219=DIRECTION('',(-1.0,0.0,0.0));
#2220=ORIENTED_EDGE('',*,*,#4503,.T.);
#2221=ORIENTED_EDGE('',*,*,#4504,.F.);
#2222=ORIENTED_EDGE('',*,*,#4505,.F.);
#2223=ORIENTED_EDGE('',*,*,#4502,.F.);
#2224=ORIENTED_EDGE('',*,*,#4362,.T.);
#2225=CARTESIAN_POINT('',(-2.2,5.0,5.69));
#2226=DIRECTION('',(-1.0,0.0,0.0));
#2227=DIRECTION('',(0.0,0.0,1.0));
#2228=ORIENTED_EDGE('',*,*,#4506,.T.);
#2229=ORIENTED_EDGE('',*,*,#4507,.T.);
#2230=ORIENTED_EDGE('',*,*,#4508,.T.);
#2231=ORIENTED_EDGE('',*,*,#4509,.F.);
#2232=ORIENTED_EDGE('',*,*,#4510,.F.);
#2233=ORIENTED_EDGE('',*,*,#4511,.F.);
#2234=ORIENTED_EDGE('',*,*,#4499,.T.);
#2235=ORIENTED_EDGE('',*,*,#4505,.T.);
#2236=ORIENTED_EDGE('',*,*,#4512,.F.);
#2237=ORIENTED_EDGE('',*,*,#4513,.T.);
#2238=CARTESIAN_POINT('',(2.2,5.0,5.69));
#2239=DIRECTION('',(-0.0,1.0,0.0));
#2240=DIRECTION('',(1.0,0.0,0.0));
#2241=ORIENTED_EDGE('',*,*,#4514,.T.);
#2242=ORIENTED_EDGE('',*,*,#4515,.T.);
#2243=ORIENTED_EDGE('',*,*,#4516,.T.);
#2244=ORIENTED_EDGE('',*,*,#4513,.F.);
#2245=ORIENTED_EDGE('',*,*,#4517,.F.);
#2246=ORIENTED_EDGE('',*,*,#4482,.F.);
#2247=CARTESIAN_POINT('',(-1.15,5.85,-0.77));
#2248=DIRECTION('',(-1.0,0.0,0.0));
#2249=DIRECTION('',(0.0,0.0,1.0));
#2250=ORIENTED_EDGE('',*,*,#4517,.T.);
#2251=ORIENTED_EDGE('',*,*,#4518,.T.);
#2252=ORIENTED_EDGE('',*,*,#4519,.T.);
#2253=ORIENTED_EDGE('',*,*,#4483,.F.);
#2254=CARTESIAN_POINT('',(-2.6,5.0,0.0));
#2255=DIRECTION('',(-0.0,1.0,0.0));
#2256=DIRECTION('',(1.0,0.0,0.0));
#2257=ORIENTED_EDGE('',*,*,#4519,.F.);
#2258=ORIENTED_EDGE('',*,*,#4509,.T.);
#2259=ORIENTED_EDGE('',*,*,#4520,.F.);
#2260=ORIENTED_EDGE('',*,*,#4521,.F.);
#2261=ORIENTED_EDGE('',*,*,#4522,.F.);
#2262=ORIENTED_EDGE('',*,*,#4484,.T.);
#2263=CARTESIAN_POINT('',(1.15,5.85,4.1));
#2264=DIRECTION('',(1.0,0.0,0.0));
#2265=DIRECTION('',(0.0,1.0,0.0));
#2266=ORIENTED_EDGE('',*,*,#4485,.F.);
#2267=ORIENTED_EDGE('',*,*,#4522,.T.);
#2268=ORIENTED_EDGE('',*,*,#4523,.T.);
#2269=ORIENTED_EDGE('',*,*,#4524,.F.);
#2270=CARTESIAN_POINT('',(-2.6,5.65,-0.57));
#2271=DIRECTION('',(-1.0,0.0,-0.0));
#2272=DIRECTION('',(0.0,0.0,-1.0));
#2273=ORIENTED_EDGE('',*,*,#4525,.T.);
#2274=ORIENTED_EDGE('',*,*,#4514,.F.);
#2275=ORIENTED_EDGE('',*,*,#4481,.F.);
#2276=ORIENTED_EDGE('',*,*,#4526,.F.);
#2277=CARTESIAN_POINT('',(-2.6,5.65,-0.57));
#2278=DIRECTION('',(-1.0,0.0,-0.0));
#2279=DIRECTION('',(0.0,0.0,-1.0));
#2280=ORIENTED_EDGE('',*,*,#4492,.F.);
#2281=ORIENTED_EDGE('',*,*,#4487,.T.);
#2282=ORIENTED_EDGE('',*,*,#4524,.T.);
#2283=CARTESIAN_POINT('',(2.4,5.65,-0.57));
#2284=DIRECTION('',(0.0,-0.707106788369397,-0.707106774003697));
#2285=DIRECTION('',(0.0,0.707106774003697,-0.707106788369397));
#2286=ORIENTED_EDGE('',*,*,#4523,.F.);
#2287=ORIENTED_EDGE('',*,*,#4521,.T.);
#2288=ORIENTED_EDGE('',*,*,#4527,.F.);
#2289=ORIENTED_EDGE('',*,*,#4528,.F.);
#2290=ORIENTED_EDGE('',*,*,#4529,.F.);
#2291=ORIENTED_EDGE('',*,*,#4515,.F.);
#2292=ORIENTED_EDGE('',*,*,#4525,.F.);
#2293=ORIENTED_EDGE('',*,*,#4530,.F.);
#2294=ORIENTED_EDGE('',*,*,#4495,.T.);
#2295=ORIENTED_EDGE('',*,*,#4493,.F.);
#2296=CARTESIAN_POINT('',(-2.6,5.85,-0.57));
#2297=DIRECTION('',(-0.0,1.0,0.0));
#2298=DIRECTION('',(1.0,0.0,0.0));
#2299=ORIENTED_EDGE('',*,*,#4530,.T.);
#2300=ORIENTED_EDGE('',*,*,#4531,.F.);
#2301=ORIENTED_EDGE('',*,*,#4532,.F.);
#2302=ORIENTED_EDGE('',*,*,#4496,.F.);
#2303=CARTESIAN_POINT('',(-2.4,5.65,25.165784));
#2304=DIRECTION('',(0.0,0.0,1.0));
#2305=DIRECTION('',(-1.0,0.0,0.0));
#2306=ORIENTED_EDGE('',*,*,#4477,.F.);
#2307=ORIENTED_EDGE('',*,*,#4343,.F.);
#2308=ORIENTED_EDGE('',*,*,#4501,.F.);
#2309=ORIENTED_EDGE('',*,*,#4497,.F.);
#2310=ORIENTED_EDGE('',*,*,#4532,.T.);
#2311=ORIENTED_EDGE('',*,*,#4533,.T.);
#2312=CARTESIAN_POINT('',(-2.6,0.0,0.0));
#2313=DIRECTION('',(1.0,0.0,0.0));
#2314=DIRECTION('',(0.0,1.0,0.0));
#2315=ORIENTED_EDGE('',*,*,#4478,.F.);
#2316=ORIENTED_EDGE('',*,*,#4533,.F.);
#2317=ORIENTED_EDGE('',*,*,#4534,.T.);
#2318=ORIENTED_EDGE('',*,*,#4480,.T.);
#2319=CARTESIAN_POINT('',(-2.4,5.698604988874,-0.57));
#2320=DIRECTION('',(0.0,1.0,-0.0));
#2321=DIRECTION('',(-1.0,0.0,0.0));
#2322=ORIENTED_EDGE('',*,*,#4534,.F.);
#2323=ORIENTED_EDGE('',*,*,#4531,.T.);
#2324=ORIENTED_EDGE('',*,*,#4526,.T.);
#2325=CARTESIAN_POINT('',(-2.4,5.65,-0.57));
#2326=DIRECTION('',(0.0,0.707106788369397,0.707106774003697));
#2327=DIRECTION('',(0.0,0.707106774003697,-0.707106788369397));
#2328=ORIENTED_EDGE('',*,*,#4535,.T.);
#2329=ORIENTED_EDGE('',*,*,#4506,.F.);
#2330=ORIENTED_EDGE('',*,*,#4516,.F.);
#2331=ORIENTED_EDGE('',*,*,#4529,.T.);
#2332=CARTESIAN_POINT('',(-0.9,5.85,4.1));
#2333=DIRECTION('',(0.0,-1.0,0.0));
#2334=DIRECTION('',(1.0,0.0,0.0));
#2335=ORIENTED_EDGE('',*,*,#4536,.T.);
#2336=ORIENTED_EDGE('',*,*,#4507,.F.);
#2337=ORIENTED_EDGE('',*,*,#4535,.F.);
#2338=ORIENTED_EDGE('',*,*,#4528,.T.);
#2339=CARTESIAN_POINT('',(-0.9,5.85,4.35));
#2340=DIRECTION('',(0.0,0.0,1.0));
#2341=DIRECTION('',(1.0,0.0,0.0));
#2342=ORIENTED_EDGE('',*,*,#4520,.T.);
#2343=ORIENTED_EDGE('',*,*,#4508,.F.);
#2344=ORIENTED_EDGE('',*,*,#4536,.F.);
#2345=ORIENTED_EDGE('',*,*,#4527,.T.);
#2346=CARTESIAN_POINT('',(0.9,5.85,4.1));
#2347=DIRECTION('',(0.0,-1.0,0.0));
#2348=DIRECTION('',(1.0,0.0,0.0));
#2349=ORIENTED_EDGE('',*,*,#4512,.T.);
#2350=ORIENTED_EDGE('',*,*,#4504,.T.);
#2351=ORIENTED_EDGE('',*,*,#4537,.T.);
#2352=ORIENTED_EDGE('',*,*,#4538,.T.);
#2353=ORIENTED_EDGE('',*,*,#4539,.T.);
#2354=ORIENTED_EDGE('',*,*,#4540,.T.);
#2355=ORIENTED_EDGE('',*,*,#4541,.F.);
#2356=ORIENTED_EDGE('',*,*,#4542,.T.);
#2357=ORIENTED_EDGE('',*,*,#4510,.T.);
#2358=ORIENTED_EDGE('',*,*,#4518,.F.);
#2359=CARTESIAN_POINT('',(-2.6,0.0,-0.31));
#2360=DIRECTION('',(0.0,0.0,1.0));
#2361=DIRECTION('',(1.0,0.0,0.0));
#2362=ORIENTED_EDGE('',*,*,#4500,.T.);
#2363=ORIENTED_EDGE('',*,*,#4511,.T.);
#2364=ORIENTED_EDGE('',*,*,#4542,.F.);
#2365=ORIENTED_EDGE('',*,*,#4543,.F.);
#2366=ORIENTED_EDGE('',*,*,#4348,.F.);
#2367=CARTESIAN_POINT('',(2.2,2.345,5.69));
#2368=DIRECTION('',(1.0,0.0,0.0));
#2369=DIRECTION('',(0.0,1.0,0.0));
#2370=ORIENTED_EDGE('',*,*,#4544,.F.);
#2371=ORIENTED_EDGE('',*,*,#4353,.T.);
#2372=ORIENTED_EDGE('',*,*,#4545,.T.);
#2373=ORIENTED_EDGE('',*,*,#4546,.F.);
#2374=ORIENTED_EDGE('',*,*,#4547,.F.);
#2375=ORIENTED_EDGE('',*,*,#4349,.T.);
#2376=ORIENTED_EDGE('',*,*,#4543,.T.);
#2377=ORIENTED_EDGE('',*,*,#4541,.T.);
#2378=CARTESIAN_POINT('',(2.36,2.345,4.23));
#2379=DIRECTION('',(-0.0,1.0,0.0));
#2380=DIRECTION('',(1.0,0.0,0.0));
#2381=ORIENTED_EDGE('',*,*,#4547,.T.);
#2382=ORIENTED_EDGE('',*,*,#4548,.F.);
#2383=ORIENTED_EDGE('',*,*,#4549,.F.);
#2384=ORIENTED_EDGE('',*,*,#4350,.T.);
#2385=CARTESIAN_POINT('',(2.36,0.155,4.23));
#2386=DIRECTION('',(1.0,0.0,0.0));
#2387=DIRECTION('',(0.0,1.0,0.0));
#2388=ORIENTED_EDGE('',*,*,#4549,.T.);
#2389=ORIENTED_EDGE('',*,*,#4550,.F.);
#2390=ORIENTED_EDGE('',*,*,#4551,.F.);
#2391=ORIENTED_EDGE('',*,*,#4351,.T.);
#2392=CARTESIAN_POINT('',(0.14,0.155,4.23));
#2393=DIRECTION('',(0.0,-1.0,0.0));
#2394=DIRECTION('',(0.0,0.0,-1.0));
#2395=ORIENTED_EDGE('',*,*,#4551,.T.);
#2396=ORIENTED_EDGE('',*,*,#4552,.F.);
#2397=ORIENTED_EDGE('',*,*,#4545,.F.);
#2398=ORIENTED_EDGE('',*,*,#4352,.T.);
#2399=CARTESIAN_POINT('',(0.14,2.345,4.23));
#2400=DIRECTION('',(-1.0,0.0,0.0));
#2401=DIRECTION('',(0.0,0.0,1.0));
#2402=ORIENTED_EDGE('',*,*,#4550,.T.);
#2403=ORIENTED_EDGE('',*,*,#4548,.T.);
#2404=ORIENTED_EDGE('',*,*,#4546,.T.);
#2405=ORIENTED_EDGE('',*,*,#4552,.T.);
#2406=ORIENTED_EDGE('',*,*,#4553,.T.);
#2407=ORIENTED_EDGE('',*,*,#4554,.F.);
#2408=ORIENTED_EDGE('',*,*,#4555,.F.);
#2409=ORIENTED_EDGE('',*,*,#4556,.T.);
#2410=CARTESIAN_POINT('',(0.0,-2.99,-1.77));
#2411=DIRECTION('',(0.0,0.0,1.0));
#2412=DIRECTION('',(1.0,0.0,0.0));
#2413=ORIENTED_EDGE('',*,*,#4557,.T.);
#2414=ORIENTED_EDGE('',*,*,#4558,.T.);
#2415=ORIENTED_EDGE('',*,*,#4559,.T.);
#2416=ORIENTED_EDGE('',*,*,#4560,.T.);
#2417=ORIENTED_EDGE('',*,*,#4561,.T.);
#2418=ORIENTED_EDGE('',*,*,#4562,.F.);
#2419=ORIENTED_EDGE('',*,*,#4563,.F.);
#2420=ORIENTED_EDGE('',*,*,#4564,.T.);
#2421=CARTESIAN_POINT('',(0.0,-2.99,-1.77));
#2422=DIRECTION('',(0.0,0.0,1.0));
#2423=DIRECTION('',(1.0,0.0,0.0));
#2424=ORIENTED_EDGE('',*,*,#4565,.T.);
#2425=ORIENTED_EDGE('',*,*,#4560,.F.);
#2426=ORIENTED_EDGE('',*,*,#4566,.F.);
#2427=ORIENTED_EDGE('',*,*,#4370,.T.);
#2428=CARTESIAN_POINT('',(0.14,-2.345,4.23));
#2429=DIRECTION('',(0.0,-1.0,0.0));
#2430=DIRECTION('',(0.0,0.0,-1.0));
#2431=ORIENTED_EDGE('',*,*,#4566,.T.);
#2432=ORIENTED_EDGE('',*,*,#4559,.F.);
#2433=ORIENTED_EDGE('',*,*,#4567,.F.);
#2434=ORIENTED_EDGE('',*,*,#4367,.T.);
#2435=CARTESIAN_POINT('',(0.14,-0.155,4.23));
#2436=DIRECTION('',(-1.0,0.0,0.0));
#2437=DIRECTION('',(0.0,0.0,1.0));
#2438=ORIENTED_EDGE('',*,*,#4567,.T.);
#2439=ORIENTED_EDGE('',*,*,#4558,.F.);
#2440=ORIENTED_EDGE('',*,*,#4568,.F.);
#2441=ORIENTED_EDGE('',*,*,#4368,.T.);
#2442=CARTESIAN_POINT('',(2.36,-0.155,4.23));
#2443=DIRECTION('',(-0.0,1.0,0.0));
#2444=DIRECTION('',(1.0,0.0,0.0));
#2445=ORIENTED_EDGE('',*,*,#4568,.T.);
#2446=ORIENTED_EDGE('',*,*,#4557,.F.);
#2447=ORIENTED_EDGE('',*,*,#4565,.F.);
#2448=ORIENTED_EDGE('',*,*,#4369,.T.);
#2449=CARTESIAN_POINT('',(2.36,-2.345,4.23));
#2450=DIRECTION('',(1.0,0.0,0.0));
#2451=DIRECTION('',(0.0,1.0,0.0));
#2452=ORIENTED_EDGE('',*,*,#4569,.F.);
#2453=ORIENTED_EDGE('',*,*,#4556,.F.);
#2454=ORIENTED_EDGE('',*,*,#4570,.F.);
#2455=ORIENTED_EDGE('',*,*,#4571,.T.);
#2456=CARTESIAN_POINT('',(0.9325,-2.99,0.0));
#2457=DIRECTION('',(1.0,0.0,0.0));
#2458=DIRECTION('',(0.0,1.0,0.0));
#2459=ORIENTED_EDGE('',*,*,#4572,.F.);
#2460=ORIENTED_EDGE('',*,*,#4573,.F.);
#2461=ORIENTED_EDGE('',*,*,#4574,.F.);
#2462=ORIENTED_EDGE('',*,*,#4458,.T.);
#2463=ORIENTED_EDGE('',*,*,#4575,.F.);
#2464=ORIENTED_EDGE('',*,*,#4576,.F.);
#2465=ORIENTED_EDGE('',*,*,#4577,.F.);
#2466=ORIENTED_EDGE('',*,*,#4578,.T.);
#2467=CARTESIAN_POINT('',(0.9325,-2.99,0.0));
#2468=DIRECTION('',(1.0,0.0,0.0));
#2469=DIRECTION('',(0.0,1.0,0.0));
#2470=ORIENTED_EDGE('',*,*,#4579,.F.);
#2471=ORIENTED_EDGE('',*,*,#4580,.F.);
#2472=ORIENTED_EDGE('',*,*,#4581,.F.);
#2473=ORIENTED_EDGE('',*,*,#4454,.T.);
#2474=ORIENTED_EDGE('',*,*,#4582,.F.);
#2475=ORIENTED_EDGE('',*,*,#4583,.F.);
#2476=ORIENTED_EDGE('',*,*,#4584,.F.);
#2477=ORIENTED_EDGE('',*,*,#4585,.T.);
#2478=CARTESIAN_POINT('',(0.9325,-2.99,0.0));
#2479=DIRECTION('',(1.0,0.0,0.0));
#2480=DIRECTION('',(0.0,1.0,0.0));
#2481=ORIENTED_EDGE('',*,*,#4586,.F.);
#2482=ORIENTED_EDGE('',*,*,#4564,.F.);
#2483=ORIENTED_EDGE('',*,*,#4587,.F.);
#2484=ORIENTED_EDGE('',*,*,#4588,.T.);
#2485=CARTESIAN_POINT('',(0.9325,-2.99,0.0));
#2486=DIRECTION('',(1.0,0.0,0.0));
#2487=DIRECTION('',(0.0,1.0,0.0));
#2488=ORIENTED_EDGE('',*,*,#4589,.F.);
#2489=ORIENTED_EDGE('',*,*,#4571,.F.);
#2490=ORIENTED_EDGE('',*,*,#4590,.F.);
#2491=ORIENTED_EDGE('',*,*,#4591,.T.);
#2492=CARTESIAN_POINT('',(1.0075,1.25,2.525));
#2493=DIRECTION('',(-0.964763821237732,0.0,0.263117405792109));
#2494=DIRECTION('',(0.0,1.0,0.0));
#2495=ORIENTED_EDGE('',*,*,#4591,.F.);
#2496=ORIENTED_EDGE('',*,*,#4592,.F.);
#2497=ORIENTED_EDGE('',*,*,#4593,.F.);
#2498=ORIENTED_EDGE('',*,*,#4594,.T.);
#2499=CARTESIAN_POINT('',(0.9325,1.5675,2.8));
#2500=DIRECTION('',(0.0,0.0,1.0));
#2501=DIRECTION('',(1.0,0.0,0.0));
#2502=ORIENTED_EDGE('',*,*,#4595,.T.);
#2503=ORIENTED_EDGE('',*,*,#4596,.T.);
#2504=ORIENTED_EDGE('',*,*,#4589,.T.);
#2505=ORIENTED_EDGE('',*,*,#4594,.F.);
#2506=CARTESIAN_POINT('',(1.25,1.4925,2.525));
#2507=DIRECTION('',(0.0,0.964763821237732,0.263117405792109));
#2508=DIRECTION('',(1.0,0.0,-0.0));
#2509=ORIENTED_EDGE('',*,*,#4597,.F.);
#2510=ORIENTED_EDGE('',*,*,#4598,.F.);
#2511=ORIENTED_EDGE('',*,*,#4575,.T.);
#2512=ORIENTED_EDGE('',*,*,#4457,.T.);
#2513=CARTESIAN_POINT('',(0.9325,1.5675,-8.0325));
#2514=DIRECTION('',(-0.0,1.0,0.0));
#2515=DIRECTION('',(1.0,0.0,0.0));
#2516=ORIENTED_EDGE('',*,*,#4599,.F.);
#2517=ORIENTED_EDGE('',*,*,#4553,.F.);
#2518=ORIENTED_EDGE('',*,*,#4569,.T.);
#2519=ORIENTED_EDGE('',*,*,#4596,.F.);
#2520=CARTESIAN_POINT('',(0.9325,1.5675,-8.0325));
#2521=DIRECTION('',(-0.0,1.0,0.0));
#2522=DIRECTION('',(1.0,0.0,0.0));
#2523=ORIENTED_EDGE('',*,*,#4598,.T.);
#2524=ORIENTED_EDGE('',*,*,#4600,.F.);
#2525=ORIENTED_EDGE('',*,*,#4601,.F.);
#2526=ORIENTED_EDGE('',*,*,#4576,.T.);
#2527=CARTESIAN_POINT('',(0.9325,0.6325,-8.0325));
#2528=DIRECTION('',(-1.0,0.0,-0.0));
#2529=DIRECTION('',(0.0,0.0,-1.0));
#2530=ORIENTED_EDGE('',*,*,#4577,.T.);
#2531=ORIENTED_EDGE('',*,*,#4601,.T.);
#2532=ORIENTED_EDGE('',*,*,#4602,.F.);
#2533=ORIENTED_EDGE('',*,*,#4603,.T.);
#2534=CARTESIAN_POINT('',(0.9325,-6.49,-8.9675));
#2535=DIRECTION('',(0.0,0.0,-1.0));
#2536=DIRECTION('',(0.0,-1.0,0.0));
#2537=ORIENTED_EDGE('',*,*,#4604,.T.);
#2538=ORIENTED_EDGE('',*,*,#4605,.T.);
#2539=ORIENTED_EDGE('',*,*,#4606,.T.);
#2540=ORIENTED_EDGE('',*,*,#4603,.F.);
#2541=CARTESIAN_POINT('',(1.25,-6.215,-8.8925));
#2542=DIRECTION('',(0.0,-0.263117405792109,-0.964763821237732));
#2543=DIRECTION('',(0.0,-0.964763821237732,0.263117405792109));
#2544=ORIENTED_EDGE('',*,*,#4606,.F.);
#2545=ORIENTED_EDGE('',*,*,#4607,.T.);
#2546=ORIENTED_EDGE('',*,*,#4608,.T.);
#2547=ORIENTED_EDGE('',*,*,#4578,.F.);
#2548=CARTESIAN_POINT('',(1.0075,-6.215,-8.65));
#2549=DIRECTION('',(-0.964763821237732,-0.263117405792109,0.0));
#2550=DIRECTION('',(-0.263117405792109,0.964763821237732,0.0));
#2551=ORIENTED_EDGE('',*,*,#4608,.F.);
#2552=ORIENTED_EDGE('',*,*,#4609,.F.);
#2553=ORIENTED_EDGE('',*,*,#4610,.T.);
#2554=ORIENTED_EDGE('',*,*,#4611,.T.);
#2555=CARTESIAN_POINT('',(1.25,-6.215,-8.4075));
#2556=DIRECTION('',(0.0,-0.263117405792109,0.964763821237732));
#2557=DIRECTION('',(-1.0,0.0,0.0));
#2558=ORIENTED_EDGE('',*,*,#4612,.F.);
#2559=ORIENTED_EDGE('',*,*,#4613,.F.);
#2560=ORIENTED_EDGE('',*,*,#4572,.T.);
#2561=ORIENTED_EDGE('',*,*,#4611,.F.);
#2562=CARTESIAN_POINT('',(0.9325,0.6325,-8.3325));
#2563=DIRECTION('',(0.0,0.0,1.0));
#2564=DIRECTION('',(1.0,0.0,0.0));
#2565=ORIENTED_EDGE('',*,*,#4613,.T.);
#2566=ORIENTED_EDGE('',*,*,#4614,.F.);
#2567=ORIENTED_EDGE('',*,*,#4615,.F.);
#2568=ORIENTED_EDGE('',*,*,#4573,.T.);
#2569=CARTESIAN_POINT('',(0.9325,0.6325,-8.0325));
#2570=DIRECTION('',(-1.0,0.0,-0.0));
#2571=DIRECTION('',(0.0,0.0,-1.0));
#2572=ORIENTED_EDGE('',*,*,#4574,.T.);
#2573=ORIENTED_EDGE('',*,*,#4615,.T.);
#2574=ORIENTED_EDGE('',*,*,#4616,.F.);
#2575=ORIENTED_EDGE('',*,*,#4455,.F.);
#2576=CARTESIAN_POINT('',(0.9325,0.9325,2.8));
#2577=DIRECTION('',(0.0,-1.0,0.0));
#2578=DIRECTION('',(0.0,0.0,-1.0));
#2579=ORIENTED_EDGE('',*,*,#4570,.T.);
#2580=ORIENTED_EDGE('',*,*,#4555,.T.);
#2581=ORIENTED_EDGE('',*,*,#4617,.F.);
#2582=ORIENTED_EDGE('',*,*,#4618,.T.);
#2583=CARTESIAN_POINT('',(0.9325,0.9325,2.8));
#2584=DIRECTION('',(0.0,-1.0,0.0));
#2585=DIRECTION('',(0.0,0.0,-1.0));
#2586=ORIENTED_EDGE('',*,*,#4617,.T.);
#2587=ORIENTED_EDGE('',*,*,#4554,.T.);
#2588=ORIENTED_EDGE('',*,*,#4599,.T.);
#2589=ORIENTED_EDGE('',*,*,#4619,.T.);
#2590=CARTESIAN_POINT('',(1.5675,-2.99,0.0));
#2591=DIRECTION('',(1.0,0.0,0.0));
#2592=DIRECTION('',(0.0,1.0,0.0));
#2593=ORIENTED_EDGE('',*,*,#4602,.T.);
#2594=ORIENTED_EDGE('',*,*,#4600,.T.);
#2595=ORIENTED_EDGE('',*,*,#4597,.T.);
#2596=ORIENTED_EDGE('',*,*,#4456,.F.);
#2597=ORIENTED_EDGE('',*,*,#4616,.T.);
#2598=ORIENTED_EDGE('',*,*,#4614,.T.);
#2599=ORIENTED_EDGE('',*,*,#4612,.T.);
#2600=ORIENTED_EDGE('',*,*,#4620,.T.);
#2601=CARTESIAN_POINT('',(1.5675,-2.99,0.0));
#2602=DIRECTION('',(1.0,0.0,0.0));
#2603=DIRECTION('',(0.0,1.0,0.0));
#2604=ORIENTED_EDGE('',*,*,#4621,.T.);
#2605=ORIENTED_EDGE('',*,*,#4622,.T.);
#2606=ORIENTED_EDGE('',*,*,#4623,.T.);
#2607=ORIENTED_EDGE('',*,*,#4452,.F.);
#2608=ORIENTED_EDGE('',*,*,#4624,.T.);
#2609=ORIENTED_EDGE('',*,*,#4625,.T.);
#2610=ORIENTED_EDGE('',*,*,#4626,.T.);
#2611=ORIENTED_EDGE('',*,*,#4627,.T.);
#2612=CARTESIAN_POINT('',(1.5675,-2.99,0.0));
#2613=DIRECTION('',(1.0,0.0,0.0));
#2614=DIRECTION('',(0.0,1.0,0.0));
#2615=ORIENTED_EDGE('',*,*,#4628,.T.);
#2616=ORIENTED_EDGE('',*,*,#4562,.T.);
#2617=ORIENTED_EDGE('',*,*,#4629,.T.);
#2618=ORIENTED_EDGE('',*,*,#4630,.T.);
#2619=CARTESIAN_POINT('',(1.5675,-2.99,0.0));
#2620=DIRECTION('',(1.0,0.0,0.0));
#2621=DIRECTION('',(0.0,1.0,0.0));
#2622=ORIENTED_EDGE('',*,*,#4631,.F.);
#2623=ORIENTED_EDGE('',*,*,#4619,.F.);
#2624=ORIENTED_EDGE('',*,*,#4595,.F.);
#2625=ORIENTED_EDGE('',*,*,#4593,.T.);
#2626=CARTESIAN_POINT('',(1.4925,1.25,2.525));
#2627=DIRECTION('',(0.964763821237732,0.0,0.263117405792109));
#2628=DIRECTION('',(0.0,-1.0,0.0));
#2629=ORIENTED_EDGE('',*,*,#4631,.T.);
#2630=ORIENTED_EDGE('',*,*,#4592,.T.);
#2631=ORIENTED_EDGE('',*,*,#4590,.T.);
#2632=ORIENTED_EDGE('',*,*,#4618,.F.);
#2633=CARTESIAN_POINT('',(1.25,1.0075,2.525));
#2634=DIRECTION('',(0.0,-0.964763821237732,0.263117405792109));
#2635=DIRECTION('',(-1.0,0.0,0.0));
#2636=ORIENTED_EDGE('',*,*,#4604,.F.);
#2637=ORIENTED_EDGE('',*,*,#4620,.F.);
#2638=ORIENTED_EDGE('',*,*,#4610,.F.);
#2639=ORIENTED_EDGE('',*,*,#4632,.T.);
#2640=CARTESIAN_POINT('',(1.4925,-6.215,-8.65));
#2641=DIRECTION('',(0.964763821237732,-0.263117405792109,0.0));
#2642=DIRECTION('',(0.0,0.0,-1.0));
#2643=ORIENTED_EDGE('',*,*,#4632,.F.);
#2644=ORIENTED_EDGE('',*,*,#4609,.T.);
#2645=ORIENTED_EDGE('',*,*,#4607,.F.);
#2646=ORIENTED_EDGE('',*,*,#4605,.F.);
#2647=CARTESIAN_POINT('',(0.9325,-6.49,-8.3325));
#2648=DIRECTION('',(0.0,-1.0,0.0));
#2649=DIRECTION('',(0.0,0.0,-1.0));
#2650=ORIENTED_EDGE('',*,*,#4633,.F.);
#2651=ORIENTED_EDGE('',*,*,#4627,.F.);
#2652=ORIENTED_EDGE('',*,*,#4634,.F.);
#2653=ORIENTED_EDGE('',*,*,#4635,.T.);
#2654=CARTESIAN_POINT('',(1.4925,-6.215,-6.15));
#2655=DIRECTION('',(0.964763821237732,-0.263117405792109,0.0));
#2656=DIRECTION('',(0.0,0.0,-1.0));
#2657=ORIENTED_EDGE('',*,*,#4635,.F.);
#2658=ORIENTED_EDGE('',*,*,#4636,.T.);
#2659=ORIENTED_EDGE('',*,*,#4637,.F.);
#2660=ORIENTED_EDGE('',*,*,#4638,.F.);
#2661=CARTESIAN_POINT('',(0.9325,-6.49,-5.8325));
#2662=DIRECTION('',(0.0,-1.0,0.0));
#2663=DIRECTION('',(0.0,0.0,-1.0));
#2664=ORIENTED_EDGE('',*,*,#4633,.T.);
#2665=ORIENTED_EDGE('',*,*,#4638,.T.);
#2666=ORIENTED_EDGE('',*,*,#4639,.T.);
#2667=ORIENTED_EDGE('',*,*,#4640,.F.);
#2668=CARTESIAN_POINT('',(1.25,-6.215,-6.3925));
#2669=DIRECTION('',(0.0,-0.263117405792109,-0.964763821237732));
#2670=DIRECTION('',(0.0,-0.964763821237732,0.263117405792109));
#2671=ORIENTED_EDGE('',*,*,#4584,.T.);
#2672=ORIENTED_EDGE('',*,*,#4641,.T.);
#2673=ORIENTED_EDGE('',*,*,#4621,.F.);
#2674=ORIENTED_EDGE('',*,*,#4640,.T.);
#2675=CARTESIAN_POINT('',(0.9325,-6.49,-6.4675));
#2676=DIRECTION('',(0.0,0.0,-1.0));
#2677=DIRECTION('',(0.0,-1.0,0.0));
#2678=ORIENTED_EDGE('',*,*,#4642,.T.);
#2679=ORIENTED_EDGE('',*,*,#4622,.F.);
#2680=ORIENTED_EDGE('',*,*,#4641,.F.);
#2681=ORIENTED_EDGE('',*,*,#4583,.T.);
#2682=CARTESIAN_POINT('',(0.9325,-1.8675,-5.5325));
#2683=DIRECTION('',(-1.0,0.0,-0.0));
#2684=DIRECTION('',(0.0,0.0,-1.0));
#2685=ORIENTED_EDGE('',*,*,#4623,.F.);
#2686=ORIENTED_EDGE('',*,*,#4642,.F.);
#2687=ORIENTED_EDGE('',*,*,#4582,.T.);
#2688=ORIENTED_EDGE('',*,*,#4453,.T.);
#2689=CARTESIAN_POINT('',(0.9325,-0.9325,-5.5325));
#2690=DIRECTION('',(-0.0,1.0,0.0));
#2691=DIRECTION('',(1.0,0.0,0.0));
#2692=ORIENTED_EDGE('',*,*,#4629,.F.);
#2693=ORIENTED_EDGE('',*,*,#4561,.F.);
#2694=ORIENTED_EDGE('',*,*,#4586,.T.);
#2695=ORIENTED_EDGE('',*,*,#4643,.F.);
#2696=CARTESIAN_POINT('',(0.9325,-0.9325,-5.5325));
#2697=DIRECTION('',(-0.0,1.0,0.0));
#2698=DIRECTION('',(1.0,0.0,0.0));
#2699=ORIENTED_EDGE('',*,*,#4644,.F.);
#2700=ORIENTED_EDGE('',*,*,#4645,.F.);
#2701=ORIENTED_EDGE('',*,*,#4646,.T.);
#2702=ORIENTED_EDGE('',*,*,#4643,.T.);
#2703=CARTESIAN_POINT('',(1.25,-1.0075,2.525));
#2704=DIRECTION('',(0.0,0.964763821237732,0.263117405792109));
#2705=DIRECTION('',(1.0,0.0,-0.0));
#2706=ORIENTED_EDGE('',*,*,#4647,.T.);
#2707=ORIENTED_EDGE('',*,*,#4630,.F.);
#2708=ORIENTED_EDGE('',*,*,#4646,.F.);
#2709=ORIENTED_EDGE('',*,*,#4648,.T.);
#2710=CARTESIAN_POINT('',(1.4925,-1.25,2.525));
#2711=DIRECTION('',(0.964763821237732,0.0,0.263117405792109));
#2712=DIRECTION('',(0.0,-1.0,0.0));
#2713=ORIENTED_EDGE('',*,*,#4648,.F.);
#2714=ORIENTED_EDGE('',*,*,#4645,.T.);
#2715=ORIENTED_EDGE('',*,*,#4649,.F.);
#2716=ORIENTED_EDGE('',*,*,#4650,.F.);
#2717=CARTESIAN_POINT('',(0.9325,-0.9325,2.8));
#2718=DIRECTION('',(0.0,0.0,1.0));
#2719=DIRECTION('',(1.0,0.0,0.0));
#2720=ORIENTED_EDGE('',*,*,#4647,.F.);
#2721=ORIENTED_EDGE('',*,*,#4650,.T.);
#2722=ORIENTED_EDGE('',*,*,#4651,.T.);
#2723=ORIENTED_EDGE('',*,*,#4652,.F.);
#2724=CARTESIAN_POINT('',(1.25,-1.4925,2.525));
#2725=DIRECTION('',(0.0,-0.964763821237732,0.263117405792109));
#2726=DIRECTION('',(-1.0,0.0,0.0));
#2727=ORIENTED_EDGE('',*,*,#4581,.T.);
#2728=ORIENTED_EDGE('',*,*,#4653,.T.);
#2729=ORIENTED_EDGE('',*,*,#4624,.F.);
#2730=ORIENTED_EDGE('',*,*,#4451,.F.);
#2731=CARTESIAN_POINT('',(0.9325,-1.5675,2.8));
#2732=DIRECTION('',(0.0,-1.0,0.0));
#2733=DIRECTION('',(0.0,0.0,-1.0));
#2734=ORIENTED_EDGE('',*,*,#4587,.T.);
#2735=ORIENTED_EDGE('',*,*,#4563,.T.);
#2736=ORIENTED_EDGE('',*,*,#4628,.F.);
#2737=ORIENTED_EDGE('',*,*,#4652,.T.);
#2738=CARTESIAN_POINT('',(0.9325,-1.5675,2.8));
#2739=DIRECTION('',(0.0,-1.0,0.0));
#2740=DIRECTION('',(0.0,0.0,-1.0));
#2741=ORIENTED_EDGE('',*,*,#4654,.T.);
#2742=ORIENTED_EDGE('',*,*,#4625,.F.);
#2743=ORIENTED_EDGE('',*,*,#4653,.F.);
#2744=ORIENTED_EDGE('',*,*,#4580,.T.);
#2745=CARTESIAN_POINT('',(0.9325,-1.8675,-5.5325));
#2746=DIRECTION('',(-1.0,0.0,-0.0));
#2747=DIRECTION('',(0.0,0.0,-1.0));
#2748=ORIENTED_EDGE('',*,*,#4626,.F.);
#2749=ORIENTED_EDGE('',*,*,#4654,.F.);
#2750=ORIENTED_EDGE('',*,*,#4579,.T.);
#2751=ORIENTED_EDGE('',*,*,#4655,.F.);
#2752=CARTESIAN_POINT('',(0.9325,-1.8675,-5.8325));
#2753=DIRECTION('',(0.0,0.0,1.0));
#2754=DIRECTION('',(1.0,0.0,0.0));
#2755=ORIENTED_EDGE('',*,*,#4656,.F.);
#2756=ORIENTED_EDGE('',*,*,#4636,.F.);
#2757=ORIENTED_EDGE('',*,*,#4634,.T.);
#2758=ORIENTED_EDGE('',*,*,#4655,.T.);
#2759=CARTESIAN_POINT('',(1.25,-6.215,-5.9075));
#2760=DIRECTION('',(0.0,-0.263117405792109,0.964763821237732));
#2761=DIRECTION('',(-1.0,0.0,0.0));
#2762=ORIENTED_EDGE('',*,*,#4639,.F.);
#2763=ORIENTED_EDGE('',*,*,#4637,.T.);
#2764=ORIENTED_EDGE('',*,*,#4656,.T.);
#2765=ORIENTED_EDGE('',*,*,#4585,.F.);
#2766=CARTESIAN_POINT('',(1.0075,-6.215,-6.15));
#2767=DIRECTION('',(-0.964763821237732,-0.263117405792109,0.0));
#2768=DIRECTION('',(-0.263117405792109,0.964763821237732,0.0));
#2769=ORIENTED_EDGE('',*,*,#4651,.F.);
#2770=ORIENTED_EDGE('',*,*,#4649,.T.);
#2771=ORIENTED_EDGE('',*,*,#4644,.T.);
#2772=ORIENTED_EDGE('',*,*,#4588,.F.);
#2773=CARTESIAN_POINT('',(1.0075,-1.25,2.525));
#2774=DIRECTION('',(-0.964763821237732,0.0,0.263117405792109));
#2775=DIRECTION('',(0.0,1.0,0.0));
#2776=ORIENTED_EDGE('',*,*,#4544,.T.);
#2777=ORIENTED_EDGE('',*,*,#4540,.F.);
#2778=ORIENTED_EDGE('',*,*,#4657,.F.);
#2779=ORIENTED_EDGE('',*,*,#4354,.T.);
#2780=CARTESIAN_POINT('',(1.33,2.62,5.69));
#2781=DIRECTION('',(-1.0,0.0,0.0));
#2782=DIRECTION('',(0.0,0.0,1.0));
#2783=ORIENTED_EDGE('',*,*,#4657,.T.);
#2784=ORIENTED_EDGE('',*,*,#4539,.F.);
#2785=ORIENTED_EDGE('',*,*,#4658,.F.);
#2786=ORIENTED_EDGE('',*,*,#4355,.T.);
#2787=CARTESIAN_POINT('',(-1.33,2.62,5.69));
#2788=DIRECTION('',(0.0,-1.0,0.0));
#2789=DIRECTION('',(0.0,0.0,-1.0));
#2790=ORIENTED_EDGE('',*,*,#4658,.T.);
#2791=ORIENTED_EDGE('',*,*,#4538,.F.);
#2792=ORIENTED_EDGE('',*,*,#4659,.F.);
#2793=ORIENTED_EDGE('',*,*,#4356,.T.);
#2794=CARTESIAN_POINT('',(-1.33,2.345,5.69));
#2795=DIRECTION('',(1.0,0.0,0.0));
#2796=DIRECTION('',(0.0,1.0,0.0));
#2797=ORIENTED_EDGE('',*,*,#4503,.F.);
#2798=ORIENTED_EDGE('',*,*,#4361,.T.);
#2799=ORIENTED_EDGE('',*,*,#4660,.T.);
#2800=ORIENTED_EDGE('',*,*,#4661,.F.);
#2801=ORIENTED_EDGE('',*,*,#4662,.F.);
#2802=ORIENTED_EDGE('',*,*,#4357,.T.);
#2803=ORIENTED_EDGE('',*,*,#4659,.T.);
#2804=ORIENTED_EDGE('',*,*,#4537,.F.);
#2805=CARTESIAN_POINT('',(-0.14,2.345,4.23));
#2806=DIRECTION('',(-0.0,1.0,0.0));
#2807=DIRECTION('',(1.0,0.0,0.0));
#2808=ORIENTED_EDGE('',*,*,#4662,.T.);
#2809=ORIENTED_EDGE('',*,*,#4663,.F.);
#2810=ORIENTED_EDGE('',*,*,#4664,.F.);
#2811=ORIENTED_EDGE('',*,*,#4358,.T.);
#2812=CARTESIAN_POINT('',(-0.14,0.155,4.23));
#2813=DIRECTION('',(1.0,0.0,0.0));
#2814=DIRECTION('',(0.0,1.0,0.0));
#2815=ORIENTED_EDGE('',*,*,#4664,.T.);
#2816=ORIENTED_EDGE('',*,*,#4665,.F.);
#2817=ORIENTED_EDGE('',*,*,#4666,.F.);
#2818=ORIENTED_EDGE('',*,*,#4359,.T.);
#2819=CARTESIAN_POINT('',(-2.36,0.155,4.23));
#2820=DIRECTION('',(0.0,-1.0,0.0));
#2821=DIRECTION('',(0.0,0.0,-1.0));
#2822=ORIENTED_EDGE('',*,*,#4666,.T.);
#2823=ORIENTED_EDGE('',*,*,#4667,.F.);
#2824=ORIENTED_EDGE('',*,*,#4660,.F.);
#2825=ORIENTED_EDGE('',*,*,#4360,.T.);
#2826=CARTESIAN_POINT('',(-2.36,2.345,4.23));
#2827=DIRECTION('',(-1.0,0.0,0.0));
#2828=DIRECTION('',(0.0,0.0,1.0));
#2829=ORIENTED_EDGE('',*,*,#4665,.T.);
#2830=ORIENTED_EDGE('',*,*,#4663,.T.);
#2831=ORIENTED_EDGE('',*,*,#4661,.T.);
#2832=ORIENTED_EDGE('',*,*,#4667,.T.);
#2833=ORIENTED_EDGE('',*,*,#4668,.T.);
#2834=ORIENTED_EDGE('',*,*,#4669,.F.);
#2835=ORIENTED_EDGE('',*,*,#4670,.F.);
#2836=ORIENTED_EDGE('',*,*,#4671,.T.);
#2837=CARTESIAN_POINT('',(0.0,-2.99,-1.77));
#2838=DIRECTION('',(0.0,0.0,1.0));
#2839=DIRECTION('',(1.0,0.0,0.0));
#2840=ORIENTED_EDGE('',*,*,#4672,.T.);
#2841=ORIENTED_EDGE('',*,*,#4673,.T.);
#2842=ORIENTED_EDGE('',*,*,#4674,.T.);
#2843=ORIENTED_EDGE('',*,*,#4675,.T.);
#2844=ORIENTED_EDGE('',*,*,#4676,.T.);
#2845=ORIENTED_EDGE('',*,*,#4677,.F.);
#2846=ORIENTED_EDGE('',*,*,#4678,.F.);
#2847=ORIENTED_EDGE('',*,*,#4679,.T.);
#2848=CARTESIAN_POINT('',(0.0,-2.99,-1.77));
#2849=DIRECTION('',(0.0,0.0,1.0));
#2850=DIRECTION('',(1.0,0.0,0.0));
#2851=ORIENTED_EDGE('',*,*,#4680,.T.);
#2852=ORIENTED_EDGE('',*,*,#4675,.F.);
#2853=ORIENTED_EDGE('',*,*,#4681,.F.);
#2854=ORIENTED_EDGE('',*,*,#4374,.T.);
#2855=CARTESIAN_POINT('',(-2.36,-2.345,4.23));
#2856=DIRECTION('',(0.0,-1.0,0.0));
#2857=DIRECTION('',(0.0,0.0,-1.0));
#2858=ORIENTED_EDGE('',*,*,#4681,.T.);
#2859=ORIENTED_EDGE('',*,*,#4674,.F.);
#2860=ORIENTED_EDGE('',*,*,#4682,.F.);
#2861=ORIENTED_EDGE('',*,*,#4371,.T.);
#2862=CARTESIAN_POINT('',(-2.36,-0.155,4.23));
#2863=DIRECTION('',(-1.0,0.0,0.0));
#2864=DIRECTION('',(0.0,0.0,1.0));
#2865=ORIENTED_EDGE('',*,*,#4682,.T.);
#2866=ORIENTED_EDGE('',*,*,#4673,.F.);
#2867=ORIENTED_EDGE('',*,*,#4683,.F.);
#2868=ORIENTED_EDGE('',*,*,#4372,.T.);
#2869=CARTESIAN_POINT('',(-0.14,-0.155,4.23));
#2870=DIRECTION('',(-0.0,1.0,0.0));
#2871=DIRECTION('',(1.0,0.0,0.0));
#2872=ORIENTED_EDGE('',*,*,#4683,.T.);
#2873=ORIENTED_EDGE('',*,*,#4672,.F.);
#2874=ORIENTED_EDGE('',*,*,#4680,.F.);
#2875=ORIENTED_EDGE('',*,*,#4373,.T.);
#2876=CARTESIAN_POINT('',(-0.14,-2.345,4.23));
#2877=DIRECTION('',(1.0,0.0,0.0));
#2878=DIRECTION('',(0.0,1.0,0.0));
#2879=ORIENTED_EDGE('',*,*,#4684,.F.);
#2880=ORIENTED_EDGE('',*,*,#4671,.F.);
#2881=ORIENTED_EDGE('',*,*,#4685,.F.);
#2882=ORIENTED_EDGE('',*,*,#4686,.T.);
#2883=CARTESIAN_POINT('',(-1.5675,-2.99,0.0));
#2884=DIRECTION('',(1.0,0.0,0.0));
#2885=DIRECTION('',(0.0,1.0,0.0));
#2886=ORIENTED_EDGE('',*,*,#4687,.F.);
#2887=ORIENTED_EDGE('',*,*,#4688,.F.);
#2888=ORIENTED_EDGE('',*,*,#4689,.F.);
#2889=ORIENTED_EDGE('',*,*,#4466,.T.);
#2890=ORIENTED_EDGE('',*,*,#4690,.F.);
#2891=ORIENTED_EDGE('',*,*,#4691,.F.);
#2892=ORIENTED_EDGE('',*,*,#4692,.F.);
#2893=ORIENTED_EDGE('',*,*,#4693,.T.);
#2894=CARTESIAN_POINT('',(-1.5675,-2.99,0.0));
#2895=DIRECTION('',(1.0,0.0,0.0));
#2896=DIRECTION('',(0.0,1.0,0.0));
#2897=ORIENTED_EDGE('',*,*,#4694,.F.);
#2898=ORIENTED_EDGE('',*,*,#4695,.F.);
#2899=ORIENTED_EDGE('',*,*,#4696,.F.);
#2900=ORIENTED_EDGE('',*,*,#4462,.T.);
#2901=ORIENTED_EDGE('',*,*,#4697,.F.);
#2902=ORIENTED_EDGE('',*,*,#4698,.F.);
#2903=ORIENTED_EDGE('',*,*,#4699,.F.);
#2904=ORIENTED_EDGE('',*,*,#4700,.T.);
#2905=CARTESIAN_POINT('',(-1.5675,-2.99,0.0));
#2906=DIRECTION('',(1.0,0.0,0.0));
#2907=DIRECTION('',(0.0,1.0,0.0));
#2908=ORIENTED_EDGE('',*,*,#4701,.F.);
#2909=ORIENTED_EDGE('',*,*,#4679,.F.);
#2910=ORIENTED_EDGE('',*,*,#4702,.F.);
#2911=ORIENTED_EDGE('',*,*,#4703,.T.);
#2912=CARTESIAN_POINT('',(-1.5675,-2.99,0.0));
#2913=DIRECTION('',(1.0,0.0,0.0));
#2914=DIRECTION('',(0.0,1.0,0.0));
#2915=ORIENTED_EDGE('',*,*,#4704,.F.);
#2916=ORIENTED_EDGE('',*,*,#4686,.F.);
#2917=ORIENTED_EDGE('',*,*,#4705,.F.);
#2918=ORIENTED_EDGE('',*,*,#4706,.T.);
#2919=CARTESIAN_POINT('',(-1.4925,1.25,2.525));
#2920=DIRECTION('',(-0.964763821237732,0.0,0.263117405792109));
#2921=DIRECTION('',(0.0,1.0,0.0));
#2922=ORIENTED_EDGE('',*,*,#4706,.F.);
#2923=ORIENTED_EDGE('',*,*,#4707,.F.);
#2924=ORIENTED_EDGE('',*,*,#4708,.F.);
#2925=ORIENTED_EDGE('',*,*,#4709,.T.);
#2926=CARTESIAN_POINT('',(-1.5675,1.5675,2.8));
#2927=DIRECTION('',(0.0,0.0,1.0));
#2928=DIRECTION('',(1.0,0.0,0.0));
#2929=ORIENTED_EDGE('',*,*,#4710,.T.);
#2930=ORIENTED_EDGE('',*,*,#4711,.T.);
#2931=ORIENTED_EDGE('',*,*,#4704,.T.);
#2932=ORIENTED_EDGE('',*,*,#4709,.F.);
#2933=CARTESIAN_POINT('',(-1.25,1.4925,2.525));
#2934=DIRECTION('',(0.0,0.964763821237732,0.263117405792109));
#2935=DIRECTION('',(1.0,0.0,-0.0));
#2936=ORIENTED_EDGE('',*,*,#4712,.F.);
#2937=ORIENTED_EDGE('',*,*,#4713,.F.);
#2938=ORIENTED_EDGE('',*,*,#4690,.T.);
#2939=ORIENTED_EDGE('',*,*,#4465,.T.);
#2940=CARTESIAN_POINT('',(-1.5675,1.5675,-8.0325));
#2941=DIRECTION('',(-0.0,1.0,0.0));
#2942=DIRECTION('',(1.0,0.0,0.0));
#2943=ORIENTED_EDGE('',*,*,#4714,.F.);
#2944=ORIENTED_EDGE('',*,*,#4668,.F.);
#2945=ORIENTED_EDGE('',*,*,#4684,.T.);
#2946=ORIENTED_EDGE('',*,*,#4711,.F.);
#2947=CARTESIAN_POINT('',(-1.5675,1.5675,-8.0325));
#2948=DIRECTION('',(-0.0,1.0,0.0));
#2949=DIRECTION('',(1.0,0.0,0.0));
#2950=ORIENTED_EDGE('',*,*,#4713,.T.);
#2951=ORIENTED_EDGE('',*,*,#4715,.F.);
#2952=ORIENTED_EDGE('',*,*,#4716,.F.);
#2953=ORIENTED_EDGE('',*,*,#4691,.T.);
#2954=CARTESIAN_POINT('',(-1.5675,0.6325,-8.0325));
#2955=DIRECTION('',(-1.0,0.0,-0.0));
#2956=DIRECTION('',(0.0,0.0,-1.0));
#2957=ORIENTED_EDGE('',*,*,#4692,.T.);
#2958=ORIENTED_EDGE('',*,*,#4716,.T.);
#2959=ORIENTED_EDGE('',*,*,#4717,.F.);
#2960=ORIENTED_EDGE('',*,*,#4718,.T.);
#2961=CARTESIAN_POINT('',(-1.5675,-6.49,-8.9675));
#2962=DIRECTION('',(0.0,0.0,-1.0));
#2963=DIRECTION('',(0.0,-1.0,0.0));
#2964=ORIENTED_EDGE('',*,*,#4719,.T.);
#2965=ORIENTED_EDGE('',*,*,#4720,.T.);
#2966=ORIENTED_EDGE('',*,*,#4721,.T.);
#2967=ORIENTED_EDGE('',*,*,#4718,.F.);
#2968=CARTESIAN_POINT('',(-1.25,-6.215,-8.8925));
#2969=DIRECTION('',(0.0,-0.263117405792109,-0.964763821237732));
#2970=DIRECTION('',(0.0,-0.964763821237732,0.263117405792109));
#2971=ORIENTED_EDGE('',*,*,#4721,.F.);
#2972=ORIENTED_EDGE('',*,*,#4722,.T.);
#2973=ORIENTED_EDGE('',*,*,#4723,.T.);
#2974=ORIENTED_EDGE('',*,*,#4693,.F.);
#2975=CARTESIAN_POINT('',(-1.4925,-6.215,-8.65));
#2976=DIRECTION('',(-0.964763821237732,-0.263117405792109,0.0));
#2977=DIRECTION('',(-0.263117405792109,0.964763821237732,0.0));
#2978=ORIENTED_EDGE('',*,*,#4723,.F.);
#2979=ORIENTED_EDGE('',*,*,#4724,.F.);
#2980=ORIENTED_EDGE('',*,*,#4725,.T.);
#2981=ORIENTED_EDGE('',*,*,#4726,.T.);
#2982=CARTESIAN_POINT('',(-1.25,-6.215,-8.4075));
#2983=DIRECTION('',(0.0,-0.263117405792109,0.964763821237732));
#2984=DIRECTION('',(-1.0,0.0,0.0));
#2985=ORIENTED_EDGE('',*,*,#4727,.F.);
#2986=ORIENTED_EDGE('',*,*,#4728,.F.);
#2987=ORIENTED_EDGE('',*,*,#4687,.T.);
#2988=ORIENTED_EDGE('',*,*,#4726,.F.);
#2989=CARTESIAN_POINT('',(-1.5675,0.6325,-8.3325));
#2990=DIRECTION('',(0.0,0.0,1.0));
#2991=DIRECTION('',(1.0,0.0,0.0));
#2992=ORIENTED_EDGE('',*,*,#4728,.T.);
#2993=ORIENTED_EDGE('',*,*,#4729,.F.);
#2994=ORIENTED_EDGE('',*,*,#4730,.F.);
#2995=ORIENTED_EDGE('',*,*,#4688,.T.);
#2996=CARTESIAN_POINT('',(-1.5675,0.6325,-8.0325));
#2997=DIRECTION('',(-1.0,0.0,-0.0));
#2998=DIRECTION('',(0.0,0.0,-1.0));
#2999=ORIENTED_EDGE('',*,*,#4689,.T.);
#3000=ORIENTED_EDGE('',*,*,#4730,.T.);
#3001=ORIENTED_EDGE('',*,*,#4731,.F.);
#3002=ORIENTED_EDGE('',*,*,#4463,.F.);
#3003=CARTESIAN_POINT('',(-1.5675,0.9325,2.8));
#3004=DIRECTION('',(0.0,-1.0,0.0));
#3005=DIRECTION('',(0.0,0.0,-1.0));
#3006=ORIENTED_EDGE('',*,*,#4685,.T.);
#3007=ORIENTED_EDGE('',*,*,#4670,.T.);
#3008=ORIENTED_EDGE('',*,*,#4732,.F.);
#3009=ORIENTED_EDGE('',*,*,#4733,.T.);
#3010=CARTESIAN_POINT('',(-1.5675,0.9325,2.8));
#3011=DIRECTION('',(0.0,-1.0,0.0));
#3012=DIRECTION('',(0.0,0.0,-1.0));
#3013=ORIENTED_EDGE('',*,*,#4732,.T.);
#3014=ORIENTED_EDGE('',*,*,#4669,.T.);
#3015=ORIENTED_EDGE('',*,*,#4714,.T.);
#3016=ORIENTED_EDGE('',*,*,#4734,.T.);
#3017=CARTESIAN_POINT('',(-0.9325,-2.99,0.0));
#3018=DIRECTION('',(1.0,0.0,0.0));
#3019=DIRECTION('',(0.0,1.0,0.0));
#3020=ORIENTED_EDGE('',*,*,#4717,.T.);
#3021=ORIENTED_EDGE('',*,*,#4715,.T.);
#3022=ORIENTED_EDGE('',*,*,#4712,.T.);
#3023=ORIENTED_EDGE('',*,*,#4464,.F.);
#3024=ORIENTED_EDGE('',*,*,#4731,.T.);
#3025=ORIENTED_EDGE('',*,*,#4729,.T.);
#3026=ORIENTED_EDGE('',*,*,#4727,.T.);
#3027=ORIENTED_EDGE('',*,*,#4735,.T.);
#3028=CARTESIAN_POINT('',(-0.9325,-2.99,0.0));
#3029=DIRECTION('',(1.0,0.0,0.0));
#3030=DIRECTION('',(0.0,1.0,0.0));
#3031=ORIENTED_EDGE('',*,*,#4736,.T.);
#3032=ORIENTED_EDGE('',*,*,#4737,.T.);
#3033=ORIENTED_EDGE('',*,*,#4738,.T.);
#3034=ORIENTED_EDGE('',*,*,#4460,.F.);
#3035=ORIENTED_EDGE('',*,*,#4739,.T.);
#3036=ORIENTED_EDGE('',*,*,#4740,.T.);
#3037=ORIENTED_EDGE('',*,*,#4741,.T.);
#3038=ORIENTED_EDGE('',*,*,#4742,.T.);
#3039=CARTESIAN_POINT('',(-0.9325,-2.99,0.0));
#3040=DIRECTION('',(1.0,0.0,0.0));
#3041=DIRECTION('',(0.0,1.0,0.0));
#3042=ORIENTED_EDGE('',*,*,#4743,.T.);
#3043=ORIENTED_EDGE('',*,*,#4677,.T.);
#3044=ORIENTED_EDGE('',*,*,#4744,.T.);
#3045=ORIENTED_EDGE('',*,*,#4745,.T.);
#3046=CARTESIAN_POINT('',(-0.9325,-2.99,0.0));
#3047=DIRECTION('',(1.0,0.0,0.0));
#3048=DIRECTION('',(0.0,1.0,0.0));
#3049=ORIENTED_EDGE('',*,*,#4746,.F.);
#3050=ORIENTED_EDGE('',*,*,#4734,.F.);
#3051=ORIENTED_EDGE('',*,*,#4710,.F.);
#3052=ORIENTED_EDGE('',*,*,#4708,.T.);
#3053=CARTESIAN_POINT('',(-1.0075,1.25,2.525));
#3054=DIRECTION('',(0.964763821237732,0.0,0.263117405792109));
#3055=DIRECTION('',(0.0,-1.0,0.0));
#3056=ORIENTED_EDGE('',*,*,#4746,.T.);
#3057=ORIENTED_EDGE('',*,*,#4707,.T.);
#3058=ORIENTED_EDGE('',*,*,#4705,.T.);
#3059=ORIENTED_EDGE('',*,*,#4733,.F.);
#3060=CARTESIAN_POINT('',(-1.25,1.0075,2.525));
#3061=DIRECTION('',(0.0,-0.964763821237732,0.263117405792109));
#3062=DIRECTION('',(-1.0,0.0,0.0));
#3063=ORIENTED_EDGE('',*,*,#4719,.F.);
#3064=ORIENTED_EDGE('',*,*,#4735,.F.);
#3065=ORIENTED_EDGE('',*,*,#4725,.F.);
#3066=ORIENTED_EDGE('',*,*,#4747,.T.);
#3067=CARTESIAN_POINT('',(-1.0075,-6.215,-8.65));
#3068=DIRECTION('',(0.964763821237732,-0.263117405792109,0.0));
#3069=DIRECTION('',(0.0,0.0,-1.0));
#3070=ORIENTED_EDGE('',*,*,#4747,.F.);
#3071=ORIENTED_EDGE('',*,*,#4724,.T.);
#3072=ORIENTED_EDGE('',*,*,#4722,.F.);
#3073=ORIENTED_EDGE('',*,*,#4720,.F.);
#3074=CARTESIAN_POINT('',(-1.5675,-6.49,-8.3325));
#3075=DIRECTION('',(0.0,-1.0,0.0));
#3076=DIRECTION('',(0.0,0.0,-1.0));
#3077=ORIENTED_EDGE('',*,*,#4748,.F.);
#3078=ORIENTED_EDGE('',*,*,#4742,.F.);
#3079=ORIENTED_EDGE('',*,*,#4749,.F.);
#3080=ORIENTED_EDGE('',*,*,#4750,.T.);
#3081=CARTESIAN_POINT('',(-1.0075,-6.215,-6.15));
#3082=DIRECTION('',(0.964763821237732,-0.263117405792109,0.0));
#3083=DIRECTION('',(0.0,0.0,-1.0));
#3084=ORIENTED_EDGE('',*,*,#4750,.F.);
#3085=ORIENTED_EDGE('',*,*,#4751,.T.);
#3086=ORIENTED_EDGE('',*,*,#4752,.F.);
#3087=ORIENTED_EDGE('',*,*,#4753,.F.);
#3088=CARTESIAN_POINT('',(-1.5675,-6.49,-5.8325));
#3089=DIRECTION('',(0.0,-1.0,0.0));
#3090=DIRECTION('',(0.0,0.0,-1.0));
#3091=ORIENTED_EDGE('',*,*,#4748,.T.);
#3092=ORIENTED_EDGE('',*,*,#4753,.T.);
#3093=ORIENTED_EDGE('',*,*,#4754,.T.);
#3094=ORIENTED_EDGE('',*,*,#4755,.F.);
#3095=CARTESIAN_POINT('',(-1.25,-6.215,-6.3925));
#3096=DIRECTION('',(0.0,-0.263117405792109,-0.964763821237732));
#3097=DIRECTION('',(0.0,-0.964763821237732,0.263117405792109));
#3098=ORIENTED_EDGE('',*,*,#4699,.T.);
#3099=ORIENTED_EDGE('',*,*,#4756,.T.);
#3100=ORIENTED_EDGE('',*,*,#4736,.F.);
#3101=ORIENTED_EDGE('',*,*,#4755,.T.);
#3102=CARTESIAN_POINT('',(-1.5675,-6.49,-6.4675));
#3103=DIRECTION('',(0.0,0.0,-1.0));
#3104=DIRECTION('',(0.0,-1.0,0.0));
#3105=ORIENTED_EDGE('',*,*,#4757,.T.);
#3106=ORIENTED_EDGE('',*,*,#4737,.F.);
#3107=ORIENTED_EDGE('',*,*,#4756,.F.);
#3108=ORIENTED_EDGE('',*,*,#4698,.T.);
#3109=CARTESIAN_POINT('',(-1.5675,-1.8675,-5.5325));
#3110=DIRECTION('',(-1.0,0.0,-0.0));
#3111=DIRECTION('',(0.0,0.0,-1.0));
#3112=ORIENTED_EDGE('',*,*,#4738,.F.);
#3113=ORIENTED_EDGE('',*,*,#4757,.F.);
#3114=ORIENTED_EDGE('',*,*,#4697,.T.);
#3115=ORIENTED_EDGE('',*,*,#4461,.T.);
#3116=CARTESIAN_POINT('',(-1.5675,-0.9325,-5.5325));
#3117=DIRECTION('',(-0.0,1.0,0.0));
#3118=DIRECTION('',(1.0,0.0,0.0));
#3119=ORIENTED_EDGE('',*,*,#4744,.F.);
#3120=ORIENTED_EDGE('',*,*,#4676,.F.);
#3121=ORIENTED_EDGE('',*,*,#4701,.T.);
#3122=ORIENTED_EDGE('',*,*,#4758,.F.);
#3123=CARTESIAN_POINT('',(-1.5675,-0.9325,-5.5325));
#3124=DIRECTION('',(-0.0,1.0,0.0));
#3125=DIRECTION('',(1.0,0.0,0.0));
#3126=ORIENTED_EDGE('',*,*,#4759,.F.);
#3127=ORIENTED_EDGE('',*,*,#4760,.F.);
#3128=ORIENTED_EDGE('',*,*,#4761,.T.);
#3129=ORIENTED_EDGE('',*,*,#4758,.T.);
#3130=CARTESIAN_POINT('',(-1.25,-1.0075,2.525));
#3131=DIRECTION('',(0.0,0.964763821237732,0.263117405792109));
#3132=DIRECTION('',(1.0,0.0,-0.0));
#3133=ORIENTED_EDGE('',*,*,#4762,.T.);
#3134=ORIENTED_EDGE('',*,*,#4745,.F.);
#3135=ORIENTED_EDGE('',*,*,#4761,.F.);
#3136=ORIENTED_EDGE('',*,*,#4763,.T.);
#3137=CARTESIAN_POINT('',(-1.0075,-1.25,2.525));
#3138=DIRECTION('',(0.964763821237732,0.0,0.263117405792109));
#3139=DIRECTION('',(0.0,-1.0,0.0));
#3140=ORIENTED_EDGE('',*,*,#4763,.F.);
#3141=ORIENTED_EDGE('',*,*,#4760,.T.);
#3142=ORIENTED_EDGE('',*,*,#4764,.F.);
#3143=ORIENTED_EDGE('',*,*,#4765,.F.);
#3144=CARTESIAN_POINT('',(-1.5675,-0.9325,2.8));
#3145=DIRECTION('',(0.0,0.0,1.0));
#3146=DIRECTION('',(1.0,0.0,0.0));
#3147=ORIENTED_EDGE('',*,*,#4762,.F.);
#3148=ORIENTED_EDGE('',*,*,#4765,.T.);
#3149=ORIENTED_EDGE('',*,*,#4766,.T.);
#3150=ORIENTED_EDGE('',*,*,#4767,.F.);
#3151=CARTESIAN_POINT('',(-1.25,-1.4925,2.525));
#3152=DIRECTION('',(0.0,-0.964763821237732,0.263117405792109));
#3153=DIRECTION('',(-1.0,0.0,0.0));
#3154=ORIENTED_EDGE('',*,*,#4696,.T.);
#3155=ORIENTED_EDGE('',*,*,#4768,.T.);
#3156=ORIENTED_EDGE('',*,*,#4739,.F.);
#3157=ORIENTED_EDGE('',*,*,#4459,.F.);
#3158=CARTESIAN_POINT('',(-1.5675,-1.5675,2.8));
#3159=DIRECTION('',(0.0,-1.0,0.0));
#3160=DIRECTION('',(0.0,0.0,-1.0));
#3161=ORIENTED_EDGE('',*,*,#4702,.T.);
#3162=ORIENTED_EDGE('',*,*,#4678,.T.);
#3163=ORIENTED_EDGE('',*,*,#4743,.F.);
#3164=ORIENTED_EDGE('',*,*,#4767,.T.);
#3165=CARTESIAN_POINT('',(-1.5675,-1.5675,2.8));
#3166=DIRECTION('',(0.0,-1.0,0.0));
#3167=DIRECTION('',(0.0,0.0,-1.0));
#3168=ORIENTED_EDGE('',*,*,#4769,.T.);
#3169=ORIENTED_EDGE('',*,*,#4740,.F.);
#3170=ORIENTED_EDGE('',*,*,#4768,.F.);
#3171=ORIENTED_EDGE('',*,*,#4695,.T.);
#3172=CARTESIAN_POINT('',(-1.5675,-1.8675,-5.5325));
#3173=DIRECTION('',(-1.0,0.0,-0.0));
#3174=DIRECTION('',(0.0,0.0,-1.0));
#3175=ORIENTED_EDGE('',*,*,#4741,.F.);
#3176=ORIENTED_EDGE('',*,*,#4769,.F.);
#3177=ORIENTED_EDGE('',*,*,#4694,.T.);
#3178=ORIENTED_EDGE('',*,*,#4770,.F.);
#3179=CARTESIAN_POINT('',(-1.5675,-1.8675,-5.8325));
#3180=DIRECTION('',(0.0,0.0,1.0));
#3181=DIRECTION('',(1.0,0.0,0.0));
#3182=ORIENTED_EDGE('',*,*,#4771,.F.);
#3183=ORIENTED_EDGE('',*,*,#4751,.F.);
#3184=ORIENTED_EDGE('',*,*,#4749,.T.);
#3185=ORIENTED_EDGE('',*,*,#4770,.T.);
#3186=CARTESIAN_POINT('',(-1.25,-6.215,-5.9075));
#3187=DIRECTION('',(0.0,-0.263117405792109,0.964763821237732));
#3188=DIRECTION('',(-1.0,0.0,0.0));
#3189=ORIENTED_EDGE('',*,*,#4754,.F.);
#3190=ORIENTED_EDGE('',*,*,#4752,.T.);
#3191=ORIENTED_EDGE('',*,*,#4771,.T.);
#3192=ORIENTED_EDGE('',*,*,#4700,.F.);
#3193=CARTESIAN_POINT('',(-1.4925,-6.215,-6.15));
#3194=DIRECTION('',(-0.964763821237732,-0.263117405792109,0.0));
#3195=DIRECTION('',(-0.263117405792109,0.964763821237732,0.0));
#3196=ORIENTED_EDGE('',*,*,#4766,.F.);
#3197=ORIENTED_EDGE('',*,*,#4764,.T.);
#3198=ORIENTED_EDGE('',*,*,#4759,.T.);
#3199=ORIENTED_EDGE('',*,*,#4703,.F.);
#3200=CARTESIAN_POINT('',(-1.4925,-1.25,2.525));
#3201=DIRECTION('',(-0.964763821237732,0.0,0.263117405792109));
#3202=DIRECTION('',(0.0,1.0,0.0));
#3203=ORIENTED_EDGE('',*,*,#4772,.F.);
#3204=ORIENTED_EDGE('',*,*,#4773,.F.);
#3205=ORIENTED_EDGE('',*,*,#4429,.T.);
#3206=ORIENTED_EDGE('',*,*,#4448,.T.);
#3207=CARTESIAN_POINT('',(3.4325,-0.9325,-5.5325));
#3208=DIRECTION('',(-0.0,1.0,0.0));
#3209=DIRECTION('',(1.0,0.0,0.0));
#3210=ORIENTED_EDGE('',*,*,#4774,.F.);
#3211=ORIENTED_EDGE('',*,*,#4403,.F.);
#3212=ORIENTED_EDGE('',*,*,#4414,.T.);
#3213=ORIENTED_EDGE('',*,*,#4775,.F.);
#3214=CARTESIAN_POINT('',(3.4325,-0.9325,-5.5325));
#3215=DIRECTION('',(-0.0,1.0,0.0));
#3216=DIRECTION('',(1.0,0.0,0.0));
#3217=ORIENTED_EDGE('',*,*,#4773,.T.);
#3218=ORIENTED_EDGE('',*,*,#4776,.F.);
#3219=ORIENTED_EDGE('',*,*,#4777,.F.);
#3220=ORIENTED_EDGE('',*,*,#4430,.T.);
#3221=CARTESIAN_POINT('',(3.4325,-1.8675,-5.5325));
#3222=DIRECTION('',(-1.0,0.0,-0.0));
#3223=DIRECTION('',(0.0,0.0,-1.0));
#3224=ORIENTED_EDGE('',*,*,#4431,.T.);
#3225=ORIENTED_EDGE('',*,*,#4777,.T.);
#3226=ORIENTED_EDGE('',*,*,#4778,.F.);
#3227=ORIENTED_EDGE('',*,*,#4779,.T.);
#3228=CARTESIAN_POINT('',(3.4325,-6.49,-6.4675));
#3229=DIRECTION('',(0.0,0.0,-1.0));
#3230=DIRECTION('',(0.0,-1.0,0.0));
#3231=ORIENTED_EDGE('',*,*,#4779,.F.);
#3232=ORIENTED_EDGE('',*,*,#4780,.F.);
#3233=ORIENTED_EDGE('',*,*,#4781,.T.);
#3234=ORIENTED_EDGE('',*,*,#4782,.T.);
#3235=CARTESIAN_POINT('',(3.75,-6.215,-6.3925));
#3236=DIRECTION('',(0.0,-0.263117405792109,-0.964763821237732));
#3237=DIRECTION('',(0.0,-0.964763821237732,0.263117405792109));
#3238=ORIENTED_EDGE('',*,*,#4432,.F.);
#3239=ORIENTED_EDGE('',*,*,#4782,.F.);
#3240=ORIENTED_EDGE('',*,*,#4783,.T.);
#3241=ORIENTED_EDGE('',*,*,#4784,.T.);
#3242=CARTESIAN_POINT('',(3.5075,-6.215,-6.15));
#3243=DIRECTION('',(-0.964763821237732,-0.263117405792109,0.0));
#3244=DIRECTION('',(-0.263117405792109,0.964763821237732,0.0));
#3245=ORIENTED_EDGE('',*,*,#4785,.F.);
#3246=ORIENTED_EDGE('',*,*,#4786,.T.);
#3247=ORIENTED_EDGE('',*,*,#4787,.T.);
#3248=ORIENTED_EDGE('',*,*,#4784,.F.);
#3249=CARTESIAN_POINT('',(3.75,-6.215,-5.9075));
#3250=DIRECTION('',(0.0,-0.263117405792109,0.964763821237732));
#3251=DIRECTION('',(-1.0,0.0,0.0));
#3252=ORIENTED_EDGE('',*,*,#4788,.F.);
#3253=ORIENTED_EDGE('',*,*,#4789,.F.);
#3254=ORIENTED_EDGE('',*,*,#4425,.T.);
#3255=ORIENTED_EDGE('',*,*,#4787,.F.);
#3256=CARTESIAN_POINT('',(3.4325,-1.8675,-5.8325));
#3257=DIRECTION('',(0.0,0.0,1.0));
#3258=DIRECTION('',(1.0,0.0,0.0));
#3259=ORIENTED_EDGE('',*,*,#4789,.T.);
#3260=ORIENTED_EDGE('',*,*,#4790,.F.);
#3261=ORIENTED_EDGE('',*,*,#4791,.F.);
#3262=ORIENTED_EDGE('',*,*,#4426,.T.);
#3263=CARTESIAN_POINT('',(3.4325,-1.8675,-5.5325));
#3264=DIRECTION('',(-1.0,0.0,-0.0));
#3265=DIRECTION('',(0.0,0.0,-1.0));
#3266=ORIENTED_EDGE('',*,*,#4427,.T.);
#3267=ORIENTED_EDGE('',*,*,#4791,.T.);
#3268=ORIENTED_EDGE('',*,*,#4792,.F.);
#3269=ORIENTED_EDGE('',*,*,#4446,.F.);
#3270=CARTESIAN_POINT('',(3.4325,-1.5675,2.8));
#3271=DIRECTION('',(0.0,-1.0,0.0));
#3272=DIRECTION('',(0.0,0.0,-1.0));
#3273=ORIENTED_EDGE('',*,*,#4415,.T.);
#3274=ORIENTED_EDGE('',*,*,#4405,.T.);
#3275=ORIENTED_EDGE('',*,*,#4793,.F.);
#3276=ORIENTED_EDGE('',*,*,#4794,.T.);
#3277=CARTESIAN_POINT('',(3.4325,-1.5675,2.8));
#3278=DIRECTION('',(0.0,-1.0,0.0));
#3279=DIRECTION('',(0.0,0.0,-1.0));
#3280=ORIENTED_EDGE('',*,*,#4795,.T.);
#3281=ORIENTED_EDGE('',*,*,#4397,.T.);
#3282=ORIENTED_EDGE('',*,*,#4444,.T.);
#3283=ORIENTED_EDGE('',*,*,#4796,.T.);
#3284=CARTESIAN_POINT('',(4.0675,-2.99,0.0));
#3285=DIRECTION('',(1.0,0.0,0.0));
#3286=DIRECTION('',(0.0,1.0,0.0));
#3287=ORIENTED_EDGE('',*,*,#4793,.T.);
#3288=ORIENTED_EDGE('',*,*,#4404,.T.);
#3289=ORIENTED_EDGE('',*,*,#4774,.T.);
#3290=ORIENTED_EDGE('',*,*,#4797,.T.);
#3291=CARTESIAN_POINT('',(4.0675,-2.99,0.0));
#3292=DIRECTION('',(1.0,0.0,0.0));
#3293=DIRECTION('',(0.0,1.0,0.0));
#3294=ORIENTED_EDGE('',*,*,#4798,.T.);
#3295=ORIENTED_EDGE('',*,*,#4799,.T.);
#3296=ORIENTED_EDGE('',*,*,#4441,.T.);
#3297=ORIENTED_EDGE('',*,*,#4449,.F.);
#3298=ORIENTED_EDGE('',*,*,#4800,.T.);
#3299=ORIENTED_EDGE('',*,*,#4801,.T.);
#3300=ORIENTED_EDGE('',*,*,#4802,.T.);
#3301=ORIENTED_EDGE('',*,*,#4803,.T.);
#3302=CARTESIAN_POINT('',(4.0675,-2.99,0.0));
#3303=DIRECTION('',(1.0,0.0,0.0));
#3304=DIRECTION('',(0.0,1.0,0.0));
#3305=ORIENTED_EDGE('',*,*,#4778,.T.);
#3306=ORIENTED_EDGE('',*,*,#4776,.T.);
#3307=ORIENTED_EDGE('',*,*,#4772,.T.);
#3308=ORIENTED_EDGE('',*,*,#4447,.F.);
#3309=ORIENTED_EDGE('',*,*,#4792,.T.);
#3310=ORIENTED_EDGE('',*,*,#4790,.T.);
#3311=ORIENTED_EDGE('',*,*,#4788,.T.);
#3312=ORIENTED_EDGE('',*,*,#4804,.T.);
#3313=CARTESIAN_POINT('',(4.0675,-2.99,0.0));
#3314=DIRECTION('',(1.0,0.0,0.0));
#3315=DIRECTION('',(0.0,1.0,0.0));
#3316=ORIENTED_EDGE('',*,*,#4805,.F.);
#3317=ORIENTED_EDGE('',*,*,#4796,.F.);
#3318=ORIENTED_EDGE('',*,*,#4439,.F.);
#3319=ORIENTED_EDGE('',*,*,#4437,.T.);
#3320=CARTESIAN_POINT('',(3.9925,1.25,2.525));
#3321=DIRECTION('',(0.964763821237732,0.0,0.263117405792109));
#3322=DIRECTION('',(0.0,-1.0,0.0));
#3323=ORIENTED_EDGE('',*,*,#4805,.T.);
#3324=ORIENTED_EDGE('',*,*,#4436,.T.);
#3325=ORIENTED_EDGE('',*,*,#4434,.T.);
#3326=ORIENTED_EDGE('',*,*,#4806,.F.);
#3327=CARTESIAN_POINT('',(3.75,1.0075,2.525));
#3328=DIRECTION('',(0.0,-0.964763821237732,0.263117405792109));
#3329=DIRECTION('',(-1.0,0.0,0.0));
#3330=ORIENTED_EDGE('',*,*,#4419,.T.);
#3331=ORIENTED_EDGE('',*,*,#4807,.T.);
#3332=ORIENTED_EDGE('',*,*,#4800,.F.);
#3333=ORIENTED_EDGE('',*,*,#4450,.F.);
#3334=CARTESIAN_POINT('',(3.4325,0.9325,2.8));
#3335=DIRECTION('',(0.0,-1.0,0.0));
#3336=DIRECTION('',(0.0,0.0,-1.0));
#3337=ORIENTED_EDGE('',*,*,#4412,.T.);
#3338=ORIENTED_EDGE('',*,*,#4398,.T.);
#3339=ORIENTED_EDGE('',*,*,#4795,.F.);
#3340=ORIENTED_EDGE('',*,*,#4806,.T.);
#3341=CARTESIAN_POINT('',(3.4325,0.9325,2.8));
#3342=DIRECTION('',(0.0,-1.0,0.0));
#3343=DIRECTION('',(0.0,0.0,-1.0));
#3344=ORIENTED_EDGE('',*,*,#4808,.T.);
#3345=ORIENTED_EDGE('',*,*,#4801,.F.);
#3346=ORIENTED_EDGE('',*,*,#4807,.F.);
#3347=ORIENTED_EDGE('',*,*,#4418,.T.);
#3348=CARTESIAN_POINT('',(3.4325,0.6325,-8.0325));
#3349=DIRECTION('',(-1.0,0.0,-0.0));
#3350=DIRECTION('',(0.0,0.0,-1.0));
#3351=ORIENTED_EDGE('',*,*,#4802,.F.);
#3352=ORIENTED_EDGE('',*,*,#4808,.F.);
#3353=ORIENTED_EDGE('',*,*,#4417,.T.);
#3354=ORIENTED_EDGE('',*,*,#4809,.F.);
#3355=CARTESIAN_POINT('',(3.4325,0.6325,-8.3325));
#3356=DIRECTION('',(0.0,0.0,1.0));
#3357=DIRECTION('',(1.0,0.0,0.0));
#3358=ORIENTED_EDGE('',*,*,#4810,.F.);
#3359=ORIENTED_EDGE('',*,*,#4811,.T.);
#3360=ORIENTED_EDGE('',*,*,#4809,.T.);
#3361=ORIENTED_EDGE('',*,*,#4812,.F.);
#3362=CARTESIAN_POINT('',(3.75,-6.215,-8.4075));
#3363=DIRECTION('',(0.0,-0.263117405792109,0.964763821237732));
#3364=DIRECTION('',(-1.0,0.0,0.0));
#3365=ORIENTED_EDGE('',*,*,#4424,.F.);
#3366=ORIENTED_EDGE('',*,*,#4813,.F.);
#3367=ORIENTED_EDGE('',*,*,#4814,.T.);
#3368=ORIENTED_EDGE('',*,*,#4812,.T.);
#3369=CARTESIAN_POINT('',(3.5075,-6.215,-8.65));
#3370=DIRECTION('',(-0.964763821237732,-0.263117405792109,0.0));
#3371=DIRECTION('',(-0.263117405792109,0.964763821237732,0.0));
#3372=ORIENTED_EDGE('',*,*,#4815,.F.);
#3373=ORIENTED_EDGE('',*,*,#4810,.T.);
#3374=ORIENTED_EDGE('',*,*,#4814,.F.);
#3375=ORIENTED_EDGE('',*,*,#4816,.F.);
#3376=CARTESIAN_POINT('',(3.4325,-6.49,-8.3325));
#3377=DIRECTION('',(0.0,-1.0,0.0));
#3378=DIRECTION('',(0.0,0.0,-1.0));
#3379=ORIENTED_EDGE('',*,*,#4817,.F.);
#3380=ORIENTED_EDGE('',*,*,#4818,.F.);
#3381=ORIENTED_EDGE('',*,*,#4816,.T.);
#3382=ORIENTED_EDGE('',*,*,#4813,.T.);
#3383=CARTESIAN_POINT('',(3.75,-6.215,-8.8925));
#3384=DIRECTION('',(0.0,-0.263117405792109,-0.964763821237732));
#3385=DIRECTION('',(0.0,-0.964763821237732,0.263117405792109));
#3386=ORIENTED_EDGE('',*,*,#4815,.T.);
#3387=ORIENTED_EDGE('',*,*,#4818,.T.);
#3388=ORIENTED_EDGE('',*,*,#4803,.F.);
#3389=ORIENTED_EDGE('',*,*,#4811,.F.);
#3390=CARTESIAN_POINT('',(3.9925,-6.215,-8.65));
#3391=DIRECTION('',(0.964763821237732,-0.263117405792109,0.0));
#3392=DIRECTION('',(0.0,0.0,-1.0));
#3393=ORIENTED_EDGE('',*,*,#4423,.T.);
#3394=ORIENTED_EDGE('',*,*,#4819,.T.);
#3395=ORIENTED_EDGE('',*,*,#4798,.F.);
#3396=ORIENTED_EDGE('',*,*,#4817,.T.);
#3397=CARTESIAN_POINT('',(3.4325,-6.49,-8.9675));
#3398=DIRECTION('',(0.0,0.0,-1.0));
#3399=DIRECTION('',(0.0,-1.0,0.0));
#3400=ORIENTED_EDGE('',*,*,#4442,.T.);
#3401=ORIENTED_EDGE('',*,*,#4799,.F.);
#3402=ORIENTED_EDGE('',*,*,#4819,.F.);
#3403=ORIENTED_EDGE('',*,*,#4422,.T.);
#3404=CARTESIAN_POINT('',(3.4325,0.6325,-8.0325));
#3405=DIRECTION('',(-1.0,0.0,-0.0));
#3406=DIRECTION('',(0.0,0.0,-1.0));
#3407=ORIENTED_EDGE('',*,*,#4820,.T.);
#3408=ORIENTED_EDGE('',*,*,#4797,.F.);
#3409=ORIENTED_EDGE('',*,*,#4821,.F.);
#3410=ORIENTED_EDGE('',*,*,#4822,.T.);
#3411=CARTESIAN_POINT('',(3.9925,-1.25,2.525));
#3412=DIRECTION('',(0.964763821237732,0.0,0.263117405792109));
#3413=DIRECTION('',(0.0,-1.0,0.0));
#3414=ORIENTED_EDGE('',*,*,#4822,.F.);
#3415=ORIENTED_EDGE('',*,*,#4823,.T.);
#3416=ORIENTED_EDGE('',*,*,#4824,.F.);
#3417=ORIENTED_EDGE('',*,*,#4825,.F.);
#3418=CARTESIAN_POINT('',(3.4325,-0.9325,2.8));
#3419=DIRECTION('',(0.0,0.0,1.0));
#3420=DIRECTION('',(1.0,0.0,0.0));
#3421=ORIENTED_EDGE('',*,*,#4820,.F.);
#3422=ORIENTED_EDGE('',*,*,#4825,.T.);
#3423=ORIENTED_EDGE('',*,*,#4826,.T.);
#3424=ORIENTED_EDGE('',*,*,#4794,.F.);
#3425=CARTESIAN_POINT('',(3.75,-1.4925,2.525));
#3426=DIRECTION('',(0.0,-0.964763821237732,0.263117405792109));
#3427=DIRECTION('',(-1.0,0.0,0.0));
#3428=ORIENTED_EDGE('',*,*,#4826,.F.);
#3429=ORIENTED_EDGE('',*,*,#4824,.T.);
#3430=ORIENTED_EDGE('',*,*,#4827,.T.);
#3431=ORIENTED_EDGE('',*,*,#4416,.F.);
#3432=CARTESIAN_POINT('',(3.5075,-1.25,2.525));
#3433=DIRECTION('',(-0.964763821237732,0.0,0.263117405792109));
#3434=DIRECTION('',(0.0,1.0,0.0));
#3435=ORIENTED_EDGE('',*,*,#4827,.F.);
#3436=ORIENTED_EDGE('',*,*,#4823,.F.);
#3437=ORIENTED_EDGE('',*,*,#4821,.T.);
#3438=ORIENTED_EDGE('',*,*,#4775,.T.);
#3439=CARTESIAN_POINT('',(3.75,-1.0075,2.525));
#3440=DIRECTION('',(0.0,0.964763821237732,0.263117405792109));
#3441=DIRECTION('',(1.0,0.0,-0.0));
#3442=ORIENTED_EDGE('',*,*,#4828,.T.);
#3443=ORIENTED_EDGE('',*,*,#4780,.T.);
#3444=ORIENTED_EDGE('',*,*,#4804,.F.);
#3445=ORIENTED_EDGE('',*,*,#4786,.F.);
#3446=CARTESIAN_POINT('',(3.9925,-6.215,-6.15));
#3447=DIRECTION('',(0.964763821237732,-0.263117405792109,0.0));
#3448=DIRECTION('',(0.0,0.0,-1.0));
#3449=ORIENTED_EDGE('',*,*,#4828,.F.);
#3450=ORIENTED_EDGE('',*,*,#4785,.T.);
#3451=ORIENTED_EDGE('',*,*,#4783,.F.);
#3452=ORIENTED_EDGE('',*,*,#4781,.F.);
#3453=CARTESIAN_POINT('',(3.4325,-6.49,-5.8325));
#3454=DIRECTION('',(0.0,-1.0,0.0));
#3455=DIRECTION('',(0.0,0.0,-1.0));
#3456=ORIENTED_EDGE('',*,*,#4829,.F.);
#3457=ORIENTED_EDGE('',*,*,#4830,.F.);
#3458=ORIENTED_EDGE('',*,*,#4831,.F.);
#3459=ORIENTED_EDGE('',*,*,#4832,.T.);
#3460=CARTESIAN_POINT('',(-4.0675,-2.99,0.0));
#3461=DIRECTION('',(1.0,0.0,0.0));
#3462=DIRECTION('',(0.0,1.0,0.0));
#3463=ORIENTED_EDGE('',*,*,#4833,.F.);
#3464=ORIENTED_EDGE('',*,*,#4834,.F.);
#3465=ORIENTED_EDGE('',*,*,#4835,.F.);
#3466=ORIENTED_EDGE('',*,*,#4474,.T.);
#3467=ORIENTED_EDGE('',*,*,#4836,.F.);
#3468=ORIENTED_EDGE('',*,*,#4837,.F.);
#3469=ORIENTED_EDGE('',*,*,#4838,.F.);
#3470=ORIENTED_EDGE('',*,*,#4839,.T.);
#3471=CARTESIAN_POINT('',(-4.0675,-2.99,0.0));
#3472=DIRECTION('',(1.0,0.0,0.0));
#3473=DIRECTION('',(0.0,1.0,0.0));
#3474=ORIENTED_EDGE('',*,*,#4840,.F.);
#3475=ORIENTED_EDGE('',*,*,#4841,.F.);
#3476=ORIENTED_EDGE('',*,*,#4842,.F.);
#3477=ORIENTED_EDGE('',*,*,#4470,.T.);
#3478=ORIENTED_EDGE('',*,*,#4843,.F.);
#3479=ORIENTED_EDGE('',*,*,#4844,.F.);
#3480=ORIENTED_EDGE('',*,*,#4845,.F.);
#3481=ORIENTED_EDGE('',*,*,#4846,.T.);
#3482=CARTESIAN_POINT('',(-4.0675,-2.99,0.0));
#3483=DIRECTION('',(1.0,0.0,0.0));
#3484=DIRECTION('',(0.0,1.0,0.0));
#3485=ORIENTED_EDGE('',*,*,#4847,.F.);
#3486=ORIENTED_EDGE('',*,*,#4848,.F.);
#3487=ORIENTED_EDGE('',*,*,#4849,.F.);
#3488=ORIENTED_EDGE('',*,*,#4850,.T.);
#3489=CARTESIAN_POINT('',(-4.0675,-2.99,0.0));
#3490=DIRECTION('',(1.0,0.0,0.0));
#3491=DIRECTION('',(0.0,1.0,0.0));
#3492=ORIENTED_EDGE('',*,*,#4851,.F.);
#3493=ORIENTED_EDGE('',*,*,#4832,.F.);
#3494=ORIENTED_EDGE('',*,*,#4852,.F.);
#3495=ORIENTED_EDGE('',*,*,#4853,.T.);
#3496=CARTESIAN_POINT('',(-3.9925,1.25,2.525));
#3497=DIRECTION('',(-0.964763821237732,0.0,0.263117405792109));
#3498=DIRECTION('',(0.0,1.0,0.0));
#3499=ORIENTED_EDGE('',*,*,#4853,.F.);
#3500=ORIENTED_EDGE('',*,*,#4854,.F.);
#3501=ORIENTED_EDGE('',*,*,#4855,.F.);
#3502=ORIENTED_EDGE('',*,*,#4856,.T.);
#3503=CARTESIAN_POINT('',(-4.0675,1.5675,2.8));
#3504=DIRECTION('',(0.0,0.0,1.0));
#3505=DIRECTION('',(1.0,0.0,0.0));
#3506=ORIENTED_EDGE('',*,*,#4857,.T.);
#3507=ORIENTED_EDGE('',*,*,#4858,.T.);
#3508=ORIENTED_EDGE('',*,*,#4851,.T.);
#3509=ORIENTED_EDGE('',*,*,#4856,.F.);
#3510=CARTESIAN_POINT('',(-3.75,1.4925,2.525));
#3511=DIRECTION('',(0.0,0.964763821237732,0.263117405792109));
#3512=DIRECTION('',(1.0,0.0,-0.0));
#3513=ORIENTED_EDGE('',*,*,#4859,.F.);
#3514=ORIENTED_EDGE('',*,*,#4860,.F.);
#3515=ORIENTED_EDGE('',*,*,#4836,.T.);
#3516=ORIENTED_EDGE('',*,*,#4473,.T.);
#3517=CARTESIAN_POINT('',(-4.0675,1.5675,-8.0325));
#3518=DIRECTION('',(-0.0,1.0,0.0));
#3519=DIRECTION('',(1.0,0.0,0.0));
#3520=ORIENTED_EDGE('',*,*,#4861,.F.);
#3521=ORIENTED_EDGE('',*,*,#4862,.F.);
#3522=ORIENTED_EDGE('',*,*,#4829,.T.);
#3523=ORIENTED_EDGE('',*,*,#4858,.F.);
#3524=CARTESIAN_POINT('',(-4.0675,1.5675,-8.0325));
#3525=DIRECTION('',(-0.0,1.0,0.0));
#3526=DIRECTION('',(1.0,0.0,0.0));
#3527=ORIENTED_EDGE('',*,*,#4860,.T.);
#3528=ORIENTED_EDGE('',*,*,#4863,.F.);
#3529=ORIENTED_EDGE('',*,*,#4864,.F.);
#3530=ORIENTED_EDGE('',*,*,#4837,.T.);
#3531=CARTESIAN_POINT('',(-4.0675,0.6325,-8.0325));
#3532=DIRECTION('',(-1.0,0.0,-0.0));
#3533=DIRECTION('',(0.0,0.0,-1.0));
#3534=ORIENTED_EDGE('',*,*,#4838,.T.);
#3535=ORIENTED_EDGE('',*,*,#4864,.T.);
#3536=ORIENTED_EDGE('',*,*,#4865,.F.);
#3537=ORIENTED_EDGE('',*,*,#4866,.T.);
#3538=CARTESIAN_POINT('',(-4.0675,-6.49,-8.9675));
#3539=DIRECTION('',(0.0,0.0,-1.0));
#3540=DIRECTION('',(0.0,-1.0,0.0));
#3541=ORIENTED_EDGE('',*,*,#4867,.T.);
#3542=ORIENTED_EDGE('',*,*,#4868,.T.);
#3543=ORIENTED_EDGE('',*,*,#4869,.T.);
#3544=ORIENTED_EDGE('',*,*,#4866,.F.);
#3545=CARTESIAN_POINT('',(-3.75,-6.215,-8.8925));
#3546=DIRECTION('',(0.0,-0.263117405792109,-0.964763821237732));
#3547=DIRECTION('',(0.0,-0.964763821237732,0.263117405792109));
#3548=ORIENTED_EDGE('',*,*,#4869,.F.);
#3549=ORIENTED_EDGE('',*,*,#4870,.T.);
#3550=ORIENTED_EDGE('',*,*,#4871,.T.);
#3551=ORIENTED_EDGE('',*,*,#4839,.F.);
#3552=CARTESIAN_POINT('',(-3.9925,-6.215,-8.65));
#3553=DIRECTION('',(-0.964763821237732,-0.263117405792109,0.0));
#3554=DIRECTION('',(-0.263117405792109,0.964763821237732,0.0));
#3555=ORIENTED_EDGE('',*,*,#4871,.F.);
#3556=ORIENTED_EDGE('',*,*,#4872,.F.);
#3557=ORIENTED_EDGE('',*,*,#4873,.T.);
#3558=ORIENTED_EDGE('',*,*,#4874,.T.);
#3559=CARTESIAN_POINT('',(-3.75,-6.215,-8.4075));
#3560=DIRECTION('',(0.0,-0.263117405792109,0.964763821237732));
#3561=DIRECTION('',(-1.0,0.0,0.0));
#3562=ORIENTED_EDGE('',*,*,#4875,.F.);
#3563=ORIENTED_EDGE('',*,*,#4876,.F.);
#3564=ORIENTED_EDGE('',*,*,#4833,.T.);
#3565=ORIENTED_EDGE('',*,*,#4874,.F.);
#3566=CARTESIAN_POINT('',(-4.0675,0.6325,-8.3325));
#3567=DIRECTION('',(0.0,0.0,1.0));
#3568=DIRECTION('',(1.0,0.0,0.0));
#3569=ORIENTED_EDGE('',*,*,#4876,.T.);
#3570=ORIENTED_EDGE('',*,*,#4877,.F.);
#3571=ORIENTED_EDGE('',*,*,#4878,.F.);
#3572=ORIENTED_EDGE('',*,*,#4834,.T.);
#3573=CARTESIAN_POINT('',(-4.0675,0.6325,-8.0325));
#3574=DIRECTION('',(-1.0,0.0,-0.0));
#3575=DIRECTION('',(0.0,0.0,-1.0));
#3576=ORIENTED_EDGE('',*,*,#4835,.T.);
#3577=ORIENTED_EDGE('',*,*,#4878,.T.);
#3578=ORIENTED_EDGE('',*,*,#4879,.F.);
#3579=ORIENTED_EDGE('',*,*,#4471,.F.);
#3580=CARTESIAN_POINT('',(-4.0675,0.9325,2.8));
#3581=DIRECTION('',(0.0,-1.0,0.0));
#3582=DIRECTION('',(0.0,0.0,-1.0));
#3583=ORIENTED_EDGE('',*,*,#4831,.T.);
#3584=ORIENTED_EDGE('',*,*,#4880,.T.);
#3585=ORIENTED_EDGE('',*,*,#4881,.F.);
#3586=ORIENTED_EDGE('',*,*,#4882,.T.);
#3587=CARTESIAN_POINT('',(-4.0675,0.9325,2.8));
#3588=DIRECTION('',(0.0,-1.0,0.0));
#3589=DIRECTION('',(0.0,0.0,-1.0));
#3590=ORIENTED_EDGE('',*,*,#4881,.T.);
#3591=ORIENTED_EDGE('',*,*,#4883,.T.);
#3592=ORIENTED_EDGE('',*,*,#4861,.T.);
#3593=ORIENTED_EDGE('',*,*,#4884,.T.);
#3594=CARTESIAN_POINT('',(-3.4325,-2.99,0.0));
#3595=DIRECTION('',(1.0,0.0,0.0));
#3596=DIRECTION('',(0.0,1.0,0.0));
#3597=ORIENTED_EDGE('',*,*,#4865,.T.);
#3598=ORIENTED_EDGE('',*,*,#4863,.T.);
#3599=ORIENTED_EDGE('',*,*,#4859,.T.);
#3600=ORIENTED_EDGE('',*,*,#4472,.F.);
#3601=ORIENTED_EDGE('',*,*,#4879,.T.);
#3602=ORIENTED_EDGE('',*,*,#4877,.T.);
#3603=ORIENTED_EDGE('',*,*,#4875,.T.);
#3604=ORIENTED_EDGE('',*,*,#4885,.T.);
#3605=CARTESIAN_POINT('',(-3.4325,-2.99,0.0));
#3606=DIRECTION('',(1.0,0.0,0.0));
#3607=DIRECTION('',(0.0,1.0,0.0));
#3608=ORIENTED_EDGE('',*,*,#4886,.T.);
#3609=ORIENTED_EDGE('',*,*,#4887,.T.);
#3610=ORIENTED_EDGE('',*,*,#4888,.T.);
#3611=ORIENTED_EDGE('',*,*,#4468,.F.);
#3612=ORIENTED_EDGE('',*,*,#4889,.T.);
#3613=ORIENTED_EDGE('',*,*,#4890,.T.);
#3614=ORIENTED_EDGE('',*,*,#4891,.T.);
#3615=ORIENTED_EDGE('',*,*,#4892,.T.);
#3616=CARTESIAN_POINT('',(-3.4325,-2.99,0.0));
#3617=DIRECTION('',(1.0,0.0,0.0));
#3618=DIRECTION('',(0.0,1.0,0.0));
#3619=ORIENTED_EDGE('',*,*,#4893,.T.);
#3620=ORIENTED_EDGE('',*,*,#4894,.T.);
#3621=ORIENTED_EDGE('',*,*,#4895,.T.);
#3622=ORIENTED_EDGE('',*,*,#4896,.T.);
#3623=CARTESIAN_POINT('',(-3.4325,-2.99,0.0));
#3624=DIRECTION('',(1.0,0.0,0.0));
#3625=DIRECTION('',(0.0,1.0,0.0));
#3626=ORIENTED_EDGE('',*,*,#4897,.F.);
#3627=ORIENTED_EDGE('',*,*,#4884,.F.);
#3628=ORIENTED_EDGE('',*,*,#4857,.F.);
#3629=ORIENTED_EDGE('',*,*,#4855,.T.);
#3630=CARTESIAN_POINT('',(-3.5075,1.25,2.525));
#3631=DIRECTION('',(0.964763821237732,0.0,0.263117405792109));
#3632=DIRECTION('',(0.0,-1.0,0.0));
#3633=ORIENTED_EDGE('',*,*,#4897,.T.);
#3634=ORIENTED_EDGE('',*,*,#4854,.T.);
#3635=ORIENTED_EDGE('',*,*,#4852,.T.);
#3636=ORIENTED_EDGE('',*,*,#4882,.F.);
#3637=CARTESIAN_POINT('',(-3.75,1.0075,2.525));
#3638=DIRECTION('',(0.0,-0.964763821237732,0.263117405792109));
#3639=DIRECTION('',(-1.0,0.0,0.0));
#3640=ORIENTED_EDGE('',*,*,#4898,.T.);
#3641=ORIENTED_EDGE('',*,*,#4899,.T.);
#3642=ORIENTED_EDGE('',*,*,#4900,.T.);
#3643=ORIENTED_EDGE('',*,*,#4901,.T.);
#3644=ORIENTED_EDGE('',*,*,#4862,.T.);
#3645=ORIENTED_EDGE('',*,*,#4883,.F.);
#3646=ORIENTED_EDGE('',*,*,#4880,.F.);
#3647=ORIENTED_EDGE('',*,*,#4830,.T.);
#3648=CARTESIAN_POINT('',(0.0,-2.99,-1.77));
#3649=DIRECTION('',(0.0,0.0,1.0));
#3650=DIRECTION('',(1.0,0.0,0.0));
#3651=ORIENTED_EDGE('',*,*,#4902,.T.);
#3652=ORIENTED_EDGE('',*,*,#4903,.T.);
#3653=ORIENTED_EDGE('',*,*,#4904,.T.);
#3654=ORIENTED_EDGE('',*,*,#4905,.T.);
#3655=ORIENTED_EDGE('',*,*,#4906,.T.);
#3656=ORIENTED_EDGE('',*,*,#4894,.F.);
#3657=ORIENTED_EDGE('',*,*,#4907,.F.);
#3658=ORIENTED_EDGE('',*,*,#4848,.T.);
#3659=CARTESIAN_POINT('',(0.0,-2.99,-1.77));
#3660=DIRECTION('',(0.0,0.0,1.0));
#3661=DIRECTION('',(1.0,0.0,0.0));
#3662=ORIENTED_EDGE('',*,*,#4908,.T.);
#3663=ORIENTED_EDGE('',*,*,#4901,.F.);
#3664=ORIENTED_EDGE('',*,*,#4909,.F.);
#3665=ORIENTED_EDGE('',*,*,#4382,.F.);
#3666=ORIENTED_EDGE('',*,*,#4910,.T.);
#3667=ORIENTED_EDGE('',*,*,#4904,.F.);
#3668=ORIENTED_EDGE('',*,*,#4911,.F.);
#3669=ORIENTED_EDGE('',*,*,#4912,.T.);
#3670=CARTESIAN_POINT('',(-4.86,-0.25,-0.07));
#3671=DIRECTION('',(-1.0,0.0,0.0));
#3672=DIRECTION('',(0.0,0.0,1.0));
#3673=ORIENTED_EDGE('',*,*,#4913,.T.);
#3674=ORIENTED_EDGE('',*,*,#4914,.T.);
#3675=ORIENTED_EDGE('',*,*,#4915,.F.);
#3676=ORIENTED_EDGE('',*,*,#4912,.F.);
#3677=CARTESIAN_POINT('',(-4.15,-0.25,-0.07));
#3678=DIRECTION('',(0.0,0.0,-1.0));
#3679=DIRECTION('',(0.0,-1.0,0.0));
#3680=ORIENTED_EDGE('',*,*,#4377,.T.);
#3681=ORIENTED_EDGE('',*,*,#4916,.T.);
#3682=ORIENTED_EDGE('',*,*,#4898,.F.);
#3683=ORIENTED_EDGE('',*,*,#4908,.F.);
#3684=ORIENTED_EDGE('',*,*,#4915,.T.);
#3685=ORIENTED_EDGE('',*,*,#4917,.F.);
#3686=ORIENTED_EDGE('',*,*,#4918,.F.);
#3687=CARTESIAN_POINT('',(-4.86,0.155,4.23));
#3688=DIRECTION('',(0.0,-1.0,0.0));
#3689=DIRECTION('',(0.0,0.0,-1.0));
#3690=ORIENTED_EDGE('',*,*,#4918,.T.);
#3691=ORIENTED_EDGE('',*,*,#4919,.F.);
#3692=ORIENTED_EDGE('',*,*,#4920,.F.);
#3693=ORIENTED_EDGE('',*,*,#4378,.T.);
#3694=CARTESIAN_POINT('',(-3.55,-0.25,4.23));
#3695=DIRECTION('',(0.707106781186548,0.0,-0.707106781186548));
#3696=DIRECTION('',(0.0,-1.0,0.0));
#3697=ORIENTED_EDGE('',*,*,#4921,.T.);
#3698=ORIENTED_EDGE('',*,*,#4913,.F.);
#3699=ORIENTED_EDGE('',*,*,#4911,.T.);
#3700=ORIENTED_EDGE('',*,*,#4903,.F.);
#3701=ORIENTED_EDGE('',*,*,#4922,.F.);
#3702=ORIENTED_EDGE('',*,*,#4379,.T.);
#3703=ORIENTED_EDGE('',*,*,#4920,.T.);
#3704=CARTESIAN_POINT('',(-2.64,-0.155,4.23));
#3705=DIRECTION('',(-0.0,1.0,0.0));
#3706=DIRECTION('',(1.0,0.0,0.0));
#3707=ORIENTED_EDGE('',*,*,#4922,.T.);
#3708=ORIENTED_EDGE('',*,*,#4902,.F.);
#3709=ORIENTED_EDGE('',*,*,#4923,.F.);
#3710=ORIENTED_EDGE('',*,*,#4380,.T.);
#3711=CARTESIAN_POINT('',(-2.64,-2.345,4.23));
#3712=DIRECTION('',(1.0,0.0,0.0));
#3713=DIRECTION('',(0.0,1.0,0.0));
#3714=ORIENTED_EDGE('',*,*,#4923,.T.);
#3715=ORIENTED_EDGE('',*,*,#4905,.F.);
#3716=ORIENTED_EDGE('',*,*,#4910,.F.);
#3717=ORIENTED_EDGE('',*,*,#4381,.T.);
#3718=CARTESIAN_POINT('',(-4.86,-2.345,4.23));
#3719=DIRECTION('',(0.0,-1.0,0.0));
#3720=DIRECTION('',(0.0,0.0,-1.0));
#3721=ORIENTED_EDGE('',*,*,#4917,.T.);
#3722=ORIENTED_EDGE('',*,*,#4914,.F.);
#3723=ORIENTED_EDGE('',*,*,#4921,.F.);
#3724=ORIENTED_EDGE('',*,*,#4919,.T.);
#3725=CARTESIAN_POINT('',(-4.15,-0.25,3.63));
#3726=DIRECTION('',(1.0,0.0,0.0));
#3727=DIRECTION('',(0.0,1.0,0.0));
#3728=ORIENTED_EDGE('',*,*,#4924,.T.);
#3729=ORIENTED_EDGE('',*,*,#4899,.F.);
#3730=ORIENTED_EDGE('',*,*,#4916,.F.);
#3731=ORIENTED_EDGE('',*,*,#4376,.T.);
#3732=CARTESIAN_POINT('',(-2.64,0.155,4.23));
#3733=DIRECTION('',(1.0,0.0,0.0));
#3734=DIRECTION('',(0.0,1.0,0.0));
#3735=ORIENTED_EDGE('',*,*,#4909,.T.);
#3736=ORIENTED_EDGE('',*,*,#4900,.F.);
#3737=ORIENTED_EDGE('',*,*,#4924,.F.);
#3738=ORIENTED_EDGE('',*,*,#4375,.T.);
#3739=CARTESIAN_POINT('',(-2.64,2.345,4.23));
#3740=DIRECTION('',(-0.0,1.0,0.0));
#3741=DIRECTION('',(1.0,0.0,0.0));
#3742=ORIENTED_EDGE('',*,*,#4842,.T.);
#3743=ORIENTED_EDGE('',*,*,#4925,.T.);
#3744=ORIENTED_EDGE('',*,*,#4889,.F.);
#3745=ORIENTED_EDGE('',*,*,#4467,.F.);
#3746=CARTESIAN_POINT('',(-4.0675,-1.5675,2.8));
#3747=DIRECTION('',(0.0,-1.0,0.0));
#3748=DIRECTION('',(0.0,0.0,-1.0));
#3749=ORIENTED_EDGE('',*,*,#4849,.T.);
#3750=ORIENTED_EDGE('',*,*,#4907,.T.);
#3751=ORIENTED_EDGE('',*,*,#4893,.F.);
#3752=ORIENTED_EDGE('',*,*,#4926,.T.);
#3753=CARTESIAN_POINT('',(-4.0675,-1.5675,2.8));
#3754=DIRECTION('',(0.0,-1.0,0.0));
#3755=DIRECTION('',(0.0,0.0,-1.0));
#3756=ORIENTED_EDGE('',*,*,#4927,.T.);
#3757=ORIENTED_EDGE('',*,*,#4890,.F.);
#3758=ORIENTED_EDGE('',*,*,#4925,.F.);
#3759=ORIENTED_EDGE('',*,*,#4841,.T.);
#3760=CARTESIAN_POINT('',(-4.0675,-1.8675,-5.5325));
#3761=DIRECTION('',(-1.0,0.0,-0.0));
#3762=DIRECTION('',(0.0,0.0,-1.0));
#3763=ORIENTED_EDGE('',*,*,#4891,.F.);
#3764=ORIENTED_EDGE('',*,*,#4927,.F.);
#3765=ORIENTED_EDGE('',*,*,#4840,.T.);
#3766=ORIENTED_EDGE('',*,*,#4928,.F.);
#3767=CARTESIAN_POINT('',(-4.0675,-1.8675,-5.8325));
#3768=DIRECTION('',(0.0,0.0,1.0));
#3769=DIRECTION('',(1.0,0.0,0.0));
#3770=ORIENTED_EDGE('',*,*,#4929,.F.);
#3771=ORIENTED_EDGE('',*,*,#4930,.F.);
#3772=ORIENTED_EDGE('',*,*,#4931,.T.);
#3773=ORIENTED_EDGE('',*,*,#4928,.T.);
#3774=CARTESIAN_POINT('',(-3.75,-6.215,-5.9075));
#3775=DIRECTION('',(0.0,-0.263117405792109,0.964763821237732));
#3776=DIRECTION('',(-1.0,0.0,0.0));
#3777=ORIENTED_EDGE('',*,*,#4932,.F.);
#3778=ORIENTED_EDGE('',*,*,#4892,.F.);
#3779=ORIENTED_EDGE('',*,*,#4931,.F.);
#3780=ORIENTED_EDGE('',*,*,#4933,.T.);
#3781=CARTESIAN_POINT('',(-3.5075,-6.215,-6.15));
#3782=DIRECTION('',(0.964763821237732,-0.263117405792109,0.0));
#3783=DIRECTION('',(0.0,0.0,-1.0));
#3784=ORIENTED_EDGE('',*,*,#4933,.F.);
#3785=ORIENTED_EDGE('',*,*,#4930,.T.);
#3786=ORIENTED_EDGE('',*,*,#4934,.F.);
#3787=ORIENTED_EDGE('',*,*,#4935,.F.);
#3788=CARTESIAN_POINT('',(-4.0675,-6.49,-5.8325));
#3789=DIRECTION('',(0.0,-1.0,0.0));
#3790=DIRECTION('',(0.0,0.0,-1.0));
#3791=ORIENTED_EDGE('',*,*,#4932,.T.);
#3792=ORIENTED_EDGE('',*,*,#4935,.T.);
#3793=ORIENTED_EDGE('',*,*,#4936,.T.);
#3794=ORIENTED_EDGE('',*,*,#4937,.F.);
#3795=CARTESIAN_POINT('',(-3.75,-6.215,-6.3925));
#3796=DIRECTION('',(0.0,-0.263117405792109,-0.964763821237732));
#3797=DIRECTION('',(0.0,-0.964763821237732,0.263117405792109));
#3798=ORIENTED_EDGE('',*,*,#4845,.T.);
#3799=ORIENTED_EDGE('',*,*,#4938,.T.);
#3800=ORIENTED_EDGE('',*,*,#4886,.F.);
#3801=ORIENTED_EDGE('',*,*,#4937,.T.);
#3802=CARTESIAN_POINT('',(-4.0675,-6.49,-6.4675));
#3803=DIRECTION('',(0.0,0.0,-1.0));
#3804=DIRECTION('',(0.0,-1.0,0.0));
#3805=ORIENTED_EDGE('',*,*,#4939,.T.);
#3806=ORIENTED_EDGE('',*,*,#4887,.F.);
#3807=ORIENTED_EDGE('',*,*,#4938,.F.);
#3808=ORIENTED_EDGE('',*,*,#4844,.T.);
#3809=CARTESIAN_POINT('',(-4.0675,-1.8675,-5.5325));
#3810=DIRECTION('',(-1.0,0.0,-0.0));
#3811=DIRECTION('',(0.0,0.0,-1.0));
#3812=ORIENTED_EDGE('',*,*,#4888,.F.);
#3813=ORIENTED_EDGE('',*,*,#4939,.F.);
#3814=ORIENTED_EDGE('',*,*,#4843,.T.);
#3815=ORIENTED_EDGE('',*,*,#4469,.T.);
#3816=CARTESIAN_POINT('',(-4.0675,-0.9325,-5.5325));
#3817=DIRECTION('',(-0.0,1.0,0.0));
#3818=DIRECTION('',(1.0,0.0,0.0));
#3819=ORIENTED_EDGE('',*,*,#4895,.F.);
#3820=ORIENTED_EDGE('',*,*,#4906,.F.);
#3821=ORIENTED_EDGE('',*,*,#4847,.T.);
#3822=ORIENTED_EDGE('',*,*,#4940,.F.);
#3823=CARTESIAN_POINT('',(-4.0675,-0.9325,-5.5325));
#3824=DIRECTION('',(-0.0,1.0,0.0));
#3825=DIRECTION('',(1.0,0.0,0.0));
#3826=ORIENTED_EDGE('',*,*,#4941,.F.);
#3827=ORIENTED_EDGE('',*,*,#4942,.F.);
#3828=ORIENTED_EDGE('',*,*,#4943,.T.);
#3829=ORIENTED_EDGE('',*,*,#4940,.T.);
#3830=CARTESIAN_POINT('',(-3.75,-1.0075,2.525));
#3831=DIRECTION('',(0.0,0.964763821237732,0.263117405792109));
#3832=DIRECTION('',(1.0,0.0,-0.0));
#3833=ORIENTED_EDGE('',*,*,#4944,.T.);
#3834=ORIENTED_EDGE('',*,*,#4896,.F.);
#3835=ORIENTED_EDGE('',*,*,#4943,.F.);
#3836=ORIENTED_EDGE('',*,*,#4945,.T.);
#3837=CARTESIAN_POINT('',(-3.5075,-1.25,2.525));
#3838=DIRECTION('',(0.964763821237732,0.0,0.263117405792109));
#3839=DIRECTION('',(0.0,-1.0,0.0));
#3840=ORIENTED_EDGE('',*,*,#4945,.F.);
#3841=ORIENTED_EDGE('',*,*,#4942,.T.);
#3842=ORIENTED_EDGE('',*,*,#4946,.F.);
#3843=ORIENTED_EDGE('',*,*,#4947,.F.);
#3844=CARTESIAN_POINT('',(-4.0675,-0.9325,2.8));
#3845=DIRECTION('',(0.0,0.0,1.0));
#3846=DIRECTION('',(1.0,0.0,0.0));
#3847=ORIENTED_EDGE('',*,*,#4944,.F.);
#3848=ORIENTED_EDGE('',*,*,#4947,.T.);
#3849=ORIENTED_EDGE('',*,*,#4948,.T.);
#3850=ORIENTED_EDGE('',*,*,#4926,.F.);
#3851=CARTESIAN_POINT('',(-3.75,-1.4925,2.525));
#3852=DIRECTION('',(0.0,-0.964763821237732,0.263117405792109));
#3853=DIRECTION('',(-1.0,0.0,0.0));
#3854=ORIENTED_EDGE('',*,*,#4948,.F.);
#3855=ORIENTED_EDGE('',*,*,#4946,.T.);
#3856=ORIENTED_EDGE('',*,*,#4941,.T.);
#3857=ORIENTED_EDGE('',*,*,#4850,.F.);
#3858=CARTESIAN_POINT('',(-3.9925,-1.25,2.525));
#3859=DIRECTION('',(-0.964763821237732,0.0,0.263117405792109));
#3860=DIRECTION('',(0.0,1.0,0.0));
#3861=ORIENTED_EDGE('',*,*,#4936,.F.);
#3862=ORIENTED_EDGE('',*,*,#4934,.T.);
#3863=ORIENTED_EDGE('',*,*,#4929,.T.);
#3864=ORIENTED_EDGE('',*,*,#4846,.F.);
#3865=CARTESIAN_POINT('',(-3.9925,-6.215,-6.15));
#3866=DIRECTION('',(-0.964763821237732,-0.263117405792109,0.0));
#3867=DIRECTION('',(-0.263117405792109,0.964763821237732,0.0));
#3868=ORIENTED_EDGE('',*,*,#4867,.F.);
#3869=ORIENTED_EDGE('',*,*,#4885,.F.);
#3870=ORIENTED_EDGE('',*,*,#4873,.F.);
#3871=ORIENTED_EDGE('',*,*,#4949,.T.);
#3872=CARTESIAN_POINT('',(-3.5075,-6.215,-8.65));
#3873=DIRECTION('',(0.964763821237732,-0.263117405792109,0.0));
#3874=DIRECTION('',(0.0,0.0,-1.0));
#3875=ORIENTED_EDGE('',*,*,#4949,.F.);
#3876=ORIENTED_EDGE('',*,*,#4872,.T.);
#3877=ORIENTED_EDGE('',*,*,#4870,.F.);
#3878=ORIENTED_EDGE('',*,*,#4868,.F.);
#3879=CARTESIAN_POINT('',(-4.0675,-6.49,-8.3325));
#3880=DIRECTION('',(0.0,-1.0,0.0));
#3881=DIRECTION('',(0.0,0.0,-1.0));
#3882=ORIENTED_EDGE('',*,*,#4950,.F.);
#3883=ORIENTED_EDGE('',*,*,#4303,.T.);
#3884=ORIENTED_EDGE('',*,*,#4951,.T.);
#3885=ORIENTED_EDGE('',*,*,#4952,.F.);
#3886=ORIENTED_EDGE('',*,*,#4953,.T.);
#3887=CARTESIAN_POINT('',(2.975403330759,-2.99,0.83));
#3888=DIRECTION('',(0.0,0.0,-1.0));
#3889=DIRECTION('',(0.0,-1.0,0.0));
#3890=ORIENTED_EDGE('',*,*,#4954,.F.);
#3891=ORIENTED_EDGE('',*,*,#4955,.F.);
#3892=ORIENTED_EDGE('',*,*,#4953,.F.);
#3893=ORIENTED_EDGE('',*,*,#4956,.F.);
#3894=CARTESIAN_POINT('',(3.749999285225,-4.390000815858,1.029995713886));
#3895=DIRECTION('',(-0.0,1.0,0.0));
#3896=DIRECTION('',(0.0,0.0,-1.0));
#3897=ORIENTED_EDGE('',*,*,#4952,.T.);
#3898=ORIENTED_EDGE('',*,*,#4957,.T.);
#3899=ORIENTED_EDGE('',*,*,#4958,.T.);
#3900=ORIENTED_EDGE('',*,*,#4265,.T.);
#3901=ORIENTED_EDGE('',*,*,#4959,.T.);
#3902=ORIENTED_EDGE('',*,*,#4960,.T.);
#3903=ORIENTED_EDGE('',*,*,#4961,.T.);
#3904=ORIENTED_EDGE('',*,*,#4962,.T.);
#3905=ORIENTED_EDGE('',*,*,#4963,.T.);
#3906=ORIENTED_EDGE('',*,*,#4964,.T.);
#3907=ORIENTED_EDGE('',*,*,#4965,.T.);
#3908=ORIENTED_EDGE('',*,*,#4966,.T.);
#3909=ORIENTED_EDGE('',*,*,#4967,.T.);
#3910=ORIENTED_EDGE('',*,*,#4275,.T.);
#3911=ORIENTED_EDGE('',*,*,#4968,.T.);
#3912=ORIENTED_EDGE('',*,*,#4969,.T.);
#3913=ORIENTED_EDGE('',*,*,#4970,.T.);
#3914=ORIENTED_EDGE('',*,*,#4956,.T.);
#3915=CARTESIAN_POINT('',(0.0,-4.59,0.0));
#3916=DIRECTION('',(0.0,-1.0,0.0));
#3917=DIRECTION('',(0.0,0.0,-1.0));
#3918=ORIENTED_EDGE('',*,*,#4971,.T.);
#3919=ORIENTED_EDGE('',*,*,#4972,.T.);
#3920=ORIENTED_EDGE('',*,*,#4973,.T.);
#3921=ORIENTED_EDGE('',*,*,#4974,.T.);
#3922=ORIENTED_EDGE('',*,*,#4975,.T.);
#3923=ORIENTED_EDGE('',*,*,#4976,.T.);
#3924=ORIENTED_EDGE('',*,*,#4977,.T.);
#3925=ORIENTED_EDGE('',*,*,#4254,.T.);
#3926=ORIENTED_EDGE('',*,*,#4978,.T.);
#3927=ORIENTED_EDGE('',*,*,#4979,.T.);
#3928=ORIENTED_EDGE('',*,*,#4980,.T.);
#3929=ORIENTED_EDGE('',*,*,#4981,.T.);
#3930=ORIENTED_EDGE('',*,*,#4982,.T.);
#3931=ORIENTED_EDGE('',*,*,#4983,.T.);
#3932=ORIENTED_EDGE('',*,*,#4984,.T.);
#3933=ORIENTED_EDGE('',*,*,#4985,.T.);
#3934=ORIENTED_EDGE('',*,*,#4986,.T.);
#3935=ORIENTED_EDGE('',*,*,#4259,.T.);
#3936=CARTESIAN_POINT('',(0.0,-4.59,0.0));
#3937=DIRECTION('',(0.0,-1.0,0.0));
#3938=DIRECTION('',(0.0,0.0,-1.0));
#3939=ORIENTED_EDGE('',*,*,#4970,.F.);
#3940=ORIENTED_EDGE('',*,*,#4987,.F.);
#3941=ORIENTED_EDGE('',*,*,#4289,.T.);
#3942=ORIENTED_EDGE('',*,*,#4988,.T.);
#3943=ORIENTED_EDGE('',*,*,#4954,.T.);
#3944=CARTESIAN_POINT('',(3.45,-2.99,1.23));
#3945=DIRECTION('',(0.0,0.0,1.0));
#3946=DIRECTION('',(1.0,0.0,0.0));
#3947=ORIENTED_EDGE('',*,*,#4988,.F.);
#3948=ORIENTED_EDGE('',*,*,#4288,.T.);
#3949=ORIENTED_EDGE('',*,*,#4950,.T.);
#3950=ORIENTED_EDGE('',*,*,#4955,.T.);
#3951=CARTESIAN_POINT('',(3.75,-2.99,1.03));
#3952=DIRECTION('',(0.0,1.0,-0.0));
#3953=DIRECTION('',(0.0,0.0,1.0));
#3954=ORIENTED_EDGE('',*,*,#4987,.T.);
#3955=ORIENTED_EDGE('',*,*,#4969,.F.);
#3956=ORIENTED_EDGE('',*,*,#4989,.F.);
#3957=ORIENTED_EDGE('',*,*,#4290,.F.);
#3958=CARTESIAN_POINT('',(3.45,-2.99,1.33));
#3959=DIRECTION('',(0.0,1.0,-0.0));
#3960=DIRECTION('',(0.0,0.0,1.0));
#3961=ORIENTED_EDGE('',*,*,#4270,.F.);
#3962=ORIENTED_EDGE('',*,*,#4291,.T.);
#3963=ORIENTED_EDGE('',*,*,#4989,.T.);
#3964=ORIENTED_EDGE('',*,*,#4968,.F.);
#3965=ORIENTED_EDGE('',*,*,#4274,.T.);
#3966=CARTESIAN_POINT('',(3.55,-2.99,1.804596669241));
#3967=DIRECTION('',(-1.0,0.0,0.0));
#3968=DIRECTION('',(0.0,0.0,1.0));
#3969=ORIENTED_EDGE('',*,*,#4273,.T.);
#3970=ORIENTED_EDGE('',*,*,#4967,.F.);
#3971=ORIENTED_EDGE('',*,*,#4990,.F.);
#3972=ORIENTED_EDGE('',*,*,#4991,.F.);
#3973=ORIENTED_EDGE('',*,*,#4272,.F.);
#3974=CARTESIAN_POINT('',(3.749995713886,-4.390000815859,1.030000714775));
#3975=DIRECTION('',(-0.0,1.0,0.0));
#3976=DIRECTION('',(0.0,0.0,-1.0));
#3977=ORIENTED_EDGE('',*,*,#4268,.T.);
#3978=ORIENTED_EDGE('',*,*,#4991,.T.);
#3979=ORIENTED_EDGE('',*,*,#4992,.F.);
#3980=ORIENTED_EDGE('',*,*,#4292,.T.);
#3981=CARTESIAN_POINT('',(3.75,-2.99,1.03));
#3982=DIRECTION('',(0.0,1.0,-0.0));
#3983=DIRECTION('',(0.0,0.0,1.0));
#3984=ORIENTED_EDGE('',*,*,#4966,.F.);
#3985=ORIENTED_EDGE('',*,*,#4993,.F.);
#3986=ORIENTED_EDGE('',*,*,#4293,.T.);
#3987=ORIENTED_EDGE('',*,*,#4992,.T.);
#3988=ORIENTED_EDGE('',*,*,#4990,.T.);
#3989=CARTESIAN_POINT('',(3.95,-2.99,1.33));
#3990=DIRECTION('',(1.0,0.0,0.0));
#3991=DIRECTION('',(0.0,1.0,0.0));
#3992=ORIENTED_EDGE('',*,*,#4993,.T.);
#3993=ORIENTED_EDGE('',*,*,#4965,.F.);
#3994=ORIENTED_EDGE('',*,*,#4994,.F.);
#3995=ORIENTED_EDGE('',*,*,#4294,.F.);
#3996=CARTESIAN_POINT('',(4.05,-2.99,1.33));
#3997=DIRECTION('',(0.0,1.0,-0.0));
#3998=DIRECTION('',(0.0,0.0,1.0));
#3999=ORIENTED_EDGE('',*,*,#4995,.F.);
#4000=ORIENTED_EDGE('',*,*,#4295,.T.);
#4001=ORIENTED_EDGE('',*,*,#4994,.T.);
#4002=ORIENTED_EDGE('',*,*,#4964,.F.);
#4003=ORIENTED_EDGE('',*,*,#4996,.T.);
#4004=CARTESIAN_POINT('',(4.524596669241,-2.99,1.23));
#4005=DIRECTION('',(0.0,0.0,1.0));
#4006=DIRECTION('',(1.0,0.0,0.0));
#4007=ORIENTED_EDGE('',*,*,#4997,.F.);
#4008=ORIENTED_EDGE('',*,*,#4998,.F.);
#4009=ORIENTED_EDGE('',*,*,#4996,.F.);
#4010=ORIENTED_EDGE('',*,*,#4963,.F.);
#4011=CARTESIAN_POINT('',(3.750000714775,-4.390000815858,1.030004286114));
#4012=DIRECTION('',(-0.0,1.0,0.0));
#4013=DIRECTION('',(0.0,0.0,-1.0));
#4014=ORIENTED_EDGE('',*,*,#4999,.F.);
#4015=ORIENTED_EDGE('',*,*,#4296,.T.);
#4016=ORIENTED_EDGE('',*,*,#4995,.T.);
#4017=ORIENTED_EDGE('',*,*,#4998,.T.);
#4018=CARTESIAN_POINT('',(3.75,-2.99,1.03));
#4019=DIRECTION('',(0.0,1.0,-0.0));
#4020=DIRECTION('',(0.0,0.0,1.0));
#4021=ORIENTED_EDGE('',*,*,#4962,.F.);
#4022=ORIENTED_EDGE('',*,*,#5000,.F.);
#4023=ORIENTED_EDGE('',*,*,#4297,.T.);
#4024=ORIENTED_EDGE('',*,*,#4999,.T.);
#4025=ORIENTED_EDGE('',*,*,#4997,.T.);
#4026=CARTESIAN_POINT('',(4.05,-2.99,0.83));
#4027=DIRECTION('',(0.0,0.0,-1.0));
#4028=DIRECTION('',(0.0,-1.0,0.0));
#4029=ORIENTED_EDGE('',*,*,#5000,.T.);
#4030=ORIENTED_EDGE('',*,*,#4961,.F.);
#4031=ORIENTED_EDGE('',*,*,#5001,.F.);
#4032=ORIENTED_EDGE('',*,*,#4298,.F.);
#4033=CARTESIAN_POINT('',(4.05,-2.99,0.73));
#4034=DIRECTION('',(0.0,1.0,-0.0));
#4035=DIRECTION('',(0.0,0.0,1.0));
#4036=ORIENTED_EDGE('',*,*,#5002,.F.);
#4037=ORIENTED_EDGE('',*,*,#4299,.T.);
#4038=ORIENTED_EDGE('',*,*,#5001,.T.);
#4039=ORIENTED_EDGE('',*,*,#4960,.F.);
#4040=ORIENTED_EDGE('',*,*,#5003,.T.);
#4041=CARTESIAN_POINT('',(3.95,-2.99,0.2554033307585));
#4042=DIRECTION('',(1.0,0.0,0.0));
#4043=DIRECTION('',(0.0,1.0,0.0));
#4044=ORIENTED_EDGE('',*,*,#4264,.T.);
#4045=ORIENTED_EDGE('',*,*,#5004,.F.);
#4046=ORIENTED_EDGE('',*,*,#5003,.F.);
#4047=ORIENTED_EDGE('',*,*,#4959,.F.);
#4048=CARTESIAN_POINT('',(3.750004286114,-4.390000815859,1.029999285225));
#4049=DIRECTION('',(-0.0,1.0,0.0));
#4050=DIRECTION('',(0.0,0.0,-1.0));
#4051=ORIENTED_EDGE('',*,*,#4260,.T.);
#4052=ORIENTED_EDGE('',*,*,#4300,.T.);
#4053=ORIENTED_EDGE('',*,*,#5002,.T.);
#4054=ORIENTED_EDGE('',*,*,#5004,.T.);
#4055=ORIENTED_EDGE('',*,*,#4267,.T.);
#4056=CARTESIAN_POINT('',(3.75,-2.99,1.03));
#4057=DIRECTION('',(0.0,1.0,-0.0));
#4058=DIRECTION('',(0.0,0.0,1.0));
#4059=ORIENTED_EDGE('',*,*,#4958,.F.);
#4060=ORIENTED_EDGE('',*,*,#5005,.F.);
#4061=ORIENTED_EDGE('',*,*,#4301,.T.);
#4062=ORIENTED_EDGE('',*,*,#4262,.T.);
#4063=ORIENTED_EDGE('',*,*,#4266,.T.);
#4064=CARTESIAN_POINT('',(3.55,-2.99,0.73));
#4065=DIRECTION('',(-1.0,0.0,0.0));
#4066=DIRECTION('',(0.0,0.0,1.0));
#4067=ORIENTED_EDGE('',*,*,#5005,.T.);
#4068=ORIENTED_EDGE('',*,*,#4957,.F.);
#4069=ORIENTED_EDGE('',*,*,#4951,.F.);
#4070=ORIENTED_EDGE('',*,*,#4302,.F.);
#4071=CARTESIAN_POINT('',(3.45,-2.99,0.73));
#4072=DIRECTION('',(0.0,1.0,-0.0));
#4073=DIRECTION('',(0.0,0.0,1.0));
#4074=ORIENTED_EDGE('',*,*,#4257,.T.);
#4075=ORIENTED_EDGE('',*,*,#4986,.F.);
#4076=ORIENTED_EDGE('',*,*,#5006,.F.);
#4077=ORIENTED_EDGE('',*,*,#5007,.F.);
#4078=ORIENTED_EDGE('',*,*,#4252,.F.);
#4079=CARTESIAN_POINT('',(-3.750004286114,-4.390000815859,1.030000714775));
#4080=DIRECTION('',(-0.0,1.0,0.0));
#4081=DIRECTION('',(0.0,0.0,-1.0));
#4082=ORIENTED_EDGE('',*,*,#4250,.F.);
#4083=ORIENTED_EDGE('',*,*,#4314,.T.);
#4084=ORIENTED_EDGE('',*,*,#5008,.T.);
#4085=ORIENTED_EDGE('',*,*,#4971,.F.);
#4086=ORIENTED_EDGE('',*,*,#4258,.T.);
#4087=CARTESIAN_POINT('',(-3.95,-2.99,1.804596669241));
#4088=DIRECTION('',(-1.0,0.0,0.0));
#4089=DIRECTION('',(0.0,0.0,1.0));
#4090=ORIENTED_EDGE('',*,*,#5009,.T.);
#4091=ORIENTED_EDGE('',*,*,#4972,.F.);
#4092=ORIENTED_EDGE('',*,*,#5008,.F.);
#4093=ORIENTED_EDGE('',*,*,#4313,.F.);
#4094=CARTESIAN_POINT('',(-4.05,-2.99,1.33));
#4095=DIRECTION('',(0.0,1.0,-0.0));
#4096=DIRECTION('',(0.0,0.0,1.0));
#4097=ORIENTED_EDGE('',*,*,#4973,.F.);
#4098=ORIENTED_EDGE('',*,*,#5009,.F.);
#4099=ORIENTED_EDGE('',*,*,#4312,.T.);
#4100=ORIENTED_EDGE('',*,*,#5010,.T.);
#4101=ORIENTED_EDGE('',*,*,#5011,.T.);
#4102=CARTESIAN_POINT('',(-4.05,-2.99,1.23));
#4103=DIRECTION('',(0.0,0.0,1.0));
#4104=DIRECTION('',(1.0,0.0,0.0));
#4105=ORIENTED_EDGE('',*,*,#5011,.F.);
#4106=ORIENTED_EDGE('',*,*,#5012,.F.);
#4107=ORIENTED_EDGE('',*,*,#5013,.F.);
#4108=ORIENTED_EDGE('',*,*,#4974,.F.);
#4109=CARTESIAN_POINT('',(-3.750000714775,-4.390000815858,1.029995713886));
#4110=DIRECTION('',(-0.0,1.0,0.0));
#4111=DIRECTION('',(0.0,0.0,-1.0));
#4112=ORIENTED_EDGE('',*,*,#5014,.F.);
#4113=ORIENTED_EDGE('',*,*,#4310,.T.);
#4114=ORIENTED_EDGE('',*,*,#5015,.T.);
#4115=ORIENTED_EDGE('',*,*,#4975,.F.);
#4116=ORIENTED_EDGE('',*,*,#5013,.T.);
#4117=CARTESIAN_POINT('',(-4.524596669241,-2.99,0.83));
#4118=DIRECTION('',(0.0,0.0,-1.0));
#4119=DIRECTION('',(0.0,-1.0,0.0));
#4120=ORIENTED_EDGE('',*,*,#5016,.T.);
#4121=ORIENTED_EDGE('',*,*,#4976,.F.);
#4122=ORIENTED_EDGE('',*,*,#5015,.F.);
#4123=ORIENTED_EDGE('',*,*,#4309,.F.);
#4124=CARTESIAN_POINT('',(-4.05,-2.99,0.73));
#4125=DIRECTION('',(0.0,1.0,-0.0));
#4126=DIRECTION('',(0.0,0.0,1.0));
#4127=ORIENTED_EDGE('',*,*,#4977,.F.);
#4128=ORIENTED_EDGE('',*,*,#5016,.F.);
#4129=ORIENTED_EDGE('',*,*,#4308,.T.);
#4130=ORIENTED_EDGE('',*,*,#4246,.T.);
#4131=ORIENTED_EDGE('',*,*,#4255,.T.);
#4132=CARTESIAN_POINT('',(-3.95,-2.99,0.73));
#4133=DIRECTION('',(-1.0,0.0,0.0));
#4134=DIRECTION('',(0.0,0.0,1.0));
#4135=ORIENTED_EDGE('',*,*,#4253,.T.);
#4136=ORIENTED_EDGE('',*,*,#5017,.F.);
#4137=ORIENTED_EDGE('',*,*,#5018,.F.);
#4138=ORIENTED_EDGE('',*,*,#4978,.F.);
#4139=CARTESIAN_POINT('',(-3.749995713886,-4.390000815859,1.029999285225));
#4140=DIRECTION('',(-0.0,1.0,0.0));
#4141=DIRECTION('',(0.0,0.0,-1.0));
#4142=ORIENTED_EDGE('',*,*,#5019,.F.);
#4143=ORIENTED_EDGE('',*,*,#4306,.T.);
#4144=ORIENTED_EDGE('',*,*,#5020,.T.);
#4145=ORIENTED_EDGE('',*,*,#4979,.F.);
#4146=ORIENTED_EDGE('',*,*,#5018,.T.);
#4147=CARTESIAN_POINT('',(-3.55,-2.99,0.2554033307585));
#4148=DIRECTION('',(1.0,0.0,0.0));
#4149=DIRECTION('',(0.0,1.0,0.0));
#4150=ORIENTED_EDGE('',*,*,#5021,.T.);
#4151=ORIENTED_EDGE('',*,*,#4980,.F.);
#4152=ORIENTED_EDGE('',*,*,#5020,.F.);
#4153=ORIENTED_EDGE('',*,*,#4305,.F.);
#4154=CARTESIAN_POINT('',(-3.45,-2.99,0.73));
#4155=DIRECTION('',(0.0,1.0,-0.0));
#4156=DIRECTION('',(0.0,0.0,1.0));
#4157=ORIENTED_EDGE('',*,*,#4981,.F.);
#4158=ORIENTED_EDGE('',*,*,#5021,.F.);
#4159=ORIENTED_EDGE('',*,*,#4304,.T.);
#4160=ORIENTED_EDGE('',*,*,#5022,.T.);
#4161=ORIENTED_EDGE('',*,*,#5023,.T.);
#4162=CARTESIAN_POINT('',(-3.45,-2.99,0.83));
#4163=DIRECTION('',(0.0,0.0,-1.0));
#4164=DIRECTION('',(0.0,-1.0,0.0));
#4165=ORIENTED_EDGE('',*,*,#5023,.F.);
#4166=ORIENTED_EDGE('',*,*,#5024,.F.);
#4167=ORIENTED_EDGE('',*,*,#5025,.F.);
#4168=ORIENTED_EDGE('',*,*,#4982,.F.);
#4169=CARTESIAN_POINT('',(-3.749999285225,-4.390000815858,1.030004286114));
#4170=DIRECTION('',(-0.0,1.0,0.0));
#4171=DIRECTION('',(0.0,0.0,-1.0));
#4172=ORIENTED_EDGE('',*,*,#5026,.F.);
#4173=ORIENTED_EDGE('',*,*,#4318,.T.);
#4174=ORIENTED_EDGE('',*,*,#5027,.T.);
#4175=ORIENTED_EDGE('',*,*,#4983,.F.);
#4176=ORIENTED_EDGE('',*,*,#5025,.T.);
#4177=CARTESIAN_POINT('',(-2.975403330759,-2.99,1.23));
#4178=DIRECTION('',(0.0,0.0,1.0));
#4179=DIRECTION('',(1.0,0.0,0.0));
#4180=ORIENTED_EDGE('',*,*,#5028,.T.);
#4181=ORIENTED_EDGE('',*,*,#4984,.F.);
#4182=ORIENTED_EDGE('',*,*,#5027,.F.);
#4183=ORIENTED_EDGE('',*,*,#4317,.F.);
#4184=CARTESIAN_POINT('',(-3.45,-2.99,1.33));
#4185=DIRECTION('',(0.0,1.0,-0.0));
#4186=DIRECTION('',(0.0,0.0,1.0));
#4187=ORIENTED_EDGE('',*,*,#4985,.F.);
#4188=ORIENTED_EDGE('',*,*,#5028,.F.);
#4189=ORIENTED_EDGE('',*,*,#4316,.T.);
#4190=ORIENTED_EDGE('',*,*,#5029,.T.);
#4191=ORIENTED_EDGE('',*,*,#5006,.T.);
#4192=CARTESIAN_POINT('',(-3.55,-2.99,1.33));
#4193=DIRECTION('',(1.0,0.0,0.0));
#4194=DIRECTION('',(0.0,1.0,0.0));
#4195=ORIENTED_EDGE('',*,*,#4248,.T.);
#4196=ORIENTED_EDGE('',*,*,#5007,.T.);
#4197=ORIENTED_EDGE('',*,*,#5029,.F.);
#4198=ORIENTED_EDGE('',*,*,#4315,.T.);
#4199=CARTESIAN_POINT('',(-3.75,-2.99,1.03));
#4200=DIRECTION('',(0.0,1.0,-0.0));
#4201=DIRECTION('',(0.0,0.0,1.0));
#4202=ORIENTED_EDGE('',*,*,#5022,.F.);
#4203=ORIENTED_EDGE('',*,*,#4319,.T.);
#4204=ORIENTED_EDGE('',*,*,#5026,.T.);
#4205=ORIENTED_EDGE('',*,*,#5024,.T.);
#4206=CARTESIAN_POINT('',(-3.75,-2.99,1.03));
#4207=DIRECTION('',(0.0,1.0,-0.0));
#4208=DIRECTION('',(0.0,0.0,1.0));
#4209=ORIENTED_EDGE('',*,*,#4244,.T.);
#4210=ORIENTED_EDGE('',*,*,#4307,.T.);
#4211=ORIENTED_EDGE('',*,*,#5019,.T.);
#4212=ORIENTED_EDGE('',*,*,#5017,.T.);
#4213=ORIENTED_EDGE('',*,*,#4256,.T.);
#4214=CARTESIAN_POINT('',(-3.75,-2.99,1.03));
#4215=DIRECTION('',(0.0,1.0,-0.0));
#4216=DIRECTION('',(0.0,0.0,1.0));
#4217=ORIENTED_EDGE('',*,*,#5010,.F.);
#4218=ORIENTED_EDGE('',*,*,#4311,.T.);
#4219=ORIENTED_EDGE('',*,*,#5014,.T.);
#4220=ORIENTED_EDGE('',*,*,#5012,.T.);
#4221=CARTESIAN_POINT('',(-3.75,-2.99,1.03));
#4222=DIRECTION('',(0.0,1.0,-0.0));
#4223=DIRECTION('',(0.0,0.0,1.0));
#4224=AXIS2_PLACEMENT_3D('',#5030,#5031,#5032);
#4225=AXIS2_PLACEMENT_3D('',#5033,#5034,#5035);
#4226=AXIS2_PLACEMENT_3D('',#5036,#5037,#5038);
#4227=AXIS2_PLACEMENT_3D('',#5039,#5040,#5041);
#4228=AXIS2_PLACEMENT_3D('',#5042,#5043,#5044);
#4229=AXIS2_PLACEMENT_3D('',#5045,#5046,#5047);
#4230=AXIS2_PLACEMENT_3D('',#5048,#5049,#5050);
#4231=AXIS2_PLACEMENT_3D('',#5051,#5052,#5053);
#4232=AXIS2_PLACEMENT_3D('',#5054,#5055,#5056);
#4233=AXIS2_PLACEMENT_3D('',#5057,#5058,#5059);
#4234=AXIS2_PLACEMENT_3D('',#5060,#5061,#5062);
#4235=AXIS2_PLACEMENT_3D('',#5063,#5064,#5065);
#4236=AXIS2_PLACEMENT_3D('',#5066,#5067,#5068);
#4237=AXIS2_PLACEMENT_3D('',#5069,#5070,#5071);
#4238=AXIS2_PLACEMENT_3D('',#5072,#5073,#5074);
#4239=AXIS2_PLACEMENT_3D('',#5075,#5076,#5077);
#4240=AXIS2_PLACEMENT_3D('',#5078,#5079,#5080);
#4241=AXIS2_PLACEMENT_3D('',#5081,#5082,#5083);
#4242=AXIS2_PLACEMENT_3D('',#5084,#5085,#5086);
#4243=AXIS2_PLACEMENT_3D('',#5087,#5088,#5089);
#4244=EDGE_CURVE('',#5090,#5091,#5092,.T.);
#4245=EDGE_CURVE('',#5090,#5093,#5094,.T.);
#4246=EDGE_CURVE('',#5095,#5093,#5096,.T.);
#4247=EDGE_CURVE('',#5095,#5091,#5097,.T.);
#4248=EDGE_CURVE('',#5098,#5099,#5100,.T.);
#4249=EDGE_CURVE('',#5098,#5101,#5102,.T.);
#4250=EDGE_CURVE('',#5101,#5103,#5104,.T.);
#4251=EDGE_CURVE('',#5103,#5105,#5106,.T.);
#4252=EDGE_CURVE('',#5105,#5099,#5107,.T.);
#4253=EDGE_CURVE('',#5108,#5109,#5110,.T.);
#4254=EDGE_CURVE('',#5111,#5108,#5112,.T.);
#4255=EDGE_CURVE('',#5093,#5111,#5113,.T.);
#4256=EDGE_CURVE('',#5109,#5090,#5114,.T.);
#4257=EDGE_CURVE('',#5105,#5115,#5116,.T.);
#4258=EDGE_CURVE('',#5117,#5103,#5118,.T.);
#4259=EDGE_CURVE('',#5115,#5117,#5119,.T.);
#4260=EDGE_CURVE('',#5120,#5121,#5122,.T.);
#4261=EDGE_CURVE('',#5120,#5123,#5124,.T.);
#4262=EDGE_CURVE('',#5125,#5123,#5126,.T.);
#4263=EDGE_CURVE('',#5125,#5121,#5127,.T.);
#4264=EDGE_CURVE('',#5128,#5129,#5130,.T.);
#4265=EDGE_CURVE('',#5131,#5128,#5132,.T.);
#4266=EDGE_CURVE('',#5123,#5131,#5133,.T.);
#4267=EDGE_CURVE('',#5129,#5120,#5134,.T.);
#4268=EDGE_CURVE('',#5135,#5136,#5137,.T.);
#4269=EDGE_CURVE('',#5135,#5138,#5139,.T.);
#4270=EDGE_CURVE('',#5138,#5140,#5141,.T.);
#4271=EDGE_CURVE('',#5140,#5142,#5143,.T.);
#4272=EDGE_CURVE('',#5142,#5136,#5144,.T.);
#4273=EDGE_CURVE('',#5142,#5145,#5146,.T.);
#4274=EDGE_CURVE('',#5147,#5140,#5148,.T.);
#4275=EDGE_CURVE('',#5145,#5147,#5149,.T.);
#4276=EDGE_CURVE('',#5150,#5151,#5152,.T.);
#4277=EDGE_CURVE('',#5153,#5150,#5154,.T.);
#4278=EDGE_CURVE('',#5153,#5155,#5156,.T.);
#4279=EDGE_CURVE('',#5157,#5155,#5158,.T.);
#4280=EDGE_CURVE('',#5159,#5157,#5160,.T.);
#4281=EDGE_CURVE('',#5161,#5159,#5162,.T.);
#4282=EDGE_CURVE('',#5163,#5161,#5164,.T.);
#4283=EDGE_CURVE('',#5165,#5163,#5166,.T.);
#4284=EDGE_CURVE('',#5165,#5167,#5168,.T.);
#4285=EDGE_CURVE('',#5169,#5167,#5170,.T.);
#4286=EDGE_CURVE('',#5171,#5169,#5172,.T.);
#4287=EDGE_CURVE('',#5151,#5171,#5173,.T.);
#4288=EDGE_CURVE('',#5174,#5175,#5176,.T.);
#4289=EDGE_CURVE('',#5177,#5174,#5178,.T.);
#4290=EDGE_CURVE('',#5177,#5179,#5180,.T.);
#4291=EDGE_CURVE('',#5138,#5179,#5181,.T.);
#4292=EDGE_CURVE('',#5182,#5135,#5183,.T.);
#4293=EDGE_CURVE('',#5184,#5182,#5185,.T.);
#4294=EDGE_CURVE('',#5184,#5186,#5187,.T.);
#4295=EDGE_CURVE('',#5188,#5186,#5189,.T.);
#4296=EDGE_CURVE('',#5190,#5188,#5191,.T.);
#4297=EDGE_CURVE('',#5192,#5190,#5193,.T.);
#4298=EDGE_CURVE('',#5192,#5194,#5195,.T.);
#4299=EDGE_CURVE('',#5196,#5194,#5197,.T.);
#4300=EDGE_CURVE('',#5121,#5196,#5198,.T.);
#4301=EDGE_CURVE('',#5199,#5125,#5200,.T.);
#4302=EDGE_CURVE('',#5199,#5201,#5202,.T.);
#4303=EDGE_CURVE('',#5175,#5201,#5203,.T.);
#4304=EDGE_CURVE('',#5204,#5205,#5206,.T.);
#4305=EDGE_CURVE('',#5204,#5207,#5208,.T.);
#4306=EDGE_CURVE('',#5209,#5207,#5210,.T.);
#4307=EDGE_CURVE('',#5091,#5209,#5211,.T.);
#4308=EDGE_CURVE('',#5212,#5095,#5213,.T.);
#4309=EDGE_CURVE('',#5212,#5214,#5215,.T.);
#4310=EDGE_CURVE('',#5216,#5214,#5217,.T.);
#4311=EDGE_CURVE('',#5218,#5216,#5219,.T.);
#4312=EDGE_CURVE('',#5220,#5218,#5221,.T.);
#4313=EDGE_CURVE('',#5220,#5222,#5223,.T.);
#4314=EDGE_CURVE('',#5101,#5222,#5224,.T.);
#4315=EDGE_CURVE('',#5225,#5098,#5226,.T.);
#4316=EDGE_CURVE('',#5227,#5225,#5228,.T.);
#4317=EDGE_CURVE('',#5227,#5229,#5230,.T.);
#4318=EDGE_CURVE('',#5231,#5229,#5232,.T.);
#4319=EDGE_CURVE('',#5205,#5231,#5233,.T.);
#4320=EDGE_CURVE('',#5163,#5234,#5235,.T.);
#4321=EDGE_CURVE('',#5236,#5234,#5237,.T.);
#4322=EDGE_CURVE('',#5151,#5236,#5238,.T.);
#4323=EDGE_CURVE('',#5171,#5239,#5240,.T.);
#4324=EDGE_CURVE('',#5241,#5239,#5242,.T.);
#4325=EDGE_CURVE('',#5165,#5241,#5243,.T.);
#4326=EDGE_CURVE('',#5244,#5241,#5245,.T.);
#4327=EDGE_CURVE('',#5167,#5244,#5246,.T.);
#4328=EDGE_CURVE('',#5247,#5244,#5248,.T.);
#4329=EDGE_CURVE('',#5169,#5247,#5249,.T.);
#4330=EDGE_CURVE('',#5239,#5247,#5250,.T.);
#4331=EDGE_CURVE('',#5251,#5252,#5253,.T.);
#4332=EDGE_CURVE('',#5252,#5254,#5255,.T.);
#4333=EDGE_CURVE('',#5254,#5256,#5257,.T.);
#4334=EDGE_CURVE('',#5256,#5251,#5258,.T.);
#4335=EDGE_CURVE('',#5157,#5251,#5259,.T.);
#4336=EDGE_CURVE('',#5159,#5256,#5260,.T.);
#4337=EDGE_CURVE('',#5150,#5261,#5262,.T.);
#4338=EDGE_CURVE('',#5263,#5261,#5264,.T.);
#4339=EDGE_CURVE('',#5161,#5263,#5265,.T.);
#4340=EDGE_CURVE('',#5153,#5254,#5266,.T.);
#4341=EDGE_CURVE('',#5155,#5252,#5267,.T.);
#4342=EDGE_CURVE('',#5268,#5269,#5270,.T.);
#4343=EDGE_CURVE('',#5268,#5271,#5272,.T.);
#4344=EDGE_CURVE('',#5234,#5271,#5273,.T.);
#4345=EDGE_CURVE('',#5274,#5263,#5275,.T.);
#4346=EDGE_CURVE('',#5276,#5274,#5277,.T.);
#4347=EDGE_CURVE('',#5278,#5276,#5279,.T.);
#4348=EDGE_CURVE('',#5278,#5280,#5281,.T.);
#4349=EDGE_CURVE('',#5282,#5280,#5283,.T.);
#4350=EDGE_CURVE('',#5284,#5282,#5285,.T.);
#4351=EDGE_CURVE('',#5286,#5284,#5287,.T.);
#4352=EDGE_CURVE('',#5288,#5286,#5289,.T.);
#4353=EDGE_CURVE('',#5290,#5288,#5291,.T.);
#4354=EDGE_CURVE('',#5292,#5290,#5293,.T.);
#4355=EDGE_CURVE('',#5294,#5292,#5295,.T.);
#4356=EDGE_CURVE('',#5296,#5294,#5297,.T.);
#4357=EDGE_CURVE('',#5298,#5296,#5299,.T.);
#4358=EDGE_CURVE('',#5300,#5298,#5301,.T.);
#4359=EDGE_CURVE('',#5302,#5300,#5303,.T.);
#4360=EDGE_CURVE('',#5304,#5302,#5305,.T.);
#4361=EDGE_CURVE('',#5306,#5304,#5307,.T.);
#4362=EDGE_CURVE('',#5269,#5306,#5308,.T.);
#4363=EDGE_CURVE('',#5309,#5310,#5311,.T.);
#4364=EDGE_CURVE('',#5312,#5309,#5313,.T.);
#4365=EDGE_CURVE('',#5314,#5312,#5315,.T.);
#4366=EDGE_CURVE('',#5310,#5314,#5316,.T.);
#4367=EDGE_CURVE('',#5317,#5318,#5319,.T.);
#4368=EDGE_CURVE('',#5320,#5317,#5321,.T.);
#4369=EDGE_CURVE('',#5322,#5320,#5323,.T.);
#4370=EDGE_CURVE('',#5318,#5322,#5324,.T.);
#4371=EDGE_CURVE('',#5325,#5326,#5327,.T.);
#4372=EDGE_CURVE('',#5328,#5325,#5329,.T.);
#4373=EDGE_CURVE('',#5330,#5328,#5331,.T.);
#4374=EDGE_CURVE('',#5326,#5330,#5332,.T.);
#4375=EDGE_CURVE('',#5333,#5334,#5335,.T.);
#4376=EDGE_CURVE('',#5336,#5333,#5337,.T.);
#4377=EDGE_CURVE('',#5338,#5336,#5339,.T.);
#4378=EDGE_CURVE('',#5340,#5338,#5341,.T.);
#4379=EDGE_CURVE('',#5342,#5340,#5343,.T.);
#4380=EDGE_CURVE('',#5344,#5342,#5345,.T.);
#4381=EDGE_CURVE('',#5346,#5344,#5347,.T.);
#4382=EDGE_CURVE('',#5346,#5334,#5348,.T.);
#4383=EDGE_CURVE('',#5349,#5350,#5351,.T.);
#4384=EDGE_CURVE('',#5352,#5349,#5353,.T.);
#4385=EDGE_CURVE('',#5354,#5352,#5355,.T.);
#4386=EDGE_CURVE('',#5350,#5354,#5356,.T.);
#4387=EDGE_CURVE('',#5354,#5357,#5358,.T.);
#4388=EDGE_CURVE('',#5359,#5357,#5360,.T.);
#4389=EDGE_CURVE('',#5350,#5359,#5361,.T.);
#4390=EDGE_CURVE('',#5362,#5359,#5363,.T.);
#4391=EDGE_CURVE('',#5349,#5362,#5364,.T.);
#4392=EDGE_CURVE('',#5365,#5362,#5366,.T.);
#4393=EDGE_CURVE('',#5352,#5365,#5367,.T.);
#4394=EDGE_CURVE('',#5357,#5365,#5368,.T.);
#4395=EDGE_CURVE('',#5369,#5370,#5371,.T.);
#4396=EDGE_CURVE('',#5370,#5372,#5373,.T.);
#4397=EDGE_CURVE('',#5374,#5372,#5375,.T.);
#4398=EDGE_CURVE('',#5369,#5374,#5376,.T.);
#4399=EDGE_CURVE('',#5377,#5378,#5379,.T.);
#4400=EDGE_CURVE('',#5378,#5380,#5381,.T.);
#4401=EDGE_CURVE('',#5380,#5382,#5383,.T.);
#4402=EDGE_CURVE('',#5382,#5377,#5384,.T.);
#4403=EDGE_CURVE('',#5385,#5386,#5387,.T.);
#4404=EDGE_CURVE('',#5388,#5386,#5389,.T.);
#4405=EDGE_CURVE('',#5390,#5388,#5391,.T.);
#4406=EDGE_CURVE('',#5390,#5385,#5392,.T.);
#4407=EDGE_CURVE('',#5314,#5377,#5393,.T.);
#4408=EDGE_CURVE('',#5310,#5382,#5394,.T.);
#4409=EDGE_CURVE('',#5309,#5380,#5395,.T.);
#4410=EDGE_CURVE('',#5312,#5378,#5396,.T.);
#4411=EDGE_CURVE('',#5370,#5397,#5398,.T.);
#4412=EDGE_CURVE('',#5399,#5369,#5400,.T.);
#4413=EDGE_CURVE('',#5399,#5397,#5401,.T.);
#4414=EDGE_CURVE('',#5385,#5402,#5403,.T.);
#4415=EDGE_CURVE('',#5404,#5390,#5405,.T.);
#4416=EDGE_CURVE('',#5404,#5402,#5406,.T.);
#4417=EDGE_CURVE('',#5407,#5408,#5409,.T.);
#4418=EDGE_CURVE('',#5410,#5407,#5411,.T.);
#4419=EDGE_CURVE('',#5412,#5410,#5413,.T.);
#4420=EDGE_CURVE('',#5412,#5414,#5415,.T.);
#4421=EDGE_CURVE('',#5416,#5414,#5417,.T.);
#4422=EDGE_CURVE('',#5418,#5416,#5419,.T.);
#4423=EDGE_CURVE('',#5420,#5418,#5421,.T.);
#4424=EDGE_CURVE('',#5420,#5408,#5422,.T.);
#4425=EDGE_CURVE('',#5423,#5424,#5425,.T.);
#4426=EDGE_CURVE('',#5426,#5423,#5427,.T.);
#4427=EDGE_CURVE('',#5428,#5426,#5429,.T.);
#4428=EDGE_CURVE('',#5428,#5430,#5431,.T.);
#4429=EDGE_CURVE('',#5432,#5430,#5433,.T.);
#4430=EDGE_CURVE('',#5434,#5432,#5435,.T.);
#4431=EDGE_CURVE('',#5436,#5434,#5437,.T.);
#4432=EDGE_CURVE('',#5436,#5424,#5438,.T.);
#4433=EDGE_CURVE('',#5397,#5439,#5440,.T.);
#4434=EDGE_CURVE('',#5441,#5399,#5442,.T.);
#4435=EDGE_CURVE('',#5441,#5439,#5443,.T.);
#4436=EDGE_CURVE('',#5444,#5441,#5445,.T.);
#4437=EDGE_CURVE('',#5446,#5444,#5447,.T.);
#4438=EDGE_CURVE('',#5446,#5439,#5448,.T.);
#4439=EDGE_CURVE('',#5446,#5449,#5450,.T.);
#4440=EDGE_CURVE('',#5449,#5397,#5451,.T.);
#4441=EDGE_CURVE('',#5452,#5453,#5454,.T.);
#4442=EDGE_CURVE('',#5416,#5452,#5455,.T.);
#4443=EDGE_CURVE('',#5414,#5453,#5456,.T.);
#4444=EDGE_CURVE('',#5372,#5449,#5457,.T.);
#4445=EDGE_CURVE('',#5261,#5236,#5458,.T.);
#4446=EDGE_CURVE('',#5428,#5459,#5460,.T.);
#4447=EDGE_CURVE('',#5459,#5461,#5462,.T.);
#4448=EDGE_CURVE('',#5430,#5461,#5463,.T.);
#4449=EDGE_CURVE('',#5464,#5453,#5465,.T.);
#4450=EDGE_CURVE('',#5412,#5464,#5466,.T.);
#4451=EDGE_CURVE('',#5467,#5468,#5469,.T.);
#4452=EDGE_CURVE('',#5468,#5470,#5471,.T.);
#4453=EDGE_CURVE('',#5472,#5470,#5473,.T.);
#4454=EDGE_CURVE('',#5467,#5472,#5474,.T.);
#4455=EDGE_CURVE('',#5475,#5476,#5477,.T.);
#4456=EDGE_CURVE('',#5476,#5478,#5479,.T.);
#4457=EDGE_CURVE('',#5480,#5478,#5481,.T.);
#4458=EDGE_CURVE('',#5475,#5480,#5482,.T.);
#4459=EDGE_CURVE('',#5483,#5484,#5485,.T.);
#4460=EDGE_CURVE('',#5484,#5486,#5487,.T.);
#4461=EDGE_CURVE('',#5488,#5486,#5489,.T.);
#4462=EDGE_CURVE('',#5483,#5488,#5490,.T.);
#4463=EDGE_CURVE('',#5491,#5492,#5493,.T.);
#4464=EDGE_CURVE('',#5492,#5494,#5495,.T.);
#4465=EDGE_CURVE('',#5496,#5494,#5497,.T.);
#4466=EDGE_CURVE('',#5491,#5496,#5498,.T.);
#4467=EDGE_CURVE('',#5499,#5500,#5501,.T.);
#4468=EDGE_CURVE('',#5500,#5502,#5503,.T.);
#4469=EDGE_CURVE('',#5504,#5502,#5505,.T.);
#4470=EDGE_CURVE('',#5499,#5504,#5506,.T.);
#4471=EDGE_CURVE('',#5507,#5508,#5509,.T.);
#4472=EDGE_CURVE('',#5508,#5510,#5511,.T.);
#4473=EDGE_CURVE('',#5512,#5510,#5513,.T.);
#4474=EDGE_CURVE('',#5507,#5512,#5514,.T.);
#4475=EDGE_CURVE('',#5515,#5516,#5517,.T.);
#4476=EDGE_CURVE('',#5274,#5516,#5518,.T.);
#4477=EDGE_CURVE('',#5271,#5519,#5520,.T.);
#4478=EDGE_CURVE('',#5519,#5521,#5522,.T.);
#4479=EDGE_CURVE('',#5521,#5515,#5523,.T.);
#4480=EDGE_CURVE('',#5524,#5521,#5525,.T.);
#4481=EDGE_CURVE('',#5524,#5526,#5527,.T.);
#4482=EDGE_CURVE('',#5526,#5528,#5529,.T.);
#4483=EDGE_CURVE('',#5528,#5530,#5531,.T.);
#4484=EDGE_CURVE('',#5532,#5530,#5533,.T.);
#4485=EDGE_CURVE('',#5532,#5534,#5535,.T.);
#4486=EDGE_CURVE('',#5515,#5534,#5536,.T.);
#4487=EDGE_CURVE('',#5537,#5534,#5538,.T.);
#4488=EDGE_CURVE('',#5516,#5537,#5539,.T.);
#4489=EDGE_CURVE('',#5540,#5541,#5542,.T.);
#4490=EDGE_CURVE('',#5541,#5276,#5543,.T.);
#4491=EDGE_CURVE('',#5537,#5540,#5544,.T.);
#4492=EDGE_CURVE('',#5537,#5545,#5546,.T.);
#4493=EDGE_CURVE('',#5545,#5547,#5548,.T.);
#4494=EDGE_CURVE('',#5540,#5547,#5549,.T.);
#4495=EDGE_CURVE('',#5550,#5547,#5551,.T.);
#4496=EDGE_CURVE('',#5550,#5552,#5553,.T.);
#4497=EDGE_CURVE('',#5552,#5554,#5555,.T.);
#4498=EDGE_CURVE('',#5554,#5541,#5556,.T.);
#4499=EDGE_CURVE('',#5557,#5558,#5559,.T.);
#4500=EDGE_CURVE('',#5278,#5557,#5560,.T.);
#4501=EDGE_CURVE('',#5554,#5268,#5561,.T.);
#4502=EDGE_CURVE('',#5269,#5558,#5562,.T.);
#4503=EDGE_CURVE('',#5306,#5563,#5564,.T.);
#4504=EDGE_CURVE('',#5565,#5563,#5566,.T.);
#4505=EDGE_CURVE('',#5558,#5565,#5567,.T.);
#4506=EDGE_CURVE('',#5568,#5569,#5570,.T.);
#4507=EDGE_CURVE('',#5569,#5571,#5572,.T.);
#4508=EDGE_CURVE('',#5571,#5573,#5574,.T.);
#4509=EDGE_CURVE('',#5575,#5573,#5576,.T.);
#4510=EDGE_CURVE('',#5577,#5575,#5578,.T.);
#4511=EDGE_CURVE('',#5557,#5577,#5579,.T.);
#4512=EDGE_CURVE('',#5580,#5565,#5581,.T.);
#4513=EDGE_CURVE('',#5580,#5568,#5582,.T.);
#4514=EDGE_CURVE('',#5526,#5583,#5584,.T.);
#4515=EDGE_CURVE('',#5583,#5585,#5586,.T.);
#4516=EDGE_CURVE('',#5585,#5568,#5587,.T.);
#4517=EDGE_CURVE('',#5528,#5580,#5588,.T.);
#4518=EDGE_CURVE('',#5580,#5575,#5589,.T.);
#4519=EDGE_CURVE('',#5575,#5530,#5590,.T.);
#4520=EDGE_CURVE('',#5591,#5573,#5592,.T.);
#4521=EDGE_CURVE('',#5593,#5591,#5594,.T.);
#4522=EDGE_CURVE('',#5532,#5593,#5595,.T.);
#4523=EDGE_CURVE('',#5593,#5545,#5596,.T.);
#4524=EDGE_CURVE('',#5534,#5545,#5597,.T.);
#4525=EDGE_CURVE('',#5598,#5583,#5599,.T.);
#4526=EDGE_CURVE('',#5598,#5524,#5600,.T.);
#4527=EDGE_CURVE('',#5601,#5591,#5602,.T.);
#4528=EDGE_CURVE('',#5603,#5601,#5604,.T.);
#4529=EDGE_CURVE('',#5585,#5603,#5605,.T.);
#4530=EDGE_CURVE('',#5550,#5598,#5606,.T.);
#4531=EDGE_CURVE('',#5607,#5598,#5608,.T.);
#4532=EDGE_CURVE('',#5552,#5607,#5609,.T.);
#4533=EDGE_CURVE('',#5607,#5519,#5610,.T.);
#4534=EDGE_CURVE('',#5607,#5524,#5611,.T.);
#4535=EDGE_CURVE('',#5603,#5569,#5612,.T.);
#4536=EDGE_CURVE('',#5601,#5571,#5613,.T.);
#4537=EDGE_CURVE('',#5563,#5614,#5615,.T.);
#4538=EDGE_CURVE('',#5614,#5616,#5617,.T.);
#4539=EDGE_CURVE('',#5616,#5618,#5619,.T.);
#4540=EDGE_CURVE('',#5618,#5620,#5621,.T.);
#4541=EDGE_CURVE('',#5622,#5620,#5623,.T.);
#4542=EDGE_CURVE('',#5622,#5577,#5624,.T.);
#4543=EDGE_CURVE('',#5280,#5622,#5625,.T.);
#4544=EDGE_CURVE('',#5290,#5620,#5626,.T.);
#4545=EDGE_CURVE('',#5288,#5627,#5628,.T.);
#4546=EDGE_CURVE('',#5629,#5627,#5630,.T.);
#4547=EDGE_CURVE('',#5282,#5629,#5631,.T.);
#4548=EDGE_CURVE('',#5632,#5629,#5633,.T.);
#4549=EDGE_CURVE('',#5284,#5632,#5634,.T.);
#4550=EDGE_CURVE('',#5635,#5632,#5636,.T.);
#4551=EDGE_CURVE('',#5286,#5635,#5637,.T.);
#4552=EDGE_CURVE('',#5627,#5635,#5638,.T.);
#4553=EDGE_CURVE('',#5639,#5640,#5641,.T.);
#4554=EDGE_CURVE('',#5642,#5640,#5643,.T.);
#4555=EDGE_CURVE('',#5644,#5642,#5645,.T.);
#4556=EDGE_CURVE('',#5644,#5639,#5646,.T.);
#4557=EDGE_CURVE('',#5647,#5648,#5649,.T.);
#4558=EDGE_CURVE('',#5648,#5650,#5651,.T.);
#4559=EDGE_CURVE('',#5650,#5652,#5653,.T.);
#4560=EDGE_CURVE('',#5652,#5647,#5654,.T.);
#4561=EDGE_CURVE('',#5655,#5656,#5657,.T.);
#4562=EDGE_CURVE('',#5658,#5656,#5659,.T.);
#4563=EDGE_CURVE('',#5660,#5658,#5661,.T.);
#4564=EDGE_CURVE('',#5660,#5655,#5662,.T.);
#4565=EDGE_CURVE('',#5322,#5647,#5663,.T.);
#4566=EDGE_CURVE('',#5318,#5652,#5664,.T.);
#4567=EDGE_CURVE('',#5317,#5650,#5665,.T.);
#4568=EDGE_CURVE('',#5320,#5648,#5666,.T.);
#4569=EDGE_CURVE('',#5639,#5667,#5668,.T.);
#4570=EDGE_CURVE('',#5669,#5644,#5670,.T.);
#4571=EDGE_CURVE('',#5669,#5667,#5671,.T.);
#4572=EDGE_CURVE('',#5672,#5673,#5674,.T.);
#4573=EDGE_CURVE('',#5675,#5672,#5676,.T.);
#4574=EDGE_CURVE('',#5475,#5675,#5677,.T.);
#4575=EDGE_CURVE('',#5678,#5480,#5679,.T.);
#4576=EDGE_CURVE('',#5680,#5678,#5681,.T.);
#4577=EDGE_CURVE('',#5682,#5680,#5683,.T.);
#4578=EDGE_CURVE('',#5682,#5673,#5684,.T.);
#4579=EDGE_CURVE('',#5685,#5686,#5687,.T.);
#4580=EDGE_CURVE('',#5688,#5685,#5689,.T.);
#4581=EDGE_CURVE('',#5467,#5688,#5690,.T.);
#4582=EDGE_CURVE('',#5691,#5472,#5692,.T.);
#4583=EDGE_CURVE('',#5693,#5691,#5694,.T.);
#4584=EDGE_CURVE('',#5695,#5693,#5696,.T.);
#4585=EDGE_CURVE('',#5695,#5686,#5697,.T.);
#4586=EDGE_CURVE('',#5655,#5698,#5699,.T.);
#4587=EDGE_CURVE('',#5700,#5660,#5701,.T.);
#4588=EDGE_CURVE('',#5700,#5698,#5702,.T.);
#4589=EDGE_CURVE('',#5667,#5703,#5704,.T.);
#4590=EDGE_CURVE('',#5705,#5669,#5706,.T.);
#4591=EDGE_CURVE('',#5705,#5703,#5707,.T.);
#4592=EDGE_CURVE('',#5708,#5705,#5709,.T.);
#4593=EDGE_CURVE('',#5710,#5708,#5711,.T.);
#4594=EDGE_CURVE('',#5710,#5703,#5712,.T.);
#4595=EDGE_CURVE('',#5710,#5713,#5714,.T.);
#4596=EDGE_CURVE('',#5713,#5667,#5715,.T.);
#4597=EDGE_CURVE('',#5716,#5478,#5717,.T.);
#4598=EDGE_CURVE('',#5678,#5716,#5718,.T.);
#4599=EDGE_CURVE('',#5640,#5713,#5719,.T.);
#4600=EDGE_CURVE('',#5720,#5716,#5721,.T.);
#4601=EDGE_CURVE('',#5680,#5720,#5722,.T.);
#4602=EDGE_CURVE('',#5723,#5720,#5724,.T.);
#4603=EDGE_CURVE('',#5723,#5682,#5725,.T.);
#4604=EDGE_CURVE('',#5723,#5726,#5727,.T.);
#4605=EDGE_CURVE('',#5726,#5728,#5729,.T.);
#4606=EDGE_CURVE('',#5728,#5682,#5730,.T.);
#4607=EDGE_CURVE('',#5728,#5731,#5732,.T.);
#4608=EDGE_CURVE('',#5731,#5673,#5733,.T.);
#4609=EDGE_CURVE('',#5734,#5731,#5735,.T.);
#4610=EDGE_CURVE('',#5734,#5736,#5737,.T.);
#4611=EDGE_CURVE('',#5736,#5673,#5738,.T.);
#4612=EDGE_CURVE('',#5739,#5736,#5740,.T.);
#4613=EDGE_CURVE('',#5672,#5739,#5741,.T.);
#4614=EDGE_CURVE('',#5742,#5739,#5743,.T.);
#4615=EDGE_CURVE('',#5675,#5742,#5744,.T.);
#4616=EDGE_CURVE('',#5476,#5742,#5745,.T.);
#4617=EDGE_CURVE('',#5746,#5642,#5747,.T.);
#4618=EDGE_CURVE('',#5746,#5669,#5748,.T.);
#4619=EDGE_CURVE('',#5713,#5746,#5749,.T.);
#4620=EDGE_CURVE('',#5736,#5723,#5750,.T.);
#4621=EDGE_CURVE('',#5751,#5752,#5753,.T.);
#4622=EDGE_CURVE('',#5752,#5754,#5755,.T.);
#4623=EDGE_CURVE('',#5754,#5470,#5756,.T.);
#4624=EDGE_CURVE('',#5468,#5757,#5758,.T.);
#4625=EDGE_CURVE('',#5757,#5759,#5760,.T.);
#4626=EDGE_CURVE('',#5759,#5761,#5762,.T.);
#4627=EDGE_CURVE('',#5761,#5751,#5763,.T.);
#4628=EDGE_CURVE('',#5764,#5658,#5765,.T.);
#4629=EDGE_CURVE('',#5656,#5766,#5767,.T.);
#4630=EDGE_CURVE('',#5766,#5764,#5768,.T.);
#4631=EDGE_CURVE('',#5746,#5708,#5769,.T.);
#4632=EDGE_CURVE('',#5734,#5726,#5770,.T.);
#4633=EDGE_CURVE('',#5751,#5771,#5772,.T.);
#4634=EDGE_CURVE('',#5773,#5761,#5774,.T.);
#4635=EDGE_CURVE('',#5773,#5771,#5775,.T.);
#4636=EDGE_CURVE('',#5773,#5776,#5777,.T.);
#4637=EDGE_CURVE('',#5778,#5776,#5779,.T.);
#4638=EDGE_CURVE('',#5771,#5778,#5780,.T.);
#4639=EDGE_CURVE('',#5778,#5695,#5781,.T.);
#4640=EDGE_CURVE('',#5751,#5695,#5782,.T.);
#4641=EDGE_CURVE('',#5693,#5752,#5783,.T.);
#4642=EDGE_CURVE('',#5691,#5754,#5784,.T.);
#4643=EDGE_CURVE('',#5766,#5698,#5785,.T.);
#4644=EDGE_CURVE('',#5786,#5698,#5787,.T.);
#4645=EDGE_CURVE('',#5788,#5786,#5789,.T.);
#4646=EDGE_CURVE('',#5788,#5766,#5790,.T.);
#4647=EDGE_CURVE('',#5791,#5764,#5792,.T.);
#4648=EDGE_CURVE('',#5788,#5791,#5793,.T.);
#4649=EDGE_CURVE('',#5794,#5786,#5795,.T.);
#4650=EDGE_CURVE('',#5791,#5794,#5796,.T.);
#4651=EDGE_CURVE('',#5794,#5700,#5797,.T.);
#4652=EDGE_CURVE('',#5764,#5700,#5798,.T.);
#4653=EDGE_CURVE('',#5688,#5757,#5799,.T.);
#4654=EDGE_CURVE('',#5685,#5759,#5800,.T.);
#4655=EDGE_CURVE('',#5761,#5686,#5801,.T.);
#4656=EDGE_CURVE('',#5776,#5686,#5802,.T.);
#4657=EDGE_CURVE('',#5292,#5618,#5803,.T.);
#4658=EDGE_CURVE('',#5294,#5616,#5804,.T.);
#4659=EDGE_CURVE('',#5296,#5614,#5805,.T.);
#4660=EDGE_CURVE('',#5304,#5806,#5807,.T.);
#4661=EDGE_CURVE('',#5808,#5806,#5809,.T.);
#4662=EDGE_CURVE('',#5298,#5808,#5810,.T.);
#4663=EDGE_CURVE('',#5811,#5808,#5812,.T.);
#4664=EDGE_CURVE('',#5300,#5811,#5813,.T.);
#4665=EDGE_CURVE('',#5814,#5811,#5815,.T.);
#4666=EDGE_CURVE('',#5302,#5814,#5816,.T.);
#4667=EDGE_CURVE('',#5806,#5814,#5817,.T.);
#4668=EDGE_CURVE('',#5818,#5819,#5820,.T.);
#4669=EDGE_CURVE('',#5821,#5819,#5822,.T.);
#4670=EDGE_CURVE('',#5823,#5821,#5824,.T.);
#4671=EDGE_CURVE('',#5823,#5818,#5825,.T.);
#4672=EDGE_CURVE('',#5826,#5827,#5828,.T.);
#4673=EDGE_CURVE('',#5827,#5829,#5830,.T.);
#4674=EDGE_CURVE('',#5829,#5831,#5832,.T.);
#4675=EDGE_CURVE('',#5831,#5826,#5833,.T.);
#4676=EDGE_CURVE('',#5834,#5835,#5836,.T.);
#4677=EDGE_CURVE('',#5837,#5835,#5838,.T.);
#4678=EDGE_CURVE('',#5839,#5837,#5840,.T.);
#4679=EDGE_CURVE('',#5839,#5834,#5841,.T.);
#4680=EDGE_CURVE('',#5330,#5826,#5842,.T.);
#4681=EDGE_CURVE('',#5326,#5831,#5843,.T.);
#4682=EDGE_CURVE('',#5325,#5829,#5844,.T.);
#4683=EDGE_CURVE('',#5328,#5827,#5845,.T.);
#4684=EDGE_CURVE('',#5818,#5846,#5847,.T.);
#4685=EDGE_CURVE('',#5848,#5823,#5849,.T.);
#4686=EDGE_CURVE('',#5848,#5846,#5850,.T.);
#4687=EDGE_CURVE('',#5851,#5852,#5853,.T.);
#4688=EDGE_CURVE('',#5854,#5851,#5855,.T.);
#4689=EDGE_CURVE('',#5491,#5854,#5856,.T.);
#4690=EDGE_CURVE('',#5857,#5496,#5858,.T.);
#4691=EDGE_CURVE('',#5859,#5857,#5860,.T.);
#4692=EDGE_CURVE('',#5861,#5859,#5862,.T.);
#4693=EDGE_CURVE('',#5861,#5852,#5863,.T.);
#4694=EDGE_CURVE('',#5864,#5865,#5866,.T.);
#4695=EDGE_CURVE('',#5867,#5864,#5868,.T.);
#4696=EDGE_CURVE('',#5483,#5867,#5869,.T.);
#4697=EDGE_CURVE('',#5870,#5488,#5871,.T.);
#4698=EDGE_CURVE('',#5872,#5870,#5873,.T.);
#4699=EDGE_CURVE('',#5874,#5872,#5875,.T.);
#4700=EDGE_CURVE('',#5874,#5865,#5876,.T.);
#4701=EDGE_CURVE('',#5834,#5877,#5878,.T.);
#4702=EDGE_CURVE('',#5879,#5839,#5880,.T.);
#4703=EDGE_CURVE('',#5879,#5877,#5881,.T.);
#4704=EDGE_CURVE('',#5846,#5882,#5883,.T.);
#4705=EDGE_CURVE('',#5884,#5848,#5885,.T.);
#4706=EDGE_CURVE('',#5884,#5882,#5886,.T.);
#4707=EDGE_CURVE('',#5887,#5884,#5888,.T.);
#4708=EDGE_CURVE('',#5889,#5887,#5890,.T.);
#4709=EDGE_CURVE('',#5889,#5882,#5891,.T.);
#4710=EDGE_CURVE('',#5889,#5892,#5893,.T.);
#4711=EDGE_CURVE('',#5892,#5846,#5894,.T.);
#4712=EDGE_CURVE('',#5895,#5494,#5896,.T.);
#4713=EDGE_CURVE('',#5857,#5895,#5897,.T.);
#4714=EDGE_CURVE('',#5819,#5892,#5898,.T.);
#4715=EDGE_CURVE('',#5899,#5895,#5900,.T.);
#4716=EDGE_CURVE('',#5859,#5899,#5901,.T.);
#4717=EDGE_CURVE('',#5902,#5899,#5903,.T.);
#4718=EDGE_CURVE('',#5902,#5861,#5904,.T.);
#4719=EDGE_CURVE('',#5902,#5905,#5906,.T.);
#4720=EDGE_CURVE('',#5905,#5907,#5908,.T.);
#4721=EDGE_CURVE('',#5907,#5861,#5909,.T.);
#4722=EDGE_CURVE('',#5907,#5910,#5911,.T.);
#4723=EDGE_CURVE('',#5910,#5852,#5912,.T.);
#4724=EDGE_CURVE('',#5913,#5910,#5914,.T.);
#4725=EDGE_CURVE('',#5913,#5915,#5916,.T.);
#4726=EDGE_CURVE('',#5915,#5852,#5917,.T.);
#4727=EDGE_CURVE('',#5918,#5915,#5919,.T.);
#4728=EDGE_CURVE('',#5851,#5918,#5920,.T.);
#4729=EDGE_CURVE('',#5921,#5918,#5922,.T.);
#4730=EDGE_CURVE('',#5854,#5921,#5923,.T.);
#4731=EDGE_CURVE('',#5492,#5921,#5924,.T.);
#4732=EDGE_CURVE('',#5925,#5821,#5926,.T.);
#4733=EDGE_CURVE('',#5925,#5848,#5927,.T.);
#4734=EDGE_CURVE('',#5892,#5925,#5928,.T.);
#4735=EDGE_CURVE('',#5915,#5902,#5929,.T.);
#4736=EDGE_CURVE('',#5930,#5931,#5932,.T.);
#4737=EDGE_CURVE('',#5931,#5933,#5934,.T.);
#4738=EDGE_CURVE('',#5933,#5486,#5935,.T.);
#4739=EDGE_CURVE('',#5484,#5936,#5937,.T.);
#4740=EDGE_CURVE('',#5936,#5938,#5939,.T.);
#4741=EDGE_CURVE('',#5938,#5940,#5941,.T.);
#4742=EDGE_CURVE('',#5940,#5930,#5942,.T.);
#4743=EDGE_CURVE('',#5943,#5837,#5944,.T.);
#4744=EDGE_CURVE('',#5835,#5945,#5946,.T.);
#4745=EDGE_CURVE('',#5945,#5943,#5947,.T.);
#4746=EDGE_CURVE('',#5925,#5887,#5948,.T.);
#4747=EDGE_CURVE('',#5913,#5905,#5949,.T.);
#4748=EDGE_CURVE('',#5930,#5950,#5951,.T.);
#4749=EDGE_CURVE('',#5952,#5940,#5953,.T.);
#4750=EDGE_CURVE('',#5952,#5950,#5954,.T.);
#4751=EDGE_CURVE('',#5952,#5955,#5956,.T.);
#4752=EDGE_CURVE('',#5957,#5955,#5958,.T.);
#4753=EDGE_CURVE('',#5950,#5957,#5959,.T.);
#4754=EDGE_CURVE('',#5957,#5874,#5960,.T.);
#4755=EDGE_CURVE('',#5930,#5874,#5961,.T.);
#4756=EDGE_CURVE('',#5872,#5931,#5962,.T.);
#4757=EDGE_CURVE('',#5870,#5933,#5963,.T.);
#4758=EDGE_CURVE('',#5945,#5877,#5964,.T.);
#4759=EDGE_CURVE('',#5965,#5877,#5966,.T.);
#4760=EDGE_CURVE('',#5967,#5965,#5968,.T.);
#4761=EDGE_CURVE('',#5967,#5945,#5969,.T.);
#4762=EDGE_CURVE('',#5970,#5943,#5971,.T.);
#4763=EDGE_CURVE('',#5967,#5970,#5972,.T.);
#4764=EDGE_CURVE('',#5973,#5965,#5974,.T.);
#4765=EDGE_CURVE('',#5970,#5973,#5975,.T.);
#4766=EDGE_CURVE('',#5973,#5879,#5976,.T.);
#4767=EDGE_CURVE('',#5943,#5879,#5977,.T.);
#4768=EDGE_CURVE('',#5867,#5936,#5978,.T.);
#4769=EDGE_CURVE('',#5864,#5938,#5979,.T.);
#4770=EDGE_CURVE('',#5940,#5865,#5980,.T.);
#4771=EDGE_CURVE('',#5955,#5865,#5981,.T.);
#4772=EDGE_CURVE('',#5982,#5461,#5983,.T.);
#4773=EDGE_CURVE('',#5432,#5982,#5984,.T.);
#4774=EDGE_CURVE('',#5386,#5985,#5986,.T.);
#4775=EDGE_CURVE('',#5985,#5402,#5987,.T.);
#4776=EDGE_CURVE('',#5988,#5982,#5989,.T.);
#4777=EDGE_CURVE('',#5434,#5988,#5990,.T.);
#4778=EDGE_CURVE('',#5991,#5988,#5992,.T.);
#4779=EDGE_CURVE('',#5991,#5436,#5993,.T.);
#4780=EDGE_CURVE('',#5994,#5991,#5995,.T.);
#4781=EDGE_CURVE('',#5994,#5996,#5997,.T.);
#4782=EDGE_CURVE('',#5996,#5436,#5998,.T.);
#4783=EDGE_CURVE('',#5996,#5999,#6000,.T.);
#4784=EDGE_CURVE('',#5999,#5424,#6001,.T.);
#4785=EDGE_CURVE('',#6002,#5999,#6003,.T.);
#4786=EDGE_CURVE('',#6002,#6004,#6005,.T.);
#4787=EDGE_CURVE('',#6004,#5424,#6006,.T.);
#4788=EDGE_CURVE('',#6007,#6004,#6008,.T.);
#4789=EDGE_CURVE('',#5423,#6007,#6009,.T.);
#4790=EDGE_CURVE('',#6010,#6007,#6011,.T.);
#4791=EDGE_CURVE('',#5426,#6010,#6012,.T.);
#4792=EDGE_CURVE('',#5459,#6010,#6013,.T.);
#4793=EDGE_CURVE('',#6014,#5388,#6015,.T.);
#4794=EDGE_CURVE('',#6014,#5404,#6016,.T.);
#4795=EDGE_CURVE('',#6017,#5374,#6018,.T.);
#4796=EDGE_CURVE('',#5449,#6017,#6019,.T.);
#4797=EDGE_CURVE('',#5985,#6014,#6020,.T.);
#4798=EDGE_CURVE('',#6021,#6022,#6023,.T.);
#4799=EDGE_CURVE('',#6022,#5452,#6024,.T.);
#4800=EDGE_CURVE('',#5464,#6025,#6026,.T.);
#4801=EDGE_CURVE('',#6025,#6027,#6028,.T.);
#4802=EDGE_CURVE('',#6027,#6029,#6030,.T.);
#4803=EDGE_CURVE('',#6029,#6021,#6031,.T.);
#4804=EDGE_CURVE('',#6004,#5991,#6032,.T.);
#4805=EDGE_CURVE('',#6017,#5444,#6033,.T.);
#4806=EDGE_CURVE('',#6017,#5399,#6034,.T.);
#4807=EDGE_CURVE('',#5410,#6025,#6035,.T.);
#4808=EDGE_CURVE('',#5407,#6027,#6036,.T.);
#4809=EDGE_CURVE('',#6029,#5408,#6037,.T.);
#4810=EDGE_CURVE('',#6038,#6039,#6040,.T.);
#4811=EDGE_CURVE('',#6038,#6029,#6041,.T.);
#4812=EDGE_CURVE('',#6039,#5408,#6042,.T.);
#4813=EDGE_CURVE('',#6043,#5420,#6044,.T.);
#4814=EDGE_CURVE('',#6043,#6039,#6045,.T.);
#4815=EDGE_CURVE('',#6038,#6046,#6047,.T.);
#4816=EDGE_CURVE('',#6046,#6043,#6048,.T.);
#4817=EDGE_CURVE('',#6021,#5420,#6049,.T.);
#4818=EDGE_CURVE('',#6046,#6021,#6050,.T.);
#4819=EDGE_CURVE('',#5418,#6022,#6051,.T.);
#4820=EDGE_CURVE('',#6052,#6014,#6053,.T.);
#4821=EDGE_CURVE('',#6054,#5985,#6055,.T.);
#4822=EDGE_CURVE('',#6054,#6052,#6056,.T.);
#4823=EDGE_CURVE('',#6054,#6057,#6058,.T.);
#4824=EDGE_CURVE('',#6059,#6057,#6060,.T.);
#4825=EDGE_CURVE('',#6052,#6059,#6061,.T.);
#4826=EDGE_CURVE('',#6059,#5404,#6062,.T.);
#4827=EDGE_CURVE('',#6057,#5402,#6063,.T.);
#4828=EDGE_CURVE('',#6002,#5994,#6064,.T.);
#4829=EDGE_CURVE('',#6065,#6066,#6067,.T.);
#4830=EDGE_CURVE('',#6068,#6065,#6069,.T.);
#4831=EDGE_CURVE('',#6070,#6068,#6071,.T.);
#4832=EDGE_CURVE('',#6070,#6066,#6072,.T.);
#4833=EDGE_CURVE('',#6073,#6074,#6075,.T.);
#4834=EDGE_CURVE('',#6076,#6073,#6077,.T.);
#4835=EDGE_CURVE('',#5507,#6076,#6078,.T.);
#4836=EDGE_CURVE('',#6079,#5512,#6080,.T.);
#4837=EDGE_CURVE('',#6081,#6079,#6082,.T.);
#4838=EDGE_CURVE('',#6083,#6081,#6084,.T.);
#4839=EDGE_CURVE('',#6083,#6074,#6085,.T.);
#4840=EDGE_CURVE('',#6086,#6087,#6088,.T.);
#4841=EDGE_CURVE('',#6089,#6086,#6090,.T.);
#4842=EDGE_CURVE('',#5499,#6089,#6091,.T.);
#4843=EDGE_CURVE('',#6092,#5504,#6093,.T.);
#4844=EDGE_CURVE('',#6094,#6092,#6095,.T.);
#4845=EDGE_CURVE('',#6096,#6094,#6097,.T.);
#4846=EDGE_CURVE('',#6096,#6087,#6098,.T.);
#4847=EDGE_CURVE('',#6099,#6100,#6101,.T.);
#4848=EDGE_CURVE('',#6102,#6099,#6103,.T.);
#4849=EDGE_CURVE('',#6104,#6102,#6105,.T.);
#4850=EDGE_CURVE('',#6104,#6100,#6106,.T.);
#4851=EDGE_CURVE('',#6066,#6107,#6108,.T.);
#4852=EDGE_CURVE('',#6109,#6070,#6110,.T.);
#4853=EDGE_CURVE('',#6109,#6107,#6111,.T.);
#4854=EDGE_CURVE('',#6112,#6109,#6113,.T.);
#4855=EDGE_CURVE('',#6114,#6112,#6115,.T.);
#4856=EDGE_CURVE('',#6114,#6107,#6116,.T.);
#4857=EDGE_CURVE('',#6114,#6117,#6118,.T.);
#4858=EDGE_CURVE('',#6117,#6066,#6119,.T.);
#4859=EDGE_CURVE('',#6120,#5510,#6121,.T.);
#4860=EDGE_CURVE('',#6079,#6120,#6122,.T.);
#4861=EDGE_CURVE('',#6123,#6117,#6124,.T.);
#4862=EDGE_CURVE('',#6065,#6123,#6125,.T.);
#4863=EDGE_CURVE('',#6126,#6120,#6127,.T.);
#4864=EDGE_CURVE('',#6081,#6126,#6128,.T.);
#4865=EDGE_CURVE('',#6129,#6126,#6130,.T.);
#4866=EDGE_CURVE('',#6129,#6083,#6131,.T.);
#4867=EDGE_CURVE('',#6129,#6132,#6133,.T.);
#4868=EDGE_CURVE('',#6132,#6134,#6135,.T.);
#4869=EDGE_CURVE('',#6134,#6083,#6136,.T.);
#4870=EDGE_CURVE('',#6134,#6137,#6138,.T.);
#4871=EDGE_CURVE('',#6137,#6074,#6139,.T.);
#4872=EDGE_CURVE('',#6140,#6137,#6141,.T.);
#4873=EDGE_CURVE('',#6140,#6142,#6143,.T.);
#4874=EDGE_CURVE('',#6142,#6074,#6144,.T.);
#4875=EDGE_CURVE('',#6145,#6142,#6146,.T.);
#4876=EDGE_CURVE('',#6073,#6145,#6147,.T.);
#4877=EDGE_CURVE('',#6148,#6145,#6149,.T.);
#4878=EDGE_CURVE('',#6076,#6148,#6150,.T.);
#4879=EDGE_CURVE('',#5508,#6148,#6151,.T.);
#4880=EDGE_CURVE('',#6068,#6152,#6153,.T.);
#4881=EDGE_CURVE('',#6154,#6152,#6155,.T.);
#4882=EDGE_CURVE('',#6154,#6070,#6156,.T.);
#4883=EDGE_CURVE('',#6152,#6123,#6157,.T.);
#4884=EDGE_CURVE('',#6117,#6154,#6158,.T.);
#4885=EDGE_CURVE('',#6142,#6129,#6159,.T.);
#4886=EDGE_CURVE('',#6160,#6161,#6162,.T.);
#4887=EDGE_CURVE('',#6161,#6163,#6164,.T.);
#4888=EDGE_CURVE('',#6163,#5502,#6165,.T.);
#4889=EDGE_CURVE('',#5500,#6166,#6167,.T.);
#4890=EDGE_CURVE('',#6166,#6168,#6169,.T.);
#4891=EDGE_CURVE('',#6168,#6170,#6171,.T.);
#4892=EDGE_CURVE('',#6170,#6160,#6172,.T.);
#4893=EDGE_CURVE('',#6173,#6174,#6175,.T.);
#4894=EDGE_CURVE('',#6174,#6176,#6177,.T.);
#4895=EDGE_CURVE('',#6176,#6178,#6179,.T.);
#4896=EDGE_CURVE('',#6178,#6173,#6180,.T.);
#4897=EDGE_CURVE('',#6154,#6112,#6181,.T.);
#4898=EDGE_CURVE('',#6182,#6183,#6184,.T.);
#4899=EDGE_CURVE('',#6183,#6185,#6186,.T.);
#4900=EDGE_CURVE('',#6185,#6187,#6188,.T.);
#4901=EDGE_CURVE('',#6187,#6182,#6189,.T.);
#4902=EDGE_CURVE('',#6190,#6191,#6192,.T.);
#4903=EDGE_CURVE('',#6191,#6193,#6194,.T.);
#4904=EDGE_CURVE('',#6193,#6195,#6196,.T.);
#4905=EDGE_CURVE('',#6195,#6190,#6197,.T.);
#4906=EDGE_CURVE('',#6099,#6176,#6198,.T.);
#4907=EDGE_CURVE('',#6102,#6174,#6199,.T.);
#4908=EDGE_CURVE('',#6200,#6182,#6201,.T.);
#4909=EDGE_CURVE('',#5334,#6187,#6202,.T.);
#4910=EDGE_CURVE('',#5346,#6195,#6203,.T.);
#4911=EDGE_CURVE('',#6204,#6193,#6205,.T.);
#4912=EDGE_CURVE('',#6204,#6200,#6206,.T.);
#4913=EDGE_CURVE('',#6204,#6207,#6208,.T.);
#4914=EDGE_CURVE('',#6207,#6209,#6210,.T.);
#4915=EDGE_CURVE('',#6200,#6209,#6211,.T.);
#4916=EDGE_CURVE('',#5336,#6183,#6212,.T.);
#4917=EDGE_CURVE('',#6213,#6209,#6214,.T.);
#4918=EDGE_CURVE('',#5338,#6213,#6215,.T.);
#4919=EDGE_CURVE('',#6216,#6213,#6217,.T.);
#4920=EDGE_CURVE('',#5340,#6216,#6218,.T.);
#4921=EDGE_CURVE('',#6216,#6207,#6219,.T.);
#4922=EDGE_CURVE('',#5342,#6191,#6220,.T.);
#4923=EDGE_CURVE('',#5344,#6190,#6221,.T.);
#4924=EDGE_CURVE('',#5333,#6185,#6222,.T.);
#4925=EDGE_CURVE('',#6089,#6166,#6223,.T.);
#4926=EDGE_CURVE('',#6173,#6104,#6224,.T.);
#4927=EDGE_CURVE('',#6086,#6168,#6225,.T.);
#4928=EDGE_CURVE('',#6170,#6087,#6226,.T.);
#4929=EDGE_CURVE('',#6227,#6087,#6228,.T.);
#4930=EDGE_CURVE('',#6229,#6227,#6230,.T.);
#4931=EDGE_CURVE('',#6229,#6170,#6231,.T.);
#4932=EDGE_CURVE('',#6160,#6232,#6233,.T.);
#4933=EDGE_CURVE('',#6229,#6232,#6234,.T.);
#4934=EDGE_CURVE('',#6235,#6227,#6236,.T.);
#4935=EDGE_CURVE('',#6232,#6235,#6237,.T.);
#4936=EDGE_CURVE('',#6235,#6096,#6238,.T.);
#4937=EDGE_CURVE('',#6160,#6096,#6239,.T.);
#4938=EDGE_CURVE('',#6094,#6161,#6240,.T.);
#4939=EDGE_CURVE('',#6092,#6163,#6241,.T.);
#4940=EDGE_CURVE('',#6178,#6100,#6242,.T.);
#4941=EDGE_CURVE('',#6243,#6100,#6244,.T.);
#4942=EDGE_CURVE('',#6245,#6243,#6246,.T.);
#4943=EDGE_CURVE('',#6245,#6178,#6247,.T.);
#4944=EDGE_CURVE('',#6248,#6173,#6249,.T.);
#4945=EDGE_CURVE('',#6245,#6248,#6250,.T.);
#4946=EDGE_CURVE('',#6251,#6243,#6252,.T.);
#4947=EDGE_CURVE('',#6248,#6251,#6253,.T.);
#4948=EDGE_CURVE('',#6251,#6104,#6254,.T.);
#4949=EDGE_CURVE('',#6140,#6132,#6255,.T.);
#4950=EDGE_CURVE('',#5175,#6256,#6257,.T.);
#4951=EDGE_CURVE('',#5201,#6258,#6259,.T.);
#4952=EDGE_CURVE('',#6260,#6258,#6261,.T.);
#4953=EDGE_CURVE('',#6260,#6256,#6262,.T.);
#4954=EDGE_CURVE('',#6263,#6264,#6265,.T.);
#4955=EDGE_CURVE('',#6256,#6263,#6266,.T.);
#4956=EDGE_CURVE('',#6264,#6260,#6267,.T.);
#4957=EDGE_CURVE('',#6258,#6268,#6269,.T.);
#4958=EDGE_CURVE('',#6268,#5131,#6270,.T.);
#4959=EDGE_CURVE('',#5128,#6271,#6272,.T.);
#4960=EDGE_CURVE('',#6271,#6273,#6274,.T.);
#4961=EDGE_CURVE('',#6273,#6275,#6276,.T.);
#4962=EDGE_CURVE('',#6275,#6277,#6278,.T.);
#4963=EDGE_CURVE('',#6277,#6279,#6280,.T.);
#4964=EDGE_CURVE('',#6279,#6281,#6282,.T.);
#4965=EDGE_CURVE('',#6281,#6283,#6284,.T.);
#4966=EDGE_CURVE('',#6283,#6285,#6286,.T.);
#4967=EDGE_CURVE('',#6285,#5145,#6287,.T.);
#4968=EDGE_CURVE('',#5147,#6288,#6289,.T.);
#4969=EDGE_CURVE('',#6288,#6290,#6291,.T.);
#4970=EDGE_CURVE('',#6290,#6264,#6292,.T.);
#4971=EDGE_CURVE('',#5117,#6293,#6294,.T.);
#4972=EDGE_CURVE('',#6293,#6295,#6296,.T.);
#4973=EDGE_CURVE('',#6295,#6297,#6298,.T.);
#4974=EDGE_CURVE('',#6297,#6299,#6300,.T.);
#4975=EDGE_CURVE('',#6299,#6301,#6302,.T.);
#4976=EDGE_CURVE('',#6301,#6303,#6304,.T.);
#4977=EDGE_CURVE('',#6303,#5111,#6305,.T.);
#4978=EDGE_CURVE('',#5108,#6306,#6307,.T.);
#4979=EDGE_CURVE('',#6306,#6308,#6309,.T.);
#4980=EDGE_CURVE('',#6308,#6310,#6311,.T.);
#4981=EDGE_CURVE('',#6310,#6312,#6313,.T.);
#4982=EDGE_CURVE('',#6312,#6314,#6315,.T.);
#4983=EDGE_CURVE('',#6314,#6316,#6317,.T.);
#4984=EDGE_CURVE('',#6316,#6318,#6319,.T.);
#4985=EDGE_CURVE('',#6318,#6320,#6321,.T.);
#4986=EDGE_CURVE('',#6320,#5115,#6322,.T.);
#4987=EDGE_CURVE('',#5177,#6290,#6323,.T.);
#4988=EDGE_CURVE('',#5174,#6263,#6324,.T.);
#4989=EDGE_CURVE('',#5179,#6288,#6325,.T.);
#4990=EDGE_CURVE('',#6326,#6285,#6327,.T.);
#4991=EDGE_CURVE('',#5136,#6326,#6328,.T.);
#4992=EDGE_CURVE('',#5182,#6326,#6329,.T.);
#4993=EDGE_CURVE('',#5184,#6283,#6330,.T.);
#4994=EDGE_CURVE('',#5186,#6281,#6331,.T.);
#4995=EDGE_CURVE('',#5188,#6332,#6333,.T.);
#4996=EDGE_CURVE('',#6279,#6332,#6334,.T.);
#4997=EDGE_CURVE('',#6335,#6277,#6336,.T.);
#4998=EDGE_CURVE('',#6332,#6335,#6337,.T.);
#4999=EDGE_CURVE('',#5190,#6335,#6338,.T.);
#5000=EDGE_CURVE('',#5192,#6275,#6339,.T.);
#5001=EDGE_CURVE('',#5194,#6273,#6340,.T.);
#5002=EDGE_CURVE('',#5196,#6341,#6342,.T.);
#5003=EDGE_CURVE('',#6271,#6341,#6343,.T.);
#5004=EDGE_CURVE('',#6341,#5129,#6344,.T.);
#5005=EDGE_CURVE('',#5199,#6268,#6345,.T.);
#5006=EDGE_CURVE('',#6346,#6320,#6347,.T.);
#5007=EDGE_CURVE('',#5099,#6346,#6348,.T.);
#5008=EDGE_CURVE('',#5222,#6293,#6349,.T.);
#5009=EDGE_CURVE('',#5220,#6295,#6350,.T.);
#5010=EDGE_CURVE('',#5218,#6351,#6352,.T.);
#5011=EDGE_CURVE('',#6351,#6297,#6353,.T.);
#5012=EDGE_CURVE('',#6354,#6351,#6355,.T.);
#5013=EDGE_CURVE('',#6299,#6354,#6356,.T.);
#5014=EDGE_CURVE('',#5216,#6354,#6357,.T.);
#5015=EDGE_CURVE('',#5214,#6301,#6358,.T.);
#5016=EDGE_CURVE('',#5212,#6303,#6359,.T.);
#5017=EDGE_CURVE('',#6360,#5109,#6361,.T.);
#5018=EDGE_CURVE('',#6306,#6360,#6362,.T.);
#5019=EDGE_CURVE('',#5209,#6360,#6363,.T.);
#5020=EDGE_CURVE('',#5207,#6308,#6364,.T.);
#5021=EDGE_CURVE('',#5204,#6310,#6365,.T.);
#5022=EDGE_CURVE('',#5205,#6366,#6367,.T.);
#5023=EDGE_CURVE('',#6366,#6312,#6368,.T.);
#5024=EDGE_CURVE('',#6369,#6366,#6370,.T.);
#5025=EDGE_CURVE('',#6314,#6369,#6371,.T.);
#5026=EDGE_CURVE('',#5231,#6369,#6372,.T.);
#5027=EDGE_CURVE('',#5229,#6316,#6373,.T.);
#5028=EDGE_CURVE('',#5227,#6318,#6374,.T.);
#5029=EDGE_CURVE('',#5225,#6346,#6375,.T.);
#5030=CARTESIAN_POINT('',(3.75,-3.29,-8.65));
#5031=DIRECTION('',(0.0,-1.0,0.0));
#5032=DIRECTION('',(0.0,0.0,1.0));
#5033=CARTESIAN_POINT('',(3.75,-3.29,-8.65));
#5034=DIRECTION('',(0.0,-1.0,0.0));
#5035=DIRECTION('',(0.0,0.0,-1.0));
#5036=CARTESIAN_POINT('',(3.75,-3.29,-6.15));
#5037=DIRECTION('',(0.0,-1.0,0.0));
#5038=DIRECTION('',(0.0,0.0,1.0));
#5039=CARTESIAN_POINT('',(3.75,-3.29,-6.15));
#5040=DIRECTION('',(0.0,-1.0,0.0));
#5041=DIRECTION('',(0.0,0.0,-1.0));
#5042=CARTESIAN_POINT('',(1.25,-3.29,-8.65));
#5043=DIRECTION('',(0.0,-1.0,0.0));
#5044=DIRECTION('',(0.0,0.0,1.0));
#5045=CARTESIAN_POINT('',(1.25,-3.29,-8.65));
#5046=DIRECTION('',(0.0,-1.0,0.0));
#5047=DIRECTION('',(0.0,0.0,-1.0));
#5048=CARTESIAN_POINT('',(1.25,-3.29,-6.15));
#5049=DIRECTION('',(0.0,-1.0,0.0));
#5050=DIRECTION('',(0.0,0.0,1.0));
#5051=CARTESIAN_POINT('',(1.25,-3.29,-6.15));
#5052=DIRECTION('',(0.0,-1.0,0.0));
#5053=DIRECTION('',(0.0,0.0,-1.0));
#5054=CARTESIAN_POINT('',(-1.25,-3.29,-8.65));
#5055=DIRECTION('',(0.0,-1.0,0.0));
#5056=DIRECTION('',(0.0,0.0,1.0));
#5057=CARTESIAN_POINT('',(-1.25,-3.29,-8.65));
#5058=DIRECTION('',(0.0,-1.0,0.0));
#5059=DIRECTION('',(0.0,0.0,-1.0));
#5060=CARTESIAN_POINT('',(-1.25,-3.29,-6.15));
#5061=DIRECTION('',(0.0,-1.0,0.0));
#5062=DIRECTION('',(0.0,0.0,1.0));
#5063=CARTESIAN_POINT('',(-1.25,-3.29,-6.15));
#5064=DIRECTION('',(0.0,-1.0,0.0));
#5065=DIRECTION('',(0.0,0.0,-1.0));
#5066=CARTESIAN_POINT('',(-3.75,-3.29,-8.65));
#5067=DIRECTION('',(0.0,-1.0,0.0));
#5068=DIRECTION('',(0.0,0.0,1.0));
#5069=CARTESIAN_POINT('',(-3.75,-3.29,-8.65));
#5070=DIRECTION('',(0.0,-1.0,0.0));
#5071=DIRECTION('',(0.0,0.0,-1.0));
#5072=CARTESIAN_POINT('',(-3.75,-3.29,-6.15));
#5073=DIRECTION('',(0.0,-1.0,0.0));
#5074=DIRECTION('',(0.0,0.0,1.0));
#5075=CARTESIAN_POINT('',(-3.75,-3.29,-6.15));
#5076=DIRECTION('',(0.0,-1.0,0.0));
#5077=DIRECTION('',(0.0,0.0,-1.0));
#5078=CARTESIAN_POINT('',(-3.75,-3.29,1.03));
#5079=DIRECTION('',(0.0,-1.0,0.0));
#5080=DIRECTION('',(0.0,0.0,1.0));
#5081=CARTESIAN_POINT('',(-3.75,-3.29,1.03));
#5082=DIRECTION('',(0.0,-1.0,0.0));
#5083=DIRECTION('',(0.0,0.0,-1.0));
#5084=CARTESIAN_POINT('',(3.75,-3.29,1.03));
#5085=DIRECTION('',(0.0,-1.0,0.0));
#5086=DIRECTION('',(0.0,0.0,1.0));
#5087=CARTESIAN_POINT('',(3.75,-3.29,1.03));
#5088=DIRECTION('',(0.0,-1.0,0.0));
#5089=DIRECTION('',(0.0,0.0,-1.0));
#5090=VERTEX_POINT('',#6376);
#5091=VERTEX_POINT('',#6377);
#5092=LINE('',#6378,#6379);
#5093=VERTEX_POINT('',#6380);
#5094=CIRCLE('',#6381,0.7999992877558);
#5095=VERTEX_POINT('',#6382);
#5096=LINE('',#6383,#6384);
#5097=CIRCLE('',#6385,0.8);
#5098=VERTEX_POINT('',#6386);
#5099=VERTEX_POINT('',#6387);
#5100=LINE('',#6388,#6389);
#5101=VERTEX_POINT('',#6390);
#5102=CIRCLE('',#6391,0.8);
#5103=VERTEX_POINT('',#6392);
#5104=LINE('',#6393,#6394);
#5105=VERTEX_POINT('',#6395);
#5106=CIRCLE('',#6396,0.7999992877558);
#5107=CIRCLE('',#6397,0.7999992877558);
#5108=VERTEX_POINT('',#6398);
#5109=VERTEX_POINT('',#6399);
#5110=LINE('',#6400,#6401);
#5111=VERTEX_POINT('',#6402);
#5112=CIRCLE('',#6403,0.6500071970115);
#5113=B_SPLINE_CURVE_WITH_KNOTS('',3,(#6404,#6405,#6406,#6407,#6408),.UNSPECIFIED.,.F.,.F.,(4,1,4),(0.0,0.5,1.0),.UNSPECIFIED.);
#5114=CIRCLE('',#6409,0.7999992877558);
#5115=VERTEX_POINT('',#6410);
#5116=LINE('',#6411,#6412);
#5117=VERTEX_POINT('',#6413);
#5118=B_SPLINE_CURVE_WITH_KNOTS('',3,(#6414,#6415,#6416,#6417,#6418),.UNSPECIFIED.,.F.,.F.,(4,1,4),(0.0,0.5,1.0),.UNSPECIFIED.);
#5119=CIRCLE('',#6419,0.6500071970115);
#5120=VERTEX_POINT('',#6420);
#5121=VERTEX_POINT('',#6421);
#5122=LINE('',#6422,#6423);
#5123=VERTEX_POINT('',#6424);
#5124=CIRCLE('',#6425,0.7999992877558);
#5125=VERTEX_POINT('',#6426);
#5126=LINE('',#6427,#6428);
#5127=CIRCLE('',#6429,0.8);
#5128=VERTEX_POINT('',#6430);
#5129=VERTEX_POINT('',#6431);
#5130=LINE('',#6432,#6433);
#5131=VERTEX_POINT('',#6434);
#5132=CIRCLE('',#6435,0.6500071970115);
#5133=B_SPLINE_CURVE_WITH_KNOTS('',3,(#6436,#6437,#6438,#6439,#6440),.UNSPECIFIED.,.F.,.F.,(4,1,4),(0.0,0.5,1.0),.UNSPECIFIED.);
#5134=CIRCLE('',#6441,0.7999992877558);
#5135=VERTEX_POINT('',#6442);
#5136=VERTEX_POINT('',#6443);
#5137=LINE('',#6444,#6445);
#5138=VERTEX_POINT('',#6446);
#5139=CIRCLE('',#6447,0.8);
#5140=VERTEX_POINT('',#6448);
#5141=LINE('',#6449,#6450);
#5142=VERTEX_POINT('',#6451);
#5143=CIRCLE('',#6452,0.7999992877558);
#5144=CIRCLE('',#6453,0.7999992877558);
#5145=VERTEX_POINT('',#6454);
#5146=LINE('',#6455,#6456);
#5147=VERTEX_POINT('',#6457);
#5148=B_SPLINE_CURVE_WITH_KNOTS('',3,(#6458,#6459,#6460,#6461,#6462),.UNSPECIFIED.,.F.,.F.,(4,1,4),(0.0,0.5,1.0),.UNSPECIFIED.);
#5149=CIRCLE('',#6463,0.6500071970115);
#5150=VERTEX_POINT('',#6464);
#5151=VERTEX_POINT('',#6465);
#5152=LINE('',#6466,#6467);
#5153=VERTEX_POINT('',#6468);
#5154=LINE('',#6469,#6470);
#5155=VERTEX_POINT('',#6471);
#5156=LINE('',#6472,#6473);
#5157=VERTEX_POINT('',#6474);
#5158=LINE('',#6475,#6476);
#5159=VERTEX_POINT('',#6477);
#5160=LINE('',#6478,#6479);
#5161=VERTEX_POINT('',#6480);
#5162=LINE('',#6481,#6482);
#5163=VERTEX_POINT('',#6483);
#5164=LINE('',#6484,#6485);
#5165=VERTEX_POINT('',#6486);
#5166=LINE('',#6487,#6488);
#5167=VERTEX_POINT('',#6489);
#5168=LINE('',#6490,#6491);
#5169=VERTEX_POINT('',#6492);
#5170=LINE('',#6493,#6494);
#5171=VERTEX_POINT('',#6495);
#5172=LINE('',#6496,#6497);
#5173=LINE('',#6498,#6499);
#5174=VERTEX_POINT('',#6500);
#5175=VERTEX_POINT('',#6501);
#5176=CIRCLE('',#6502,0.8);
#5177=VERTEX_POINT('',#6503);
#5178=LINE('',#6504,#6505);
#5179=VERTEX_POINT('',#6506);
#5180=CIRCLE('',#6507,0.1);
#5181=LINE('',#6508,#6509);
#5182=VERTEX_POINT('',#6510);
#5183=CIRCLE('',#6511,0.8);
#5184=VERTEX_POINT('',#6512);
#5185=LINE('',#6513,#6514);
#5186=VERTEX_POINT('',#6515);
#5187=CIRCLE('',#6516,0.1);
#5188=VERTEX_POINT('',#6517);
#5189=LINE('',#6518,#6519);
#5190=VERTEX_POINT('',#6520);
#5191=CIRCLE('',#6521,0.8);
#5192=VERTEX_POINT('',#6522);
#5193=LINE('',#6523,#6524);
#5194=VERTEX_POINT('',#6525);
#5195=CIRCLE('',#6526,0.1);
#5196=VERTEX_POINT('',#6527);
#5197=LINE('',#6528,#6529);
#5198=CIRCLE('',#6530,0.8);
#5199=VERTEX_POINT('',#6531);
#5200=LINE('',#6532,#6533);
#5201=VERTEX_POINT('',#6534);
#5202=CIRCLE('',#6535,0.1);
#5203=LINE('',#6536,#6537);
#5204=VERTEX_POINT('',#6538);
#5205=VERTEX_POINT('',#6539);
#5206=LINE('',#6540,#6541);
#5207=VERTEX_POINT('',#6542);
#5208=CIRCLE('',#6543,0.1);
#5209=VERTEX_POINT('',#6544);
#5210=LINE('',#6545,#6546);
#5211=CIRCLE('',#6547,0.8);
#5212=VERTEX_POINT('',#6548);
#5213=LINE('',#6549,#6550);
#5214=VERTEX_POINT('',#6551);
#5215=CIRCLE('',#6552,0.1);
#5216=VERTEX_POINT('',#6553);
#5217=LINE('',#6554,#6555);
#5218=VERTEX_POINT('',#6556);
#5219=CIRCLE('',#6557,0.8);
#5220=VERTEX_POINT('',#6558);
#5221=LINE('',#6559,#6560);
#5222=VERTEX_POINT('',#6561);
#5223=CIRCLE('',#6562,0.1);
#5224=LINE('',#6563,#6564);
#5225=VERTEX_POINT('',#6565);
#5226=CIRCLE('',#6566,0.8);
#5227=VERTEX_POINT('',#6567);
#5228=LINE('',#6568,#6569);
#5229=VERTEX_POINT('',#6570);
#5230=CIRCLE('',#6571,0.1);
#5231=VERTEX_POINT('',#6572);
#5232=LINE('',#6573,#6574);
#5233=CIRCLE('',#6575,0.8);
#5234=VERTEX_POINT('',#6576);
#5235=LINE('',#6577,#6578);
#5236=VERTEX_POINT('',#6579);
#5237=LINE('',#6580,#6581);
#5238=LINE('',#6582,#6583);
#5239=VERTEX_POINT('',#6584);
#5240=LINE('',#6585,#6586);
#5241=VERTEX_POINT('',#6587);
#5242=LINE('',#6588,#6589);
#5243=LINE('',#6590,#6591);
#5244=VERTEX_POINT('',#6592);
#5245=LINE('',#6593,#6594);
#5246=LINE('',#6595,#6596);
#5247=VERTEX_POINT('',#6597);
#5248=LINE('',#6598,#6599);
#5249=LINE('',#6600,#6601);
#5250=LINE('',#6602,#6603);
#5251=VERTEX_POINT('',#6604);
#5252=VERTEX_POINT('',#6605);
#5253=LINE('',#6606,#6607);
#5254=VERTEX_POINT('',#6608);
#5255=LINE('',#6609,#6610);
#5256=VERTEX_POINT('',#6611);
#5257=LINE('',#6612,#6613);
#5258=LINE('',#6614,#6615);
#5259=LINE('',#6616,#6617);
#5260=LINE('',#6618,#6619);
#5261=VERTEX_POINT('',#6620);
#5262=LINE('',#6621,#6622);
#5263=VERTEX_POINT('',#6623);
#5264=LINE('',#6624,#6625);
#5265=LINE('',#6626,#6627);
#5266=LINE('',#6628,#6629);
#5267=LINE('',#6630,#6631);
#5268=VERTEX_POINT('',#6632);
#5269=VERTEX_POINT('',#6633);
#5270=LINE('',#6634,#6635);
#5271=VERTEX_POINT('',#6636);
#5272=LINE('',#6637,#6638);
#5273=LINE('',#6639,#6640);
#5274=VERTEX_POINT('',#6641);
#5275=LINE('',#6642,#6643);
#5276=VERTEX_POINT('',#6644);
#5277=LINE('',#6645,#6646);
#5278=VERTEX_POINT('',#6647);
#5279=LINE('',#6648,#6649);
#5280=VERTEX_POINT('',#6650);
#5281=LINE('',#6651,#6652);
#5282=VERTEX_POINT('',#6653);
#5283=LINE('',#6654,#6655);
#5284=VERTEX_POINT('',#6656);
#5285=LINE('',#6657,#6658);
#5286=VERTEX_POINT('',#6659);
#5287=LINE('',#6660,#6661);
#5288=VERTEX_POINT('',#6662);
#5289=LINE('',#6663,#6664);
#5290=VERTEX_POINT('',#6665);
#5291=LINE('',#6666,#6667);
#5292=VERTEX_POINT('',#6668);
#5293=LINE('',#6669,#6670);
#5294=VERTEX_POINT('',#6671);
#5295=LINE('',#6672,#6673);
#5296=VERTEX_POINT('',#6674);
#5297=LINE('',#6675,#6676);
#5298=VERTEX_POINT('',#6677);
#5299=LINE('',#6678,#6679);
#5300=VERTEX_POINT('',#6680);
#5301=LINE('',#6681,#6682);
#5302=VERTEX_POINT('',#6683);
#5303=LINE('',#6684,#6685);
#5304=VERTEX_POINT('',#6686);
#5305=LINE('',#6687,#6688);
#5306=VERTEX_POINT('',#6689);
#5307=LINE('',#6690,#6691);
#5308=LINE('',#6692,#6693);
#5309=VERTEX_POINT('',#6694);
#5310=VERTEX_POINT('',#6695);
#5311=LINE('',#6696,#6697);
#5312=VERTEX_POINT('',#6698);
#5313=LINE('',#6699,#6700);
#5314=VERTEX_POINT('',#6701);
#5315=LINE('',#6702,#6703);
#5316=LINE('',#6704,#6705);
#5317=VERTEX_POINT('',#6706);
#5318=VERTEX_POINT('',#6707);
#5319=LINE('',#6708,#6709);
#5320=VERTEX_POINT('',#6710);
#5321=LINE('',#6711,#6712);
#5322=VERTEX_POINT('',#6713);
#5323=LINE('',#6714,#6715);
#5324=LINE('',#6716,#6717);
#5325=VERTEX_POINT('',#6718);
#5326=VERTEX_POINT('',#6719);
#5327=LINE('',#6720,#6721);
#5328=VERTEX_POINT('',#6722);
#5329=LINE('',#6723,#6724);
#5330=VERTEX_POINT('',#6725);
#5331=LINE('',#6726,#6727);
#5332=LINE('',#6728,#6729);
#5333=VERTEX_POINT('',#6730);
#5334=VERTEX_POINT('',#6731);
#5335=LINE('',#6732,#6733);
#5336=VERTEX_POINT('',#6734);
#5337=LINE('',#6735,#6736);
#5338=VERTEX_POINT('',#6737);
#5339=LINE('',#6738,#6739);
#5340=VERTEX_POINT('',#6740);
#5341=LINE('',#6741,#6742);
#5342=VERTEX_POINT('',#6743);
#5343=LINE('',#6744,#6745);
#5344=VERTEX_POINT('',#6746);
#5345=LINE('',#6747,#6748);
#5346=VERTEX_POINT('',#6749);
#5347=LINE('',#6750,#6751);
#5348=LINE('',#6752,#6753);
#5349=VERTEX_POINT('',#6754);
#5350=VERTEX_POINT('',#6755);
#5351=LINE('',#6756,#6757);
#5352=VERTEX_POINT('',#6758);
#5353=LINE('',#6759,#6760);
#5354=VERTEX_POINT('',#6761);
#5355=LINE('',#6762,#6763);
#5356=LINE('',#6764,#6765);
#5357=VERTEX_POINT('',#6766);
#5358=LINE('',#6767,#6768);
#5359=VERTEX_POINT('',#6769);
#5360=LINE('',#6770,#6771);
#5361=LINE('',#6772,#6773);
#5362=VERTEX_POINT('',#6774);
#5363=LINE('',#6775,#6776);
#5364=LINE('',#6777,#6778);
#5365=VERTEX_POINT('',#6779);
#5366=LINE('',#6780,#6781);
#5367=LINE('',#6782,#6783);
#5368=LINE('',#6784,#6785);
#5369=VERTEX_POINT('',#6786);
#5370=VERTEX_POINT('',#6787);
#5371=LINE('',#6788,#6789);
#5372=VERTEX_POINT('',#6790);
#5373=LINE('',#6791,#6792);
#5374=VERTEX_POINT('',#6793);
#5375=LINE('',#6794,#6795);
#5376=LINE('',#6796,#6797);
#5377=VERTEX_POINT('',#6798);
#5378=VERTEX_POINT('',#6799);
#5379=LINE('',#6800,#6801);
#5380=VERTEX_POINT('',#6802);
#5381=LINE('',#6803,#6804);
#5382=VERTEX_POINT('',#6805);
#5383=LINE('',#6806,#6807);
#5384=LINE('',#6808,#6809);
#5385=VERTEX_POINT('',#6810);
#5386=VERTEX_POINT('',#6811);
#5387=LINE('',#6812,#6813);
#5388=VERTEX_POINT('',#6814);
#5389=LINE('',#6815,#6816);
#5390=VERTEX_POINT('',#6817);
#5391=LINE('',#6818,#6819);
#5392=LINE('',#6820,#6821);
#5393=LINE('',#6822,#6823);
#5394=LINE('',#6824,#6825);
#5395=LINE('',#6826,#6827);
#5396=LINE('',#6828,#6829);
#5397=VERTEX_POINT('',#6830);
#5398=LINE('',#6831,#6832);
#5399=VERTEX_POINT('',#6833);
#5400=LINE('',#6834,#6835);
#5401=LINE('',#6836,#6837);
#5402=VERTEX_POINT('',#6838);
#5403=LINE('',#6839,#6840);
#5404=VERTEX_POINT('',#6841);
#5405=LINE('',#6842,#6843);
#5406=LINE('',#6844,#6845);
#5407=VERTEX_POINT('',#6846);
#5408=VERTEX_POINT('',#6847);
#5409=LINE('',#6848,#6849);
#5410=VERTEX_POINT('',#6850);
#5411=CIRCLE('',#6851,0.3);
#5412=VERTEX_POINT('',#6852);
#5413=LINE('',#6853,#6854);
#5414=VERTEX_POINT('',#6855);
#5415=LINE('',#6856,#6857);
#5416=VERTEX_POINT('',#6858);
#5417=LINE('',#6859,#6860);
#5418=VERTEX_POINT('',#6861);
#5419=CIRCLE('',#6862,0.935);
#5420=VERTEX_POINT('',#6863);
#5421=LINE('',#6864,#6865);
#5422=LINE('',#6866,#6867);
#5423=VERTEX_POINT('',#6868);
#5424=VERTEX_POINT('',#6869);
#5425=LINE('',#6870,#6871);
#5426=VERTEX_POINT('',#6872);
#5427=CIRCLE('',#6873,0.3);
#5428=VERTEX_POINT('',#6874);
#5429=LINE('',#6875,#6876);
#5430=VERTEX_POINT('',#6877);
#5431=LINE('',#6878,#6879);
#5432=VERTEX_POINT('',#6880);
#5433=LINE('',#6881,#6882);
#5434=VERTEX_POINT('',#6883);
#5435=CIRCLE('',#6884,0.935);
#5436=VERTEX_POINT('',#6885);
#5437=LINE('',#6886,#6887);
#5438=LINE('',#6888,#6889);
#5439=VERTEX_POINT('',#6890);
#5440=LINE('',#6891,#6892);
#5441=VERTEX_POINT('',#6893);
#5442=LINE('',#6894,#6895);
#5443=LINE('',#6896,#6897);
#5444=VERTEX_POINT('',#6898);
#5445=LINE('',#6899,#6900);
#5446=VERTEX_POINT('',#6901);
#5447=LINE('',#6902,#6903);
#5448=LINE('',#6904,#6905);
#5449=VERTEX_POINT('',#6906);
#5450=LINE('',#6907,#6908);
#5451=LINE('',#6909,#6910);
#5452=VERTEX_POINT('',#6911);
#5453=VERTEX_POINT('',#6912);
#5454=LINE('',#6913,#6914);
#5455=LINE('',#6915,#6916);
#5456=LINE('',#6917,#6918);
#5457=LINE('',#6919,#6920);
#5458=LINE('',#6921,#6922);
#5459=VERTEX_POINT('',#6923);
#5460=LINE('',#6924,#6925);
#5461=VERTEX_POINT('',#6926);
#5462=LINE('',#6927,#6928);
#5463=LINE('',#6929,#6930);
#5464=VERTEX_POINT('',#6931);
#5465=LINE('',#6932,#6933);
#5466=LINE('',#6934,#6935);
#5467=VERTEX_POINT('',#6936);
#5468=VERTEX_POINT('',#6937);
#5469=LINE('',#6938,#6939);
#5470=VERTEX_POINT('',#6940);
#5471=LINE('',#6941,#6942);
#5472=VERTEX_POINT('',#6943);
#5473=LINE('',#6944,#6945);
#5474=LINE('',#6946,#6947);
#5475=VERTEX_POINT('',#6948);
#5476=VERTEX_POINT('',#6949);
#5477=LINE('',#6950,#6951);
#5478=VERTEX_POINT('',#6952);
#5479=LINE('',#6953,#6954);
#5480=VERTEX_POINT('',#6955);
#5481=LINE('',#6956,#6957);
#5482=LINE('',#6958,#6959);
#5483=VERTEX_POINT('',#6960);
#5484=VERTEX_POINT('',#6961);
#5485=LINE('',#6962,#6963);
#5486=VERTEX_POINT('',#6964);
#5487=LINE('',#6965,#6966);
#5488=VERTEX_POINT('',#6967);
#5489=LINE('',#6968,#6969);
#5490=LINE('',#6970,#6971);
#5491=VERTEX_POINT('',#6972);
#5492=VERTEX_POINT('',#6973);
#5493=LINE('',#6974,#6975);
#5494=VERTEX_POINT('',#6976);
#5495=LINE('',#6977,#6978);
#5496=VERTEX_POINT('',#6979);
#5497=LINE('',#6980,#6981);
#5498=LINE('',#6982,#6983);
#5499=VERTEX_POINT('',#6984);
#5500=VERTEX_POINT('',#6985);
#5501=LINE('',#6986,#6987);
#5502=VERTEX_POINT('',#6988);
#5503=LINE('',#6989,#6990);
#5504=VERTEX_POINT('',#6991);
#5505=LINE('',#6992,#6993);
#5506=LINE('',#6994,#6995);
#5507=VERTEX_POINT('',#6996);
#5508=VERTEX_POINT('',#6997);
#5509=LINE('',#6998,#6999);
#5510=VERTEX_POINT('',#7000);
#5511=LINE('',#7001,#7002);
#5512=VERTEX_POINT('',#7003);
#5513=LINE('',#7004,#7005);
#5514=LINE('',#7006,#7007);
#5515=VERTEX_POINT('',#7008);
#5516=VERTEX_POINT('',#7009);
#5517=CIRCLE('',#7010,0.2);
#5518=LINE('',#7011,#7012);
#5519=VERTEX_POINT('',#7013);
#5520=LINE('',#7014,#7015);
#5521=VERTEX_POINT('',#7016);
#5522=CIRCLE('',#7017,0.2);
#5523=LINE('',#7018,#7019);
#5524=VERTEX_POINT('',#7020);
#5525=LINE('',#7021,#7022);
#5526=VERTEX_POINT('',#7023);
#5527=LINE('',#7024,#7025);
#5528=VERTEX_POINT('',#7026);
#5529=LINE('',#7027,#7028);
#5530=VERTEX_POINT('',#7029);
#5531=LINE('',#7030,#7031);
#5532=VERTEX_POINT('',#7032);
#5533=LINE('',#7033,#7034);
#5534=VERTEX_POINT('',#7035);
#5535=LINE('',#7036,#7037);
#5536=LINE('',#7038,#7039);
#5537=VERTEX_POINT('',#7040);
#5538=CIRCLE('',#7041,0.2);
#5539=LINE('',#7042,#7043);
#5540=VERTEX_POINT('',#7044);
#5541=VERTEX_POINT('',#7045);
#5542=LINE('',#7046,#7047);
#5543=LINE('',#7048,#7049);
#5544=LINE('',#7050,#7051);
#5545=VERTEX_POINT('',#7052);
#5546=CIRCLE('',#7053,0.2);
#5547=VERTEX_POINT('',#7054);
#5548=LINE('',#7055,#7056);
#5549=CIRCLE('',#7057,0.2);
#5550=VERTEX_POINT('',#7058);
#5551=LINE('',#7059,#7060);
#5552=VERTEX_POINT('',#7061);
#5553=CIRCLE('',#7062,0.2);
#5554=VERTEX_POINT('',#7063);
#5555=LINE('',#7064,#7065);
#5556=LINE('',#7066,#7067);
#5557=VERTEX_POINT('',#7068);
#5558=VERTEX_POINT('',#7069);
#5559=LINE('',#7070,#7071);
#5560=LINE('',#7072,#7073);
#5561=LINE('',#7074,#7075);
#5562=LINE('',#7076,#7077);
#5563=VERTEX_POINT('',#7078);
#5564=LINE('',#7079,#7080);
#5565=VERTEX_POINT('',#7081);
#5566=LINE('',#7082,#7083);
#5567=LINE('',#7084,#7085);
#5568=VERTEX_POINT('',#7086);
#5569=VERTEX_POINT('',#7087);
#5570=CIRCLE('',#7088,0.25);
#5571=VERTEX_POINT('',#7089);
#5572=LINE('',#7090,#7091);
#5573=VERTEX_POINT('',#7092);
#5574=CIRCLE('',#7093,0.25);
#5575=VERTEX_POINT('',#7094);
#5576=LINE('',#7095,#7096);
#5577=VERTEX_POINT('',#7097);
#5578=LINE('',#7098,#7099);
#5579=LINE('',#7100,#7101);
#5580=VERTEX_POINT('',#7102);
#5581=LINE('',#7103,#7104);
#5582=LINE('',#7105,#7106);
#5583=VERTEX_POINT('',#7107);
#5584=CIRCLE('',#7108,0.2);
#5585=VERTEX_POINT('',#7109);
#5586=LINE('',#7110,#7111);
#5587=LINE('',#7112,#7113);
#5588=LINE('',#7114,#7115);
#5589=LINE('',#7116,#7117);
#5590=LINE('',#7118,#7119);
#5591=VERTEX_POINT('',#7120);
#5592=LINE('',#7121,#7122);
#5593=VERTEX_POINT('',#7123);
#5594=LINE('',#7124,#7125);
#5595=CIRCLE('',#7126,0.2);
#5596=LINE('',#7127,#7128);
#5597=CIRCLE('',#7129,0.2);
#5598=VERTEX_POINT('',#7130);
#5599=LINE('',#7131,#7132);
#5600=CIRCLE('',#7133,0.2);
#5601=VERTEX_POINT('',#7134);
#5602=CIRCLE('',#7135,0.25);
#5603=VERTEX_POINT('',#7136);
#5604=LINE('',#7137,#7138);
#5605=CIRCLE('',#7139,0.25);
#5606=LINE('',#7140,#7141);
#5607=VERTEX_POINT('',#7142);
#5608=CIRCLE('',#7143,0.2);
#5609=LINE('',#7144,#7145);
#5610=LINE('',#7146,#7147);
#5611=CIRCLE('',#7148,0.2);
#5612=LINE('',#7149,#7150);
#5613=LINE('',#7151,#7152);
#5614=VERTEX_POINT('',#7153);
#5615=LINE('',#7154,#7155);
#5616=VERTEX_POINT('',#7156);
#5617=LINE('',#7157,#7158);
#5618=VERTEX_POINT('',#7159);
#5619=LINE('',#7160,#7161);
#5620=VERTEX_POINT('',#7162);
#5621=LINE('',#7163,#7164);
#5622=VERTEX_POINT('',#7165);
#5623=LINE('',#7166,#7167);
#5624=LINE('',#7168,#7169);
#5625=LINE('',#7170,#7171);
#5626=LINE('',#7172,#7173);
#5627=VERTEX_POINT('',#7174);
#5628=LINE('',#7175,#7176);
#5629=VERTEX_POINT('',#7177);
#5630=LINE('',#7178,#7179);
#5631=LINE('',#7180,#7181);
#5632=VERTEX_POINT('',#7182);
#5633=LINE('',#7183,#7184);
#5634=LINE('',#7185,#7186);
#5635=VERTEX_POINT('',#7187);
#5636=LINE('',#7188,#7189);
#5637=LINE('',#7190,#7191);
#5638=LINE('',#7192,#7193);
#5639=VERTEX_POINT('',#7194);
#5640=VERTEX_POINT('',#7195);
#5641=LINE('',#7196,#7197);
#5642=VERTEX_POINT('',#7198);
#5643=LINE('',#7199,#7200);
#5644=VERTEX_POINT('',#7201);
#5645=LINE('',#7202,#7203);
#5646=LINE('',#7204,#7205);
#5647=VERTEX_POINT('',#7206);
#5648=VERTEX_POINT('',#7207);
#5649=LINE('',#7208,#7209);
#5650=VERTEX_POINT('',#7210);
#5651=LINE('',#7211,#7212);
#5652=VERTEX_POINT('',#7213);
#5653=LINE('',#7214,#7215);
#5654=LINE('',#7216,#7217);
#5655=VERTEX_POINT('',#7218);
#5656=VERTEX_POINT('',#7219);
#5657=LINE('',#7220,#7221);
#5658=VERTEX_POINT('',#7222);
#5659=LINE('',#7223,#7224);
#5660=VERTEX_POINT('',#7225);
#5661=LINE('',#7226,#7227);
#5662=LINE('',#7228,#7229);
#5663=LINE('',#7230,#7231);
#5664=LINE('',#7232,#7233);
#5665=LINE('',#7234,#7235);
#5666=LINE('',#7236,#7237);
#5667=VERTEX_POINT('',#7238);
#5668=LINE('',#7239,#7240);
#5669=VERTEX_POINT('',#7241);
#5670=LINE('',#7242,#7243);
#5671=LINE('',#7244,#7245);
#5672=VERTEX_POINT('',#7246);
#5673=VERTEX_POINT('',#7247);
#5674=LINE('',#7248,#7249);
#5675=VERTEX_POINT('',#7250);
#5676=CIRCLE('',#7251,0.3);
#5677=LINE('',#7252,#7253);
#5678=VERTEX_POINT('',#7254);
#5679=LINE('',#7255,#7256);
#5680=VERTEX_POINT('',#7257);
#5681=CIRCLE('',#7258,0.935);
#5682=VERTEX_POINT('',#7259);
#5683=LINE('',#7260,#7261);
#5684=LINE('',#7262,#7263);
#5685=VERTEX_POINT('',#7264);
#5686=VERTEX_POINT('',#7265);
#5687=LINE('',#7266,#7267);
#5688=VERTEX_POINT('',#7268);
#5689=CIRCLE('',#7269,0.3);
#5690=LINE('',#7270,#7271);
#5691=VERTEX_POINT('',#7272);
#5692=LINE('',#7273,#7274);
#5693=VERTEX_POINT('',#7275);
#5694=CIRCLE('',#7276,0.935);
#5695=VERTEX_POINT('',#7277);
#5696=LINE('',#7278,#7279);
#5697=LINE('',#7280,#7281);
#5698=VERTEX_POINT('',#7282);
#5699=LINE('',#7283,#7284);
#5700=VERTEX_POINT('',#7285);
#5701=LINE('',#7286,#7287);
#5702=LINE('',#7288,#7289);
#5703=VERTEX_POINT('',#7290);
#5704=LINE('',#7291,#7292);
#5705=VERTEX_POINT('',#7293);
#5706=LINE('',#7294,#7295);
#5707=LINE('',#7296,#7297);
#5708=VERTEX_POINT('',#7298);
#5709=LINE('',#7299,#7300);
#5710=VERTEX_POINT('',#7301);
#5711=LINE('',#7302,#7303);
#5712=LINE('',#7304,#7305);
#5713=VERTEX_POINT('',#7306);
#5714=LINE('',#7307,#7308);
#5715=LINE('',#7309,#7310);
#5716=VERTEX_POINT('',#7311);
#5717=LINE('',#7312,#7313);
#5718=LINE('',#7314,#7315);
#5719=LINE('',#7316,#7317);
#5720=VERTEX_POINT('',#7318);
#5721=CIRCLE('',#7319,0.935);
#5722=LINE('',#7320,#7321);
#5723=VERTEX_POINT('',#7322);
#5724=LINE('',#7323,#7324);
#5725=LINE('',#7325,#7326);
#5726=VERTEX_POINT('',#7327);
#5727=LINE('',#7328,#7329);
#5728=VERTEX_POINT('',#7330);
#5729=LINE('',#7331,#7332);
#5730=LINE('',#7333,#7334);
#5731=VERTEX_POINT('',#7335);
#5732=LINE('',#7336,#7337);
#5733=LINE('',#7338,#7339);
#5734=VERTEX_POINT('',#7340);
#5735=LINE('',#7341,#7342);
#5736=VERTEX_POINT('',#7343);
#5737=LINE('',#7344,#7345);
#5738=LINE('',#7346,#7347);
#5739=VERTEX_POINT('',#7348);
#5740=LINE('',#7349,#7350);
#5741=LINE('',#7351,#7352);
#5742=VERTEX_POINT('',#7353);
#5743=CIRCLE('',#7354,0.3);
#5744=LINE('',#7355,#7356);
#5745=LINE('',#7357,#7358);
#5746=VERTEX_POINT('',#7359);
#5747=LINE('',#7360,#7361);
#5748=LINE('',#7362,#7363);
#5749=LINE('',#7364,#7365);
#5750=LINE('',#7366,#7367);
#5751=VERTEX_POINT('',#7368);
#5752=VERTEX_POINT('',#7369);
#5753=LINE('',#7370,#7371);
#5754=VERTEX_POINT('',#7372);
#5755=CIRCLE('',#7373,0.935);
#5756=LINE('',#7374,#7375);
#5757=VERTEX_POINT('',#7376);
#5758=LINE('',#7377,#7378);
#5759=VERTEX_POINT('',#7379);
#5760=CIRCLE('',#7380,0.3);
#5761=VERTEX_POINT('',#7381);
#5762=LINE('',#7382,#7383);
#5763=LINE('',#7384,#7385);
#5764=VERTEX_POINT('',#7386);
#5765=LINE('',#7387,#7388);
#5766=VERTEX_POINT('',#7389);
#5767=LINE('',#7390,#7391);
#5768=LINE('',#7392,#7393);
#5769=LINE('',#7394,#7395);
#5770=LINE('',#7396,#7397);
#5771=VERTEX_POINT('',#7398);
#5772=LINE('',#7399,#7400);
#5773=VERTEX_POINT('',#7401);
#5774=LINE('',#7402,#7403);
#5775=LINE('',#7404,#7405);
#5776=VERTEX_POINT('',#7406);
#5777=LINE('',#7407,#7408);
#5778=VERTEX_POINT('',#7409);
#5779=LINE('',#7410,#7411);
#5780=LINE('',#7412,#7413);
#5781=LINE('',#7414,#7415);
#5782=LINE('',#7416,#7417);
#5783=LINE('',#7418,#7419);
#5784=LINE('',#7420,#7421);
#5785=LINE('',#7422,#7423);
#5786=VERTEX_POINT('',#7424);
#5787=LINE('',#7425,#7426);
#5788=VERTEX_POINT('',#7427);
#5789=LINE('',#7428,#7429);
#5790=LINE('',#7430,#7431);
#5791=VERTEX_POINT('',#7432);
#5792=LINE('',#7433,#7434);
#5793=LINE('',#7435,#7436);
#5794=VERTEX_POINT('',#7437);
#5795=LINE('',#7438,#7439);
#5796=LINE('',#7440,#7441);
#5797=LINE('',#7442,#7443);
#5798=LINE('',#7444,#7445);
#5799=LINE('',#7446,#7447);
#5800=LINE('',#7448,#7449);
#5801=LINE('',#7450,#7451);
#5802=LINE('',#7452,#7453);
#5803=LINE('',#7454,#7455);
#5804=LINE('',#7456,#7457);
#5805=LINE('',#7458,#7459);
#5806=VERTEX_POINT('',#7460);
#5807=LINE('',#7461,#7462);
#5808=VERTEX_POINT('',#7463);
#5809=LINE('',#7464,#7465);
#5810=LINE('',#7466,#7467);
#5811=VERTEX_POINT('',#7468);
#5812=LINE('',#7469,#7470);
#5813=LINE('',#7471,#7472);
#5814=VERTEX_POINT('',#7473);
#5815=LINE('',#7474,#7475);
#5816=LINE('',#7476,#7477);
#5817=LINE('',#7478,#7479);
#5818=VERTEX_POINT('',#7480);
#5819=VERTEX_POINT('',#7481);
#5820=LINE('',#7482,#7483);
#5821=VERTEX_POINT('',#7484);
#5822=LINE('',#7485,#7486);
#5823=VERTEX_POINT('',#7487);
#5824=LINE('',#7488,#7489);
#5825=LINE('',#7490,#7491);
#5826=VERTEX_POINT('',#7492);
#5827=VERTEX_POINT('',#7493);
#5828=LINE('',#7494,#7495);
#5829=VERTEX_POINT('',#7496);
#5830=LINE('',#7497,#7498);
#5831=VERTEX_POINT('',#7499);
#5832=LINE('',#7500,#7501);
#5833=LINE('',#7502,#7503);
#5834=VERTEX_POINT('',#7504);
#5835=VERTEX_POINT('',#7505);
#5836=LINE('',#7506,#7507);
#5837=VERTEX_POINT('',#7508);
#5838=LINE('',#7509,#7510);
#5839=VERTEX_POINT('',#7511);
#5840=LINE('',#7512,#7513);
#5841=LINE('',#7514,#7515);
#5842=LINE('',#7516,#7517);
#5843=LINE('',#7518,#7519);
#5844=LINE('',#7520,#7521);
#5845=LINE('',#7522,#7523);
#5846=VERTEX_POINT('',#7524);
#5847=LINE('',#7525,#7526);
#5848=VERTEX_POINT('',#7527);
#5849=LINE('',#7528,#7529);
#5850=LINE('',#7530,#7531);
#5851=VERTEX_POINT('',#7532);
#5852=VERTEX_POINT('',#7533);
#5853=LINE('',#7534,#7535);
#5854=VERTEX_POINT('',#7536);
#5855=CIRCLE('',#7537,0.3);
#5856=LINE('',#7538,#7539);
#5857=VERTEX_POINT('',#7540);
#5858=LINE('',#7541,#7542);
#5859=VERTEX_POINT('',#7543);
#5860=CIRCLE('',#7544,0.935);
#5861=VERTEX_POINT('',#7545);
#5862=LINE('',#7546,#7547);
#5863=LINE('',#7548,#7549);
#5864=VERTEX_POINT('',#7550);
#5865=VERTEX_POINT('',#7551);
#5866=LINE('',#7552,#7553);
#5867=VERTEX_POINT('',#7554);
#5868=CIRCLE('',#7555,0.3);
#5869=LINE('',#7556,#7557);
#5870=VERTEX_POINT('',#7558);
#5871=LINE('',#7559,#7560);
#5872=VERTEX_POINT('',#7561);
#5873=CIRCLE('',#7562,0.935);
#5874=VERTEX_POINT('',#7563);
#5875=LINE('',#7564,#7565);
#5876=LINE('',#7566,#7567);
#5877=VERTEX_POINT('',#7568);
#5878=LINE('',#7569,#7570);
#5879=VERTEX_POINT('',#7571);
#5880=LINE('',#7572,#7573);
#5881=LINE('',#7574,#7575);
#5882=VERTEX_POINT('',#7576);
#5883=LINE('',#7577,#7578);
#5884=VERTEX_POINT('',#7579);
#5885=LINE('',#7580,#7581);
#5886=LINE('',#7582,#7583);
#5887=VERTEX_POINT('',#7584);
#5888=LINE('',#7585,#7586);
#5889=VERTEX_POINT('',#7587);
#5890=LINE('',#7588,#7589);
#5891=LINE('',#7590,#7591);
#5892=VERTEX_POINT('',#7592);
#5893=LINE('',#7593,#7594);
#5894=LINE('',#7595,#7596);
#5895=VERTEX_POINT('',#7597);
#5896=LINE('',#7598,#7599);
#5897=LINE('',#7600,#7601);
#5898=LINE('',#7602,#7603);
#5899=VERTEX_POINT('',#7604);
#5900=CIRCLE('',#7605,0.935);
#5901=LINE('',#7606,#7607);
#5902=VERTEX_POINT('',#7608);
#5903=LINE('',#7609,#7610);
#5904=LINE('',#7611,#7612);
#5905=VERTEX_POINT('',#7613);
#5906=LINE('',#7614,#7615);
#5907=VERTEX_POINT('',#7616);
#5908=LINE('',#7617,#7618);
#5909=LINE('',#7619,#7620);
#5910=VERTEX_POINT('',#7621);
#5911=LINE('',#7622,#7623);
#5912=LINE('',#7624,#7625);
#5913=VERTEX_POINT('',#7626);
#5914=LINE('',#7627,#7628);
#5915=VERTEX_POINT('',#7629);
#5916=LINE('',#7630,#7631);
#5917=LINE('',#7632,#7633);
#5918=VERTEX_POINT('',#7634);
#5919=LINE('',#7635,#7636);
#5920=LINE('',#7637,#7638);
#5921=VERTEX_POINT('',#7639);
#5922=CIRCLE('',#7640,0.3);
#5923=LINE('',#7641,#7642);
#5924=LINE('',#7643,#7644);
#5925=VERTEX_POINT('',#7645);
#5926=LINE('',#7646,#7647);
#5927=LINE('',#7648,#7649);
#5928=LINE('',#7650,#7651);
#5929=LINE('',#7652,#7653);
#5930=VERTEX_POINT('',#7654);
#5931=VERTEX_POINT('',#7655);
#5932=LINE('',#7656,#7657);
#5933=VERTEX_POINT('',#7658);
#5934=CIRCLE('',#7659,0.935);
#5935=LINE('',#7660,#7661);
#5936=VERTEX_POINT('',#7662);
#5937=LINE('',#7663,#7664);
#5938=VERTEX_POINT('',#7665);
#5939=CIRCLE('',#7666,0.3);
#5940=VERTEX_POINT('',#7667);
#5941=LINE('',#7668,#7669);
#5942=LINE('',#7670,#7671);
#5943=VERTEX_POINT('',#7672);
#5944=LINE('',#7673,#7674);
#5945=VERTEX_POINT('',#7675);
#5946=LINE('',#7676,#7677);
#5947=LINE('',#7678,#7679);
#5948=LINE('',#7680,#7681);
#5949=LINE('',#7682,#7683);
#5950=VERTEX_POINT('',#7684);
#5951=LINE('',#7685,#7686);
#5952=VERTEX_POINT('',#7687);
#5953=LINE('',#7688,#7689);
#5954=LINE('',#7690,#7691);
#5955=VERTEX_POINT('',#7692);
#5956=LINE('',#7693,#7694);
#5957=VERTEX_POINT('',#7695);
#5958=LINE('',#7696,#7697);
#5959=LINE('',#7698,#7699);
#5960=LINE('',#7700,#7701);
#5961=LINE('',#7702,#7703);
#5962=LINE('',#7704,#7705);
#5963=LINE('',#7706,#7707);
#5964=LINE('',#7708,#7709);
#5965=VERTEX_POINT('',#7710);
#5966=LINE('',#7711,#7712);
#5967=VERTEX_POINT('',#7713);
#5968=LINE('',#7714,#7715);
#5969=LINE('',#7716,#7717);
#5970=VERTEX_POINT('',#7718);
#5971=LINE('',#7719,#7720);
#5972=LINE('',#7721,#7722);
#5973=VERTEX_POINT('',#7723);
#5974=LINE('',#7724,#7725);
#5975=LINE('',#7726,#7727);
#5976=LINE('',#7728,#7729);
#5977=LINE('',#7730,#7731);
#5978=LINE('',#7732,#7733);
#5979=LINE('',#7734,#7735);
#5980=LINE('',#7736,#7737);
#5981=LINE('',#7738,#7739);
#5982=VERTEX_POINT('',#7740);
#5983=LINE('',#7741,#7742);
#5984=LINE('',#7743,#7744);
#5985=VERTEX_POINT('',#7745);
#5986=LINE('',#7746,#7747);
#5987=LINE('',#7748,#7749);
#5988=VERTEX_POINT('',#7750);
#5989=CIRCLE('',#7751,0.935);
#5990=LINE('',#7752,#7753);
#5991=VERTEX_POINT('',#7754);
#5992=LINE('',#7755,#7756);
#5993=LINE('',#7757,#7758);
#5994=VERTEX_POINT('',#7759);
#5995=LINE('',#7760,#7761);
#5996=VERTEX_POINT('',#7762);
#5997=LINE('',#7763,#7764);
#5998=LINE('',#7765,#7766);
#5999=VERTEX_POINT('',#7767);
#6000=LINE('',#7768,#7769);
#6001=LINE('',#7770,#7771);
#6002=VERTEX_POINT('',#7772);
#6003=LINE('',#7773,#7774);
#6004=VERTEX_POINT('',#7775);
#6005=LINE('',#7776,#7777);
#6006=LINE('',#7778,#7779);
#6007=VERTEX_POINT('',#7780);
#6008=LINE('',#7781,#7782);
#6009=LINE('',#7783,#7784);
#6010=VERTEX_POINT('',#7785);
#6011=CIRCLE('',#7786,0.3);
#6012=LINE('',#7787,#7788);
#6013=LINE('',#7789,#7790);
#6014=VERTEX_POINT('',#7791);
#6015=LINE('',#7792,#7793);
#6016=LINE('',#7794,#7795);
#6017=VERTEX_POINT('',#7796);
#6018=LINE('',#7797,#7798);
#6019=LINE('',#7799,#7800);
#6020=LINE('',#7801,#7802);
#6021=VERTEX_POINT('',#7803);
#6022=VERTEX_POINT('',#7804);
#6023=LINE('',#7805,#7806);
#6024=CIRCLE('',#7807,0.935);
#6025=VERTEX_POINT('',#7808);
#6026=LINE('',#7809,#7810);
#6027=VERTEX_POINT('',#7811);
#6028=CIRCLE('',#7812,0.3);
#6029=VERTEX_POINT('',#7813);
#6030=LINE('',#7814,#7815);
#6031=LINE('',#7816,#7817);
#6032=LINE('',#7818,#7819);
#6033=LINE('',#7820,#7821);
#6034=LINE('',#7822,#7823);
#6035=LINE('',#7824,#7825);
#6036=LINE('',#7826,#7827);
#6037=LINE('',#7828,#7829);
#6038=VERTEX_POINT('',#7830);
#6039=VERTEX_POINT('',#7831);
#6040=LINE('',#7832,#7833);
#6041=LINE('',#7834,#7835);
#6042=LINE('',#7836,#7837);
#6043=VERTEX_POINT('',#7838);
#6044=LINE('',#7839,#7840);
#6045=LINE('',#7841,#7842);
#6046=VERTEX_POINT('',#7843);
#6047=LINE('',#7844,#7845);
#6048=LINE('',#7846,#7847);
#6049=LINE('',#7848,#7849);
#6050=LINE('',#7850,#7851);
#6051=LINE('',#7852,#7853);
#6052=VERTEX_POINT('',#7854);
#6053=LINE('',#7855,#7856);
#6054=VERTEX_POINT('',#7857);
#6055=LINE('',#7858,#7859);
#6056=LINE('',#7860,#7861);
#6057=VERTEX_POINT('',#7862);
#6058=LINE('',#7863,#7864);
#6059=VERTEX_POINT('',#7865);
#6060=LINE('',#7866,#7867);
#6061=LINE('',#7868,#7869);
#6062=LINE('',#7870,#7871);
#6063=LINE('',#7872,#7873);
#6064=LINE('',#7874,#7875);
#6065=VERTEX_POINT('',#7876);
#6066=VERTEX_POINT('',#7877);
#6067=LINE('',#7878,#7879);
#6068=VERTEX_POINT('',#7880);
#6069=LINE('',#7881,#7882);
#6070=VERTEX_POINT('',#7883);
#6071=LINE('',#7884,#7885);
#6072=LINE('',#7886,#7887);
#6073=VERTEX_POINT('',#7888);
#6074=VERTEX_POINT('',#7889);
#6075=LINE('',#7890,#7891);
#6076=VERTEX_POINT('',#7892);
#6077=CIRCLE('',#7893,0.3);
#6078=LINE('',#7894,#7895);
#6079=VERTEX_POINT('',#7896);
#6080=LINE('',#7897,#7898);
#6081=VERTEX_POINT('',#7899);
#6082=CIRCLE('',#7900,0.935);
#6083=VERTEX_POINT('',#7901);
#6084=LINE('',#7902,#7903);
#6085=LINE('',#7904,#7905);
#6086=VERTEX_POINT('',#7906);
#6087=VERTEX_POINT('',#7907);
#6088=LINE('',#7908,#7909);
#6089=VERTEX_POINT('',#7910);
#6090=CIRCLE('',#7911,0.3);
#6091=LINE('',#7912,#7913);
#6092=VERTEX_POINT('',#7914);
#6093=LINE('',#7915,#7916);
#6094=VERTEX_POINT('',#7917);
#6095=CIRCLE('',#7918,0.935);
#6096=VERTEX_POINT('',#7919);
#6097=LINE('',#7920,#7921);
#6098=LINE('',#7922,#7923);
#6099=VERTEX_POINT('',#7924);
#6100=VERTEX_POINT('',#7925);
#6101=LINE('',#7926,#7927);
#6102=VERTEX_POINT('',#7928);
#6103=LINE('',#7929,#7930);
#6104=VERTEX_POINT('',#7931);
#6105=LINE('',#7932,#7933);
#6106=LINE('',#7934,#7935);
#6107=VERTEX_POINT('',#7936);
#6108=LINE('',#7937,#7938);
#6109=VERTEX_POINT('',#7939);
#6110=LINE('',#7940,#7941);
#6111=LINE('',#7942,#7943);
#6112=VERTEX_POINT('',#7944);
#6113=LINE('',#7945,#7946);
#6114=VERTEX_POINT('',#7947);
#6115=LINE('',#7948,#7949);
#6116=LINE('',#7950,#7951);
#6117=VERTEX_POINT('',#7952);
#6118=LINE('',#7953,#7954);
#6119=LINE('',#7955,#7956);
#6120=VERTEX_POINT('',#7957);
#6121=LINE('',#7958,#7959);
#6122=LINE('',#7960,#7961);
#6123=VERTEX_POINT('',#7962);
#6124=LINE('',#7963,#7964);
#6125=LINE('',#7965,#7966);
#6126=VERTEX_POINT('',#7967);
#6127=CIRCLE('',#7968,0.935);
#6128=LINE('',#7969,#7970);
#6129=VERTEX_POINT('',#7971);
#6130=LINE('',#7972,#7973);
#6131=LINE('',#7974,#7975);
#6132=VERTEX_POINT('',#7976);
#6133=LINE('',#7977,#7978);
#6134=VERTEX_POINT('',#7979);
#6135=LINE('',#7980,#7981);
#6136=LINE('',#7982,#7983);
#6137=VERTEX_POINT('',#7984);
#6138=LINE('',#7985,#7986);
#6139=LINE('',#7987,#7988);
#6140=VERTEX_POINT('',#7989);
#6141=LINE('',#7990,#7991);
#6142=VERTEX_POINT('',#7992);
#6143=LINE('',#7993,#7994);
#6144=LINE('',#7995,#7996);
#6145=VERTEX_POINT('',#7997);
#6146=LINE('',#7998,#7999);
#6147=LINE('',#8000,#8001);
#6148=VERTEX_POINT('',#8002);
#6149=CIRCLE('',#8003,0.3);
#6150=LINE('',#8004,#8005);
#6151=LINE('',#8006,#8007);
#6152=VERTEX_POINT('',#8008);
#6153=LINE('',#8009,#8010);
#6154=VERTEX_POINT('',#8011);
#6155=LINE('',#8012,#8013);
#6156=LINE('',#8014,#8015);
#6157=LINE('',#8016,#8017);
#6158=LINE('',#8018,#8019);
#6159=LINE('',#8020,#8021);
#6160=VERTEX_POINT('',#8022);
#6161=VERTEX_POINT('',#8023);
#6162=LINE('',#8024,#8025);
#6163=VERTEX_POINT('',#8026);
#6164=CIRCLE('',#8027,0.935);
#6165=LINE('',#8028,#8029);
#6166=VERTEX_POINT('',#8030);
#6167=LINE('',#8031,#8032);
#6168=VERTEX_POINT('',#8033);
#6169=CIRCLE('',#8034,0.3);
#6170=VERTEX_POINT('',#8035);
#6171=LINE('',#8036,#8037);
#6172=LINE('',#8038,#8039);
#6173=VERTEX_POINT('',#8040);
#6174=VERTEX_POINT('',#8041);
#6175=LINE('',#8042,#8043);
#6176=VERTEX_POINT('',#8044);
#6177=LINE('',#8045,#8046);
#6178=VERTEX_POINT('',#8047);
#6179=LINE('',#8048,#8049);
#6180=LINE('',#8050,#8051);
#6181=LINE('',#8052,#8053);
#6182=VERTEX_POINT('',#8054);
#6183=VERTEX_POINT('',#8055);
#6184=LINE('',#8056,#8057);
#6185=VERTEX_POINT('',#8058);
#6186=LINE('',#8059,#8060);
#6187=VERTEX_POINT('',#8061);
#6188=LINE('',#8062,#8063);
#6189=LINE('',#8064,#8065);
#6190=VERTEX_POINT('',#8066);
#6191=VERTEX_POINT('',#8067);
#6192=LINE('',#8068,#8069);
#6193=VERTEX_POINT('',#8070);
#6194=LINE('',#8071,#8072);
#6195=VERTEX_POINT('',#8073);
#6196=LINE('',#8074,#8075);
#6197=LINE('',#8076,#8077);
#6198=LINE('',#8078,#8079);
#6199=LINE('',#8080,#8081);
#6200=VERTEX_POINT('',#8082);
#6201=LINE('',#8083,#8084);
#6202=LINE('',#8085,#8086);
#6203=LINE('',#8087,#8088);
#6204=VERTEX_POINT('',#8089);
#6205=LINE('',#8090,#8091);
#6206=LINE('',#8092,#8093);
#6207=VERTEX_POINT('',#8094);
#6208=LINE('',#8095,#8096);
#6209=VERTEX_POINT('',#8097);
#6210=LINE('',#8098,#8099);
#6211=LINE('',#8100,#8101);
#6212=LINE('',#8102,#8103);
#6213=VERTEX_POINT('',#8104);
#6214=LINE('',#8105,#8106);
#6215=LINE('',#8107,#8108);
#6216=VERTEX_POINT('',#8109);
#6217=LINE('',#8110,#8111);
#6218=LINE('',#8112,#8113);
#6219=LINE('',#8114,#8115);
#6220=LINE('',#8116,#8117);
#6221=LINE('',#8118,#8119);
#6222=LINE('',#8120,#8121);
#6223=LINE('',#8122,#8123);
#6224=LINE('',#8124,#8125);
#6225=LINE('',#8126,#8127);
#6226=LINE('',#8128,#8129);
#6227=VERTEX_POINT('',#8130);
#6228=LINE('',#8131,#8132);
#6229=VERTEX_POINT('',#8133);
#6230=LINE('',#8134,#8135);
#6231=LINE('',#8136,#8137);
#6232=VERTEX_POINT('',#8138);
#6233=LINE('',#8139,#8140);
#6234=LINE('',#8141,#8142);
#6235=VERTEX_POINT('',#8143);
#6236=LINE('',#8144,#8145);
#6237=LINE('',#8146,#8147);
#6238=LINE('',#8148,#8149);
#6239=LINE('',#8150,#8151);
#6240=LINE('',#8152,#8153);
#6241=LINE('',#8154,#8155);
#6242=LINE('',#8156,#8157);
#6243=VERTEX_POINT('',#8158);
#6244=LINE('',#8159,#8160);
#6245=VERTEX_POINT('',#8161);
#6246=LINE('',#8162,#8163);
#6247=LINE('',#8164,#8165);
#6248=VERTEX_POINT('',#8166);
#6249=LINE('',#8167,#8168);
#6250=LINE('',#8169,#8170);
#6251=VERTEX_POINT('',#8171);
#6252=LINE('',#8172,#8173);
#6253=LINE('',#8174,#8175);
#6254=LINE('',#8176,#8177);
#6255=LINE('',#8178,#8179);
#6256=VERTEX_POINT('',#8180);
#6257=LINE('',#8181,#8182);
#6258=VERTEX_POINT('',#8183);
#6259=LINE('',#8184,#8185);
#6260=VERTEX_POINT('',#8186);
#6261=LINE('',#8187,#8188);
#6262=B_SPLINE_CURVE_WITH_KNOTS('',3,(#8189,#8190,#8191,#8192,#8193),.UNSPECIFIED.,.F.,.F.,(4,1,4),(0.0,0.5,1.0),.UNSPECIFIED.);
#6263=VERTEX_POINT('',#8194);
#6264=VERTEX_POINT('',#8195);
#6265=B_SPLINE_CURVE_WITH_KNOTS('',3,(#8196,#8197,#8198,#8199,#8200),.UNSPECIFIED.,.F.,.F.,(4,1,4),(0.0,0.5,1.0),.UNSPECIFIED.);
#6266=CIRCLE('',#8201,0.7999992877558);
#6267=CIRCLE('',#8202,0.6500071970115);
#6268=VERTEX_POINT('',#8203);
#6269=CIRCLE('',#8204,0.1);
#6270=LINE('',#8205,#8206);
#6271=VERTEX_POINT('',#8207);
#6272=CIRCLE('',#8208,0.6500071970115);
#6273=VERTEX_POINT('',#8209);
#6274=LINE('',#8210,#8211);
#6275=VERTEX_POINT('',#8212);
#6276=CIRCLE('',#8213,0.1);
#6277=VERTEX_POINT('',#8214);
#6278=LINE('',#8215,#8216);
#6279=VERTEX_POINT('',#8217);
#6280=CIRCLE('',#8218,0.6500071970115);
#6281=VERTEX_POINT('',#8219);
#6282=LINE('',#8220,#8221);
#6283=VERTEX_POINT('',#8222);
#6284=CIRCLE('',#8223,0.1);
#6285=VERTEX_POINT('',#8224);
#6286=LINE('',#8225,#8226);
#6287=CIRCLE('',#8227,0.6500071970115);
#6288=VERTEX_POINT('',#8228);
#6289=LINE('',#8229,#8230);
#6290=VERTEX_POINT('',#8231);
#6291=CIRCLE('',#8232,0.1);
#6292=LINE('',#8233,#8234);
#6293=VERTEX_POINT('',#8235);
#6294=LINE('',#8236,#8237);
#6295=VERTEX_POINT('',#8238);
#6296=CIRCLE('',#8239,0.1);
#6297=VERTEX_POINT('',#8240);
#6298=LINE('',#8241,#8242);
#6299=VERTEX_POINT('',#8243);
#6300=CIRCLE('',#8244,0.6500071970115);
#6301=VERTEX_POINT('',#8245);
#6302=LINE('',#8246,#8247);
#6303=VERTEX_POINT('',#8248);
#6304=CIRCLE('',#8249,0.1);
#6305=LINE('',#8250,#8251);
#6306=VERTEX_POINT('',#8252);
#6307=CIRCLE('',#8253,0.6500071970115);
#6308=VERTEX_POINT('',#8254);
#6309=LINE('',#8255,#8256);
#6310=VERTEX_POINT('',#8257);
#6311=CIRCLE('',#8258,0.1);
#6312=VERTEX_POINT('',#8259);
#6313=LINE('',#8260,#8261);
#6314=VERTEX_POINT('',#8262);
#6315=CIRCLE('',#8263,0.6500071970115);
#6316=VERTEX_POINT('',#8264);
#6317=LINE('',#8265,#8266);
#6318=VERTEX_POINT('',#8267);
#6319=CIRCLE('',#8268,0.1);
#6320=VERTEX_POINT('',#8269);
#6321=LINE('',#8270,#8271);
#6322=CIRCLE('',#8272,0.6500071970115);
#6323=LINE('',#8273,#8274);
#6324=LINE('',#8275,#8276);
#6325=LINE('',#8277,#8278);
#6326=VERTEX_POINT('',#8279);
#6327=B_SPLINE_CURVE_WITH_KNOTS('',3,(#8280,#8281,#8282,#8283,#8284),.UNSPECIFIED.,.F.,.F.,(4,1,4),(0.0,0.5,1.0),.UNSPECIFIED.);
#6328=CIRCLE('',#8285,0.7999992877558);
#6329=LINE('',#8286,#8287);
#6330=LINE('',#8288,#8289);
#6331=LINE('',#8290,#8291);
#6332=VERTEX_POINT('',#8292);
#6333=LINE('',#8293,#8294);
#6334=B_SPLINE_CURVE_WITH_KNOTS('',3,(#8295,#8296,#8297,#8298,#8299),.UNSPECIFIED.,.F.,.F.,(4,1,4),(0.0,0.5,1.0),.UNSPECIFIED.);
#6335=VERTEX_POINT('',#8300);
#6336=B_SPLINE_CURVE_WITH_KNOTS('',3,(#8301,#8302,#8303,#8304,#8305),.UNSPECIFIED.,.F.,.F.,(4,1,4),(0.0,0.5,1.0),.UNSPECIFIED.);
#6337=CIRCLE('',#8306,0.7999992877558);
#6338=LINE('',#8307,#8308);
#6339=LINE('',#8309,#8310);
#6340=LINE('',#8311,#8312);
#6341=VERTEX_POINT('',#8313);
#6342=LINE('',#8314,#8315);
#6343=B_SPLINE_CURVE_WITH_KNOTS('',3,(#8316,#8317,#8318,#8319,#8320),.UNSPECIFIED.,.F.,.F.,(4,1,4),(0.0,0.5,1.0),.UNSPECIFIED.);
#6344=CIRCLE('',#8321,0.7999992877558);
#6345=LINE('',#8322,#8323);
#6346=VERTEX_POINT('',#8324);
#6347=B_SPLINE_CURVE_WITH_KNOTS('',3,(#8325,#8326,#8327,#8328,#8329),.UNSPECIFIED.,.F.,.F.,(4,1,4),(0.0,0.5,1.0),.UNSPECIFIED.);
#6348=CIRCLE('',#8330,0.7999992877558);
#6349=LINE('',#8331,#8332);
#6350=LINE('',#8333,#8334);
#6351=VERTEX_POINT('',#8335);
#6352=LINE('',#8336,#8337);
#6353=B_SPLINE_CURVE_WITH_KNOTS('',3,(#8338,#8339,#8340,#8341,#8342),.UNSPECIFIED.,.F.,.F.,(4,1,4),(0.0,0.5,1.0),.UNSPECIFIED.);
#6354=VERTEX_POINT('',#8343);
#6355=CIRCLE('',#8344,0.7999992877558);
#6356=B_SPLINE_CURVE_WITH_KNOTS('',3,(#8345,#8346,#8347,#8348,#8349),.UNSPECIFIED.,.F.,.F.,(4,1,4),(0.0,0.5,1.0),.UNSPECIFIED.);
#6357=LINE('',#8350,#8351);
#6358=LINE('',#8352,#8353);
#6359=LINE('',#8354,#8355);
#6360=VERTEX_POINT('',#8356);
#6361=CIRCLE('',#8357,0.7999992877558);
#6362=B_SPLINE_CURVE_WITH_KNOTS('',3,(#8358,#8359,#8360,#8361,#8362),.UNSPECIFIED.,.F.,.F.,(4,1,4),(0.0,0.5,1.0),.UNSPECIFIED.);
#6363=LINE('',#8363,#8364);
#6364=LINE('',#8365,#8366);
#6365=LINE('',#8367,#8368);
#6366=VERTEX_POINT('',#8369);
#6367=LINE('',#8370,#8371);
#6368=B_SPLINE_CURVE_WITH_KNOTS('',3,(#8372,#8373,#8374,#8375,#8376),.UNSPECIFIED.,.F.,.F.,(4,1,4),(0.0,0.5,1.0),.UNSPECIFIED.);
#6369=VERTEX_POINT('',#8377);
#6370=CIRCLE('',#8378,0.7999992877558);
#6371=B_SPLINE_CURVE_WITH_KNOTS('',3,(#8379,#8380,#8381,#8382,#8383),.UNSPECIFIED.,.F.,.F.,(4,1,4),(0.0,0.5,1.0),.UNSPECIFIED.);
#6372=LINE('',#8384,#8385);
#6373=LINE('',#8386,#8387);
#6374=LINE('',#8388,#8389);
#6375=LINE('',#8390,#8391);
#6376=CARTESIAN_POINT('',(-3.75,-4.190001449535,0.229999997480682));
#6377=CARTESIAN_POINT('',(-3.75,-2.99,0.23));
#6378=CARTESIAN_POINT('',(-3.75,-3.59000014920577,0.23));
#6379=VECTOR('',#8392,1.0);
#6380=CARTESIAN_POINT('',(-3.949999959951,-4.189999939926,0.255403485864));
#6381=AXIS2_PLACEMENT_3D('',#8393,#8394,#8395);
#6382=CARTESIAN_POINT('',(-3.95,-2.99,0.2554033307585));
#6383=CARTESIAN_POINT('',(-3.95,-2.99,0.2554033307585));
#6384=VECTOR('',#8396,1.199999939926);
#6385=AXIS2_PLACEMENT_3D('',#8397,#8398,#8399);
#6386=CARTESIAN_POINT('',(-3.75,-2.99,1.83));
#6387=CARTESIAN_POINT('',(-3.75,-4.190001449535,1.83000000251932));
#6388=CARTESIAN_POINT('',(-3.75,-3.59000014920578,1.83));
#6389=VECTOR('',#8400,1.0);
#6390=CARTESIAN_POINT('',(-3.95,-2.99,1.804596669241));
#6391=AXIS2_PLACEMENT_3D('',#8401,#8402,#8403);
#6392=CARTESIAN_POINT('',(-3.950002827009,-4.189999825215,1.80459655607));
#6393=CARTESIAN_POINT('',(-3.95,-2.99,1.804596669241));
#6394=VECTOR('',#8404,1.199999825219);
#6395=CARTESIAN_POINT('',(-3.750004286114,-4.190001449535,1.8300000025308));
#6396=AXIS2_PLACEMENT_3D('',#8405,#8406,#8407);
#6397=AXIS2_PLACEMENT_3D('',#8408,#8409,#8410);
#6398=CARTESIAN_POINT('',(-3.749995713886,-4.59,0.3799920882135));
#6399=CARTESIAN_POINT('',(-3.749995713886,-4.190001449535,0.2299999974692));
#6400=CARTESIAN_POINT('',(-3.749995713886,-4.390000815859,0.3049960769988));
#6401=VECTOR('',#8411,1.0);
#6402=CARTESIAN_POINT('',(-3.950000589736,-4.59000071869,0.4115323325419));
#6403=AXIS2_PLACEMENT_3D('',#8412,#8413,#8414);
#6404=CARTESIAN_POINT('',(-3.949999959951,-4.189999939926,0.255403485864));
#6405=CARTESIAN_POINT('',(-3.949999959951,-4.261935405052,0.2832626425482));
#6406=CARTESIAN_POINT('',(-3.949999725157,-4.400543347421,0.3371285477256));
#6407=CARTESIAN_POINT('',(-3.950000589736,-4.528607094002,0.3873369896167));
#6408=CARTESIAN_POINT('',(-3.950000589736,-4.59000071869,0.4115323325419));
#6409=AXIS2_PLACEMENT_3D('',#8415,#8416,#8417);
#6410=CARTESIAN_POINT('',(-3.750004286114,-4.59,1.6800079117865));
#6411=CARTESIAN_POINT('',(-3.750004286114,-4.390000815859,1.7550039230013));
#6412=VECTOR('',#8418,1.0);
#6413=CARTESIAN_POINT('',(-3.950003456812,-4.590000603906,1.648467709569));
#6414=CARTESIAN_POINT('',(-3.950003456812,-4.590000603906,1.648467709569));
#6415=CARTESIAN_POINT('',(-3.950003456812,-4.528634076168,1.672652373399));
#6416=CARTESIAN_POINT('',(-3.94999685809,-4.400597730901,1.722850241354));
#6417=CARTESIAN_POINT('',(-3.950002827009,-4.261962450123,1.77672688098));
#6418=CARTESIAN_POINT('',(-3.950002827009,-4.189999825215,1.80459655607));
#6419=AXIS2_PLACEMENT_3D('',#8419,#8420,#8421);
#6420=CARTESIAN_POINT('',(3.75,-4.190001449535,0.229999997480682));
#6421=CARTESIAN_POINT('',(3.75,-2.99,0.23));
#6422=CARTESIAN_POINT('',(3.75,-3.59000014920578,0.23));
#6423=VECTOR('',#8422,1.0);
#6424=CARTESIAN_POINT('',(3.550000040049,-4.189999939926,0.255403485864));
#6425=AXIS2_PLACEMENT_3D('',#8423,#8424,#8425);
#6426=CARTESIAN_POINT('',(3.55,-2.99,0.2554033307585));
#6427=CARTESIAN_POINT('',(3.55,-2.99,0.2554033307585));
#6428=VECTOR('',#8426,1.199999939926);
#6429=AXIS2_PLACEMENT_3D('',#8427,#8428,#8429);
#6430=CARTESIAN_POINT('',(3.750004286114,-4.59,0.3799920882135));
#6431=CARTESIAN_POINT('',(3.750004286114,-4.190001449535,0.2299999974692));
#6432=CARTESIAN_POINT('',(3.750004286114,-4.390000815859,0.3049960769988));
#6433=VECTOR('',#8430,1.0);
#6434=CARTESIAN_POINT('',(3.549999410264,-4.59000071869,0.4115323325419));
#6435=AXIS2_PLACEMENT_3D('',#8431,#8432,#8433);
#6436=CARTESIAN_POINT('',(3.550000040049,-4.189999939926,0.255403485864));
#6437=CARTESIAN_POINT('',(3.550000040049,-4.261810276081,0.2832141826182));
#6438=CARTESIAN_POINT('',(3.550000274843,-4.400293319943,0.3370310289051));
#6439=CARTESIAN_POINT('',(3.549999410264,-4.528482254255,0.3872877900379));
#6440=CARTESIAN_POINT('',(3.549999410264,-4.59000071869,0.4115323325419));
#6441=AXIS2_PLACEMENT_3D('',#8434,#8435,#8436);
#6442=CARTESIAN_POINT('',(3.75,-2.99,1.83));
#6443=CARTESIAN_POINT('',(3.75,-4.190001449535,1.83000000251932));
#6444=CARTESIAN_POINT('',(3.75,-3.59000014920578,1.83));
#6445=VECTOR('',#8437,1.0);
#6446=CARTESIAN_POINT('',(3.55,-2.99,1.804596669241));
#6447=AXIS2_PLACEMENT_3D('',#8438,#8439,#8440);
#6448=CARTESIAN_POINT('',(3.549997172991,-4.189999825215,1.80459655607));
#6449=CARTESIAN_POINT('',(3.55,-2.99,1.804596669241));
#6450=VECTOR('',#8441,1.199999825219);
#6451=CARTESIAN_POINT('',(3.749995713886,-4.190001449535,1.8300000025308));
#6452=AXIS2_PLACEMENT_3D('',#8442,#8443,#8444);
#6453=AXIS2_PLACEMENT_3D('',#8445,#8446,#8447);
#6454=CARTESIAN_POINT('',(3.749995713886,-4.59,1.6800079117865));
#6455=CARTESIAN_POINT('',(3.749995713886,-4.390000815859,1.7550039230013));
#6456=VECTOR('',#8448,1.0);
#6457=CARTESIAN_POINT('',(3.549996543188,-4.590000603906,1.648467709569));
#6458=CARTESIAN_POINT('',(3.549996543188,-4.590000603906,1.648467709569));
#6459=CARTESIAN_POINT('',(3.549996543188,-4.528568313786,1.672678290477));
#6460=CARTESIAN_POINT('',(3.55000314191,-4.400466022924,1.722901612017));
#6461=CARTESIAN_POINT('',(3.549997172991,-4.261896535385,1.776752408431));
#6462=CARTESIAN_POINT('',(3.549997172991,-4.189999825215,1.80459655607));
#6463=AXIS2_PLACEMENT_3D('',#8449,#8450,#8451);
#6464=CARTESIAN_POINT('',(5.47,-2.99,-4.23));
#6465=CARTESIAN_POINT('',(-5.47,-2.99,-4.23));
#6466=CARTESIAN_POINT('',(5.47,-2.99,-4.23));
#6467=VECTOR('',#8452,10.94);
#6468=CARTESIAN_POINT('',(5.47,-2.99,-2.63));
#6469=CARTESIAN_POINT('',(5.47,-2.99,-2.63));
#6470=VECTOR('',#8453,1.6);
#6471=CARTESIAN_POINT('',(4.87,-2.99,-2.63));
#6472=CARTESIAN_POINT('',(5.47,-2.99,-2.63));
#6473=VECTOR('',#8454,0.6);
#6474=CARTESIAN_POINT('',(4.87,-2.99,2.63));
#6475=CARTESIAN_POINT('',(4.87,-2.99,2.63));
#6476=VECTOR('',#8455,5.26);
#6477=CARTESIAN_POINT('',(5.47,-2.99,2.63));
#6478=CARTESIAN_POINT('',(5.47,-2.99,2.63));
#6479=VECTOR('',#8456,0.6);
#6480=CARTESIAN_POINT('',(5.47,-2.99,4.23));
#6481=CARTESIAN_POINT('',(5.47,-2.99,4.23));
#6482=VECTOR('',#8457,1.6);
#6483=CARTESIAN_POINT('',(-5.47,-2.99,4.23));
#6484=CARTESIAN_POINT('',(-5.47,-2.99,4.23));
#6485=VECTOR('',#8458,10.94);
#6486=CARTESIAN_POINT('',(-5.47,-2.99,2.63));
#6487=CARTESIAN_POINT('',(-5.47,-2.99,2.63));
#6488=VECTOR('',#8459,1.6);
#6489=CARTESIAN_POINT('',(-4.87,-2.99,2.63));
#6490=CARTESIAN_POINT('',(-5.47,-2.99,2.63));
#6491=VECTOR('',#8460,0.6);
#6492=CARTESIAN_POINT('',(-4.87,-2.99,-2.63));
#6493=CARTESIAN_POINT('',(-4.87,-2.99,-2.63));
#6494=VECTOR('',#8461,5.26);
#6495=CARTESIAN_POINT('',(-5.47,-2.99,-2.63));
#6496=CARTESIAN_POINT('',(-5.47,-2.99,-2.63));
#6497=VECTOR('',#8462,0.6);
#6498=CARTESIAN_POINT('',(-5.47,-2.99,-4.23));
#6499=VECTOR('',#8463,1.6);
#6500=CARTESIAN_POINT('',(2.975403330759,-2.99,1.23));
#6501=CARTESIAN_POINT('',(2.975403330759,-2.99,0.83));
#6502=AXIS2_PLACEMENT_3D('',#8464,#8465,#8466);
#6503=CARTESIAN_POINT('',(3.45,-2.99,1.23));
#6504=CARTESIAN_POINT('',(3.45,-2.99,1.23));
#6505=VECTOR('',#8467,0.4745966692415);
#6506=CARTESIAN_POINT('',(3.55,-2.99,1.33));
#6507=AXIS2_PLACEMENT_3D('',#8468,#8469,#8470);
#6508=CARTESIAN_POINT('',(3.55,-2.99,1.804596669241));
#6509=VECTOR('',#8471,0.4745966692415);
#6510=CARTESIAN_POINT('',(3.95,-2.99,1.804596669241));
#6511=AXIS2_PLACEMENT_3D('',#8472,#8473,#8474);
#6512=CARTESIAN_POINT('',(3.95,-2.99,1.33));
#6513=CARTESIAN_POINT('',(3.95,-2.99,1.33));
#6514=VECTOR('',#8475,0.4745966692415);
#6515=CARTESIAN_POINT('',(4.05,-2.99,1.23));
#6516=AXIS2_PLACEMENT_3D('',#8476,#8477,#8478);
#6517=CARTESIAN_POINT('',(4.524596669241,-2.99,1.23));
#6518=CARTESIAN_POINT('',(4.524596669241,-2.99,1.23));
#6519=VECTOR('',#8479,0.4745966692415);
#6520=CARTESIAN_POINT('',(4.524596669241,-2.99,0.83));
#6521=AXIS2_PLACEMENT_3D('',#8480,#8481,#8482);
#6522=CARTESIAN_POINT('',(4.05,-2.99,0.83));
#6523=CARTESIAN_POINT('',(4.05,-2.99,0.83));
#6524=VECTOR('',#8483,0.4745966692415);
#6525=CARTESIAN_POINT('',(3.95,-2.99,0.73));
#6526=AXIS2_PLACEMENT_3D('',#8484,#8485,#8486);
#6527=CARTESIAN_POINT('',(3.95,-2.99,0.2554033307585));
#6528=CARTESIAN_POINT('',(3.95,-2.99,0.2554033307585));
#6529=VECTOR('',#8487,0.4745966692415);
#6530=AXIS2_PLACEMENT_3D('',#8488,#8489,#8490);
#6531=CARTESIAN_POINT('',(3.55,-2.99,0.73));
#6532=CARTESIAN_POINT('',(3.55,-2.99,0.73));
#6533=VECTOR('',#8491,0.4745966692415);
#6534=CARTESIAN_POINT('',(3.45,-2.99,0.83));
#6535=AXIS2_PLACEMENT_3D('',#8492,#8493,#8494);
#6536=CARTESIAN_POINT('',(2.975403330759,-2.99,0.83));
#6537=VECTOR('',#8495,0.4745966692415);
#6538=CARTESIAN_POINT('',(-3.45,-2.99,0.83));
#6539=CARTESIAN_POINT('',(-2.975403330759,-2.99,0.83));
#6540=CARTESIAN_POINT('',(-3.45,-2.99,0.83));
#6541=VECTOR('',#8496,0.4745966692415);
#6542=CARTESIAN_POINT('',(-3.55,-2.99,0.73));
#6543=AXIS2_PLACEMENT_3D('',#8497,#8498,#8499);
#6544=CARTESIAN_POINT('',(-3.55,-2.99,0.2554033307585));
#6545=CARTESIAN_POINT('',(-3.55,-2.99,0.2554033307585));
#6546=VECTOR('',#8500,0.4745966692415);
#6547=AXIS2_PLACEMENT_3D('',#8501,#8502,#8503);
#6548=CARTESIAN_POINT('',(-3.95,-2.99,0.73));
#6549=CARTESIAN_POINT('',(-3.95,-2.99,0.73));
#6550=VECTOR('',#8504,0.4745966692415);
#6551=CARTESIAN_POINT('',(-4.05,-2.99,0.83));
#6552=AXIS2_PLACEMENT_3D('',#8505,#8506,#8507);
#6553=CARTESIAN_POINT('',(-4.524596669241,-2.99,0.83));
#6554=CARTESIAN_POINT('',(-4.524596669241,-2.99,0.83));
#6555=VECTOR('',#8508,0.4745966692415);
#6556=CARTESIAN_POINT('',(-4.524596669241,-2.99,1.23));
#6557=AXIS2_PLACEMENT_3D('',#8509,#8510,#8511);
#6558=CARTESIAN_POINT('',(-4.05,-2.99,1.23));
#6559=CARTESIAN_POINT('',(-4.05,-2.99,1.23));
#6560=VECTOR('',#8512,0.4745966692415);
#6561=CARTESIAN_POINT('',(-3.95,-2.99,1.33));
#6562=AXIS2_PLACEMENT_3D('',#8513,#8514,#8515);
#6563=CARTESIAN_POINT('',(-3.95,-2.99,1.804596669241));
#6564=VECTOR('',#8516,0.4745966692415);
#6565=CARTESIAN_POINT('',(-3.55,-2.99,1.804596669241));
#6566=AXIS2_PLACEMENT_3D('',#8517,#8518,#8519);
#6567=CARTESIAN_POINT('',(-3.55,-2.99,1.33));
#6568=CARTESIAN_POINT('',(-3.55,-2.99,1.33));
#6569=VECTOR('',#8520,0.4745966692415);
#6570=CARTESIAN_POINT('',(-3.45,-2.99,1.23));
#6571=AXIS2_PLACEMENT_3D('',#8521,#8522,#8523);
#6572=CARTESIAN_POINT('',(-2.975403330759,-2.99,1.23));
#6573=CARTESIAN_POINT('',(-2.975403330759,-2.99,1.23));
#6574=VECTOR('',#8524,0.4745966692415);
#6575=AXIS2_PLACEMENT_3D('',#8525,#8526,#8527);
#6576=CARTESIAN_POINT('',(-5.47,2.99,4.23));
#6577=CARTESIAN_POINT('',(-5.47,-2.99,4.23));
#6578=VECTOR('',#8528,5.98);
#6579=CARTESIAN_POINT('',(-5.47,2.99,-4.23));
#6580=CARTESIAN_POINT('',(-5.47,2.99,-4.23));
#6581=VECTOR('',#8529,8.46);
#6582=CARTESIAN_POINT('',(-5.47,-2.99,-4.23));
#6583=VECTOR('',#8530,5.98);
#6584=CARTESIAN_POINT('',(-5.47,-3.29,-2.63));
#6585=CARTESIAN_POINT('',(-5.47,-2.99,-2.63));
#6586=VECTOR('',#8531,0.3);
#6587=CARTESIAN_POINT('',(-5.47,-3.29,2.63));
#6588=CARTESIAN_POINT('',(-5.47,-3.29,2.63));
#6589=VECTOR('',#8532,5.26);
#6590=CARTESIAN_POINT('',(-5.47,-2.99,2.63));
#6591=VECTOR('',#8533,0.3);
#6592=CARTESIAN_POINT('',(-4.87,-3.29,2.63));
#6593=CARTESIAN_POINT('',(-4.87,-3.29,2.63));
#6594=VECTOR('',#8534,0.6);
#6595=CARTESIAN_POINT('',(-4.87,-2.99,2.63));
#6596=VECTOR('',#8535,0.3);
#6597=CARTESIAN_POINT('',(-4.87,-3.29,-2.63));
#6598=CARTESIAN_POINT('',(-4.87,-3.29,-2.63));
#6599=VECTOR('',#8536,5.26);
#6600=CARTESIAN_POINT('',(-4.87,-2.99,-2.63));
#6601=VECTOR('',#8537,0.3);
#6602=CARTESIAN_POINT('',(-5.47,-3.29,-2.63));
#6603=VECTOR('',#8538,0.6);
#6604=CARTESIAN_POINT('',(4.87,-3.29,2.63));
#6605=CARTESIAN_POINT('',(4.87,-3.29,-2.63));
#6606=CARTESIAN_POINT('',(4.87,-3.29,2.63));
#6607=VECTOR('',#8539,5.26);
#6608=CARTESIAN_POINT('',(5.47,-3.29,-2.63));
#6609=CARTESIAN_POINT('',(4.87,-3.29,-2.63));
#6610=VECTOR('',#8540,0.6);
#6611=CARTESIAN_POINT('',(5.47,-3.29,2.63));
#6612=CARTESIAN_POINT('',(5.47,-3.29,-2.63));
#6613=VECTOR('',#8541,5.26);
#6614=CARTESIAN_POINT('',(5.47,-3.29,2.63));
#6615=VECTOR('',#8542,0.6);
#6616=CARTESIAN_POINT('',(4.87,-2.99,2.63));
#6617=VECTOR('',#8543,0.3);
#6618=CARTESIAN_POINT('',(5.47,-2.99,2.63));
#6619=VECTOR('',#8544,0.3);
#6620=CARTESIAN_POINT('',(5.47,2.99,-4.23));
#6621=CARTESIAN_POINT('',(5.47,-2.99,-4.23));
#6622=VECTOR('',#8545,5.98);
#6623=CARTESIAN_POINT('',(5.47,2.99,4.23));
#6624=CARTESIAN_POINT('',(5.47,2.99,4.23));
#6625=VECTOR('',#8546,8.46);
#6626=CARTESIAN_POINT('',(5.47,-2.99,4.23));
#6627=VECTOR('',#8547,5.98);
#6628=CARTESIAN_POINT('',(5.47,-2.99,-2.63));
#6629=VECTOR('',#8548,0.3);
#6630=CARTESIAN_POINT('',(4.87,-2.99,-2.63));
#6631=VECTOR('',#8549,0.3);
#6632=CARTESIAN_POINT('',(-2.6,3.82,4.23));
#6633=CARTESIAN_POINT('',(-2.2,3.82,4.23));
#6634=CARTESIAN_POINT('',(-2.6,3.82,4.23));
#6635=VECTOR('',#8550,0.4);
#6636=CARTESIAN_POINT('',(-2.6,2.99,4.23));
#6637=CARTESIAN_POINT('',(-2.6,3.82,4.23));
#6638=VECTOR('',#8551,0.83);
#6639=CARTESIAN_POINT('',(-5.47,2.99,4.23));
#6640=VECTOR('',#8552,2.87);
#6641=CARTESIAN_POINT('',(2.6,2.99,4.23));
#6642=CARTESIAN_POINT('',(2.6,2.99,4.23));
#6643=VECTOR('',#8553,2.87);
#6644=CARTESIAN_POINT('',(2.6,3.82,4.23));
#6645=CARTESIAN_POINT('',(2.6,3.82,4.23));
#6646=VECTOR('',#8554,0.83);
#6647=CARTESIAN_POINT('',(2.2,3.82,4.23));
#6648=CARTESIAN_POINT('',(2.2,3.82,4.23));
#6649=VECTOR('',#8555,0.4);
#6650=CARTESIAN_POINT('',(2.2,2.345,4.23));
#6651=CARTESIAN_POINT('',(2.2,3.82,4.23));
#6652=VECTOR('',#8556,1.475);
#6653=CARTESIAN_POINT('',(2.36,2.345,4.23));
#6654=CARTESIAN_POINT('',(2.36,2.345,4.23));
#6655=VECTOR('',#8557,0.16);
#6656=CARTESIAN_POINT('',(2.36,0.155,4.23));
#6657=CARTESIAN_POINT('',(2.36,0.155,4.23));
#6658=VECTOR('',#8558,2.19);
#6659=CARTESIAN_POINT('',(0.14,0.155,4.23));
#6660=CARTESIAN_POINT('',(0.14,0.155,4.23));
#6661=VECTOR('',#8559,2.22);
#6662=CARTESIAN_POINT('',(0.14,2.345,4.23));
#6663=CARTESIAN_POINT('',(0.14,2.345,4.23));
#6664=VECTOR('',#8560,2.19);
#6665=CARTESIAN_POINT('',(1.33,2.345,4.23));
#6666=CARTESIAN_POINT('',(1.33,2.345,4.23));
#6667=VECTOR('',#8561,1.19);
#6668=CARTESIAN_POINT('',(1.33,2.62,4.23));
#6669=CARTESIAN_POINT('',(1.33,2.62,4.23));
#6670=VECTOR('',#8562,0.275);
#6671=CARTESIAN_POINT('',(-1.33,2.62,4.23));
#6672=CARTESIAN_POINT('',(-1.33,2.62,4.23));
#6673=VECTOR('',#8563,2.66);
#6674=CARTESIAN_POINT('',(-1.33,2.345,4.23));
#6675=CARTESIAN_POINT('',(-1.33,2.345,4.23));
#6676=VECTOR('',#8564,0.275);
#6677=CARTESIAN_POINT('',(-0.14,2.345,4.23));
#6678=CARTESIAN_POINT('',(-0.14,2.345,4.23));
#6679=VECTOR('',#8565,1.19);
#6680=CARTESIAN_POINT('',(-0.14,0.155,4.23));
#6681=CARTESIAN_POINT('',(-0.14,0.155,4.23));
#6682=VECTOR('',#8566,2.19);
#6683=CARTESIAN_POINT('',(-2.36,0.155,4.23));
#6684=CARTESIAN_POINT('',(-2.36,0.155,4.23));
#6685=VECTOR('',#8567,2.22);
#6686=CARTESIAN_POINT('',(-2.36,2.345,4.23));
#6687=CARTESIAN_POINT('',(-2.36,2.345,4.23));
#6688=VECTOR('',#8568,2.19);
#6689=CARTESIAN_POINT('',(-2.2,2.345,4.23));
#6690=CARTESIAN_POINT('',(-2.2,2.345,4.23));
#6691=VECTOR('',#8569,0.16);
#6692=CARTESIAN_POINT('',(-2.2,3.82,4.23));
#6693=VECTOR('',#8570,1.475);
#6694=CARTESIAN_POINT('',(2.64,-0.155,4.23));
#6695=CARTESIAN_POINT('',(2.64,-2.345,4.23));
#6696=CARTESIAN_POINT('',(2.64,-0.155,4.23));
#6697=VECTOR('',#8571,2.19);
#6698=CARTESIAN_POINT('',(4.86,-0.155,4.23));
#6699=CARTESIAN_POINT('',(4.86,-0.155,4.23));
#6700=VECTOR('',#8572,2.22);
#6701=CARTESIAN_POINT('',(4.86,-2.345,4.23));
#6702=CARTESIAN_POINT('',(4.86,-2.345,4.23));
#6703=VECTOR('',#8573,2.19);
#6704=CARTESIAN_POINT('',(2.64,-2.345,4.23));
#6705=VECTOR('',#8574,2.22);
#6706=CARTESIAN_POINT('',(0.14,-0.155,4.23));
#6707=CARTESIAN_POINT('',(0.14,-2.345,4.23));
#6708=CARTESIAN_POINT('',(0.14,-0.155,4.23));
#6709=VECTOR('',#8575,2.19);
#6710=CARTESIAN_POINT('',(2.36,-0.155,4.23));
#6711=CARTESIAN_POINT('',(2.36,-0.155,4.23));
#6712=VECTOR('',#8576,2.22);
#6713=CARTESIAN_POINT('',(2.36,-2.345,4.23));
#6714=CARTESIAN_POINT('',(2.36,-2.345,4.23));
#6715=VECTOR('',#8577,2.19);
#6716=CARTESIAN_POINT('',(0.14,-2.345,4.23));
#6717=VECTOR('',#8578,2.22);
#6718=CARTESIAN_POINT('',(-2.36,-0.155,4.23));
#6719=CARTESIAN_POINT('',(-2.36,-2.345,4.23));
#6720=CARTESIAN_POINT('',(-2.36,-0.155,4.23));
#6721=VECTOR('',#8579,2.19);
#6722=CARTESIAN_POINT('',(-0.14,-0.155,4.23));
#6723=CARTESIAN_POINT('',(-0.14,-0.155,4.23));
#6724=VECTOR('',#8580,2.22);
#6725=CARTESIAN_POINT('',(-0.14,-2.345,4.23));
#6726=CARTESIAN_POINT('',(-0.14,-2.345,4.23));
#6727=VECTOR('',#8581,2.19);
#6728=CARTESIAN_POINT('',(-2.36,-2.345,4.23));
#6729=VECTOR('',#8582,2.22);
#6730=CARTESIAN_POINT('',(-2.64,2.345,4.23));
#6731=CARTESIAN_POINT('',(-4.86,2.345,4.23));
#6732=CARTESIAN_POINT('',(-2.64,2.345,4.23));
#6733=VECTOR('',#8583,2.22);
#6734=CARTESIAN_POINT('',(-2.64,0.155,4.23));
#6735=CARTESIAN_POINT('',(-2.64,0.155,4.23));
#6736=VECTOR('',#8584,2.19);
#6737=CARTESIAN_POINT('',(-3.55,0.155,4.23));
#6738=CARTESIAN_POINT('',(-3.55,0.155,4.23));
#6739=VECTOR('',#8585,0.91);
#6740=CARTESIAN_POINT('',(-3.55,-0.155,4.23));
#6741=CARTESIAN_POINT('',(-3.55,-0.155,4.23));
#6742=VECTOR('',#8586,0.31);
#6743=CARTESIAN_POINT('',(-2.64,-0.155,4.23));
#6744=CARTESIAN_POINT('',(-2.64,-0.155,4.23));
#6745=VECTOR('',#8587,0.91);
#6746=CARTESIAN_POINT('',(-2.64,-2.345,4.23));
#6747=CARTESIAN_POINT('',(-2.64,-2.345,4.23));
#6748=VECTOR('',#8588,2.19);
#6749=CARTESIAN_POINT('',(-4.86,-2.345,4.23));
#6750=CARTESIAN_POINT('',(-4.86,-2.345,4.23));
#6751=VECTOR('',#8589,2.22);
#6752=CARTESIAN_POINT('',(-4.86,-2.345,4.23));
#6753=VECTOR('',#8590,4.69);
#6754=CARTESIAN_POINT('',(4.86,2.345,4.23));
#6755=CARTESIAN_POINT('',(2.64,2.345,4.23));
#6756=CARTESIAN_POINT('',(4.86,2.345,4.23));
#6757=VECTOR('',#8591,2.22);
#6758=CARTESIAN_POINT('',(4.86,0.155,4.23));
#6759=CARTESIAN_POINT('',(4.86,0.155,4.23));
#6760=VECTOR('',#8592,2.19);
#6761=CARTESIAN_POINT('',(2.64,0.155,4.23));
#6762=CARTESIAN_POINT('',(2.64,0.155,4.23));
#6763=VECTOR('',#8593,2.22);
#6764=CARTESIAN_POINT('',(2.64,2.345,4.23));
#6765=VECTOR('',#8594,2.19);
#6766=CARTESIAN_POINT('',(2.64,0.155,-1.77));
#6767=CARTESIAN_POINT('',(2.64,0.155,4.23));
#6768=VECTOR('',#8595,6.0);
#6769=CARTESIAN_POINT('',(2.64,2.345,-1.77));
#6770=CARTESIAN_POINT('',(2.64,2.345,-1.77));
#6771=VECTOR('',#8596,2.19);
#6772=CARTESIAN_POINT('',(2.64,2.345,4.23));
#6773=VECTOR('',#8597,6.0);
#6774=CARTESIAN_POINT('',(4.86,2.345,-1.77));
#6775=CARTESIAN_POINT('',(4.86,2.345,-1.77));
#6776=VECTOR('',#8598,2.22);
#6777=CARTESIAN_POINT('',(4.86,2.345,4.23));
#6778=VECTOR('',#8599,6.0);
#6779=CARTESIAN_POINT('',(4.86,0.155,-1.77));
#6780=CARTESIAN_POINT('',(4.86,0.155,-1.77));
#6781=VECTOR('',#8600,2.19);
#6782=CARTESIAN_POINT('',(4.86,0.155,4.23));
#6783=VECTOR('',#8601,6.0);
#6784=CARTESIAN_POINT('',(2.64,0.155,-1.77));
#6785=VECTOR('',#8602,2.22);
#6786=CARTESIAN_POINT('',(3.4325,0.9325,-1.77));
#6787=CARTESIAN_POINT('',(3.4325,1.5675,-1.77));
#6788=CARTESIAN_POINT('',(3.4325,0.9325,-1.77));
#6789=VECTOR('',#8603,0.635);
#6790=CARTESIAN_POINT('',(4.0675,1.5675,-1.77));
#6791=CARTESIAN_POINT('',(3.4325,1.5675,-1.77));
#6792=VECTOR('',#8604,0.635);
#6793=CARTESIAN_POINT('',(4.0675,0.9325,-1.77));
#6794=CARTESIAN_POINT('',(4.0675,0.9325,-1.77));
#6795=VECTOR('',#8605,0.635);
#6796=CARTESIAN_POINT('',(3.4325,0.9325,-1.77));
#6797=VECTOR('',#8606,0.635);
#6798=CARTESIAN_POINT('',(4.86,-2.345,-1.77));
#6799=CARTESIAN_POINT('',(4.86,-0.155,-1.77));
#6800=CARTESIAN_POINT('',(4.86,-2.345,-1.77));
#6801=VECTOR('',#8607,2.19);
#6802=CARTESIAN_POINT('',(2.64,-0.155,-1.77));
#6803=CARTESIAN_POINT('',(4.86,-0.155,-1.77));
#6804=VECTOR('',#8608,2.22);
#6805=CARTESIAN_POINT('',(2.64,-2.345,-1.77));
#6806=CARTESIAN_POINT('',(2.64,-0.155,-1.77));
#6807=VECTOR('',#8609,2.19);
#6808=CARTESIAN_POINT('',(2.64,-2.345,-1.77));
#6809=VECTOR('',#8610,2.22);
#6810=CARTESIAN_POINT('',(3.4325,-0.9325,-1.77));
#6811=CARTESIAN_POINT('',(4.0675,-0.9325,-1.77));
#6812=CARTESIAN_POINT('',(3.4325,-0.9325,-1.77));
#6813=VECTOR('',#8611,0.635);
#6814=CARTESIAN_POINT('',(4.0675,-1.5675,-1.77));
#6815=CARTESIAN_POINT('',(4.0675,-1.5675,-1.77));
#6816=VECTOR('',#8612,0.635);
#6817=CARTESIAN_POINT('',(3.4325,-1.5675,-1.77));
#6818=CARTESIAN_POINT('',(3.4325,-1.5675,-1.77));
#6819=VECTOR('',#8613,0.635);
#6820=CARTESIAN_POINT('',(3.4325,-1.5675,-1.77));
#6821=VECTOR('',#8614,0.635);
#6822=CARTESIAN_POINT('',(4.86,-2.345,4.23));
#6823=VECTOR('',#8615,6.0);
#6824=CARTESIAN_POINT('',(2.64,-2.345,4.23));
#6825=VECTOR('',#8616,6.0);
#6826=CARTESIAN_POINT('',(2.64,-0.155,4.23));
#6827=VECTOR('',#8617,6.0);
#6828=CARTESIAN_POINT('',(4.86,-0.155,4.23));
#6829=VECTOR('',#8618,6.0);
#6830=CARTESIAN_POINT('',(3.4325,1.5675,2.25));
#6831=CARTESIAN_POINT('',(3.4325,1.5675,-1.77));
#6832=VECTOR('',#8619,4.02);
#6833=CARTESIAN_POINT('',(3.4325,0.9325,2.25));
#6834=CARTESIAN_POINT('',(3.4325,0.9325,2.25));
#6835=VECTOR('',#8620,4.02);
#6836=CARTESIAN_POINT('',(3.4325,0.9325,2.25));
#6837=VECTOR('',#8621,0.635);
#6838=CARTESIAN_POINT('',(3.4325,-0.9325,2.25));
#6839=CARTESIAN_POINT('',(3.4325,-0.9325,-1.77));
#6840=VECTOR('',#8622,4.02);
#6841=CARTESIAN_POINT('',(3.4325,-1.5675,2.25));
#6842=CARTESIAN_POINT('',(3.4325,-1.5675,2.25));
#6843=VECTOR('',#8623,4.02);
#6844=CARTESIAN_POINT('',(3.4325,-1.5675,2.25));
#6845=VECTOR('',#8624,0.635);
#6846=CARTESIAN_POINT('',(3.4325,0.6325,-8.3325));
#6847=CARTESIAN_POINT('',(3.4325,-5.94,-8.3325));
#6848=CARTESIAN_POINT('',(3.4325,0.6325,-8.3325));
#6849=VECTOR('',#8625,6.5725);
#6850=CARTESIAN_POINT('',(3.4325,0.9325,-8.0325));
#6851=AXIS2_PLACEMENT_3D('',#8626,#8627,#8628);
#6852=CARTESIAN_POINT('',(3.4325,0.9325,-4.23));
#6853=CARTESIAN_POINT('',(3.4325,0.9325,-4.23));
#6854=VECTOR('',#8629,3.8025);
#6855=CARTESIAN_POINT('',(3.4325,1.5675,-4.23));
#6856=CARTESIAN_POINT('',(3.4325,0.9325,-4.23));
#6857=VECTOR('',#8630,0.635);
#6858=CARTESIAN_POINT('',(3.4325,1.5675,-8.0325));
#6859=CARTESIAN_POINT('',(3.4325,1.5675,-8.0325));
#6860=VECTOR('',#8631,3.8025);
#6861=CARTESIAN_POINT('',(3.4325,0.6325,-8.9675));
#6862=AXIS2_PLACEMENT_3D('',#8632,#8633,#8634);
#6863=CARTESIAN_POINT('',(3.4325,-5.94,-8.9675));
#6864=CARTESIAN_POINT('',(3.4325,-5.94,-8.9675));
#6865=VECTOR('',#8635,6.5725);
#6866=CARTESIAN_POINT('',(3.4325,-5.94,-8.9675));
#6867=VECTOR('',#8636,0.635);
#6868=CARTESIAN_POINT('',(3.4325,-1.8675,-5.8325));
#6869=CARTESIAN_POINT('',(3.4325,-5.94,-5.8325));
#6870=CARTESIAN_POINT('',(3.4325,-1.8675,-5.8325));
#6871=VECTOR('',#8637,4.0725);
#6872=CARTESIAN_POINT('',(3.4325,-1.5675,-5.5325));
#6873=AXIS2_PLACEMENT_3D('',#8638,#8639,#8640);
#6874=CARTESIAN_POINT('',(3.4325,-1.5675,-4.23));
#6875=CARTESIAN_POINT('',(3.4325,-1.5675,-4.23));
#6876=VECTOR('',#8641,1.3025);
#6877=CARTESIAN_POINT('',(3.4325,-0.9325,-4.23));
#6878=CARTESIAN_POINT('',(3.4325,-1.5675,-4.23));
#6879=VECTOR('',#8642,0.635);
#6880=CARTESIAN_POINT('',(3.4325,-0.9325,-5.5325));
#6881=CARTESIAN_POINT('',(3.4325,-0.9325,-5.5325));
#6882=VECTOR('',#8643,1.3025);
#6883=CARTESIAN_POINT('',(3.4325,-1.8675,-6.4675));
#6884=AXIS2_PLACEMENT_3D('',#8644,#8645,#8646);
#6885=CARTESIAN_POINT('',(3.4325,-5.94,-6.4675));
#6886=CARTESIAN_POINT('',(3.4325,-5.94,-6.4675));
#6887=VECTOR('',#8647,4.0725);
#6888=CARTESIAN_POINT('',(3.4325,-5.94,-6.4675));
#6889=VECTOR('',#8648,0.635);
#6890=CARTESIAN_POINT('',(3.5825,1.4175,2.8));
#6891=CARTESIAN_POINT('',(3.4325,1.5675,2.25));
#6892=VECTOR('',#8649,0.5894913061276);
#6893=CARTESIAN_POINT('',(3.5825,1.0825,2.8));
#6894=CARTESIAN_POINT('',(3.5825,1.0825,2.8));
#6895=VECTOR('',#8650,0.5894913061276);
#6896=CARTESIAN_POINT('',(3.5825,1.0825,2.8));
#6897=VECTOR('',#8651,0.335);
#6898=CARTESIAN_POINT('',(3.9175,1.0825,2.8));
#6899=CARTESIAN_POINT('',(3.9175,1.0825,2.8));
#6900=VECTOR('',#8652,0.335);
#6901=CARTESIAN_POINT('',(3.9175,1.4175,2.8));
#6902=CARTESIAN_POINT('',(3.9175,1.4175,2.8));
#6903=VECTOR('',#8653,0.335);
#6904=CARTESIAN_POINT('',(3.9175,1.4175,2.8));
#6905=VECTOR('',#8654,0.335);
#6906=CARTESIAN_POINT('',(4.0675,1.5675,2.25));
#6907=CARTESIAN_POINT('',(3.9175,1.4175,2.8));
#6908=VECTOR('',#8655,0.5894913061276);
#6909=CARTESIAN_POINT('',(4.0675,1.5675,2.25));
#6910=VECTOR('',#8656,0.635);
#6911=CARTESIAN_POINT('',(4.0675,1.5675,-8.0325));
#6912=CARTESIAN_POINT('',(4.0675,1.5675,-4.23));
#6913=CARTESIAN_POINT('',(4.0675,1.5675,-8.0325));
#6914=VECTOR('',#8657,3.8025);
#6915=CARTESIAN_POINT('',(3.4325,1.5675,-8.0325));
#6916=VECTOR('',#8658,0.635);
#6917=CARTESIAN_POINT('',(3.4325,1.5675,-4.23));
#6918=VECTOR('',#8659,0.635);
#6919=CARTESIAN_POINT('',(4.0675,1.5675,-1.77));
#6920=VECTOR('',#8660,4.02);
#6921=CARTESIAN_POINT('',(5.47,2.99,-4.23));
#6922=VECTOR('',#8661,10.94);
#6923=CARTESIAN_POINT('',(4.0675,-1.5675,-4.23));
#6924=CARTESIAN_POINT('',(3.4325,-1.5675,-4.23));
#6925=VECTOR('',#8662,0.635);
#6926=CARTESIAN_POINT('',(4.0675,-0.9325,-4.23));
#6927=CARTESIAN_POINT('',(4.0675,-1.5675,-4.23));
#6928=VECTOR('',#8663,0.635);
#6929=CARTESIAN_POINT('',(3.4325,-0.9325,-4.23));
#6930=VECTOR('',#8664,0.635);
#6931=CARTESIAN_POINT('',(4.0675,0.9325,-4.23));
#6932=CARTESIAN_POINT('',(4.0675,0.9325,-4.23));
#6933=VECTOR('',#8665,0.635);
#6934=CARTESIAN_POINT('',(3.4325,0.9325,-4.23));
#6935=VECTOR('',#8666,0.635);
#6936=CARTESIAN_POINT('',(0.9325,-1.5675,-4.23));
#6937=CARTESIAN_POINT('',(1.5675,-1.5675,-4.23));
#6938=CARTESIAN_POINT('',(0.9325,-1.5675,-4.23));
#6939=VECTOR('',#8667,0.635);
#6940=CARTESIAN_POINT('',(1.5675,-0.9325,-4.23));
#6941=CARTESIAN_POINT('',(1.5675,-1.5675,-4.23));
#6942=VECTOR('',#8668,0.635);
#6943=CARTESIAN_POINT('',(0.9325,-0.9325,-4.23));
#6944=CARTESIAN_POINT('',(0.9325,-0.9325,-4.23));
#6945=VECTOR('',#8669,0.635);
#6946=CARTESIAN_POINT('',(0.9325,-1.5675,-4.23));
#6947=VECTOR('',#8670,0.635);
#6948=CARTESIAN_POINT('',(0.9325,0.9325,-4.23));
#6949=CARTESIAN_POINT('',(1.5675,0.9325,-4.23));
#6950=CARTESIAN_POINT('',(0.9325,0.9325,-4.23));
#6951=VECTOR('',#8671,0.635);
#6952=CARTESIAN_POINT('',(1.5675,1.5675,-4.23));
#6953=CARTESIAN_POINT('',(1.5675,0.9325,-4.23));
#6954=VECTOR('',#8672,0.635);
#6955=CARTESIAN_POINT('',(0.9325,1.5675,-4.23));
#6956=CARTESIAN_POINT('',(0.9325,1.5675,-4.23));
#6957=VECTOR('',#8673,0.635);
#6958=CARTESIAN_POINT('',(0.9325,0.9325,-4.23));
#6959=VECTOR('',#8674,0.635);
#6960=CARTESIAN_POINT('',(-1.5675,-1.5675,-4.23));
#6961=CARTESIAN_POINT('',(-0.9325,-1.5675,-4.23));
#6962=CARTESIAN_POINT('',(-1.5675,-1.5675,-4.23));
#6963=VECTOR('',#8675,0.635);
#6964=CARTESIAN_POINT('',(-0.9325,-0.9325,-4.23));
#6965=CARTESIAN_POINT('',(-0.9325,-1.5675,-4.23));
#6966=VECTOR('',#8676,0.635);
#6967=CARTESIAN_POINT('',(-1.5675,-0.9325,-4.23));
#6968=CARTESIAN_POINT('',(-1.5675,-0.9325,-4.23));
#6969=VECTOR('',#8677,0.635);
#6970=CARTESIAN_POINT('',(-1.5675,-1.5675,-4.23));
#6971=VECTOR('',#8678,0.635);
#6972=CARTESIAN_POINT('',(-1.5675,0.9325,-4.23));
#6973=CARTESIAN_POINT('',(-0.9325,0.9325,-4.23));
#6974=CARTESIAN_POINT('',(-1.5675,0.9325,-4.23));
#6975=VECTOR('',#8679,0.635);
#6976=CARTESIAN_POINT('',(-0.9325,1.5675,-4.23));
#6977=CARTESIAN_POINT('',(-0.9325,0.9325,-4.23));
#6978=VECTOR('',#8680,0.635);
#6979=CARTESIAN_POINT('',(-1.5675,1.5675,-4.23));
#6980=CARTESIAN_POINT('',(-1.5675,1.5675,-4.23));
#6981=VECTOR('',#8681,0.635);
#6982=CARTESIAN_POINT('',(-1.5675,0.9325,-4.23));
#6983=VECTOR('',#8682,0.635);
#6984=CARTESIAN_POINT('',(-4.0675,-1.5675,-4.23));
#6985=CARTESIAN_POINT('',(-3.4325,-1.5675,-4.23));
#6986=CARTESIAN_POINT('',(-4.0675,-1.5675,-4.23));
#6987=VECTOR('',#8683,0.635);
#6988=CARTESIAN_POINT('',(-3.4325,-0.9325,-4.23));
#6989=CARTESIAN_POINT('',(-3.4325,-1.5675,-4.23));
#6990=VECTOR('',#8684,0.635);
#6991=CARTESIAN_POINT('',(-4.0675,-0.9325,-4.23));
#6992=CARTESIAN_POINT('',(-4.0675,-0.9325,-4.23));
#6993=VECTOR('',#8685,0.635);
#6994=CARTESIAN_POINT('',(-4.0675,-1.5675,-4.23));
#6995=VECTOR('',#8686,0.635);
#6996=CARTESIAN_POINT('',(-4.0675,0.9325,-4.23));
#6997=CARTESIAN_POINT('',(-3.4325,0.9325,-4.23));
#6998=CARTESIAN_POINT('',(-4.0675,0.9325,-4.23));
#6999=VECTOR('',#8687,0.635);
#7000=CARTESIAN_POINT('',(-3.4325,1.5675,-4.23));
#7001=CARTESIAN_POINT('',(-3.4325,0.9325,-4.23));
#7002=VECTOR('',#8688,0.635);
#7003=CARTESIAN_POINT('',(-4.0675,1.5675,-4.23));
#7004=CARTESIAN_POINT('',(-4.0675,1.5675,-4.23));
#7005=VECTOR('',#8689,0.635);
#7006=CARTESIAN_POINT('',(-4.0675,0.9325,-4.23));
#7007=VECTOR('',#8690,0.635);
#7008=CARTESIAN_POINT('',(2.4,2.99,-0.77));
#7009=CARTESIAN_POINT('',(2.6,2.99,-0.57));
#7010=AXIS2_PLACEMENT_3D('',#8691,#8692,#8693);
#7011=CARTESIAN_POINT('',(2.6,2.99,4.23));
#7012=VECTOR('',#8694,4.8);
#7013=CARTESIAN_POINT('',(-2.6,2.99,-0.57));
#7014=CARTESIAN_POINT('',(-2.6,2.99,4.23));
#7015=VECTOR('',#8695,4.8);
#7016=CARTESIAN_POINT('',(-2.4,2.99,-0.77));
#7017=AXIS2_PLACEMENT_3D('',#8696,#8697,#8698);
#7018=CARTESIAN_POINT('',(-2.4,2.99,-0.77));
#7019=VECTOR('',#8699,4.8);
#7020=CARTESIAN_POINT('',(-2.4,5.649999999892,-0.77));
#7021=CARTESIAN_POINT('',(-2.4,5.649999999892,-0.77));
#7022=VECTOR('',#8700,2.659999999892);
#7023=CARTESIAN_POINT('',(-1.15,5.65,-0.77));
#7024=CARTESIAN_POINT('',(-2.4,5.649999999892,-0.77));
#7025=VECTOR('',#8701,1.25);
#7026=CARTESIAN_POINT('',(-1.15,5.0,-0.77));
#7027=CARTESIAN_POINT('',(-1.15,5.65,-0.77));
#7028=VECTOR('',#8702,0.65);
#7029=CARTESIAN_POINT('',(1.15,5.0,-0.77));
#7030=CARTESIAN_POINT('',(-1.15,5.0,-0.77));
#7031=VECTOR('',#8703,2.3);
#7032=CARTESIAN_POINT('',(1.15,5.65,-0.77));
#7033=CARTESIAN_POINT('',(1.15,5.65,-0.77));
#7034=VECTOR('',#8704,0.65);
#7035=CARTESIAN_POINT('',(2.4,5.65,-0.77));
#7036=CARTESIAN_POINT('',(1.15,5.65,-0.77));
#7037=VECTOR('',#8705,1.25);
#7038=CARTESIAN_POINT('',(2.4,2.99,-0.77));
#7039=VECTOR('',#8706,2.659999999784);
#7040=CARTESIAN_POINT('',(2.6,5.65,-0.57));
#7041=AXIS2_PLACEMENT_3D('',#8707,#8708,#8709);
#7042=CARTESIAN_POINT('',(2.6,2.99,-0.57));
#7043=VECTOR('',#8710,2.66);
#7044=CARTESIAN_POINT('',(2.6,5.65,5.69));
#7045=CARTESIAN_POINT('',(2.6,5.28,5.69));
#7046=CARTESIAN_POINT('',(2.6,5.65,5.69));
#7047=VECTOR('',#8711,0.37);
#7048=CARTESIAN_POINT('',(2.6,5.28,5.69));
#7049=VECTOR('',#8712,2.064751801065);
#7050=CARTESIAN_POINT('',(2.6,5.65,-0.57));
#7051=VECTOR('',#8713,6.26);
#7052=CARTESIAN_POINT('',(2.4,5.85,-0.5700000009079));
#7053=AXIS2_PLACEMENT_3D('',#8714,#8715,#8716);
#7054=CARTESIAN_POINT('',(2.4,5.85,5.69));
#7055=CARTESIAN_POINT('',(2.4,5.85,-0.5700000009079));
#7056=VECTOR('',#8717,6.260000000908);
#7057=AXIS2_PLACEMENT_3D('',#8718,#8719,#8720);
#7058=CARTESIAN_POINT('',(-2.4,5.85,5.69));
#7059=CARTESIAN_POINT('',(-2.4,5.85,5.69));
#7060=VECTOR('',#8721,4.8);
#7061=CARTESIAN_POINT('',(-2.6,5.65,5.69));
#7062=AXIS2_PLACEMENT_3D('',#8722,#8723,#8724);
#7063=CARTESIAN_POINT('',(-2.6,5.28,5.69));
#7064=CARTESIAN_POINT('',(-2.6,5.65,5.69));
#7065=VECTOR('',#8725,0.37);
#7066=CARTESIAN_POINT('',(-2.6,5.28,5.69));
#7067=VECTOR('',#8726,5.2);
#7068=CARTESIAN_POINT('',(2.2,5.0,5.41));
#7069=CARTESIAN_POINT('',(-2.2,5.0,5.41));
#7070=CARTESIAN_POINT('',(2.2,5.0,5.41));
#7071=VECTOR('',#8727,4.4);
#7072=CARTESIAN_POINT('',(2.2,3.82,4.23));
#7073=VECTOR('',#8728,1.6687720036);
#7074=CARTESIAN_POINT('',(-2.6,5.28,5.69));
#7075=VECTOR('',#8729,2.064751801065);
#7076=CARTESIAN_POINT('',(-2.2,3.82,4.23));
#7077=VECTOR('',#8730,1.6687720036);
#7078=CARTESIAN_POINT('',(-2.2,2.345,-0.31));
#7079=CARTESIAN_POINT('',(-2.2,2.345,4.23));
#7080=VECTOR('',#8731,4.54);
#7081=CARTESIAN_POINT('',(-2.2,5.0,-0.31));
#7082=CARTESIAN_POINT('',(-2.2,5.0,-0.31));
#7083=VECTOR('',#8732,2.655);
#7084=CARTESIAN_POINT('',(-2.2,5.0,5.41));
#7085=VECTOR('',#8733,5.72);
#7086=CARTESIAN_POINT('',(-1.15,5.0,4.1));
#7087=CARTESIAN_POINT('',(-0.9,5.0,4.35));
#7088=AXIS2_PLACEMENT_3D('',#8734,#8735,#8736);
#7089=CARTESIAN_POINT('',(0.9,5.0,4.35));
#7090=CARTESIAN_POINT('',(-0.9,5.0,4.35));
#7091=VECTOR('',#8737,1.8);
#7092=CARTESIAN_POINT('',(1.15,5.0,4.1));
#7093=AXIS2_PLACEMENT_3D('',#8738,#8739,#8740);
#7094=CARTESIAN_POINT('',(1.15,5.0,-0.31));
#7095=CARTESIAN_POINT('',(1.15,5.0,-0.31));
#7096=VECTOR('',#8741,4.41);
#7097=CARTESIAN_POINT('',(2.2,5.0,-0.31));
#7098=CARTESIAN_POINT('',(2.2,5.0,-0.31));
#7099=VECTOR('',#8742,1.05);
#7100=CARTESIAN_POINT('',(2.2,5.0,5.41));
#7101=VECTOR('',#8743,5.72);
#7102=CARTESIAN_POINT('',(-1.15,5.0,-0.31));
#7103=CARTESIAN_POINT('',(-1.15,5.0,-0.31));
#7104=VECTOR('',#8744,1.05);
#7105=CARTESIAN_POINT('',(-1.15,5.0,-0.31));
#7106=VECTOR('',#8745,4.41);
#7107=CARTESIAN_POINT('',(-1.15,5.85,-0.57));
#7108=AXIS2_PLACEMENT_3D('',#8746,#8747,#8748);
#7109=CARTESIAN_POINT('',(-1.15,5.85,4.1));
#7110=CARTESIAN_POINT('',(-1.15,5.85,-0.57));
#7111=VECTOR('',#8749,4.67);
#7112=CARTESIAN_POINT('',(-1.15,5.85,4.1));
#7113=VECTOR('',#8750,0.85);
#7114=CARTESIAN_POINT('',(-1.15,5.0,-0.77));
#7115=VECTOR('',#8751,0.46);
#7116=CARTESIAN_POINT('',(-1.15,5.0,-0.31));
#7117=VECTOR('',#8752,2.3);
#7118=CARTESIAN_POINT('',(1.15,5.0,-0.31));
#7119=VECTOR('',#8753,0.46);
#7120=CARTESIAN_POINT('',(1.15,5.85,4.1));
#7121=CARTESIAN_POINT('',(1.15,5.85,4.1));
#7122=VECTOR('',#8754,0.85);
#7123=CARTESIAN_POINT('',(1.15,5.85,-0.57));
#7124=CARTESIAN_POINT('',(1.15,5.85,-0.57));
#7125=VECTOR('',#8755,4.67);
#7126=AXIS2_PLACEMENT_3D('',#8756,#8757,#8758);
#7127=CARTESIAN_POINT('',(1.15,5.85,-0.57));
#7128=VECTOR('',#8759,1.25);
#7129=AXIS2_PLACEMENT_3D('',#8760,#8761,#8762);
#7130=CARTESIAN_POINT('',(-2.4,5.85,-0.57));
#7131=CARTESIAN_POINT('',(-2.4,5.85,-0.5700000018158));
#7132=VECTOR('',#8763,1.25);
#7133=AXIS2_PLACEMENT_3D('',#8764,#8765,#8766);
#7134=CARTESIAN_POINT('',(0.9,5.85,4.35));
#7135=AXIS2_PLACEMENT_3D('',#8767,#8768,#8769);
#7136=CARTESIAN_POINT('',(-0.9,5.85,4.35));
#7137=CARTESIAN_POINT('',(-0.9,5.85,4.35));
#7138=VECTOR('',#8770,1.8);
#7139=AXIS2_PLACEMENT_3D('',#8771,#8772,#8773);
#7140=CARTESIAN_POINT('',(-2.4,5.85,5.69));
#7141=VECTOR('',#8774,6.260000001816);
#7142=CARTESIAN_POINT('',(-2.6,5.65,-0.57));
#7143=AXIS2_PLACEMENT_3D('',#8775,#8776,#8777);
#7144=CARTESIAN_POINT('',(-2.6,5.65,5.69));
#7145=VECTOR('',#8778,6.26);
#7146=CARTESIAN_POINT('',(-2.6,5.65,-0.57));
#7147=VECTOR('',#8779,2.66);
#7148=AXIS2_PLACEMENT_3D('',#8780,#8781,#8782);
#7149=CARTESIAN_POINT('',(-0.9,5.85,4.35));
#7150=VECTOR('',#8783,0.85);
#7151=CARTESIAN_POINT('',(0.9,5.85,4.35));
#7152=VECTOR('',#8784,0.85);
#7153=CARTESIAN_POINT('',(-1.33,2.345,-0.31));
#7154=CARTESIAN_POINT('',(-2.2,2.345,-0.31));
#7155=VECTOR('',#8785,0.87);
#7156=CARTESIAN_POINT('',(-1.33,2.62,-0.31));
#7157=CARTESIAN_POINT('',(-1.33,2.345,-0.31));
#7158=VECTOR('',#8786,0.275);
#7159=CARTESIAN_POINT('',(1.33,2.62,-0.31));
#7160=CARTESIAN_POINT('',(-1.33,2.62,-0.31));
#7161=VECTOR('',#8787,2.66);
#7162=CARTESIAN_POINT('',(1.33,2.345,-0.31));
#7163=CARTESIAN_POINT('',(1.33,2.62,-0.31));
#7164=VECTOR('',#8788,0.275);
#7165=CARTESIAN_POINT('',(2.2,2.345,-0.31));
#7166=CARTESIAN_POINT('',(2.2,2.345,-0.31));
#7167=VECTOR('',#8789,0.87);
#7168=CARTESIAN_POINT('',(2.2,2.345,-0.31));
#7169=VECTOR('',#8790,2.655);
#7170=CARTESIAN_POINT('',(2.2,2.345,4.23));
#7171=VECTOR('',#8791,4.54);
#7172=CARTESIAN_POINT('',(1.33,2.345,4.23));
#7173=VECTOR('',#8792,4.54);
#7174=CARTESIAN_POINT('',(0.14,2.345,-1.77));
#7175=CARTESIAN_POINT('',(0.14,2.345,4.23));
#7176=VECTOR('',#8793,6.0);
#7177=CARTESIAN_POINT('',(2.36,2.345,-1.77));
#7178=CARTESIAN_POINT('',(2.36,2.345,-1.77));
#7179=VECTOR('',#8794,2.22);
#7180=CARTESIAN_POINT('',(2.36,2.345,4.23));
#7181=VECTOR('',#8795,6.0);
#7182=CARTESIAN_POINT('',(2.36,0.155,-1.77));
#7183=CARTESIAN_POINT('',(2.36,0.155,-1.77));
#7184=VECTOR('',#8796,2.19);
#7185=CARTESIAN_POINT('',(2.36,0.155,4.23));
#7186=VECTOR('',#8797,6.0);
#7187=CARTESIAN_POINT('',(0.14,0.155,-1.77));
#7188=CARTESIAN_POINT('',(0.14,0.155,-1.77));
#7189=VECTOR('',#8798,2.22);
#7190=CARTESIAN_POINT('',(0.14,0.155,4.23));
#7191=VECTOR('',#8799,6.0);
#7192=CARTESIAN_POINT('',(0.14,2.345,-1.77));
#7193=VECTOR('',#8800,2.19);
#7194=CARTESIAN_POINT('',(0.9325,1.5675,-1.77));
#7195=CARTESIAN_POINT('',(1.5675,1.5675,-1.77));
#7196=CARTESIAN_POINT('',(0.9325,1.5675,-1.77));
#7197=VECTOR('',#8801,0.635);
#7198=CARTESIAN_POINT('',(1.5675,0.9325,-1.77));
#7199=CARTESIAN_POINT('',(1.5675,0.9325,-1.77));
#7200=VECTOR('',#8802,0.635);
#7201=CARTESIAN_POINT('',(0.9325,0.9325,-1.77));
#7202=CARTESIAN_POINT('',(0.9325,0.9325,-1.77));
#7203=VECTOR('',#8803,0.635);
#7204=CARTESIAN_POINT('',(0.9325,0.9325,-1.77));
#7205=VECTOR('',#8804,0.635);
#7206=CARTESIAN_POINT('',(2.36,-2.345,-1.77));
#7207=CARTESIAN_POINT('',(2.36,-0.155,-1.77));
#7208=CARTESIAN_POINT('',(2.36,-2.345,-1.77));
#7209=VECTOR('',#8805,2.19);
#7210=CARTESIAN_POINT('',(0.14,-0.155,-1.77));
#7211=CARTESIAN_POINT('',(2.36,-0.155,-1.77));
#7212=VECTOR('',#8806,2.22);
#7213=CARTESIAN_POINT('',(0.14,-2.345,-1.77));
#7214=CARTESIAN_POINT('',(0.14,-0.155,-1.77));
#7215=VECTOR('',#8807,2.19);
#7216=CARTESIAN_POINT('',(0.14,-2.345,-1.77));
#7217=VECTOR('',#8808,2.22);
#7218=CARTESIAN_POINT('',(0.9325,-0.9325,-1.77));
#7219=CARTESIAN_POINT('',(1.5675,-0.9325,-1.77));
#7220=CARTESIAN_POINT('',(0.9325,-0.9325,-1.77));
#7221=VECTOR('',#8809,0.635);
#7222=CARTESIAN_POINT('',(1.5675,-1.5675,-1.77));
#7223=CARTESIAN_POINT('',(1.5675,-1.5675,-1.77));
#7224=VECTOR('',#8810,0.635);
#7225=CARTESIAN_POINT('',(0.9325,-1.5675,-1.77));
#7226=CARTESIAN_POINT('',(0.9325,-1.5675,-1.77));
#7227=VECTOR('',#8811,0.635);
#7228=CARTESIAN_POINT('',(0.9325,-1.5675,-1.77));
#7229=VECTOR('',#8812,0.635);
#7230=CARTESIAN_POINT('',(2.36,-2.345,4.23));
#7231=VECTOR('',#8813,6.0);
#7232=CARTESIAN_POINT('',(0.14,-2.345,4.23));
#7233=VECTOR('',#8814,6.0);
#7234=CARTESIAN_POINT('',(0.14,-0.155,4.23));
#7235=VECTOR('',#8815,6.0);
#7236=CARTESIAN_POINT('',(2.36,-0.155,4.23));
#7237=VECTOR('',#8816,6.0);
#7238=CARTESIAN_POINT('',(0.9325,1.5675,2.25));
#7239=CARTESIAN_POINT('',(0.9325,1.5675,-1.77));
#7240=VECTOR('',#8817,4.02);
#7241=CARTESIAN_POINT('',(0.9325,0.9325,2.25));
#7242=CARTESIAN_POINT('',(0.9325,0.9325,2.25));
#7243=VECTOR('',#8818,4.02);
#7244=CARTESIAN_POINT('',(0.9325,0.9325,2.25));
#7245=VECTOR('',#8819,0.635);
#7246=CARTESIAN_POINT('',(0.9325,0.6325,-8.3325));
#7247=CARTESIAN_POINT('',(0.9325,-5.94,-8.3325));
#7248=CARTESIAN_POINT('',(0.9325,0.6325,-8.3325));
#7249=VECTOR('',#8820,6.5725);
#7250=CARTESIAN_POINT('',(0.9325,0.9325,-8.0325));
#7251=AXIS2_PLACEMENT_3D('',#8821,#8822,#8823);
#7252=CARTESIAN_POINT('',(0.9325,0.9325,-4.23));
#7253=VECTOR('',#8824,3.8025);
#7254=CARTESIAN_POINT('',(0.9325,1.5675,-8.0325));
#7255=CARTESIAN_POINT('',(0.9325,1.5675,-8.0325));
#7256=VECTOR('',#8825,3.8025);
#7257=CARTESIAN_POINT('',(0.9325,0.6325,-8.9675));
#7258=AXIS2_PLACEMENT_3D('',#8826,#8827,#8828);
#7259=CARTESIAN_POINT('',(0.9325,-5.94,-8.9675));
#7260=CARTESIAN_POINT('',(0.9325,-5.94,-8.9675));
#7261=VECTOR('',#8829,6.5725);
#7262=CARTESIAN_POINT('',(0.9325,-5.94,-8.9675));
#7263=VECTOR('',#8830,0.635);
#7264=CARTESIAN_POINT('',(0.9325,-1.8675,-5.8325));
#7265=CARTESIAN_POINT('',(0.9325,-5.94,-5.8325));
#7266=CARTESIAN_POINT('',(0.9325,-1.8675,-5.8325));
#7267=VECTOR('',#8831,4.0725);
#7268=CARTESIAN_POINT('',(0.9325,-1.5675,-5.5325));
#7269=AXIS2_PLACEMENT_3D('',#8832,#8833,#8834);
#7270=CARTESIAN_POINT('',(0.9325,-1.5675,-4.23));
#7271=VECTOR('',#8835,1.3025);
#7272=CARTESIAN_POINT('',(0.9325,-0.9325,-5.5325));
#7273=CARTESIAN_POINT('',(0.9325,-0.9325,-5.5325));
#7274=VECTOR('',#8836,1.3025);
#7275=CARTESIAN_POINT('',(0.9325,-1.8675,-6.4675));
#7276=AXIS2_PLACEMENT_3D('',#8837,#8838,#8839);
#7277=CARTESIAN_POINT('',(0.9325,-5.94,-6.4675));
#7278=CARTESIAN_POINT('',(0.9325,-5.94,-6.4675));
#7279=VECTOR('',#8840,4.0725);
#7280=CARTESIAN_POINT('',(0.9325,-5.94,-6.4675));
#7281=VECTOR('',#8841,0.635);
#7282=CARTESIAN_POINT('',(0.9325,-0.9325,2.25));
#7283=CARTESIAN_POINT('',(0.9325,-0.9325,-1.77));
#7284=VECTOR('',#8842,4.02);
#7285=CARTESIAN_POINT('',(0.9325,-1.5675,2.25));
#7286=CARTESIAN_POINT('',(0.9325,-1.5675,2.25));
#7287=VECTOR('',#8843,4.02);
#7288=CARTESIAN_POINT('',(0.9325,-1.5675,2.25));
#7289=VECTOR('',#8844,0.635);
#7290=CARTESIAN_POINT('',(1.0825,1.4175,2.8));
#7291=CARTESIAN_POINT('',(0.9325,1.5675,2.25));
#7292=VECTOR('',#8845,0.5894913061276);
#7293=CARTESIAN_POINT('',(1.0825,1.0825,2.8));
#7294=CARTESIAN_POINT('',(1.0825,1.0825,2.8));
#7295=VECTOR('',#8846,0.5894913061276);
#7296=CARTESIAN_POINT('',(1.0825,1.0825,2.8));
#7297=VECTOR('',#8847,0.335);
#7298=CARTESIAN_POINT('',(1.4175,1.0825,2.8));
#7299=CARTESIAN_POINT('',(1.4175,1.0825,2.8));
#7300=VECTOR('',#8848,0.335);
#7301=CARTESIAN_POINT('',(1.4175,1.4175,2.8));
#7302=CARTESIAN_POINT('',(1.4175,1.4175,2.8));
#7303=VECTOR('',#8849,0.335);
#7304=CARTESIAN_POINT('',(1.4175,1.4175,2.8));
#7305=VECTOR('',#8850,0.335);
#7306=CARTESIAN_POINT('',(1.5675,1.5675,2.25));
#7307=CARTESIAN_POINT('',(1.4175,1.4175,2.8));
#7308=VECTOR('',#8851,0.5894913061276);
#7309=CARTESIAN_POINT('',(1.5675,1.5675,2.25));
#7310=VECTOR('',#8852,0.635);
#7311=CARTESIAN_POINT('',(1.5675,1.5675,-8.0325));
#7312=CARTESIAN_POINT('',(1.5675,1.5675,-8.0325));
#7313=VECTOR('',#8853,3.8025);
#7314=CARTESIAN_POINT('',(0.9325,1.5675,-8.0325));
#7315=VECTOR('',#8854,0.635);
#7316=CARTESIAN_POINT('',(1.5675,1.5675,-1.77));
#7317=VECTOR('',#8855,4.02);
#7318=CARTESIAN_POINT('',(1.5675,0.6325,-8.9675));
#7319=AXIS2_PLACEMENT_3D('',#8856,#8857,#8858);
#7320=CARTESIAN_POINT('',(0.9325,0.6325,-8.9675));
#7321=VECTOR('',#8859,0.635);
#7322=CARTESIAN_POINT('',(1.5675,-5.94,-8.9675));
#7323=CARTESIAN_POINT('',(1.5675,-5.94,-8.9675));
#7324=VECTOR('',#8860,6.5725);
#7325=CARTESIAN_POINT('',(1.5675,-5.94,-8.9675));
#7326=VECTOR('',#8861,0.635);
#7327=CARTESIAN_POINT('',(1.4175,-6.49,-8.8175));
#7328=CARTESIAN_POINT('',(1.5675,-5.94,-8.9675));
#7329=VECTOR('',#8862,0.5894913061276);
#7330=CARTESIAN_POINT('',(1.0825,-6.49,-8.8175));
#7331=CARTESIAN_POINT('',(1.4175,-6.49,-8.8175));
#7332=VECTOR('',#8863,0.335);
#7333=CARTESIAN_POINT('',(1.0825,-6.49,-8.8175));
#7334=VECTOR('',#8864,0.5894913061276);
#7335=CARTESIAN_POINT('',(1.0825,-6.49,-8.4825));
#7336=CARTESIAN_POINT('',(1.0825,-6.49,-8.8175));
#7337=VECTOR('',#8865,0.335);
#7338=CARTESIAN_POINT('',(1.0825,-6.49,-8.4825));
#7339=VECTOR('',#8866,0.5894913061276);
#7340=CARTESIAN_POINT('',(1.4175,-6.49,-8.4825));
#7341=CARTESIAN_POINT('',(1.4175,-6.49,-8.4825));
#7342=VECTOR('',#8867,0.335);
#7343=CARTESIAN_POINT('',(1.5675,-5.94,-8.3325));
#7344=CARTESIAN_POINT('',(1.4175,-6.49,-8.4825));
#7345=VECTOR('',#8868,0.5894913061276);
#7346=CARTESIAN_POINT('',(1.5675,-5.94,-8.3325));
#7347=VECTOR('',#8869,0.635);
#7348=CARTESIAN_POINT('',(1.5675,0.6325,-8.3325));
#7349=CARTESIAN_POINT('',(1.5675,0.6325,-8.3325));
#7350=VECTOR('',#8870,6.5725);
#7351=CARTESIAN_POINT('',(0.9325,0.6325,-8.3325));
#7352=VECTOR('',#8871,0.635);
#7353=CARTESIAN_POINT('',(1.5675,0.9325,-8.0325));
#7354=AXIS2_PLACEMENT_3D('',#8872,#8873,#8874);
#7355=CARTESIAN_POINT('',(0.9325,0.9325,-8.0325));
#7356=VECTOR('',#8875,0.635);
#7357=CARTESIAN_POINT('',(1.5675,0.9325,-4.23));
#7358=VECTOR('',#8876,3.8025);
#7359=CARTESIAN_POINT('',(1.5675,0.9325,2.25));
#7360=CARTESIAN_POINT('',(1.5675,0.9325,2.25));
#7361=VECTOR('',#8877,4.02);
#7362=CARTESIAN_POINT('',(1.5675,0.9325,2.25));
#7363=VECTOR('',#8878,0.635);
#7364=CARTESIAN_POINT('',(1.5675,1.5675,2.25));
#7365=VECTOR('',#8879,0.635);
#7366=CARTESIAN_POINT('',(1.5675,-5.94,-8.3325));
#7367=VECTOR('',#8880,0.635);
#7368=CARTESIAN_POINT('',(1.5675,-5.94,-6.4675));
#7369=CARTESIAN_POINT('',(1.5675,-1.8675,-6.4675));
#7370=CARTESIAN_POINT('',(1.5675,-5.94,-6.4675));
#7371=VECTOR('',#8881,4.0725);
#7372=CARTESIAN_POINT('',(1.5675,-0.9325,-5.5325));
#7373=AXIS2_PLACEMENT_3D('',#8882,#8883,#8884);
#7374=CARTESIAN_POINT('',(1.5675,-0.9325,-5.5325));
#7375=VECTOR('',#8885,1.3025);
#7376=CARTESIAN_POINT('',(1.5675,-1.5675,-5.5325));
#7377=CARTESIAN_POINT('',(1.5675,-1.5675,-4.23));
#7378=VECTOR('',#8886,1.3025);
#7379=CARTESIAN_POINT('',(1.5675,-1.8675,-5.8325));
#7380=AXIS2_PLACEMENT_3D('',#8887,#8888,#8889);
#7381=CARTESIAN_POINT('',(1.5675,-5.94,-5.8325));
#7382=CARTESIAN_POINT('',(1.5675,-1.8675,-5.8325));
#7383=VECTOR('',#8890,4.0725);
#7384=CARTESIAN_POINT('',(1.5675,-5.94,-5.8325));
#7385=VECTOR('',#8891,0.635);
#7386=CARTESIAN_POINT('',(1.5675,-1.5675,2.25));
#7387=CARTESIAN_POINT('',(1.5675,-1.5675,2.25));
#7388=VECTOR('',#8892,4.02);
#7389=CARTESIAN_POINT('',(1.5675,-0.9325,2.25));
#7390=CARTESIAN_POINT('',(1.5675,-0.9325,-1.77));
#7391=VECTOR('',#8893,4.02);
#7392=CARTESIAN_POINT('',(1.5675,-0.9325,2.25));
#7393=VECTOR('',#8894,0.635);
#7394=CARTESIAN_POINT('',(1.5675,0.9325,2.25));
#7395=VECTOR('',#8895,0.5894913061276);
#7396=CARTESIAN_POINT('',(1.4175,-6.49,-8.4825));
#7397=VECTOR('',#8896,0.335);
#7398=CARTESIAN_POINT('',(1.4175,-6.49,-6.3175));
#7399=CARTESIAN_POINT('',(1.5675,-5.94,-6.4675));
#7400=VECTOR('',#8897,0.5894913061276);
#7401=CARTESIAN_POINT('',(1.4175,-6.49,-5.9825));
#7402=CARTESIAN_POINT('',(1.4175,-6.49,-5.9825));
#7403=VECTOR('',#8898,0.5894913061276);
#7404=CARTESIAN_POINT('',(1.4175,-6.49,-5.9825));
#7405=VECTOR('',#8899,0.335);
#7406=CARTESIAN_POINT('',(1.0825,-6.49,-5.9825));
#7407=CARTESIAN_POINT('',(1.4175,-6.49,-5.9825));
#7408=VECTOR('',#8900,0.335);
#7409=CARTESIAN_POINT('',(1.0825,-6.49,-6.3175));
#7410=CARTESIAN_POINT('',(1.0825,-6.49,-6.3175));
#7411=VECTOR('',#8901,0.335);
#7412=CARTESIAN_POINT('',(1.4175,-6.49,-6.3175));
#7413=VECTOR('',#8902,0.335);
#7414=CARTESIAN_POINT('',(1.0825,-6.49,-6.3175));
#7415=VECTOR('',#8903,0.5894913061276);
#7416=CARTESIAN_POINT('',(1.5675,-5.94,-6.4675));
#7417=VECTOR('',#8904,0.635);
#7418=CARTESIAN_POINT('',(0.9325,-1.8675,-6.4675));
#7419=VECTOR('',#8905,0.635);
#7420=CARTESIAN_POINT('',(0.9325,-0.9325,-5.5325));
#7421=VECTOR('',#8906,0.635);
#7422=CARTESIAN_POINT('',(1.5675,-0.9325,2.25));
#7423=VECTOR('',#8907,0.635);
#7424=CARTESIAN_POINT('',(1.0825,-1.0825,2.8));
#7425=CARTESIAN_POINT('',(1.0825,-1.0825,2.8));
#7426=VECTOR('',#8908,0.5894913061276);
#7427=CARTESIAN_POINT('',(1.4175,-1.0825,2.8));
#7428=CARTESIAN_POINT('',(1.4175,-1.0825,2.8));
#7429=VECTOR('',#8909,0.335);
#7430=CARTESIAN_POINT('',(1.4175,-1.0825,2.8));
#7431=VECTOR('',#8910,0.5894913061276);
#7432=CARTESIAN_POINT('',(1.4175,-1.4175,2.8));
#7433=CARTESIAN_POINT('',(1.4175,-1.4175,2.8));
#7434=VECTOR('',#8911,0.5894913061276);
#7435=CARTESIAN_POINT('',(1.4175,-1.0825,2.8));
#7436=VECTOR('',#8912,0.335);
#7437=CARTESIAN_POINT('',(1.0825,-1.4175,2.8));
#7438=CARTESIAN_POINT('',(1.0825,-1.4175,2.8));
#7439=VECTOR('',#8913,0.335);
#7440=CARTESIAN_POINT('',(1.4175,-1.4175,2.8));
#7441=VECTOR('',#8914,0.335);
#7442=CARTESIAN_POINT('',(1.0825,-1.4175,2.8));
#7443=VECTOR('',#8915,0.5894913061276);
#7444=CARTESIAN_POINT('',(1.5675,-1.5675,2.25));
#7445=VECTOR('',#8916,0.635);
#7446=CARTESIAN_POINT('',(0.9325,-1.5675,-5.5325));
#7447=VECTOR('',#8917,0.635);
#7448=CARTESIAN_POINT('',(0.9325,-1.8675,-5.8325));
#7449=VECTOR('',#8918,0.635);
#7450=CARTESIAN_POINT('',(1.5675,-5.94,-5.8325));
#7451=VECTOR('',#8919,0.635);
#7452=CARTESIAN_POINT('',(1.0825,-6.49,-5.9825));
#7453=VECTOR('',#8920,0.5894913061276);
#7454=CARTESIAN_POINT('',(1.33,2.62,4.23));
#7455=VECTOR('',#8921,4.54);
#7456=CARTESIAN_POINT('',(-1.33,2.62,4.23));
#7457=VECTOR('',#8922,4.54);
#7458=CARTESIAN_POINT('',(-1.33,2.345,4.23));
#7459=VECTOR('',#8923,4.54);
#7460=CARTESIAN_POINT('',(-2.36,2.345,-1.77));
#7461=CARTESIAN_POINT('',(-2.36,2.345,4.23));
#7462=VECTOR('',#8924,6.0);
#7463=CARTESIAN_POINT('',(-0.14,2.345,-1.77));
#7464=CARTESIAN_POINT('',(-0.14,2.345,-1.77));
#7465=VECTOR('',#8925,2.22);
#7466=CARTESIAN_POINT('',(-0.14,2.345,4.23));
#7467=VECTOR('',#8926,6.0);
#7468=CARTESIAN_POINT('',(-0.14,0.155,-1.77));
#7469=CARTESIAN_POINT('',(-0.14,0.155,-1.77));
#7470=VECTOR('',#8927,2.19);
#7471=CARTESIAN_POINT('',(-0.14,0.155,4.23));
#7472=VECTOR('',#8928,6.0);
#7473=CARTESIAN_POINT('',(-2.36,0.155,-1.77));
#7474=CARTESIAN_POINT('',(-2.36,0.155,-1.77));
#7475=VECTOR('',#8929,2.22);
#7476=CARTESIAN_POINT('',(-2.36,0.155,4.23));
#7477=VECTOR('',#8930,6.0);
#7478=CARTESIAN_POINT('',(-2.36,2.345,-1.77));
#7479=VECTOR('',#8931,2.19);
#7480=CARTESIAN_POINT('',(-1.5675,1.5675,-1.77));
#7481=CARTESIAN_POINT('',(-0.9325,1.5675,-1.77));
#7482=CARTESIAN_POINT('',(-1.5675,1.5675,-1.77));
#7483=VECTOR('',#8932,0.635);
#7484=CARTESIAN_POINT('',(-0.9325,0.9325,-1.77));
#7485=CARTESIAN_POINT('',(-0.9325,0.9325,-1.77));
#7486=VECTOR('',#8933,0.635);
#7487=CARTESIAN_POINT('',(-1.5675,0.9325,-1.77));
#7488=CARTESIAN_POINT('',(-1.5675,0.9325,-1.77));
#7489=VECTOR('',#8934,0.635);
#7490=CARTESIAN_POINT('',(-1.5675,0.9325,-1.77));
#7491=VECTOR('',#8935,0.635);
#7492=CARTESIAN_POINT('',(-0.14,-2.345,-1.77));
#7493=CARTESIAN_POINT('',(-0.14,-0.155,-1.77));
#7494=CARTESIAN_POINT('',(-0.14,-2.345,-1.77));
#7495=VECTOR('',#8936,2.19);
#7496=CARTESIAN_POINT('',(-2.36,-0.155,-1.77));
#7497=CARTESIAN_POINT('',(-0.14,-0.155,-1.77));
#7498=VECTOR('',#8937,2.22);
#7499=CARTESIAN_POINT('',(-2.36,-2.345,-1.77));
#7500=CARTESIAN_POINT('',(-2.36,-0.155,-1.77));
#7501=VECTOR('',#8938,2.19);
#7502=CARTESIAN_POINT('',(-2.36,-2.345,-1.77));
#7503=VECTOR('',#8939,2.22);
#7504=CARTESIAN_POINT('',(-1.5675,-0.9325,-1.77));
#7505=CARTESIAN_POINT('',(-0.9325,-0.9325,-1.77));
#7506=CARTESIAN_POINT('',(-1.5675,-0.9325,-1.77));
#7507=VECTOR('',#8940,0.635);
#7508=CARTESIAN_POINT('',(-0.9325,-1.5675,-1.77));
#7509=CARTESIAN_POINT('',(-0.9325,-1.5675,-1.77));
#7510=VECTOR('',#8941,0.635);
#7511=CARTESIAN_POINT('',(-1.5675,-1.5675,-1.77));
#7512=CARTESIAN_POINT('',(-1.5675,-1.5675,-1.77));
#7513=VECTOR('',#8942,0.635);
#7514=CARTESIAN_POINT('',(-1.5675,-1.5675,-1.77));
#7515=VECTOR('',#8943,0.635);
#7516=CARTESIAN_POINT('',(-0.14,-2.345,4.23));
#7517=VECTOR('',#8944,6.0);
#7518=CARTESIAN_POINT('',(-2.36,-2.345,4.23));
#7519=VECTOR('',#8945,6.0);
#7520=CARTESIAN_POINT('',(-2.36,-0.155,4.23));
#7521=VECTOR('',#8946,6.0);
#7522=CARTESIAN_POINT('',(-0.14,-0.155,4.23));
#7523=VECTOR('',#8947,6.0);
#7524=CARTESIAN_POINT('',(-1.5675,1.5675,2.25));
#7525=CARTESIAN_POINT('',(-1.5675,1.5675,-1.77));
#7526=VECTOR('',#8948,4.02);
#7527=CARTESIAN_POINT('',(-1.5675,0.9325,2.25));
#7528=CARTESIAN_POINT('',(-1.5675,0.9325,2.25));
#7529=VECTOR('',#8949,4.02);
#7530=CARTESIAN_POINT('',(-1.5675,0.9325,2.25));
#7531=VECTOR('',#8950,0.635);
#7532=CARTESIAN_POINT('',(-1.5675,0.6325,-8.3325));
#7533=CARTESIAN_POINT('',(-1.5675,-5.94,-8.3325));
#7534=CARTESIAN_POINT('',(-1.5675,0.6325,-8.3325));
#7535=VECTOR('',#8951,6.5725);
#7536=CARTESIAN_POINT('',(-1.5675,0.9325,-8.0325));
#7537=AXIS2_PLACEMENT_3D('',#8952,#8953,#8954);
#7538=CARTESIAN_POINT('',(-1.5675,0.9325,-4.23));
#7539=VECTOR('',#8955,3.8025);
#7540=CARTESIAN_POINT('',(-1.5675,1.5675,-8.0325));
#7541=CARTESIAN_POINT('',(-1.5675,1.5675,-8.0325));
#7542=VECTOR('',#8956,3.8025);
#7543=CARTESIAN_POINT('',(-1.5675,0.6325,-8.9675));
#7544=AXIS2_PLACEMENT_3D('',#8957,#8958,#8959);
#7545=CARTESIAN_POINT('',(-1.5675,-5.94,-8.9675));
#7546=CARTESIAN_POINT('',(-1.5675,-5.94,-8.9675));
#7547=VECTOR('',#8960,6.5725);
#7548=CARTESIAN_POINT('',(-1.5675,-5.94,-8.9675));
#7549=VECTOR('',#8961,0.635);
#7550=CARTESIAN_POINT('',(-1.5675,-1.8675,-5.8325));
#7551=CARTESIAN_POINT('',(-1.5675,-5.94,-5.8325));
#7552=CARTESIAN_POINT('',(-1.5675,-1.8675,-5.8325));
#7553=VECTOR('',#8962,4.0725);
#7554=CARTESIAN_POINT('',(-1.5675,-1.5675,-5.5325));
#7555=AXIS2_PLACEMENT_3D('',#8963,#8964,#8965);
#7556=CARTESIAN_POINT('',(-1.5675,-1.5675,-4.23));
#7557=VECTOR('',#8966,1.3025);
#7558=CARTESIAN_POINT('',(-1.5675,-0.9325,-5.5325));
#7559=CARTESIAN_POINT('',(-1.5675,-0.9325,-5.5325));
#7560=VECTOR('',#8967,1.3025);
#7561=CARTESIAN_POINT('',(-1.5675,-1.8675,-6.4675));
#7562=AXIS2_PLACEMENT_3D('',#8968,#8969,#8970);
#7563=CARTESIAN_POINT('',(-1.5675,-5.94,-6.4675));
#7564=CARTESIAN_POINT('',(-1.5675,-5.94,-6.4675));
#7565=VECTOR('',#8971,4.0725);
#7566=CARTESIAN_POINT('',(-1.5675,-5.94,-6.4675));
#7567=VECTOR('',#8972,0.635);
#7568=CARTESIAN_POINT('',(-1.5675,-0.9325,2.25));
#7569=CARTESIAN_POINT('',(-1.5675,-0.9325,-1.77));
#7570=VECTOR('',#8973,4.02);
#7571=CARTESIAN_POINT('',(-1.5675,-1.5675,2.25));
#7572=CARTESIAN_POINT('',(-1.5675,-1.5675,2.25));
#7573=VECTOR('',#8974,4.02);
#7574=CARTESIAN_POINT('',(-1.5675,-1.5675,2.25));
#7575=VECTOR('',#8975,0.635);
#7576=CARTESIAN_POINT('',(-1.4175,1.4175,2.8));
#7577=CARTESIAN_POINT('',(-1.5675,1.5675,2.25));
#7578=VECTOR('',#8976,0.5894913061276);
#7579=CARTESIAN_POINT('',(-1.4175,1.0825,2.8));
#7580=CARTESIAN_POINT('',(-1.4175,1.0825,2.8));
#7581=VECTOR('',#8977,0.5894913061276);
#7582=CARTESIAN_POINT('',(-1.4175,1.0825,2.8));
#7583=VECTOR('',#8978,0.335);
#7584=CARTESIAN_POINT('',(-1.0825,1.0825,2.8));
#7585=CARTESIAN_POINT('',(-1.0825,1.0825,2.8));
#7586=VECTOR('',#8979,0.335);
#7587=CARTESIAN_POINT('',(-1.0825,1.4175,2.8));
#7588=CARTESIAN_POINT('',(-1.0825,1.4175,2.8));
#7589=VECTOR('',#8980,0.335);
#7590=CARTESIAN_POINT('',(-1.0825,1.4175,2.8));
#7591=VECTOR('',#8981,0.335);
#7592=CARTESIAN_POINT('',(-0.9325,1.5675,2.25));
#7593=CARTESIAN_POINT('',(-1.0825,1.4175,2.8));
#7594=VECTOR('',#8982,0.5894913061276);
#7595=CARTESIAN_POINT('',(-0.9325,1.5675,2.25));
#7596=VECTOR('',#8983,0.635);
#7597=CARTESIAN_POINT('',(-0.9325,1.5675,-8.0325));
#7598=CARTESIAN_POINT('',(-0.9325,1.5675,-8.0325));
#7599=VECTOR('',#8984,3.8025);
#7600=CARTESIAN_POINT('',(-1.5675,1.5675,-8.0325));
#7601=VECTOR('',#8985,0.635);
#7602=CARTESIAN_POINT('',(-0.9325,1.5675,-1.77));
#7603=VECTOR('',#8986,4.02);
#7604=CARTESIAN_POINT('',(-0.9325,0.6325,-8.9675));
#7605=AXIS2_PLACEMENT_3D('',#8987,#8988,#8989);
#7606=CARTESIAN_POINT('',(-1.5675,0.6325,-8.9675));
#7607=VECTOR('',#8990,0.635);
#7608=CARTESIAN_POINT('',(-0.9325,-5.94,-8.9675));
#7609=CARTESIAN_POINT('',(-0.9325,-5.94,-8.9675));
#7610=VECTOR('',#8991,6.5725);
#7611=CARTESIAN_POINT('',(-0.9325,-5.94,-8.9675));
#7612=VECTOR('',#8992,0.635);
#7613=CARTESIAN_POINT('',(-1.0825,-6.49,-8.8175));
#7614=CARTESIAN_POINT('',(-0.9325,-5.94,-8.9675));
#7615=VECTOR('',#8993,0.5894913061276);
#7616=CARTESIAN_POINT('',(-1.4175,-6.49,-8.8175));
#7617=CARTESIAN_POINT('',(-1.0825,-6.49,-8.8175));
#7618=VECTOR('',#8994,0.335);
#7619=CARTESIAN_POINT('',(-1.4175,-6.49,-8.8175));
#7620=VECTOR('',#8995,0.5894913061276);
#7621=CARTESIAN_POINT('',(-1.4175,-6.49,-8.4825));
#7622=CARTESIAN_POINT('',(-1.4175,-6.49,-8.8175));
#7623=VECTOR('',#8996,0.335);
#7624=CARTESIAN_POINT('',(-1.4175,-6.49,-8.4825));
#7625=VECTOR('',#8997,0.5894913061276);
#7626=CARTESIAN_POINT('',(-1.0825,-6.49,-8.4825));
#7627=CARTESIAN_POINT('',(-1.0825,-6.49,-8.4825));
#7628=VECTOR('',#8998,0.335);
#7629=CARTESIAN_POINT('',(-0.9325,-5.94,-8.3325));
#7630=CARTESIAN_POINT('',(-1.0825,-6.49,-8.4825));
#7631=VECTOR('',#8999,0.5894913061276);
#7632=CARTESIAN_POINT('',(-0.9325,-5.94,-8.3325));
#7633=VECTOR('',#9000,0.635);
#7634=CARTESIAN_POINT('',(-0.9325,0.6325,-8.3325));
#7635=CARTESIAN_POINT('',(-0.9325,0.6325,-8.3325));
#7636=VECTOR('',#9001,6.5725);
#7637=CARTESIAN_POINT('',(-1.5675,0.6325,-8.3325));
#7638=VECTOR('',#9002,0.635);
#7639=CARTESIAN_POINT('',(-0.9325,0.9325,-8.0325));
#7640=AXIS2_PLACEMENT_3D('',#9003,#9004,#9005);
#7641=CARTESIAN_POINT('',(-1.5675,0.9325,-8.0325));
#7642=VECTOR('',#9006,0.635);
#7643=CARTESIAN_POINT('',(-0.9325,0.9325,-4.23));
#7644=VECTOR('',#9007,3.8025);
#7645=CARTESIAN_POINT('',(-0.9325,0.9325,2.25));
#7646=CARTESIAN_POINT('',(-0.9325,0.9325,2.25));
#7647=VECTOR('',#9008,4.02);
#7648=CARTESIAN_POINT('',(-0.9325,0.9325,2.25));
#7649=VECTOR('',#9009,0.635);
#7650=CARTESIAN_POINT('',(-0.9325,1.5675,2.25));
#7651=VECTOR('',#9010,0.635);
#7652=CARTESIAN_POINT('',(-0.9325,-5.94,-8.3325));
#7653=VECTOR('',#9011,0.635);
#7654=CARTESIAN_POINT('',(-0.9325,-5.94,-6.4675));
#7655=CARTESIAN_POINT('',(-0.9325,-1.8675,-6.4675));
#7656=CARTESIAN_POINT('',(-0.9325,-5.94,-6.4675));
#7657=VECTOR('',#9012,4.0725);
#7658=CARTESIAN_POINT('',(-0.9325,-0.9325,-5.5325));
#7659=AXIS2_PLACEMENT_3D('',#9013,#9014,#9015);
#7660=CARTESIAN_POINT('',(-0.9325,-0.9325,-5.5325));
#7661=VECTOR('',#9016,1.3025);
#7662=CARTESIAN_POINT('',(-0.9325,-1.5675,-5.5325));
#7663=CARTESIAN_POINT('',(-0.9325,-1.5675,-4.23));
#7664=VECTOR('',#9017,1.3025);
#7665=CARTESIAN_POINT('',(-0.9325,-1.8675,-5.8325));
#7666=AXIS2_PLACEMENT_3D('',#9018,#9019,#9020);
#7667=CARTESIAN_POINT('',(-0.9325,-5.94,-5.8325));
#7668=CARTESIAN_POINT('',(-0.9325,-1.8675,-5.8325));
#7669=VECTOR('',#9021,4.0725);
#7670=CARTESIAN_POINT('',(-0.9325,-5.94,-5.8325));
#7671=VECTOR('',#9022,0.635);
#7672=CARTESIAN_POINT('',(-0.9325,-1.5675,2.25));
#7673=CARTESIAN_POINT('',(-0.9325,-1.5675,2.25));
#7674=VECTOR('',#9023,4.02);
#7675=CARTESIAN_POINT('',(-0.9325,-0.9325,2.25));
#7676=CARTESIAN_POINT('',(-0.9325,-0.9325,-1.77));
#7677=VECTOR('',#9024,4.02);
#7678=CARTESIAN_POINT('',(-0.9325,-0.9325,2.25));
#7679=VECTOR('',#9025,0.635);
#7680=CARTESIAN_POINT('',(-0.9325,0.9325,2.25));
#7681=VECTOR('',#9026,0.5894913061276);
#7682=CARTESIAN_POINT('',(-1.0825,-6.49,-8.4825));
#7683=VECTOR('',#9027,0.335);
#7684=CARTESIAN_POINT('',(-1.0825,-6.49,-6.3175));
#7685=CARTESIAN_POINT('',(-0.9325,-5.94,-6.4675));
#7686=VECTOR('',#9028,0.5894913061276);
#7687=CARTESIAN_POINT('',(-1.0825,-6.49,-5.9825));
#7688=CARTESIAN_POINT('',(-1.0825,-6.49,-5.9825));
#7689=VECTOR('',#9029,0.5894913061276);
#7690=CARTESIAN_POINT('',(-1.0825,-6.49,-5.9825));
#7691=VECTOR('',#9030,0.335);
#7692=CARTESIAN_POINT('',(-1.4175,-6.49,-5.9825));
#7693=CARTESIAN_POINT('',(-1.0825,-6.49,-5.9825));
#7694=VECTOR('',#9031,0.335);
#7695=CARTESIAN_POINT('',(-1.4175,-6.49,-6.3175));
#7696=CARTESIAN_POINT('',(-1.4175,-6.49,-6.3175));
#7697=VECTOR('',#9032,0.335);
#7698=CARTESIAN_POINT('',(-1.0825,-6.49,-6.3175));
#7699=VECTOR('',#9033,0.335);
#7700=CARTESIAN_POINT('',(-1.4175,-6.49,-6.3175));
#7701=VECTOR('',#9034,0.5894913061276);
#7702=CARTESIAN_POINT('',(-0.9325,-5.94,-6.4675));
#7703=VECTOR('',#9035,0.635);
#7704=CARTESIAN_POINT('',(-1.5675,-1.8675,-6.4675));
#7705=VECTOR('',#9036,0.635);
#7706=CARTESIAN_POINT('',(-1.5675,-0.9325,-5.5325));
#7707=VECTOR('',#9037,0.635);
#7708=CARTESIAN_POINT('',(-0.9325,-0.9325,2.25));
#7709=VECTOR('',#9038,0.635);
#7710=CARTESIAN_POINT('',(-1.4175,-1.0825,2.8));
#7711=CARTESIAN_POINT('',(-1.4175,-1.0825,2.8));
#7712=VECTOR('',#9039,0.5894913061276);
#7713=CARTESIAN_POINT('',(-1.0825,-1.0825,2.8));
#7714=CARTESIAN_POINT('',(-1.0825,-1.0825,2.8));
#7715=VECTOR('',#9040,0.335);
#7716=CARTESIAN_POINT('',(-1.0825,-1.0825,2.8));
#7717=VECTOR('',#9041,0.5894913061276);
#7718=CARTESIAN_POINT('',(-1.0825,-1.4175,2.8));
#7719=CARTESIAN_POINT('',(-1.0825,-1.4175,2.8));
#7720=VECTOR('',#9042,0.5894913061276);
#7721=CARTESIAN_POINT('',(-1.0825,-1.0825,2.8));
#7722=VECTOR('',#9043,0.335);
#7723=CARTESIAN_POINT('',(-1.4175,-1.4175,2.8));
#7724=CARTESIAN_POINT('',(-1.4175,-1.4175,2.8));
#7725=VECTOR('',#9044,0.335);
#7726=CARTESIAN_POINT('',(-1.0825,-1.4175,2.8));
#7727=VECTOR('',#9045,0.335);
#7728=CARTESIAN_POINT('',(-1.4175,-1.4175,2.8));
#7729=VECTOR('',#9046,0.5894913061276);
#7730=CARTESIAN_POINT('',(-0.9325,-1.5675,2.25));
#7731=VECTOR('',#9047,0.635);
#7732=CARTESIAN_POINT('',(-1.5675,-1.5675,-5.5325));
#7733=VECTOR('',#9048,0.635);
#7734=CARTESIAN_POINT('',(-1.5675,-1.8675,-5.8325));
#7735=VECTOR('',#9049,0.635);
#7736=CARTESIAN_POINT('',(-0.9325,-5.94,-5.8325));
#7737=VECTOR('',#9050,0.635);
#7738=CARTESIAN_POINT('',(-1.4175,-6.49,-5.9825));
#7739=VECTOR('',#9051,0.5894913061276);
#7740=CARTESIAN_POINT('',(4.0675,-0.9325,-5.5325));
#7741=CARTESIAN_POINT('',(4.0675,-0.9325,-5.5325));
#7742=VECTOR('',#9052,1.3025);
#7743=CARTESIAN_POINT('',(3.4325,-0.9325,-5.5325));
#7744=VECTOR('',#9053,0.635);
#7745=CARTESIAN_POINT('',(4.0675,-0.9325,2.25));
#7746=CARTESIAN_POINT('',(4.0675,-0.9325,-1.77));
#7747=VECTOR('',#9054,4.02);
#7748=CARTESIAN_POINT('',(4.0675,-0.9325,2.25));
#7749=VECTOR('',#9055,0.635);
#7750=CARTESIAN_POINT('',(4.0675,-1.8675,-6.4675));
#7751=AXIS2_PLACEMENT_3D('',#9056,#9057,#9058);
#7752=CARTESIAN_POINT('',(3.4325,-1.8675,-6.4675));
#7753=VECTOR('',#9059,0.635);
#7754=CARTESIAN_POINT('',(4.0675,-5.94,-6.4675));
#7755=CARTESIAN_POINT('',(4.0675,-5.94,-6.4675));
#7756=VECTOR('',#9060,4.0725);
#7757=CARTESIAN_POINT('',(4.0675,-5.94,-6.4675));
#7758=VECTOR('',#9061,0.635);
#7759=CARTESIAN_POINT('',(3.9175,-6.49,-6.3175));
#7760=CARTESIAN_POINT('',(3.9175,-6.49,-6.3175));
#7761=VECTOR('',#9062,0.5894913061276);
#7762=CARTESIAN_POINT('',(3.5825,-6.49,-6.3175));
#7763=CARTESIAN_POINT('',(3.9175,-6.49,-6.3175));
#7764=VECTOR('',#9063,0.335);
#7765=CARTESIAN_POINT('',(3.5825,-6.49,-6.3175));
#7766=VECTOR('',#9064,0.5894913061276);
#7767=CARTESIAN_POINT('',(3.5825,-6.49,-5.9825));
#7768=CARTESIAN_POINT('',(3.5825,-6.49,-6.3175));
#7769=VECTOR('',#9065,0.335);
#7770=CARTESIAN_POINT('',(3.5825,-6.49,-5.9825));
#7771=VECTOR('',#9066,0.5894913061276);
#7772=CARTESIAN_POINT('',(3.9175,-6.49,-5.9825));
#7773=CARTESIAN_POINT('',(3.9175,-6.49,-5.9825));
#7774=VECTOR('',#9067,0.335);
#7775=CARTESIAN_POINT('',(4.0675,-5.94,-5.8325));
#7776=CARTESIAN_POINT('',(3.9175,-6.49,-5.9825));
#7777=VECTOR('',#9068,0.5894913061276);
#7778=CARTESIAN_POINT('',(4.0675,-5.94,-5.8325));
#7779=VECTOR('',#9069,0.635);
#7780=CARTESIAN_POINT('',(4.0675,-1.8675,-5.8325));
#7781=CARTESIAN_POINT('',(4.0675,-1.8675,-5.8325));
#7782=VECTOR('',#9070,4.0725);
#7783=CARTESIAN_POINT('',(3.4325,-1.8675,-5.8325));
#7784=VECTOR('',#9071,0.635);
#7785=CARTESIAN_POINT('',(4.0675,-1.5675,-5.5325));
#7786=AXIS2_PLACEMENT_3D('',#9072,#9073,#9074);
#7787=CARTESIAN_POINT('',(3.4325,-1.5675,-5.5325));
#7788=VECTOR('',#9075,0.635);
#7789=CARTESIAN_POINT('',(4.0675,-1.5675,-4.23));
#7790=VECTOR('',#9076,1.3025);
#7791=CARTESIAN_POINT('',(4.0675,-1.5675,2.25));
#7792=CARTESIAN_POINT('',(4.0675,-1.5675,2.25));
#7793=VECTOR('',#9077,4.02);
#7794=CARTESIAN_POINT('',(4.0675,-1.5675,2.25));
#7795=VECTOR('',#9078,0.635);
#7796=CARTESIAN_POINT('',(4.0675,0.9325,2.25));
#7797=CARTESIAN_POINT('',(4.0675,0.9325,2.25));
#7798=VECTOR('',#9079,4.02);
#7799=CARTESIAN_POINT('',(4.0675,1.5675,2.25));
#7800=VECTOR('',#9080,0.635);
#7801=CARTESIAN_POINT('',(4.0675,-0.9325,2.25));
#7802=VECTOR('',#9081,0.635);
#7803=CARTESIAN_POINT('',(4.0675,-5.94,-8.9675));
#7804=CARTESIAN_POINT('',(4.0675,0.6325,-8.9675));
#7805=CARTESIAN_POINT('',(4.0675,-5.94,-8.9675));
#7806=VECTOR('',#9082,6.5725);
#7807=AXIS2_PLACEMENT_3D('',#9083,#9084,#9085);
#7808=CARTESIAN_POINT('',(4.0675,0.9325,-8.0325));
#7809=CARTESIAN_POINT('',(4.0675,0.9325,-4.23));
#7810=VECTOR('',#9086,3.8025);
#7811=CARTESIAN_POINT('',(4.0675,0.6325,-8.3325));
#7812=AXIS2_PLACEMENT_3D('',#9087,#9088,#9089);
#7813=CARTESIAN_POINT('',(4.0675,-5.94,-8.3325));
#7814=CARTESIAN_POINT('',(4.0675,0.6325,-8.3325));
#7815=VECTOR('',#9090,6.5725);
#7816=CARTESIAN_POINT('',(4.0675,-5.94,-8.3325));
#7817=VECTOR('',#9091,0.635);
#7818=CARTESIAN_POINT('',(4.0675,-5.94,-5.8325));
#7819=VECTOR('',#9092,0.635);
#7820=CARTESIAN_POINT('',(4.0675,0.9325,2.25));
#7821=VECTOR('',#9093,0.5894913061276);
#7822=CARTESIAN_POINT('',(4.0675,0.9325,2.25));
#7823=VECTOR('',#9094,0.635);
#7824=CARTESIAN_POINT('',(3.4325,0.9325,-8.0325));
#7825=VECTOR('',#9095,0.635);
#7826=CARTESIAN_POINT('',(3.4325,0.6325,-8.3325));
#7827=VECTOR('',#9096,0.635);
#7828=CARTESIAN_POINT('',(4.0675,-5.94,-8.3325));
#7829=VECTOR('',#9097,0.635);
#7830=CARTESIAN_POINT('',(3.9175,-6.49,-8.4825));
#7831=CARTESIAN_POINT('',(3.5825,-6.49,-8.4825));
#7832=CARTESIAN_POINT('',(3.9175,-6.49,-8.4825));
#7833=VECTOR('',#9098,0.335);
#7834=CARTESIAN_POINT('',(3.9175,-6.49,-8.4825));
#7835=VECTOR('',#9099,0.5894913061276);
#7836=CARTESIAN_POINT('',(3.5825,-6.49,-8.4825));
#7837=VECTOR('',#9100,0.5894913061276);
#7838=CARTESIAN_POINT('',(3.5825,-6.49,-8.8175));
#7839=CARTESIAN_POINT('',(3.5825,-6.49,-8.8175));
#7840=VECTOR('',#9101,0.5894913061276);
#7841=CARTESIAN_POINT('',(3.5825,-6.49,-8.8175));
#7842=VECTOR('',#9102,0.335);
#7843=CARTESIAN_POINT('',(3.9175,-6.49,-8.8175));
#7844=CARTESIAN_POINT('',(3.9175,-6.49,-8.4825));
#7845=VECTOR('',#9103,0.335);
#7846=CARTESIAN_POINT('',(3.9175,-6.49,-8.8175));
#7847=VECTOR('',#9104,0.335);
#7848=CARTESIAN_POINT('',(4.0675,-5.94,-8.9675));
#7849=VECTOR('',#9105,0.635);
#7850=CARTESIAN_POINT('',(3.9175,-6.49,-8.8175));
#7851=VECTOR('',#9106,0.5894913061276);
#7852=CARTESIAN_POINT('',(3.4325,0.6325,-8.9675));
#7853=VECTOR('',#9107,0.635);
#7854=CARTESIAN_POINT('',(3.9175,-1.4175,2.8));
#7855=CARTESIAN_POINT('',(3.9175,-1.4175,2.8));
#7856=VECTOR('',#9108,0.5894913061276);
#7857=CARTESIAN_POINT('',(3.9175,-1.0825,2.8));
#7858=CARTESIAN_POINT('',(3.9175,-1.0825,2.8));
#7859=VECTOR('',#9109,0.5894913061276);
#7860=CARTESIAN_POINT('',(3.9175,-1.0825,2.8));
#7861=VECTOR('',#9110,0.335);
#7862=CARTESIAN_POINT('',(3.5825,-1.0825,2.8));
#7863=CARTESIAN_POINT('',(3.9175,-1.0825,2.8));
#7864=VECTOR('',#9111,0.335);
#7865=CARTESIAN_POINT('',(3.5825,-1.4175,2.8));
#7866=CARTESIAN_POINT('',(3.5825,-1.4175,2.8));
#7867=VECTOR('',#9112,0.335);
#7868=CARTESIAN_POINT('',(3.9175,-1.4175,2.8));
#7869=VECTOR('',#9113,0.335);
#7870=CARTESIAN_POINT('',(3.5825,-1.4175,2.8));
#7871=VECTOR('',#9114,0.5894913061276);
#7872=CARTESIAN_POINT('',(3.5825,-1.0825,2.8));
#7873=VECTOR('',#9115,0.5894913061276);
#7874=CARTESIAN_POINT('',(3.9175,-6.49,-5.9825));
#7875=VECTOR('',#9116,0.335);
#7876=CARTESIAN_POINT('',(-4.0675,1.5675,-1.77));
#7877=CARTESIAN_POINT('',(-4.0675,1.5675,2.25));
#7878=CARTESIAN_POINT('',(-4.0675,1.5675,-1.77));
#7879=VECTOR('',#9117,4.02);
#7880=CARTESIAN_POINT('',(-4.0675,0.9325,-1.77));
#7881=CARTESIAN_POINT('',(-4.0675,0.9325,-1.77));
#7882=VECTOR('',#9118,0.635);
#7883=CARTESIAN_POINT('',(-4.0675,0.9325,2.25));
#7884=CARTESIAN_POINT('',(-4.0675,0.9325,2.25));
#7885=VECTOR('',#9119,4.02);
#7886=CARTESIAN_POINT('',(-4.0675,0.9325,2.25));
#7887=VECTOR('',#9120,0.635);
#7888=CARTESIAN_POINT('',(-4.0675,0.6325,-8.3325));
#7889=CARTESIAN_POINT('',(-4.0675,-5.94,-8.3325));
#7890=CARTESIAN_POINT('',(-4.0675,0.6325,-8.3325));
#7891=VECTOR('',#9121,6.5725);
#7892=CARTESIAN_POINT('',(-4.0675,0.9325,-8.0325));
#7893=AXIS2_PLACEMENT_3D('',#9122,#9123,#9124);
#7894=CARTESIAN_POINT('',(-4.0675,0.9325,-4.23));
#7895=VECTOR('',#9125,3.8025);
#7896=CARTESIAN_POINT('',(-4.0675,1.5675,-8.0325));
#7897=CARTESIAN_POINT('',(-4.0675,1.5675,-8.0325));
#7898=VECTOR('',#9126,3.8025);
#7899=CARTESIAN_POINT('',(-4.0675,0.6325,-8.9675));
#7900=AXIS2_PLACEMENT_3D('',#9127,#9128,#9129);
#7901=CARTESIAN_POINT('',(-4.0675,-5.94,-8.9675));
#7902=CARTESIAN_POINT('',(-4.0675,-5.94,-8.9675));
#7903=VECTOR('',#9130,6.5725);
#7904=CARTESIAN_POINT('',(-4.0675,-5.94,-8.9675));
#7905=VECTOR('',#9131,0.635);
#7906=CARTESIAN_POINT('',(-4.0675,-1.8675,-5.8325));
#7907=CARTESIAN_POINT('',(-4.0675,-5.94,-5.8325));
#7908=CARTESIAN_POINT('',(-4.0675,-1.8675,-5.8325));
#7909=VECTOR('',#9132,4.0725);
#7910=CARTESIAN_POINT('',(-4.0675,-1.5675,-5.5325));
#7911=AXIS2_PLACEMENT_3D('',#9133,#9134,#9135);
#7912=CARTESIAN_POINT('',(-4.0675,-1.5675,-4.23));
#7913=VECTOR('',#9136,1.3025);
#7914=CARTESIAN_POINT('',(-4.0675,-0.9325,-5.5325));
#7915=CARTESIAN_POINT('',(-4.0675,-0.9325,-5.5325));
#7916=VECTOR('',#9137,1.3025);
#7917=CARTESIAN_POINT('',(-4.0675,-1.8675,-6.4675));
#7918=AXIS2_PLACEMENT_3D('',#9138,#9139,#9140);
#7919=CARTESIAN_POINT('',(-4.0675,-5.94,-6.4675));
#7920=CARTESIAN_POINT('',(-4.0675,-5.94,-6.4675));
#7921=VECTOR('',#9141,4.0725);
#7922=CARTESIAN_POINT('',(-4.0675,-5.94,-6.4675));
#7923=VECTOR('',#9142,0.635);
#7924=CARTESIAN_POINT('',(-4.0675,-0.9325,-1.77));
#7925=CARTESIAN_POINT('',(-4.0675,-0.9325,2.25));
#7926=CARTESIAN_POINT('',(-4.0675,-0.9325,-1.77));
#7927=VECTOR('',#9143,4.02);
#7928=CARTESIAN_POINT('',(-4.0675,-1.5675,-1.77));
#7929=CARTESIAN_POINT('',(-4.0675,-1.5675,-1.77));
#7930=VECTOR('',#9144,0.635);
#7931=CARTESIAN_POINT('',(-4.0675,-1.5675,2.25));
#7932=CARTESIAN_POINT('',(-4.0675,-1.5675,2.25));
#7933=VECTOR('',#9145,4.02);
#7934=CARTESIAN_POINT('',(-4.0675,-1.5675,2.25));
#7935=VECTOR('',#9146,0.635);
#7936=CARTESIAN_POINT('',(-3.9175,1.4175,2.8));
#7937=CARTESIAN_POINT('',(-4.0675,1.5675,2.25));
#7938=VECTOR('',#9147,0.5894913061276);
#7939=CARTESIAN_POINT('',(-3.9175,1.0825,2.8));
#7940=CARTESIAN_POINT('',(-3.9175,1.0825,2.8));
#7941=VECTOR('',#9148,0.5894913061276);
#7942=CARTESIAN_POINT('',(-3.9175,1.0825,2.8));
#7943=VECTOR('',#9149,0.335);
#7944=CARTESIAN_POINT('',(-3.5825,1.0825,2.8));
#7945=CARTESIAN_POINT('',(-3.5825,1.0825,2.8));
#7946=VECTOR('',#9150,0.335);
#7947=CARTESIAN_POINT('',(-3.5825,1.4175,2.8));
#7948=CARTESIAN_POINT('',(-3.5825,1.4175,2.8));
#7949=VECTOR('',#9151,0.335);
#7950=CARTESIAN_POINT('',(-3.5825,1.4175,2.8));
#7951=VECTOR('',#9152,0.335);
#7952=CARTESIAN_POINT('',(-3.4325,1.5675,2.25));
#7953=CARTESIAN_POINT('',(-3.5825,1.4175,2.8));
#7954=VECTOR('',#9153,0.5894913061276);
#7955=CARTESIAN_POINT('',(-3.4325,1.5675,2.25));
#7956=VECTOR('',#9154,0.635);
#7957=CARTESIAN_POINT('',(-3.4325,1.5675,-8.0325));
#7958=CARTESIAN_POINT('',(-3.4325,1.5675,-8.0325));
#7959=VECTOR('',#9155,3.8025);
#7960=CARTESIAN_POINT('',(-4.0675,1.5675,-8.0325));
#7961=VECTOR('',#9156,0.635);
#7962=CARTESIAN_POINT('',(-3.4325,1.5675,-1.77));
#7963=CARTESIAN_POINT('',(-3.4325,1.5675,-1.77));
#7964=VECTOR('',#9157,4.02);
#7965=CARTESIAN_POINT('',(-4.0675,1.5675,-1.77));
#7966=VECTOR('',#9158,0.635);
#7967=CARTESIAN_POINT('',(-3.4325,0.6325,-8.9675));
#7968=AXIS2_PLACEMENT_3D('',#9159,#9160,#9161);
#7969=CARTESIAN_POINT('',(-4.0675,0.6325,-8.9675));
#7970=VECTOR('',#9162,0.635);
#7971=CARTESIAN_POINT('',(-3.4325,-5.94,-8.9675));
#7972=CARTESIAN_POINT('',(-3.4325,-5.94,-8.9675));
#7973=VECTOR('',#9163,6.5725);
#7974=CARTESIAN_POINT('',(-3.4325,-5.94,-8.9675));
#7975=VECTOR('',#9164,0.635);
#7976=CARTESIAN_POINT('',(-3.5825,-6.49,-8.8175));
#7977=CARTESIAN_POINT('',(-3.4325,-5.94,-8.9675));
#7978=VECTOR('',#9165,0.5894913061276);
#7979=CARTESIAN_POINT('',(-3.9175,-6.49,-8.8175));
#7980=CARTESIAN_POINT('',(-3.5825,-6.49,-8.8175));
#7981=VECTOR('',#9166,0.335);
#7982=CARTESIAN_POINT('',(-3.9175,-6.49,-8.8175));
#7983=VECTOR('',#9167,0.5894913061276);
#7984=CARTESIAN_POINT('',(-3.9175,-6.49,-8.4825));
#7985=CARTESIAN_POINT('',(-3.9175,-6.49,-8.8175));
#7986=VECTOR('',#9168,0.335);
#7987=CARTESIAN_POINT('',(-3.9175,-6.49,-8.4825));
#7988=VECTOR('',#9169,0.5894913061276);
#7989=CARTESIAN_POINT('',(-3.5825,-6.49,-8.4825));
#7990=CARTESIAN_POINT('',(-3.5825,-6.49,-8.4825));
#7991=VECTOR('',#9170,0.335);
#7992=CARTESIAN_POINT('',(-3.4325,-5.94,-8.3325));
#7993=CARTESIAN_POINT('',(-3.5825,-6.49,-8.4825));
#7994=VECTOR('',#9171,0.5894913061276);
#7995=CARTESIAN_POINT('',(-3.4325,-5.94,-8.3325));
#7996=VECTOR('',#9172,0.635);
#7997=CARTESIAN_POINT('',(-3.4325,0.6325,-8.3325));
#7998=CARTESIAN_POINT('',(-3.4325,0.6325,-8.3325));
#7999=VECTOR('',#9173,6.5725);
#8000=CARTESIAN_POINT('',(-4.0675,0.6325,-8.3325));
#8001=VECTOR('',#9174,0.635);
#8002=CARTESIAN_POINT('',(-3.4325,0.9325,-8.0325));
#8003=AXIS2_PLACEMENT_3D('',#9175,#9176,#9177);
#8004=CARTESIAN_POINT('',(-4.0675,0.9325,-8.0325));
#8005=VECTOR('',#9178,0.635);
#8006=CARTESIAN_POINT('',(-3.4325,0.9325,-4.23));
#8007=VECTOR('',#9179,3.8025);
#8008=CARTESIAN_POINT('',(-3.4325,0.9325,-1.77));
#8009=CARTESIAN_POINT('',(-4.0675,0.9325,-1.77));
#8010=VECTOR('',#9180,0.635);
#8011=CARTESIAN_POINT('',(-3.4325,0.9325,2.25));
#8012=CARTESIAN_POINT('',(-3.4325,0.9325,2.25));
#8013=VECTOR('',#9181,4.02);
#8014=CARTESIAN_POINT('',(-3.4325,0.9325,2.25));
#8015=VECTOR('',#9182,0.635);
#8016=CARTESIAN_POINT('',(-3.4325,0.9325,-1.77));
#8017=VECTOR('',#9183,0.635);
#8018=CARTESIAN_POINT('',(-3.4325,1.5675,2.25));
#8019=VECTOR('',#9184,0.635);
#8020=CARTESIAN_POINT('',(-3.4325,-5.94,-8.3325));
#8021=VECTOR('',#9185,0.635);
#8022=CARTESIAN_POINT('',(-3.4325,-5.94,-6.4675));
#8023=CARTESIAN_POINT('',(-3.4325,-1.8675,-6.4675));
#8024=CARTESIAN_POINT('',(-3.4325,-5.94,-6.4675));
#8025=VECTOR('',#9186,4.0725);
#8026=CARTESIAN_POINT('',(-3.4325,-0.9325,-5.5325));
#8027=AXIS2_PLACEMENT_3D('',#9187,#9188,#9189);
#8028=CARTESIAN_POINT('',(-3.4325,-0.9325,-5.5325));
#8029=VECTOR('',#9190,1.3025);
#8030=CARTESIAN_POINT('',(-3.4325,-1.5675,-5.5325));
#8031=CARTESIAN_POINT('',(-3.4325,-1.5675,-4.23));
#8032=VECTOR('',#9191,1.3025);
#8033=CARTESIAN_POINT('',(-3.4325,-1.8675,-5.8325));
#8034=AXIS2_PLACEMENT_3D('',#9192,#9193,#9194);
#8035=CARTESIAN_POINT('',(-3.4325,-5.94,-5.8325));
#8036=CARTESIAN_POINT('',(-3.4325,-1.8675,-5.8325));
#8037=VECTOR('',#9195,4.0725);
#8038=CARTESIAN_POINT('',(-3.4325,-5.94,-5.8325));
#8039=VECTOR('',#9196,0.635);
#8040=CARTESIAN_POINT('',(-3.4325,-1.5675,2.25));
#8041=CARTESIAN_POINT('',(-3.4325,-1.5675,-1.77));
#8042=CARTESIAN_POINT('',(-3.4325,-1.5675,2.25));
#8043=VECTOR('',#9197,4.02);
#8044=CARTESIAN_POINT('',(-3.4325,-0.9325,-1.77));
#8045=CARTESIAN_POINT('',(-3.4325,-1.5675,-1.77));
#8046=VECTOR('',#9198,0.635);
#8047=CARTESIAN_POINT('',(-3.4325,-0.9325,2.25));
#8048=CARTESIAN_POINT('',(-3.4325,-0.9325,-1.77));
#8049=VECTOR('',#9199,4.02);
#8050=CARTESIAN_POINT('',(-3.4325,-0.9325,2.25));
#8051=VECTOR('',#9200,0.635);
#8052=CARTESIAN_POINT('',(-3.4325,0.9325,2.25));
#8053=VECTOR('',#9201,0.5894913061276);
#8054=CARTESIAN_POINT('',(-4.86,0.155,-1.77));
#8055=CARTESIAN_POINT('',(-2.64,0.155,-1.77));
#8056=CARTESIAN_POINT('',(-4.86,0.155,-1.77));
#8057=VECTOR('',#9202,2.22);
#8058=CARTESIAN_POINT('',(-2.64,2.345,-1.77));
#8059=CARTESIAN_POINT('',(-2.64,0.155,-1.77));
#8060=VECTOR('',#9203,2.19);
#8061=CARTESIAN_POINT('',(-4.86,2.345,-1.77));
#8062=CARTESIAN_POINT('',(-2.64,2.345,-1.77));
#8063=VECTOR('',#9204,2.22);
#8064=CARTESIAN_POINT('',(-4.86,2.345,-1.77));
#8065=VECTOR('',#9205,2.19);
#8066=CARTESIAN_POINT('',(-2.64,-2.345,-1.77));
#8067=CARTESIAN_POINT('',(-2.64,-0.155,-1.77));
#8068=CARTESIAN_POINT('',(-2.64,-2.345,-1.77));
#8069=VECTOR('',#9206,2.19);
#8070=CARTESIAN_POINT('',(-4.86,-0.155,-1.77));
#8071=CARTESIAN_POINT('',(-2.64,-0.155,-1.77));
#8072=VECTOR('',#9207,2.22);
#8073=CARTESIAN_POINT('',(-4.86,-2.345,-1.77));
#8074=CARTESIAN_POINT('',(-4.86,-0.155,-1.77));
#8075=VECTOR('',#9208,2.19);
#8076=CARTESIAN_POINT('',(-4.86,-2.345,-1.77));
#8077=VECTOR('',#9209,2.22);
#8078=CARTESIAN_POINT('',(-4.0675,-0.9325,-1.77));
#8079=VECTOR('',#9210,0.635);
#8080=CARTESIAN_POINT('',(-4.0675,-1.5675,-1.77));
#8081=VECTOR('',#9211,0.635);
#8082=CARTESIAN_POINT('',(-4.86,0.155,-0.07));
#8083=CARTESIAN_POINT('',(-4.86,0.155,-0.07));
#8084=VECTOR('',#9212,1.7);
#8085=CARTESIAN_POINT('',(-4.86,2.345,4.23));
#8086=VECTOR('',#9213,6.0);
#8087=CARTESIAN_POINT('',(-4.86,-2.345,4.23));
#8088=VECTOR('',#9214,6.0);
#8089=CARTESIAN_POINT('',(-4.86,-0.155,-0.07));
#8090=CARTESIAN_POINT('',(-4.86,-0.155,-0.07));
#8091=VECTOR('',#9215,1.7);
#8092=CARTESIAN_POINT('',(-4.86,-0.155,-0.07));
#8093=VECTOR('',#9216,0.31);
#8094=CARTESIAN_POINT('',(-4.15,-0.155,-0.07));
#8095=CARTESIAN_POINT('',(-4.86,-0.155,-0.07));
#8096=VECTOR('',#9217,0.71);
#8097=CARTESIAN_POINT('',(-4.15,0.155,-0.07));
#8098=CARTESIAN_POINT('',(-4.15,-0.155,-0.07));
#8099=VECTOR('',#9218,0.31);
#8100=CARTESIAN_POINT('',(-4.86,0.155,-0.07));
#8101=VECTOR('',#9219,0.71);
#8102=CARTESIAN_POINT('',(-2.64,0.155,4.23));
#8103=VECTOR('',#9220,6.0);
#8104=CARTESIAN_POINT('',(-4.15,0.155,3.63));
#8105=CARTESIAN_POINT('',(-4.15,0.155,3.63));
#8106=VECTOR('',#9221,3.7);
#8107=CARTESIAN_POINT('',(-3.55,0.155,4.23));
#8108=VECTOR('',#9222,0.8485281374239);
#8109=CARTESIAN_POINT('',(-4.15,-0.155,3.63));
#8110=CARTESIAN_POINT('',(-4.15,-0.155,3.63));
#8111=VECTOR('',#9223,0.31);
#8112=CARTESIAN_POINT('',(-3.55,-0.155,4.23));
#8113=VECTOR('',#9224,0.8485281374239);
#8114=CARTESIAN_POINT('',(-4.15,-0.155,3.63));
#8115=VECTOR('',#9225,3.7);
#8116=CARTESIAN_POINT('',(-2.64,-0.155,4.23));
#8117=VECTOR('',#9226,6.0);
#8118=CARTESIAN_POINT('',(-2.64,-2.345,4.23));
#8119=VECTOR('',#9227,6.0);
#8120=CARTESIAN_POINT('',(-2.64,2.345,4.23));
#8121=VECTOR('',#9228,6.0);
#8122=CARTESIAN_POINT('',(-4.0675,-1.5675,-5.5325));
#8123=VECTOR('',#9229,0.635);
#8124=CARTESIAN_POINT('',(-3.4325,-1.5675,2.25));
#8125=VECTOR('',#9230,0.635);
#8126=CARTESIAN_POINT('',(-4.0675,-1.8675,-5.8325));
#8127=VECTOR('',#9231,0.635);
#8128=CARTESIAN_POINT('',(-3.4325,-5.94,-5.8325));
#8129=VECTOR('',#9232,0.635);
#8130=CARTESIAN_POINT('',(-3.9175,-6.49,-5.9825));
#8131=CARTESIAN_POINT('',(-3.9175,-6.49,-5.9825));
#8132=VECTOR('',#9233,0.5894913061276);
#8133=CARTESIAN_POINT('',(-3.5825,-6.49,-5.9825));
#8134=CARTESIAN_POINT('',(-3.5825,-6.49,-5.9825));
#8135=VECTOR('',#9234,0.335);
#8136=CARTESIAN_POINT('',(-3.5825,-6.49,-5.9825));
#8137=VECTOR('',#9235,0.5894913061276);
#8138=CARTESIAN_POINT('',(-3.5825,-6.49,-6.3175));
#8139=CARTESIAN_POINT('',(-3.4325,-5.94,-6.4675));
#8140=VECTOR('',#9236,0.5894913061276);
#8141=CARTESIAN_POINT('',(-3.5825,-6.49,-5.9825));
#8142=VECTOR('',#9237,0.335);
#8143=CARTESIAN_POINT('',(-3.9175,-6.49,-6.3175));
#8144=CARTESIAN_POINT('',(-3.9175,-6.49,-6.3175));
#8145=VECTOR('',#9238,0.335);
#8146=CARTESIAN_POINT('',(-3.5825,-6.49,-6.3175));
#8147=VECTOR('',#9239,0.335);
#8148=CARTESIAN_POINT('',(-3.9175,-6.49,-6.3175));
#8149=VECTOR('',#9240,0.5894913061276);
#8150=CARTESIAN_POINT('',(-3.4325,-5.94,-6.4675));
#8151=VECTOR('',#9241,0.635);
#8152=CARTESIAN_POINT('',(-4.0675,-1.8675,-6.4675));
#8153=VECTOR('',#9242,0.635);
#8154=CARTESIAN_POINT('',(-4.0675,-0.9325,-5.5325));
#8155=VECTOR('',#9243,0.635);
#8156=CARTESIAN_POINT('',(-3.4325,-0.9325,2.25));
#8157=VECTOR('',#9244,0.635);
#8158=CARTESIAN_POINT('',(-3.9175,-1.0825,2.8));
#8159=CARTESIAN_POINT('',(-3.9175,-1.0825,2.8));
#8160=VECTOR('',#9245,0.5894913061276);
#8161=CARTESIAN_POINT('',(-3.5825,-1.0825,2.8));
#8162=CARTESIAN_POINT('',(-3.5825,-1.0825,2.8));
#8163=VECTOR('',#9246,0.335);
#8164=CARTESIAN_POINT('',(-3.5825,-1.0825,2.8));
#8165=VECTOR('',#9247,0.5894913061276);
#8166=CARTESIAN_POINT('',(-3.5825,-1.4175,2.8));
#8167=CARTESIAN_POINT('',(-3.5825,-1.4175,2.8));
#8168=VECTOR('',#9248,0.5894913061276);
#8169=CARTESIAN_POINT('',(-3.5825,-1.0825,2.8));
#8170=VECTOR('',#9249,0.335);
#8171=CARTESIAN_POINT('',(-3.9175,-1.4175,2.8));
#8172=CARTESIAN_POINT('',(-3.9175,-1.4175,2.8));
#8173=VECTOR('',#9250,0.335);
#8174=CARTESIAN_POINT('',(-3.5825,-1.4175,2.8));
#8175=VECTOR('',#9251,0.335);
#8176=CARTESIAN_POINT('',(-3.9175,-1.4175,2.8));
#8177=VECTOR('',#9252,0.5894913061276);
#8178=CARTESIAN_POINT('',(-3.5825,-6.49,-8.4825));
#8179=VECTOR('',#9253,0.335);
#8180=CARTESIAN_POINT('',(2.97540344393,-4.189999825215,0.8299971729912));
#8181=CARTESIAN_POINT('',(2.975403330759,-2.99,0.83));
#8182=VECTOR('',#9254,1.199999825219);
#8183=CARTESIAN_POINT('',(3.45,-4.59,0.83));
#8184=CARTESIAN_POINT('',(3.45,-2.99,0.83));
#8185=VECTOR('',#9255,1.6);
#8186=CARTESIAN_POINT('',(3.131532290431,-4.590000603906,0.8299965431883));
#8187=CARTESIAN_POINT('',(3.131532290431,-4.590000603906,0.8299965431883));
#8188=VECTOR('',#9256,0.3184677095883);
#8189=CARTESIAN_POINT('',(3.131532290431,-4.590000603906,0.8299965431883));
#8190=CARTESIAN_POINT('',(3.107304121867,-4.528523686605,0.8299965431883));
#8191=CARTESIAN_POINT('',(3.057063527366,-4.400376644166,0.8300031419103));
#8192=CARTESIAN_POINT('',(3.00323026832,-4.261851804812,0.8299971729912));
#8193=CARTESIAN_POINT('',(2.97540344393,-4.189999825215,0.8299971729912));
#8194=CARTESIAN_POINT('',(2.975403485864,-4.189999939926,1.229999959951));
#8195=CARTESIAN_POINT('',(3.131532332542,-4.59000071869,1.230000589736));
#8196=CARTESIAN_POINT('',(2.975403485864,-4.189999939926,1.229999959951));
#8197=CARTESIAN_POINT('',(3.003196798921,-4.261765389428,1.229999959951));
#8198=CARTESIAN_POINT('',(3.056996046901,-4.400203629212,1.229999725157));
#8199=CARTESIAN_POINT('',(3.107270141012,-4.528437471353,1.230000589736));
#8200=CARTESIAN_POINT('',(3.131532332542,-4.59000071869,1.230000589736));
#8201=AXIS2_PLACEMENT_3D('',#9257,#9258,#9259);
#8202=AXIS2_PLACEMENT_3D('',#9260,#9261,#9262);
#8203=CARTESIAN_POINT('',(3.55,-4.59,0.73));
#8204=AXIS2_PLACEMENT_3D('',#9263,#9264,#9265);
#8205=CARTESIAN_POINT('',(3.55,-4.59,0.73));
#8206=VECTOR('',#9266,0.3184676674595);
#8207=CARTESIAN_POINT('',(3.950003456812,-4.590000603906,0.4115322904311));
#8208=AXIS2_PLACEMENT_3D('',#9267,#9268,#9269);
#8209=CARTESIAN_POINT('',(3.95,-4.59,0.73));
#8210=CARTESIAN_POINT('',(3.950003456812,-4.590000603906,0.4115322904311));
#8211=VECTOR('',#9270,0.3184677095882);
#8212=CARTESIAN_POINT('',(4.05,-4.59,0.83));
#8213=AXIS2_PLACEMENT_3D('',#9271,#9272,#9273);
#8214=CARTESIAN_POINT('',(4.368467667458,-4.59000071869,0.8299994102644));
#8215=CARTESIAN_POINT('',(4.05,-4.59,0.83));
#8216=VECTOR('',#9274,0.3184676674595);
#8217=CARTESIAN_POINT('',(4.368467709569,-4.590000603906,1.230003456812));
#8218=AXIS2_PLACEMENT_3D('',#9275,#9276,#9277);
#8219=CARTESIAN_POINT('',(4.05,-4.59,1.23));
#8220=CARTESIAN_POINT('',(4.368467709569,-4.590000603906,1.230003456812));
#8221=VECTOR('',#9278,0.3184677095882);
#8222=CARTESIAN_POINT('',(3.95,-4.59,1.33));
#8223=AXIS2_PLACEMENT_3D('',#9279,#9280,#9281);
#8224=CARTESIAN_POINT('',(3.950000589736,-4.59000071869,1.648467667458));
#8225=CARTESIAN_POINT('',(3.95,-4.59,1.33));
#8226=VECTOR('',#9282,0.3184676674595);
#8227=AXIS2_PLACEMENT_3D('',#9283,#9284,#9285);
#8228=CARTESIAN_POINT('',(3.55,-4.59,1.33));
#8229=CARTESIAN_POINT('',(3.549996543188,-4.590000603906,1.648467709569));
#8230=VECTOR('',#9286,0.3184677095882);
#8231=CARTESIAN_POINT('',(3.45,-4.59,1.23));
#8232=AXIS2_PLACEMENT_3D('',#9287,#9288,#9289);
#8233=CARTESIAN_POINT('',(3.45,-4.59,1.23));
#8234=VECTOR('',#9290,0.3184676674595);
#8235=CARTESIAN_POINT('',(-3.95,-4.59,1.33));
#8236=CARTESIAN_POINT('',(-3.950003456812,-4.590000603906,1.648467709569));
#8237=VECTOR('',#9291,0.3184677095882);
#8238=CARTESIAN_POINT('',(-4.05,-4.59,1.23));
#8239=AXIS2_PLACEMENT_3D('',#9292,#9293,#9294);
#8240=CARTESIAN_POINT('',(-4.368467667458,-4.59000071869,1.230000589736));
#8241=CARTESIAN_POINT('',(-4.05,-4.59,1.23));
#8242=VECTOR('',#9295,0.3184676674595);
#8243=CARTESIAN_POINT('',(-4.368467709569,-4.590000603906,0.8299965431883));
#8244=AXIS2_PLACEMENT_3D('',#9296,#9297,#9298);
#8245=CARTESIAN_POINT('',(-4.05,-4.59,0.83));
#8246=CARTESIAN_POINT('',(-4.368467709569,-4.590000603906,0.8299965431883));
#8247=VECTOR('',#9299,0.3184677095882);
#8248=CARTESIAN_POINT('',(-3.95,-4.59,0.73));
#8249=AXIS2_PLACEMENT_3D('',#9300,#9301,#9302);
#8250=CARTESIAN_POINT('',(-3.95,-4.59,0.73));
#8251=VECTOR('',#9303,0.3184676674595);
#8252=CARTESIAN_POINT('',(-3.549996543188,-4.590000603906,0.4115322904311));
#8253=AXIS2_PLACEMENT_3D('',#9304,#9305,#9306);
#8254=CARTESIAN_POINT('',(-3.55,-4.59,0.73));
#8255=CARTESIAN_POINT('',(-3.549996543188,-4.590000603906,0.4115322904311));
#8256=VECTOR('',#9307,0.3184677095882);
#8257=CARTESIAN_POINT('',(-3.45,-4.59,0.83));
#8258=AXIS2_PLACEMENT_3D('',#9308,#9309,#9310);
#8259=CARTESIAN_POINT('',(-3.131532332542,-4.59000071869,0.8299994102644));
#8260=CARTESIAN_POINT('',(-3.45,-4.59,0.83));
#8261=VECTOR('',#9311,0.3184676674595);
#8262=CARTESIAN_POINT('',(-3.131532290431,-4.590000603906,1.230003456812));
#8263=AXIS2_PLACEMENT_3D('',#9312,#9313,#9314);
#8264=CARTESIAN_POINT('',(-3.45,-4.59,1.23));
#8265=CARTESIAN_POINT('',(-3.131532290431,-4.590000603906,1.230003456812));
#8266=VECTOR('',#9315,0.3184677095883);
#8267=CARTESIAN_POINT('',(-3.55,-4.59,1.33));
#8268=AXIS2_PLACEMENT_3D('',#9316,#9317,#9318);
#8269=CARTESIAN_POINT('',(-3.549999410264,-4.59000071869,1.648467667458));
#8270=CARTESIAN_POINT('',(-3.55,-4.59,1.33));
#8271=VECTOR('',#9319,0.3184676674595);
#8272=AXIS2_PLACEMENT_3D('',#9320,#9321,#9322);
#8273=CARTESIAN_POINT('',(3.45,-2.99,1.23));
#8274=VECTOR('',#9323,1.6);
#8275=CARTESIAN_POINT('',(2.975403330759,-2.99,1.23));
#8276=VECTOR('',#9324,1.199999939926);
#8277=CARTESIAN_POINT('',(3.55,-2.99,1.33));
#8278=VECTOR('',#9325,1.6);
#8279=CARTESIAN_POINT('',(3.949999959951,-4.189999939926,1.804596514136));
#8280=CARTESIAN_POINT('',(3.949999959951,-4.189999939926,1.804596514136));
#8281=CARTESIAN_POINT('',(3.949999959951,-4.26196969885,1.776724076155));
#8282=CARTESIAN_POINT('',(3.949999725157,-4.400611871783,1.722844725345));
#8283=CARTESIAN_POINT('',(3.950000589736,-4.528641308532,1.672649526373));
#8284=CARTESIAN_POINT('',(3.950000589736,-4.59000071869,1.648467667458));
#8285=AXIS2_PLACEMENT_3D('',#9326,#9327,#9328);
#8286=CARTESIAN_POINT('',(3.95,-2.99,1.804596669241));
#8287=VECTOR('',#9329,1.199999939926);
#8288=CARTESIAN_POINT('',(3.95,-2.99,1.33));
#8289=VECTOR('',#9330,1.6);
#8290=CARTESIAN_POINT('',(4.05,-2.99,1.23));
#8291=VECTOR('',#9331,1.6);
#8292=CARTESIAN_POINT('',(4.52459655607,-4.189999825215,1.230002827009));
#8293=CARTESIAN_POINT('',(4.524596669241,-2.99,1.23));
#8294=VECTOR('',#9332,1.199999825219);
#8295=CARTESIAN_POINT('',(4.368467709569,-4.590000603906,1.230003456812));
#8296=CARTESIAN_POINT('',(4.392650102359,-4.528639838739,1.230003456812));
#8297=CARTESIAN_POINT('',(4.442845739875,-4.400609272093,1.22999685809));
#8298=CARTESIAN_POINT('',(4.496724644082,-4.261968226044,1.230002827009));
#8299=CARTESIAN_POINT('',(4.52459655607,-4.189999825215,1.230002827009));
#8300=CARTESIAN_POINT('',(4.524596514136,-4.189999939926,0.8300000400494));
#8301=CARTESIAN_POINT('',(4.524596514136,-4.189999939926,0.8300000400494));
#8302=CARTESIAN_POINT('',(4.496732090998,-4.261949003625,0.8300000400494));
#8303=CARTESIAN_POINT('',(4.442860854213,-4.400570519496,0.8300002748431));
#8304=CARTESIAN_POINT('',(4.392657663548,-4.528620661142,0.8299994102644));
#8305=CARTESIAN_POINT('',(4.368467667458,-4.59000071869,0.8299994102644));
#8306=AXIS2_PLACEMENT_3D('',#9333,#9334,#9335);
#8307=CARTESIAN_POINT('',(4.524596669241,-2.99,0.83));
#8308=VECTOR('',#9336,1.199999939926);
#8309=CARTESIAN_POINT('',(4.05,-2.99,0.83));
#8310=VECTOR('',#9337,1.6);
#8311=CARTESIAN_POINT('',(3.95,-2.99,0.73));
#8312=VECTOR('',#9338,1.6);
#8313=CARTESIAN_POINT('',(3.950002827009,-4.189999825215,0.2554034439301));
#8314=CARTESIAN_POINT('',(3.95,-2.99,0.2554033307585));
#8315=VECTOR('',#9339,1.199999825219);
#8316=CARTESIAN_POINT('',(3.950003456812,-4.590000603906,0.4115322904311));
#8317=CARTESIAN_POINT('',(3.950003456812,-4.528527774708,0.3873057329961));
#8318=CARTESIAN_POINT('',(3.94999685809,-4.40038483177,0.3370667207908));
#8319=CARTESIAN_POINT('',(3.950002827009,-4.261855902387,0.283231855228));
#8320=CARTESIAN_POINT('',(3.950002827009,-4.189999825215,0.2554034439301));
#8321=AXIS2_PLACEMENT_3D('',#9340,#9341,#9342);
#8322=CARTESIAN_POINT('',(3.55,-2.99,0.73));
#8323=VECTOR('',#9343,1.6);
#8324=CARTESIAN_POINT('',(-3.550000040049,-4.189999939926,1.804596514136));
#8325=CARTESIAN_POINT('',(-3.550000040049,-4.189999939926,1.804596514136));
#8326=CARTESIAN_POINT('',(-3.550000040049,-4.261945545399,1.7767334303));
#8327=CARTESIAN_POINT('',(-3.550000274843,-4.400563609421,1.722863549386));
#8328=CARTESIAN_POINT('',(-3.549999410264,-4.52861721091,1.672659023291));
#8329=CARTESIAN_POINT('',(-3.549999410264,-4.59000071869,1.648467667458));
#8330=AXIS2_PLACEMENT_3D('',#9344,#9345,#9346);
#8331=CARTESIAN_POINT('',(-3.95,-2.99,1.33));
#8332=VECTOR('',#9347,1.6);
#8333=CARTESIAN_POINT('',(-4.05,-2.99,1.23));
#8334=VECTOR('',#9348,1.6);
#8335=CARTESIAN_POINT('',(-4.524596514136,-4.189999939926,1.229999959951));
#8336=CARTESIAN_POINT('',(-4.524596669241,-2.99,1.23));
#8337=VECTOR('',#9349,1.199999939926);
#8338=CARTESIAN_POINT('',(-4.524596514136,-4.189999939926,1.229999959951));
#8339=CARTESIAN_POINT('',(-4.496710420348,-4.262004959672,1.229999959951));
#8340=CARTESIAN_POINT('',(-4.442817244683,-4.40068232838,1.229999725157));
#8341=CARTESIAN_POINT('',(-4.392635662137,-4.528676487851,1.230000589736));
#8342=CARTESIAN_POINT('',(-4.368467667458,-4.59000071869,1.230000589736));
#8343=CARTESIAN_POINT('',(-4.52459655607,-4.189999825215,0.8299971729912));
#8344=AXIS2_PLACEMENT_3D('',#9350,#9351,#9352);
#8345=CARTESIAN_POINT('',(-4.368467709569,-4.590000603906,0.8299965431883));
#8346=CARTESIAN_POINT('',(-4.392652883833,-4.528632780985,0.8299965431883));
#8347=CARTESIAN_POINT('',(-4.442851253096,-4.400595136928,0.8300031419103));
#8348=CARTESIAN_POINT('',(-4.496727383741,-4.261961151939,0.8299971729912));
#8349=CARTESIAN_POINT('',(-4.52459655607,-4.189999825215,0.8299971729912));
#8350=CARTESIAN_POINT('',(-4.524596669241,-2.99,0.83));
#8351=VECTOR('',#9353,1.199999825219);
#8352=CARTESIAN_POINT('',(-4.05,-2.99,0.83));
#8353=VECTOR('',#9354,1.6);
#8354=CARTESIAN_POINT('',(-3.95,-2.99,0.73));
#8355=VECTOR('',#9355,1.6);
#8356=CARTESIAN_POINT('',(-3.549997172991,-4.189999825215,0.2554034439301));
#8357=AXIS2_PLACEMENT_3D('',#9356,#9357,#9358);
#8358=CARTESIAN_POINT('',(-3.549996543188,-4.590000603906,0.4115322904311));
#8359=CARTESIAN_POINT('',(-3.549996543188,-4.528652604583,0.3873549286839));
#8360=CARTESIAN_POINT('',(-3.55000314191,-4.40063483933,0.3371642322754));
#8361=CARTESIAN_POINT('',(-3.549997172991,-4.261981021463,0.283280311326));
#8362=CARTESIAN_POINT('',(-3.549997172991,-4.189999825215,0.2554034439301));
#8363=CARTESIAN_POINT('',(-3.55,-2.99,0.2554033307585));
#8364=VECTOR('',#9359,1.199999825219);
#8365=CARTESIAN_POINT('',(-3.55,-2.99,0.73));
#8366=VECTOR('',#9360,1.6);
#8367=CARTESIAN_POINT('',(-3.45,-2.99,0.83));
#8368=VECTOR('',#9361,1.6);
#8369=CARTESIAN_POINT('',(-2.975403485864,-4.189999939926,0.8300000400494));
#8370=CARTESIAN_POINT('',(-2.975403330759,-2.99,0.83));
#8371=VECTOR('',#9362,1.199999939926);
#8372=CARTESIAN_POINT('',(-2.975403485864,-4.189999939926,0.8300000400494));
#8373=CARTESIAN_POINT('',(-3.003265803763,-4.261943567662,0.8300000400494));
#8374=CARTESIAN_POINT('',(-3.057134909262,-4.400559657593,0.8300002748431));
#8375=CARTESIAN_POINT('',(-3.107340199081,-4.528615237744,0.8299994102644));
#8376=CARTESIAN_POINT('',(-3.131532332542,-4.59000071869,0.8299994102644));
#8377=CARTESIAN_POINT('',(-2.97540344393,-4.189999825215,1.230002827009));
#8378=AXIS2_PLACEMENT_3D('',#9363,#9364,#9365);
#8379=CARTESIAN_POINT('',(-3.131532290431,-4.590000603906,1.230003456812));
#8380=CARTESIAN_POINT('',(-3.107303744625,-4.528522729386,1.230003456812));
#8381=CARTESIAN_POINT('',(-3.057062779634,-4.40037472706,1.22999685809));
#8382=CARTESIAN_POINT('',(-3.003229896749,-4.261850845376,1.230002827009));
#8383=CARTESIAN_POINT('',(-2.97540344393,-4.189999825215,1.230002827009));
#8384=CARTESIAN_POINT('',(-2.975403330759,-2.99,1.23));
#8385=VECTOR('',#9366,1.199999825219);
#8386=CARTESIAN_POINT('',(-3.45,-2.99,1.23));
#8387=VECTOR('',#9367,1.6);
#8388=CARTESIAN_POINT('',(-3.55,-2.99,1.33));
#8389=VECTOR('',#9368,1.6);
#8390=CARTESIAN_POINT('',(-3.55,-2.99,1.804596669241));
#8391=VECTOR('',#9369,1.199999939926);
#8392=DIRECTION('',(0.0,1.0,0.0));
#8393=CARTESIAN_POINT('',(-3.749995713886,-4.190001449535,1.029999285225));
#8394=DIRECTION('',(0.0,1.0,0.0));
#8395=DIRECTION('',(0.249995193470714,0.0,-0.968247077579654));
#8396=DIRECTION('',(3.33744855879997E-08,-0.999999999999991,1.29254604745199E-07));
#8397=CARTESIAN_POINT('',(-3.75,-2.99,1.03));
#8398=DIRECTION('',(0.0,-1.0,-0.0));
#8399=DIRECTION('',(-0.249999999999989,0.0,-0.968245836551857));
#8400=DIRECTION('',(-0.0,-1.0,0.0));
#8401=CARTESIAN_POINT('',(-3.75,-2.99,1.03));
#8402=DIRECTION('',(0.0,-1.0,0.0));
#8403=DIRECTION('',(0.249999999999989,0.0,0.968245836551857));
#8404=DIRECTION('',(-2.35584099457805E-06,-0.999999999997221,-9.43096606800619E-08));
#8405=CARTESIAN_POINT('',(-3.750004286114,-4.190001449535,1.030000714775));
#8406=DIRECTION('',(0.0,1.0,0.0));
#8407=DIRECTION('',(-0.249995193470714,0.0,0.968247077579654));
#8408=CARTESIAN_POINT('',(-3.750004286114,-4.190001449535,1.030000714775));
#8409=DIRECTION('',(0.0,1.0,0.0));
#8410=DIRECTION('',(-0.249995193470714,0.0,0.968247077579654));
#8411=DIRECTION('',(0.0,0.93633484602335,-0.351108325339102));
#8412=CARTESIAN_POINT('',(-3.749995713886,-4.59,1.029999285225));
#8413=DIRECTION('',(0.0,-1.0,-0.0));
#8414=DIRECTION('',(-0.307698599355203,0.0,-0.951483878977908));
#8415=CARTESIAN_POINT('',(-3.749995713886,-4.190001449535,1.029999285225));
#8416=DIRECTION('',(0.0,1.0,0.0));
#8417=DIRECTION('',(0.249995193470714,0.0,-0.968247077579654));
#8418=DIRECTION('',(-0.0,-0.93633484602335,-0.351108325339102));
#8419=CARTESIAN_POINT('',(-3.750004286114,-4.59,1.030000714775));
#8420=DIRECTION('',(0.0,-1.0,0.0));
#8421=DIRECTION('',(0.307698599355203,0.0,0.951483878977908));
#8422=DIRECTION('',(0.0,1.0,0.0));
#8423=CARTESIAN_POINT('',(3.750004286114,-4.190001449535,1.029999285225));
#8424=DIRECTION('',(0.0,1.0,0.0));
#8425=DIRECTION('',(0.249995193470714,0.0,-0.968247077579654));
#8426=DIRECTION('',(3.33744855879997E-08,-0.999999999999991,1.29254604976499E-07));
#8427=CARTESIAN_POINT('',(3.75,-2.99,1.03));
#8428=DIRECTION('',(0.0,-1.0,-0.0));
#8429=DIRECTION('',(-0.249999999999989,0.0,-0.968245836551857));
#8430=DIRECTION('',(0.0,0.93633484602335,-0.351108325339102));
#8431=CARTESIAN_POINT('',(3.750004286114,-4.59,1.029999285225));
#8432=DIRECTION('',(0.0,-1.0,-0.0));
#8433=DIRECTION('',(-0.307698599355203,0.0,-0.951483878977908));
#8434=CARTESIAN_POINT('',(3.750004286114,-4.190001449535,1.029999285225));
#8435=DIRECTION('',(0.0,1.0,0.0));
#8436=DIRECTION('',(0.249995193470714,0.0,-0.968247077579654));
#8437=DIRECTION('',(-0.0,-1.0,0.0));
#8438=CARTESIAN_POINT('',(3.75,-2.99,1.03));
#8439=DIRECTION('',(0.0,-1.0,0.0));
#8440=DIRECTION('',(0.249999999999989,0.0,0.968245836551857));
#8441=DIRECTION('',(-2.35584099383705E-06,-0.999999999997221,-9.43096560541319E-08));
#8442=CARTESIAN_POINT('',(3.749995713886,-4.190001449535,1.030000714775));
#8443=DIRECTION('',(0.0,1.0,0.0));
#8444=DIRECTION('',(-0.249995193470714,0.0,0.968247077579654));
#8445=CARTESIAN_POINT('',(3.749995713886,-4.190001449535,1.030000714775));
#8446=DIRECTION('',(0.0,1.0,0.0));
#8447=DIRECTION('',(-0.249995193470714,0.0,0.968247077579654));
#8448=DIRECTION('',(-0.0,-0.93633484602335,-0.351108325339102));
#8449=CARTESIAN_POINT('',(3.749995713886,-4.59,1.030000714775));
#8450=DIRECTION('',(0.0,-1.0,0.0));
#8451=DIRECTION('',(0.307698599355203,0.0,0.951483878977908));
#8452=DIRECTION('',(-1.0,0.0,0.0));
#8453=DIRECTION('',(0.0,0.0,-1.0));
#8454=DIRECTION('',(-1.0,0.0,0.0));
#8455=DIRECTION('',(0.0,0.0,-1.0));
#8456=DIRECTION('',(-1.0,0.0,0.0));
#8457=DIRECTION('',(0.0,0.0,-1.0));
#8458=DIRECTION('',(1.0,0.0,0.0));
#8459=DIRECTION('',(0.0,0.0,1.0));
#8460=DIRECTION('',(1.0,0.0,0.0));
#8461=DIRECTION('',(0.0,0.0,1.0));
#8462=DIRECTION('',(1.0,0.0,0.0));
#8463=DIRECTION('',(0.0,0.0,1.0));
#8464=CARTESIAN_POINT('',(3.75,-2.99,1.03));
#8465=DIRECTION('',(0.0,-1.0,0.0));
#8466=DIRECTION('',(-0.968245836551857,0.0,0.249999999999989));
#8467=DIRECTION('',(-1.0,0.0,0.0));
#8468=CARTESIAN_POINT('',(3.45,-2.99,1.33));
#8469=DIRECTION('',(0.0,-1.0,0.0));
#8470=DIRECTION('',(0.0,0.0,-1.0));
#8471=DIRECTION('',(0.0,0.0,-1.0));
#8472=CARTESIAN_POINT('',(3.75,-2.99,1.03));
#8473=DIRECTION('',(0.0,-1.0,0.0));
#8474=DIRECTION('',(0.249999999999989,0.0,0.968245836551857));
#8475=DIRECTION('',(0.0,0.0,1.0));
#8476=CARTESIAN_POINT('',(4.05,-2.99,1.33));
#8477=DIRECTION('',(0.0,-1.0,0.0));
#8478=DIRECTION('',(-1.0,0.0,0.0));
#8479=DIRECTION('',(-1.0,0.0,0.0));
#8480=CARTESIAN_POINT('',(3.75,-2.99,1.03));
#8481=DIRECTION('',(0.0,-1.0,0.0));
#8482=DIRECTION('',(0.968245836551857,0.0,-0.249999999999989));
#8483=DIRECTION('',(1.0,0.0,0.0));
#8484=CARTESIAN_POINT('',(4.05,-2.99,0.73));
#8485=DIRECTION('',(0.0,-1.0,0.0));
#8486=DIRECTION('',(0.0,0.0,1.0));
#8487=DIRECTION('',(0.0,0.0,1.0));
#8488=CARTESIAN_POINT('',(3.75,-2.99,1.03));
#8489=DIRECTION('',(0.0,-1.0,-0.0));
#8490=DIRECTION('',(-0.249999999999989,0.0,-0.968245836551857));
#8491=DIRECTION('',(0.0,0.0,-1.0));
#8492=CARTESIAN_POINT('',(3.45,-2.99,0.73));
#8493=DIRECTION('',(0.0,-1.0,0.0));
#8494=DIRECTION('',(1.0,0.0,-2.22044604925E-14));
#8495=DIRECTION('',(1.0,0.0,0.0));
#8496=DIRECTION('',(1.0,0.0,0.0));
#8497=CARTESIAN_POINT('',(-3.45,-2.99,0.73));
#8498=DIRECTION('',(0.0,-1.0,0.0));
#8499=DIRECTION('',(0.0,0.0,1.0));
#8500=DIRECTION('',(0.0,0.0,1.0));
#8501=CARTESIAN_POINT('',(-3.75,-2.99,1.03));
#8502=DIRECTION('',(0.0,-1.0,-0.0));
#8503=DIRECTION('',(-0.249999999999989,0.0,-0.968245836551857));
#8504=DIRECTION('',(0.0,0.0,-1.0));
#8505=CARTESIAN_POINT('',(-4.05,-2.99,0.73));
#8506=DIRECTION('',(0.0,-1.0,0.0));
#8507=DIRECTION('',(1.0,0.0,0.0));
#8508=DIRECTION('',(1.0,0.0,0.0));
#8509=CARTESIAN_POINT('',(-3.75,-2.99,1.03));
#8510=DIRECTION('',(0.0,-1.0,0.0));
#8511=DIRECTION('',(-0.968245836551857,0.0,0.249999999999989));
#8512=DIRECTION('',(-1.0,0.0,0.0));
#8513=CARTESIAN_POINT('',(-4.05,-2.99,1.33));
#8514=DIRECTION('',(0.0,-1.0,0.0));
#8515=DIRECTION('',(0.0,0.0,-1.0));
#8516=DIRECTION('',(0.0,0.0,-1.0));
#8517=CARTESIAN_POINT('',(-3.75,-2.99,1.03));
#8518=DIRECTION('',(0.0,-1.0,0.0));
#8519=DIRECTION('',(0.249999999999989,0.0,0.968245836551857));
#8520=DIRECTION('',(0.0,0.0,1.0));
#8521=CARTESIAN_POINT('',(-3.45,-2.99,1.33));
#8522=DIRECTION('',(0.0,-1.0,-0.0));
#8523=DIRECTION('',(-1.0,0.0,-1.998401444325E-14));
#8524=DIRECTION('',(-1.0,0.0,0.0));
#8525=CARTESIAN_POINT('',(-3.75,-2.99,1.03));
#8526=DIRECTION('',(0.0,-1.0,0.0));
#8527=DIRECTION('',(0.968245836551857,0.0,-0.249999999999989));
#8528=DIRECTION('',(0.0,1.0,0.0));
#8529=DIRECTION('',(0.0,0.0,1.0));
#8530=DIRECTION('',(0.0,1.0,0.0));
#8531=DIRECTION('',(0.0,-1.0,0.0));
#8532=DIRECTION('',(0.0,0.0,-1.0));
#8533=DIRECTION('',(0.0,-1.0,0.0));
#8534=DIRECTION('',(-1.0,0.0,0.0));
#8535=DIRECTION('',(0.0,-1.0,0.0));
#8536=DIRECTION('',(0.0,0.0,1.0));
#8537=DIRECTION('',(0.0,-1.0,0.0));
#8538=DIRECTION('',(1.0,0.0,0.0));
#8539=DIRECTION('',(0.0,0.0,-1.0));
#8540=DIRECTION('',(1.0,0.0,0.0));
#8541=DIRECTION('',(0.0,0.0,1.0));
#8542=DIRECTION('',(-1.0,0.0,0.0));
#8543=DIRECTION('',(0.0,-1.0,0.0));
#8544=DIRECTION('',(0.0,-1.0,0.0));
#8545=DIRECTION('',(0.0,1.0,0.0));
#8546=DIRECTION('',(0.0,0.0,-1.0));
#8547=DIRECTION('',(0.0,1.0,0.0));
#8548=DIRECTION('',(0.0,-1.0,0.0));
#8549=DIRECTION('',(0.0,-1.0,0.0));
#8550=DIRECTION('',(1.0,0.0,0.0));
#8551=DIRECTION('',(0.0,-1.0,0.0));
#8552=DIRECTION('',(1.0,0.0,0.0));
#8553=DIRECTION('',(1.0,0.0,0.0));
#8554=DIRECTION('',(0.0,-1.0,0.0));
#8555=DIRECTION('',(1.0,0.0,0.0));
#8556=DIRECTION('',(0.0,-1.0,0.0));
#8557=DIRECTION('',(-1.0,0.0,0.0));
#8558=DIRECTION('',(0.0,1.0,0.0));
#8559=DIRECTION('',(1.0,0.0,0.0));
#8560=DIRECTION('',(0.0,-1.0,0.0));
#8561=DIRECTION('',(-1.0,0.0,0.0));
#8562=DIRECTION('',(0.0,-1.0,0.0));
#8563=DIRECTION('',(1.0,0.0,0.0));
#8564=DIRECTION('',(0.0,1.0,0.0));
#8565=DIRECTION('',(-1.0,0.0,0.0));
#8566=DIRECTION('',(0.0,1.0,0.0));
#8567=DIRECTION('',(1.0,0.0,0.0));
#8568=DIRECTION('',(0.0,-1.0,0.0));
#8569=DIRECTION('',(-1.0,0.0,0.0));
#8570=DIRECTION('',(0.0,-1.0,0.0));
#8571=DIRECTION('',(0.0,-1.0,0.0));
#8572=DIRECTION('',(-1.0,0.0,0.0));
#8573=DIRECTION('',(0.0,1.0,0.0));
#8574=DIRECTION('',(1.0,0.0,0.0));
#8575=DIRECTION('',(0.0,-1.0,0.0));
#8576=DIRECTION('',(-1.0,0.0,0.0));
#8577=DIRECTION('',(0.0,1.0,0.0));
#8578=DIRECTION('',(1.0,0.0,0.0));
#8579=DIRECTION('',(0.0,-1.0,0.0));
#8580=DIRECTION('',(-1.0,0.0,0.0));
#8581=DIRECTION('',(0.0,1.0,0.0));
#8582=DIRECTION('',(1.0,0.0,0.0));
#8583=DIRECTION('',(-1.0,0.0,0.0));
#8584=DIRECTION('',(0.0,1.0,0.0));
#8585=DIRECTION('',(1.0,0.0,0.0));
#8586=DIRECTION('',(0.0,1.0,0.0));
#8587=DIRECTION('',(-1.0,0.0,0.0));
#8588=DIRECTION('',(0.0,1.0,0.0));
#8589=DIRECTION('',(1.0,0.0,0.0));
#8590=DIRECTION('',(0.0,1.0,0.0));
#8591=DIRECTION('',(-1.0,0.0,0.0));
#8592=DIRECTION('',(0.0,1.0,0.0));
#8593=DIRECTION('',(1.0,0.0,0.0));
#8594=DIRECTION('',(0.0,-1.0,0.0));
#8595=DIRECTION('',(0.0,0.0,-1.0));
#8596=DIRECTION('',(0.0,-1.0,0.0));
#8597=DIRECTION('',(0.0,0.0,-1.0));
#8598=DIRECTION('',(-1.0,0.0,0.0));
#8599=DIRECTION('',(0.0,0.0,-1.0));
#8600=DIRECTION('',(0.0,1.0,0.0));
#8601=DIRECTION('',(0.0,0.0,-1.0));
#8602=DIRECTION('',(1.0,0.0,0.0));
#8603=DIRECTION('',(0.0,1.0,0.0));
#8604=DIRECTION('',(1.0,0.0,0.0));
#8605=DIRECTION('',(0.0,1.0,0.0));
#8606=DIRECTION('',(1.0,0.0,0.0));
#8607=DIRECTION('',(0.0,1.0,0.0));
#8608=DIRECTION('',(-1.0,0.0,0.0));
#8609=DIRECTION('',(0.0,-1.0,0.0));
#8610=DIRECTION('',(1.0,0.0,0.0));
#8611=DIRECTION('',(1.0,0.0,0.0));
#8612=DIRECTION('',(0.0,1.0,0.0));
#8613=DIRECTION('',(1.0,0.0,0.0));
#8614=DIRECTION('',(0.0,1.0,0.0));
#8615=DIRECTION('',(0.0,0.0,-1.0));
#8616=DIRECTION('',(0.0,0.0,-1.0));
#8617=DIRECTION('',(0.0,0.0,-1.0));
#8618=DIRECTION('',(0.0,0.0,-1.0));
#8619=DIRECTION('',(0.0,0.0,1.0));
#8620=DIRECTION('',(0.0,0.0,-1.0));
#8621=DIRECTION('',(0.0,1.0,0.0));
#8622=DIRECTION('',(0.0,0.0,1.0));
#8623=DIRECTION('',(0.0,0.0,-1.0));
#8624=DIRECTION('',(0.0,1.0,0.0));
#8625=DIRECTION('',(0.0,-1.0,0.0));
#8626=CARTESIAN_POINT('',(3.4325,0.6325,-8.0325));
#8627=DIRECTION('',(-1.0,0.0,0.0));
#8628=DIRECTION('',(0.0,1.0,-1.184237892934E-14));
#8629=DIRECTION('',(0.0,0.0,-1.0));
#8630=DIRECTION('',(0.0,1.0,0.0));
#8631=DIRECTION('',(0.0,0.0,1.0));
#8632=CARTESIAN_POINT('',(3.4325,0.6325,-8.0325));
#8633=DIRECTION('',(1.0,0.0,0.0));
#8634=DIRECTION('',(0.0,0.0,-1.0));
#8635=DIRECTION('',(0.0,1.0,0.0));
#8636=DIRECTION('',(0.0,0.0,1.0));
#8637=DIRECTION('',(0.0,-1.0,0.0));
#8638=CARTESIAN_POINT('',(3.4325,-1.8675,-5.5325));
#8639=DIRECTION('',(-1.0,0.0,0.0));
#8640=DIRECTION('',(0.0,1.0,0.0));
#8641=DIRECTION('',(0.0,0.0,-1.0));
#8642=DIRECTION('',(0.0,1.0,0.0));
#8643=DIRECTION('',(0.0,0.0,1.0));
#8644=CARTESIAN_POINT('',(3.4325,-1.8675,-5.5325));
#8645=DIRECTION('',(1.0,0.0,0.0));
#8646=DIRECTION('',(0.0,0.0,-1.0));
#8647=DIRECTION('',(0.0,1.0,0.0));
#8648=DIRECTION('',(0.0,0.0,1.0));
#8649=DIRECTION('',(0.254456678903991,-0.254456678903991,0.933007822647968));
#8650=DIRECTION('',(-0.254456678903991,-0.254456678903991,-0.933007822647968));
#8651=DIRECTION('',(0.0,1.0,0.0));
#8652=DIRECTION('',(-1.0,0.0,0.0));
#8653=DIRECTION('',(0.0,-1.0,0.0));
#8654=DIRECTION('',(-1.0,0.0,0.0));
#8655=DIRECTION('',(0.254456678903991,0.254456678903991,-0.933007822647968));
#8656=DIRECTION('',(-1.0,0.0,0.0));
#8657=DIRECTION('',(0.0,0.0,1.0));
#8658=DIRECTION('',(1.0,0.0,0.0));
#8659=DIRECTION('',(1.0,0.0,0.0));
#8660=DIRECTION('',(0.0,0.0,1.0));
#8661=DIRECTION('',(-1.0,0.0,0.0));
#8662=DIRECTION('',(1.0,0.0,0.0));
#8663=DIRECTION('',(0.0,1.0,0.0));
#8664=DIRECTION('',(1.0,0.0,0.0));
#8665=DIRECTION('',(0.0,1.0,0.0));
#8666=DIRECTION('',(1.0,0.0,0.0));
#8667=DIRECTION('',(1.0,0.0,0.0));
#8668=DIRECTION('',(0.0,1.0,0.0));
#8669=DIRECTION('',(1.0,0.0,0.0));
#8670=DIRECTION('',(0.0,1.0,0.0));
#8671=DIRECTION('',(1.0,0.0,0.0));
#8672=DIRECTION('',(0.0,1.0,0.0));
#8673=DIRECTION('',(1.0,0.0,0.0));
#8674=DIRECTION('',(0.0,1.0,0.0));
#8675=DIRECTION('',(1.0,0.0,0.0));
#8676=DIRECTION('',(0.0,1.0,0.0));
#8677=DIRECTION('',(1.0,0.0,0.0));
#8678=DIRECTION('',(0.0,1.0,0.0));
#8679=DIRECTION('',(1.0,0.0,0.0));
#8680=DIRECTION('',(0.0,1.0,0.0));
#8681=DIRECTION('',(1.0,0.0,0.0));
#8682=DIRECTION('',(0.0,1.0,0.0));
#8683=DIRECTION('',(1.0,0.0,0.0));
#8684=DIRECTION('',(0.0,1.0,0.0));
#8685=DIRECTION('',(1.0,0.0,0.0));
#8686=DIRECTION('',(0.0,1.0,0.0));
#8687=DIRECTION('',(1.0,0.0,0.0));
#8688=DIRECTION('',(0.0,1.0,0.0));
#8689=DIRECTION('',(1.0,0.0,0.0));
#8690=DIRECTION('',(0.0,1.0,0.0));
#8691=CARTESIAN_POINT('',(2.4,2.99,-0.57));
#8692=DIRECTION('',(0.0,-1.0,0.0));
#8693=DIRECTION('',(0.0,0.0,-1.0));
#8694=DIRECTION('',(0.0,0.0,-1.0));
#8695=DIRECTION('',(0.0,0.0,-1.0));
#8696=CARTESIAN_POINT('',(-2.4,2.99,-0.57));
#8697=DIRECTION('',(0.0,-1.0,0.0));
#8698=DIRECTION('',(-1.0,0.0,0.0));
#8699=DIRECTION('',(1.0,0.0,0.0));
#8700=DIRECTION('',(0.0,-1.0,0.0));
#8701=DIRECTION('',(1.0,8.632810022391E-11,0.0));
#8702=DIRECTION('',(0.0,-1.0,0.0));
#8703=DIRECTION('',(1.0,0.0,0.0));
#8704=DIRECTION('',(0.0,-1.0,0.0));
#8705=DIRECTION('',(1.0,-1.726547793623E-10,0.0));
#8706=DIRECTION('',(0.0,1.0,0.0));
#8707=CARTESIAN_POINT('',(2.4,5.65,-0.57));
#8708=DIRECTION('',(-0.0,1.0,0.0));
#8709=DIRECTION('',(1.0,0.0,0.0));
#8710=DIRECTION('',(0.0,1.0,0.0));
#8711=DIRECTION('',(0.0,-1.0,0.0));
#8712=DIRECTION('',(0.0,-0.707106781186547,-0.707106781186547));
#8713=DIRECTION('',(0.0,0.0,1.0));
#8714=CARTESIAN_POINT('',(2.4,5.65,-0.57));
#8715=DIRECTION('',(0.0,0.0,1.0));
#8716=DIRECTION('',(1.0,0.0,0.0));
#8717=DIRECTION('',(0.0,0.0,1.0));
#8718=CARTESIAN_POINT('',(2.4,5.65,5.69));
#8719=DIRECTION('',(0.0,0.0,1.0));
#8720=DIRECTION('',(1.0,0.0,0.0));
#8721=DIRECTION('',(1.0,0.0,0.0));
#8722=CARTESIAN_POINT('',(-2.4,5.65,5.69));
#8723=DIRECTION('',(0.0,-0.0,1.0));
#8724=DIRECTION('',(0.0,1.0,0.0));
#8725=DIRECTION('',(0.0,-1.0,0.0));
#8726=DIRECTION('',(1.0,0.0,0.0));
#8727=DIRECTION('',(-1.0,0.0,0.0));
#8728=DIRECTION('',(0.0,0.707106781186548,0.707106781186548));
#8729=DIRECTION('',(0.0,-0.707106781186547,-0.707106781186547));
#8730=DIRECTION('',(0.0,0.707106781186548,0.707106781186548));
#8731=DIRECTION('',(0.0,0.0,-1.0));
#8732=DIRECTION('',(0.0,-1.0,0.0));
#8733=DIRECTION('',(0.0,0.0,-1.0));
#8734=CARTESIAN_POINT('',(-0.9,5.0,4.1));
#8735=DIRECTION('',(0.0,1.0,0.0));
#8736=DIRECTION('',(-1.0,0.0,0.0));
#8737=DIRECTION('',(1.0,0.0,0.0));
#8738=CARTESIAN_POINT('',(0.9,5.0,4.1));
#8739=DIRECTION('',(0.0,1.0,0.0));
#8740=DIRECTION('',(0.0,0.0,1.0));
#8741=DIRECTION('',(0.0,0.0,1.0));
#8742=DIRECTION('',(-1.0,0.0,0.0));
#8743=DIRECTION('',(0.0,0.0,-1.0));
#8744=DIRECTION('',(-1.0,0.0,0.0));
#8745=DIRECTION('',(0.0,0.0,1.0));
#8746=CARTESIAN_POINT('',(-1.15,5.65,-0.57));
#8747=DIRECTION('',(1.0,0.0,0.0));
#8748=DIRECTION('',(0.0,0.0,-1.0));
#8749=DIRECTION('',(0.0,0.0,1.0));
#8750=DIRECTION('',(0.0,-1.0,0.0));
#8751=DIRECTION('',(0.0,0.0,1.0));
#8752=DIRECTION('',(1.0,0.0,0.0));
#8753=DIRECTION('',(0.0,0.0,-1.0));
#8754=DIRECTION('',(0.0,-1.0,0.0));
#8755=DIRECTION('',(0.0,0.0,1.0));
#8756=CARTESIAN_POINT('',(1.15,5.65,-0.57));
#8757=DIRECTION('',(1.0,0.0,0.0));
#8758=DIRECTION('',(0.0,0.0,-1.0));
#8759=DIRECTION('',(1.0,0.0,-7.263209589325E-10));
#8760=CARTESIAN_POINT('',(2.4,5.65,-0.57));
#8761=DIRECTION('',(1.0,0.0,0.0));
#8762=DIRECTION('',(0.0,0.0,-1.0));
#8763=DIRECTION('',(1.0,0.0,1.452610920438E-09));
#8764=CARTESIAN_POINT('',(-2.4,5.65,-0.57));
#8765=DIRECTION('',(-1.0,0.0,0.0));
#8766=DIRECTION('',(0.0,1.0,0.0));
#8767=CARTESIAN_POINT('',(0.9,5.85,4.1));
#8768=DIRECTION('',(0.0,1.0,0.0));
#8769=DIRECTION('',(0.0,0.0,1.0));
#8770=DIRECTION('',(1.0,0.0,0.0));
#8771=CARTESIAN_POINT('',(-0.9,5.85,4.1));
#8772=DIRECTION('',(0.0,1.0,0.0));
#8773=DIRECTION('',(-1.0,0.0,0.0));
#8774=DIRECTION('',(0.0,0.0,-1.0));
#8775=CARTESIAN_POINT('',(-2.4,5.65,-0.57));
#8776=DIRECTION('',(0.0,0.0,-1.0));
#8777=DIRECTION('',(-1.0,0.0,0.0));
#8778=DIRECTION('',(0.0,0.0,-1.0));
#8779=DIRECTION('',(0.0,-1.0,0.0));
#8780=CARTESIAN_POINT('',(-2.4,5.65,-0.57));
#8781=DIRECTION('',(0.0,-1.0,0.0));
#8782=DIRECTION('',(-1.0,0.0,0.0));
#8783=DIRECTION('',(0.0,-1.0,0.0));
#8784=DIRECTION('',(0.0,-1.0,0.0));
#8785=DIRECTION('',(1.0,0.0,0.0));
#8786=DIRECTION('',(0.0,1.0,0.0));
#8787=DIRECTION('',(1.0,0.0,0.0));
#8788=DIRECTION('',(0.0,-1.0,0.0));
#8789=DIRECTION('',(-1.0,0.0,0.0));
#8790=DIRECTION('',(0.0,1.0,0.0));
#8791=DIRECTION('',(0.0,0.0,-1.0));
#8792=DIRECTION('',(0.0,0.0,-1.0));
#8793=DIRECTION('',(0.0,0.0,-1.0));
#8794=DIRECTION('',(-1.0,0.0,0.0));
#8795=DIRECTION('',(0.0,0.0,-1.0));
#8796=DIRECTION('',(0.0,1.0,0.0));
#8797=DIRECTION('',(0.0,0.0,-1.0));
#8798=DIRECTION('',(1.0,0.0,0.0));
#8799=DIRECTION('',(0.0,0.0,-1.0));
#8800=DIRECTION('',(0.0,-1.0,0.0));
#8801=DIRECTION('',(1.0,0.0,0.0));
#8802=DIRECTION('',(0.0,1.0,0.0));
#8803=DIRECTION('',(1.0,0.0,0.0));
#8804=DIRECTION('',(0.0,1.0,0.0));
#8805=DIRECTION('',(0.0,1.0,0.0));
#8806=DIRECTION('',(-1.0,0.0,0.0));
#8807=DIRECTION('',(0.0,-1.0,0.0));
#8808=DIRECTION('',(1.0,0.0,0.0));
#8809=DIRECTION('',(1.0,0.0,0.0));
#8810=DIRECTION('',(0.0,1.0,0.0));
#8811=DIRECTION('',(1.0,0.0,0.0));
#8812=DIRECTION('',(0.0,1.0,0.0));
#8813=DIRECTION('',(0.0,0.0,-1.0));
#8814=DIRECTION('',(0.0,0.0,-1.0));
#8815=DIRECTION('',(0.0,0.0,-1.0));
#8816=DIRECTION('',(0.0,0.0,-1.0));
#8817=DIRECTION('',(0.0,0.0,1.0));
#8818=DIRECTION('',(0.0,0.0,-1.0));
#8819=DIRECTION('',(0.0,1.0,0.0));
#8820=DIRECTION('',(0.0,-1.0,0.0));
#8821=CARTESIAN_POINT('',(0.9325,0.6325,-8.0325));
#8822=DIRECTION('',(-1.0,0.0,0.0));
#8823=DIRECTION('',(0.0,1.0,-1.184237892934E-14));
#8824=DIRECTION('',(0.0,0.0,-1.0));
#8825=DIRECTION('',(0.0,0.0,1.0));
#8826=CARTESIAN_POINT('',(0.9325,0.6325,-8.0325));
#8827=DIRECTION('',(1.0,0.0,0.0));
#8828=DIRECTION('',(0.0,0.0,-1.0));
#8829=DIRECTION('',(0.0,1.0,0.0));
#8830=DIRECTION('',(0.0,0.0,1.0));
#8831=DIRECTION('',(0.0,-1.0,0.0));
#8832=CARTESIAN_POINT('',(0.9325,-1.8675,-5.5325));
#8833=DIRECTION('',(-1.0,0.0,0.0));
#8834=DIRECTION('',(0.0,1.0,0.0));
#8835=DIRECTION('',(0.0,0.0,-1.0));
#8836=DIRECTION('',(0.0,0.0,1.0));
#8837=CARTESIAN_POINT('',(0.9325,-1.8675,-5.5325));
#8838=DIRECTION('',(1.0,0.0,0.0));
#8839=DIRECTION('',(0.0,0.0,-1.0));
#8840=DIRECTION('',(0.0,1.0,0.0));
#8841=DIRECTION('',(0.0,0.0,1.0));
#8842=DIRECTION('',(0.0,0.0,1.0));
#8843=DIRECTION('',(0.0,0.0,-1.0));
#8844=DIRECTION('',(0.0,1.0,0.0));
#8845=DIRECTION('',(0.254456678903991,-0.254456678903991,0.933007822647968));
#8846=DIRECTION('',(-0.254456678903991,-0.254456678903991,-0.933007822647968));
#8847=DIRECTION('',(0.0,1.0,0.0));
#8848=DIRECTION('',(-1.0,0.0,0.0));
#8849=DIRECTION('',(0.0,-1.0,0.0));
#8850=DIRECTION('',(-1.0,0.0,0.0));
#8851=DIRECTION('',(0.254456678903991,0.254456678903991,-0.933007822647968));
#8852=DIRECTION('',(-1.0,0.0,0.0));
#8853=DIRECTION('',(0.0,0.0,1.0));
#8854=DIRECTION('',(1.0,0.0,0.0));
#8855=DIRECTION('',(0.0,0.0,1.0));
#8856=CARTESIAN_POINT('',(1.5675,0.6325,-8.0325));
#8857=DIRECTION('',(1.0,0.0,0.0));
#8858=DIRECTION('',(0.0,0.0,-1.0));
#8859=DIRECTION('',(1.0,0.0,0.0));
#8860=DIRECTION('',(0.0,1.0,0.0));
#8861=DIRECTION('',(-1.0,0.0,0.0));
#8862=DIRECTION('',(-0.254456678903991,-0.933007822647968,0.254456678903991));
#8863=DIRECTION('',(-1.0,0.0,0.0));
#8864=DIRECTION('',(-0.254456678903991,0.933007822647968,-0.254456678903991));
#8865=DIRECTION('',(0.0,0.0,1.0));
#8866=DIRECTION('',(-0.254456678903991,0.933007822647968,0.254456678903991));
#8867=DIRECTION('',(-1.0,0.0,0.0));
#8868=DIRECTION('',(0.254456678903991,0.933007822647968,0.254456678903991));
#8869=DIRECTION('',(-1.0,0.0,0.0));
#8870=DIRECTION('',(0.0,-1.0,0.0));
#8871=DIRECTION('',(1.0,0.0,0.0));
#8872=CARTESIAN_POINT('',(1.5675,0.6325,-8.0325));
#8873=DIRECTION('',(-1.0,0.0,0.0));
#8874=DIRECTION('',(0.0,1.0,-1.184237892934E-14));
#8875=DIRECTION('',(1.0,0.0,0.0));
#8876=DIRECTION('',(0.0,0.0,-1.0));
#8877=DIRECTION('',(0.0,0.0,-1.0));
#8878=DIRECTION('',(-1.0,0.0,0.0));
#8879=DIRECTION('',(0.0,-1.0,0.0));
#8880=DIRECTION('',(0.0,0.0,-1.0));
#8881=DIRECTION('',(0.0,1.0,0.0));
#8882=CARTESIAN_POINT('',(1.5675,-1.8675,-5.5325));
#8883=DIRECTION('',(1.0,0.0,0.0));
#8884=DIRECTION('',(0.0,0.0,-1.0));
#8885=DIRECTION('',(0.0,0.0,1.0));
#8886=DIRECTION('',(0.0,0.0,-1.0));
#8887=CARTESIAN_POINT('',(1.5675,-1.8675,-5.5325));
#8888=DIRECTION('',(-1.0,0.0,0.0));
#8889=DIRECTION('',(0.0,1.0,0.0));
#8890=DIRECTION('',(0.0,-1.0,0.0));
#8891=DIRECTION('',(0.0,0.0,-1.0));
#8892=DIRECTION('',(0.0,0.0,-1.0));
#8893=DIRECTION('',(0.0,0.0,1.0));
#8894=DIRECTION('',(0.0,-1.0,0.0));
#8895=DIRECTION('',(-0.254456678903991,0.254456678903991,0.933007822647968));
#8896=DIRECTION('',(0.0,0.0,-1.0));
#8897=DIRECTION('',(-0.254456678903991,-0.933007822647968,0.254456678903991));
#8898=DIRECTION('',(0.254456678903991,0.933007822647968,0.254456678903991));
#8899=DIRECTION('',(0.0,0.0,-1.0));
#8900=DIRECTION('',(-1.0,0.0,0.0));
#8901=DIRECTION('',(0.0,0.0,1.0));
#8902=DIRECTION('',(-1.0,0.0,0.0));
#8903=DIRECTION('',(-0.254456678903991,0.933007822647968,-0.254456678903991));
#8904=DIRECTION('',(-1.0,0.0,0.0));
#8905=DIRECTION('',(1.0,0.0,0.0));
#8906=DIRECTION('',(1.0,0.0,0.0));
#8907=DIRECTION('',(-1.0,0.0,0.0));
#8908=DIRECTION('',(-0.254456678903991,0.254456678903991,-0.933007822647968));
#8909=DIRECTION('',(-1.0,0.0,0.0));
#8910=DIRECTION('',(0.254456678903991,0.254456678903991,-0.933007822647968));
#8911=DIRECTION('',(0.254456678903991,-0.254456678903991,-0.933007822647968));
#8912=DIRECTION('',(0.0,-1.0,0.0));
#8913=DIRECTION('',(0.0,1.0,0.0));
#8914=DIRECTION('',(-1.0,0.0,0.0));
#8915=DIRECTION('',(-0.254456678903991,-0.254456678903991,-0.933007822647968));
#8916=DIRECTION('',(-1.0,0.0,0.0));
#8917=DIRECTION('',(1.0,0.0,0.0));
#8918=DIRECTION('',(1.0,0.0,0.0));
#8919=DIRECTION('',(-1.0,0.0,0.0));
#8920=DIRECTION('',(-0.254456678903991,0.933007822647968,0.254456678903991));
#8921=DIRECTION('',(0.0,0.0,-1.0));
#8922=DIRECTION('',(0.0,0.0,-1.0));
#8923=DIRECTION('',(0.0,0.0,-1.0));
#8924=DIRECTION('',(0.0,0.0,-1.0));
#8925=DIRECTION('',(-1.0,0.0,0.0));
#8926=DIRECTION('',(0.0,0.0,-1.0));
#8927=DIRECTION('',(0.0,1.0,0.0));
#8928=DIRECTION('',(0.0,0.0,-1.0));
#8929=DIRECTION('',(1.0,0.0,0.0));
#8930=DIRECTION('',(0.0,0.0,-1.0));
#8931=DIRECTION('',(0.0,-1.0,0.0));
#8932=DIRECTION('',(1.0,0.0,0.0));
#8933=DIRECTION('',(0.0,1.0,0.0));
#8934=DIRECTION('',(1.0,0.0,0.0));
#8935=DIRECTION('',(0.0,1.0,0.0));
#8936=DIRECTION('',(0.0,1.0,0.0));
#8937=DIRECTION('',(-1.0,0.0,0.0));
#8938=DIRECTION('',(0.0,-1.0,0.0));
#8939=DIRECTION('',(1.0,0.0,0.0));
#8940=DIRECTION('',(1.0,0.0,0.0));
#8941=DIRECTION('',(0.0,1.0,0.0));
#8942=DIRECTION('',(1.0,0.0,0.0));
#8943=DIRECTION('',(0.0,1.0,0.0));
#8944=DIRECTION('',(0.0,0.0,-1.0));
#8945=DIRECTION('',(0.0,0.0,-1.0));
#8946=DIRECTION('',(0.0,0.0,-1.0));
#8947=DIRECTION('',(0.0,0.0,-1.0));
#8948=DIRECTION('',(0.0,0.0,1.0));
#8949=DIRECTION('',(0.0,0.0,-1.0));
#8950=DIRECTION('',(0.0,1.0,0.0));
#8951=DIRECTION('',(0.0,-1.0,0.0));
#8952=CARTESIAN_POINT('',(-1.5675,0.6325,-8.0325));
#8953=DIRECTION('',(-1.0,0.0,0.0));
#8954=DIRECTION('',(0.0,1.0,-1.184237892934E-14));
#8955=DIRECTION('',(0.0,0.0,-1.0));
#8956=DIRECTION('',(0.0,0.0,1.0));
#8957=CARTESIAN_POINT('',(-1.5675,0.6325,-8.0325));
#8958=DIRECTION('',(1.0,0.0,0.0));
#8959=DIRECTION('',(0.0,0.0,-1.0));
#8960=DIRECTION('',(0.0,1.0,0.0));
#8961=DIRECTION('',(0.0,0.0,1.0));
#8962=DIRECTION('',(0.0,-1.0,0.0));
#8963=CARTESIAN_POINT('',(-1.5675,-1.8675,-5.5325));
#8964=DIRECTION('',(-1.0,0.0,0.0));
#8965=DIRECTION('',(0.0,1.0,0.0));
#8966=DIRECTION('',(0.0,0.0,-1.0));
#8967=DIRECTION('',(0.0,0.0,1.0));
#8968=CARTESIAN_POINT('',(-1.5675,-1.8675,-5.5325));
#8969=DIRECTION('',(1.0,0.0,0.0));
#8970=DIRECTION('',(0.0,0.0,-1.0));
#8971=DIRECTION('',(0.0,1.0,0.0));
#8972=DIRECTION('',(0.0,0.0,1.0));
#8973=DIRECTION('',(0.0,0.0,1.0));
#8974=DIRECTION('',(0.0,0.0,-1.0));
#8975=DIRECTION('',(0.0,1.0,0.0));
#8976=DIRECTION('',(0.254456678903991,-0.254456678903991,0.933007822647968));
#8977=DIRECTION('',(-0.254456678903991,-0.254456678903991,-0.933007822647968));
#8978=DIRECTION('',(0.0,1.0,0.0));
#8979=DIRECTION('',(-1.0,0.0,0.0));
#8980=DIRECTION('',(0.0,-1.0,0.0));
#8981=DIRECTION('',(-1.0,0.0,0.0));
#8982=DIRECTION('',(0.254456678903991,0.254456678903991,-0.933007822647968));
#8983=DIRECTION('',(-1.0,0.0,0.0));
#8984=DIRECTION('',(0.0,0.0,1.0));
#8985=DIRECTION('',(1.0,0.0,0.0));
#8986=DIRECTION('',(0.0,0.0,1.0));
#8987=CARTESIAN_POINT('',(-0.9325,0.6325,-8.0325));
#8988=DIRECTION('',(1.0,0.0,0.0));
#8989=DIRECTION('',(0.0,0.0,-1.0));
#8990=DIRECTION('',(1.0,0.0,0.0));
#8991=DIRECTION('',(0.0,1.0,0.0));
#8992=DIRECTION('',(-1.0,0.0,0.0));
#8993=DIRECTION('',(-0.254456678903991,-0.933007822647968,0.254456678903991));
#8994=DIRECTION('',(-1.0,0.0,0.0));
#8995=DIRECTION('',(-0.254456678903991,0.933007822647968,-0.254456678903991));
#8996=DIRECTION('',(0.0,0.0,1.0));
#8997=DIRECTION('',(-0.254456678903991,0.933007822647968,0.254456678903991));
#8998=DIRECTION('',(-1.0,0.0,0.0));
#8999=DIRECTION('',(0.254456678903991,0.933007822647968,0.254456678903991));
#9000=DIRECTION('',(-1.0,0.0,0.0));
#9001=DIRECTION('',(0.0,-1.0,0.0));
#9002=DIRECTION('',(1.0,0.0,0.0));
#9003=CARTESIAN_POINT('',(-0.9325,0.6325,-8.0325));
#9004=DIRECTION('',(-1.0,0.0,0.0));
#9005=DIRECTION('',(0.0,1.0,-1.184237892934E-14));
#9006=DIRECTION('',(1.0,0.0,0.0));
#9007=DIRECTION('',(0.0,0.0,-1.0));
#9008=DIRECTION('',(0.0,0.0,-1.0));
#9009=DIRECTION('',(-1.0,0.0,0.0));
#9010=DIRECTION('',(0.0,-1.0,0.0));
#9011=DIRECTION('',(0.0,0.0,-1.0));
#9012=DIRECTION('',(0.0,1.0,0.0));
#9013=CARTESIAN_POINT('',(-0.9325,-1.8675,-5.5325));
#9014=DIRECTION('',(1.0,0.0,0.0));
#9015=DIRECTION('',(0.0,0.0,-1.0));
#9016=DIRECTION('',(0.0,0.0,1.0));
#9017=DIRECTION('',(0.0,0.0,-1.0));
#9018=CARTESIAN_POINT('',(-0.9325,-1.8675,-5.5325));
#9019=DIRECTION('',(-1.0,0.0,0.0));
#9020=DIRECTION('',(0.0,1.0,0.0));
#9021=DIRECTION('',(0.0,-1.0,0.0));
#9022=DIRECTION('',(0.0,0.0,-1.0));
#9023=DIRECTION('',(0.0,0.0,-1.0));
#9024=DIRECTION('',(0.0,0.0,1.0));
#9025=DIRECTION('',(0.0,-1.0,0.0));
#9026=DIRECTION('',(-0.254456678903991,0.254456678903991,0.933007822647968));
#9027=DIRECTION('',(0.0,0.0,-1.0));
#9028=DIRECTION('',(-0.254456678903991,-0.933007822647968,0.254456678903991));
#9029=DIRECTION('',(0.254456678903991,0.933007822647968,0.254456678903991));
#9030=DIRECTION('',(0.0,0.0,-1.0));
#9031=DIRECTION('',(-1.0,0.0,0.0));
#9032=DIRECTION('',(0.0,0.0,1.0));
#9033=DIRECTION('',(-1.0,0.0,0.0));
#9034=DIRECTION('',(-0.254456678903991,0.933007822647968,-0.254456678903991));
#9035=DIRECTION('',(-1.0,0.0,0.0));
#9036=DIRECTION('',(1.0,0.0,0.0));
#9037=DIRECTION('',(1.0,0.0,0.0));
#9038=DIRECTION('',(-1.0,0.0,0.0));
#9039=DIRECTION('',(-0.254456678903991,0.254456678903991,-0.933007822647968));
#9040=DIRECTION('',(-1.0,0.0,0.0));
#9041=DIRECTION('',(0.254456678903991,0.254456678903991,-0.933007822647968));
#9042=DIRECTION('',(0.254456678903991,-0.254456678903991,-0.933007822647968));
#9043=DIRECTION('',(0.0,-1.0,0.0));
#9044=DIRECTION('',(0.0,1.0,0.0));
#9045=DIRECTION('',(-1.0,0.0,0.0));
#9046=DIRECTION('',(-0.254456678903991,-0.254456678903991,-0.933007822647968));
#9047=DIRECTION('',(-1.0,0.0,0.0));
#9048=DIRECTION('',(1.0,0.0,0.0));
#9049=DIRECTION('',(1.0,0.0,0.0));
#9050=DIRECTION('',(-1.0,0.0,0.0));
#9051=DIRECTION('',(-0.254456678903991,0.933007822647968,0.254456678903991));
#9052=DIRECTION('',(0.0,0.0,1.0));
#9053=DIRECTION('',(1.0,0.0,0.0));
#9054=DIRECTION('',(0.0,0.0,1.0));
#9055=DIRECTION('',(-1.0,0.0,0.0));
#9056=CARTESIAN_POINT('',(4.0675,-1.8675,-5.5325));
#9057=DIRECTION('',(1.0,0.0,0.0));
#9058=DIRECTION('',(0.0,0.0,-1.0));
#9059=DIRECTION('',(1.0,0.0,0.0));
#9060=DIRECTION('',(0.0,1.0,0.0));
#9061=DIRECTION('',(-1.0,0.0,0.0));
#9062=DIRECTION('',(0.254456678903991,0.933007822647968,-0.254456678903991));
#9063=DIRECTION('',(-1.0,0.0,0.0));
#9064=DIRECTION('',(-0.254456678903991,0.933007822647968,-0.254456678903991));
#9065=DIRECTION('',(0.0,0.0,1.0));
#9066=DIRECTION('',(-0.254456678903991,0.933007822647968,0.254456678903991));
#9067=DIRECTION('',(-1.0,0.0,0.0));
#9068=DIRECTION('',(0.254456678903991,0.933007822647968,0.254456678903991));
#9069=DIRECTION('',(-1.0,0.0,0.0));
#9070=DIRECTION('',(0.0,-1.0,0.0));
#9071=DIRECTION('',(1.0,0.0,0.0));
#9072=CARTESIAN_POINT('',(4.0675,-1.8675,-5.5325));
#9073=DIRECTION('',(-1.0,0.0,0.0));
#9074=DIRECTION('',(0.0,1.0,0.0));
#9075=DIRECTION('',(1.0,0.0,0.0));
#9076=DIRECTION('',(0.0,0.0,-1.0));
#9077=DIRECTION('',(0.0,0.0,-1.0));
#9078=DIRECTION('',(-1.0,0.0,0.0));
#9079=DIRECTION('',(0.0,0.0,-1.0));
#9080=DIRECTION('',(0.0,-1.0,0.0));
#9081=DIRECTION('',(0.0,-1.0,0.0));
#9082=DIRECTION('',(0.0,1.0,0.0));
#9083=CARTESIAN_POINT('',(4.0675,0.6325,-8.0325));
#9084=DIRECTION('',(1.0,0.0,0.0));
#9085=DIRECTION('',(0.0,0.0,-1.0));
#9086=DIRECTION('',(0.0,0.0,-1.0));
#9087=CARTESIAN_POINT('',(4.0675,0.6325,-8.0325));
#9088=DIRECTION('',(-1.0,0.0,0.0));
#9089=DIRECTION('',(0.0,1.0,-1.184237892934E-14));
#9090=DIRECTION('',(0.0,-1.0,0.0));
#9091=DIRECTION('',(0.0,0.0,-1.0));
#9092=DIRECTION('',(0.0,0.0,-1.0));
#9093=DIRECTION('',(-0.254456678903991,0.254456678903991,0.933007822647968));
#9094=DIRECTION('',(-1.0,0.0,0.0));
#9095=DIRECTION('',(1.0,0.0,0.0));
#9096=DIRECTION('',(1.0,0.0,0.0));
#9097=DIRECTION('',(-1.0,0.0,0.0));
#9098=DIRECTION('',(-1.0,0.0,0.0));
#9099=DIRECTION('',(0.254456678903991,0.933007822647968,0.254456678903991));
#9100=DIRECTION('',(-0.254456678903991,0.933007822647968,0.254456678903991));
#9101=DIRECTION('',(-0.254456678903991,0.933007822647968,-0.254456678903991));
#9102=DIRECTION('',(0.0,0.0,1.0));
#9103=DIRECTION('',(0.0,0.0,-1.0));
#9104=DIRECTION('',(-1.0,0.0,0.0));
#9105=DIRECTION('',(-1.0,0.0,0.0));
#9106=DIRECTION('',(0.254456678903991,0.933007822647968,-0.254456678903991));
#9107=DIRECTION('',(1.0,0.0,0.0));
#9108=DIRECTION('',(0.254456678903991,-0.254456678903991,-0.933007822647968));
#9109=DIRECTION('',(0.254456678903991,0.254456678903991,-0.933007822647968));
#9110=DIRECTION('',(0.0,-1.0,0.0));
#9111=DIRECTION('',(-1.0,0.0,0.0));
#9112=DIRECTION('',(0.0,1.0,0.0));
#9113=DIRECTION('',(-1.0,0.0,0.0));
#9114=DIRECTION('',(-0.254456678903991,-0.254456678903991,-0.933007822647968));
#9115=DIRECTION('',(-0.254456678903991,0.254456678903991,-0.933007822647968));
#9116=DIRECTION('',(0.0,0.0,-1.0));
#9117=DIRECTION('',(0.0,0.0,1.0));
#9118=DIRECTION('',(0.0,1.0,0.0));
#9119=DIRECTION('',(0.0,0.0,-1.0));
#9120=DIRECTION('',(0.0,1.0,0.0));
#9121=DIRECTION('',(0.0,-1.0,0.0));
#9122=CARTESIAN_POINT('',(-4.0675,0.6325,-8.0325));
#9123=DIRECTION('',(-1.0,0.0,0.0));
#9124=DIRECTION('',(0.0,1.0,-1.184237892934E-14));
#9125=DIRECTION('',(0.0,0.0,-1.0));
#9126=DIRECTION('',(0.0,0.0,1.0));
#9127=CARTESIAN_POINT('',(-4.0675,0.6325,-8.0325));
#9128=DIRECTION('',(1.0,0.0,0.0));
#9129=DIRECTION('',(0.0,0.0,-1.0));
#9130=DIRECTION('',(0.0,1.0,0.0));
#9131=DIRECTION('',(0.0,0.0,1.0));
#9132=DIRECTION('',(0.0,-1.0,0.0));
#9133=CARTESIAN_POINT('',(-4.0675,-1.8675,-5.5325));
#9134=DIRECTION('',(-1.0,0.0,0.0));
#9135=DIRECTION('',(0.0,1.0,0.0));
#9136=DIRECTION('',(0.0,0.0,-1.0));
#9137=DIRECTION('',(0.0,0.0,1.0));
#9138=CARTESIAN_POINT('',(-4.0675,-1.8675,-5.5325));
#9139=DIRECTION('',(1.0,0.0,0.0));
#9140=DIRECTION('',(0.0,0.0,-1.0));
#9141=DIRECTION('',(0.0,1.0,0.0));
#9142=DIRECTION('',(0.0,0.0,1.0));
#9143=DIRECTION('',(0.0,0.0,1.0));
#9144=DIRECTION('',(0.0,1.0,0.0));
#9145=DIRECTION('',(0.0,0.0,-1.0));
#9146=DIRECTION('',(0.0,1.0,0.0));
#9147=DIRECTION('',(0.254456678903991,-0.254456678903991,0.933007822647968));
#9148=DIRECTION('',(-0.254456678903991,-0.254456678903991,-0.933007822647968));
#9149=DIRECTION('',(0.0,1.0,0.0));
#9150=DIRECTION('',(-1.0,0.0,0.0));
#9151=DIRECTION('',(0.0,-1.0,0.0));
#9152=DIRECTION('',(-1.0,0.0,0.0));
#9153=DIRECTION('',(0.254456678903991,0.254456678903991,-0.933007822647968));
#9154=DIRECTION('',(-1.0,0.0,0.0));
#9155=DIRECTION('',(0.0,0.0,1.0));
#9156=DIRECTION('',(1.0,0.0,0.0));
#9157=DIRECTION('',(0.0,0.0,1.0));
#9158=DIRECTION('',(1.0,0.0,0.0));
#9159=CARTESIAN_POINT('',(-3.4325,0.6325,-8.0325));
#9160=DIRECTION('',(1.0,0.0,0.0));
#9161=DIRECTION('',(0.0,0.0,-1.0));
#9162=DIRECTION('',(1.0,0.0,0.0));
#9163=DIRECTION('',(0.0,1.0,0.0));
#9164=DIRECTION('',(-1.0,0.0,0.0));
#9165=DIRECTION('',(-0.254456678903991,-0.933007822647968,0.254456678903991));
#9166=DIRECTION('',(-1.0,0.0,0.0));
#9167=DIRECTION('',(-0.254456678903991,0.933007822647968,-0.254456678903991));
#9168=DIRECTION('',(0.0,0.0,1.0));
#9169=DIRECTION('',(-0.254456678903991,0.933007822647968,0.254456678903991));
#9170=DIRECTION('',(-1.0,0.0,0.0));
#9171=DIRECTION('',(0.254456678903991,0.933007822647968,0.254456678903991));
#9172=DIRECTION('',(-1.0,0.0,0.0));
#9173=DIRECTION('',(0.0,-1.0,0.0));
#9174=DIRECTION('',(1.0,0.0,0.0));
#9175=CARTESIAN_POINT('',(-3.4325,0.6325,-8.0325));
#9176=DIRECTION('',(-1.0,0.0,0.0));
#9177=DIRECTION('',(0.0,1.0,-1.184237892934E-14));
#9178=DIRECTION('',(1.0,0.0,0.0));
#9179=DIRECTION('',(0.0,0.0,-1.0));
#9180=DIRECTION('',(1.0,0.0,0.0));
#9181=DIRECTION('',(0.0,0.0,-1.0));
#9182=DIRECTION('',(-1.0,0.0,0.0));
#9183=DIRECTION('',(0.0,1.0,0.0));
#9184=DIRECTION('',(0.0,-1.0,0.0));
#9185=DIRECTION('',(0.0,0.0,-1.0));
#9186=DIRECTION('',(0.0,1.0,0.0));
#9187=CARTESIAN_POINT('',(-3.4325,-1.8675,-5.5325));
#9188=DIRECTION('',(1.0,0.0,0.0));
#9189=DIRECTION('',(0.0,0.0,-1.0));
#9190=DIRECTION('',(0.0,0.0,1.0));
#9191=DIRECTION('',(0.0,0.0,-1.0));
#9192=CARTESIAN_POINT('',(-3.4325,-1.8675,-5.5325));
#9193=DIRECTION('',(-1.0,0.0,0.0));
#9194=DIRECTION('',(0.0,1.0,0.0));
#9195=DIRECTION('',(0.0,-1.0,0.0));
#9196=DIRECTION('',(0.0,0.0,-1.0));
#9197=DIRECTION('',(0.0,0.0,-1.0));
#9198=DIRECTION('',(0.0,1.0,0.0));
#9199=DIRECTION('',(0.0,0.0,1.0));
#9200=DIRECTION('',(0.0,-1.0,0.0));
#9201=DIRECTION('',(-0.254456678903991,0.254456678903991,0.933007822647968));
#9202=DIRECTION('',(1.0,0.0,0.0));
#9203=DIRECTION('',(0.0,1.0,0.0));
#9204=DIRECTION('',(-1.0,0.0,0.0));
#9205=DIRECTION('',(0.0,-1.0,0.0));
#9206=DIRECTION('',(0.0,1.0,0.0));
#9207=DIRECTION('',(-1.0,0.0,0.0));
#9208=DIRECTION('',(0.0,-1.0,0.0));
#9209=DIRECTION('',(1.0,0.0,0.0));
#9210=DIRECTION('',(1.0,0.0,0.0));
#9211=DIRECTION('',(1.0,0.0,0.0));
#9212=DIRECTION('',(0.0,0.0,-1.0));
#9213=DIRECTION('',(0.0,0.0,-1.0));
#9214=DIRECTION('',(0.0,0.0,-1.0));
#9215=DIRECTION('',(0.0,0.0,-1.0));
#9216=DIRECTION('',(0.0,1.0,0.0));
#9217=DIRECTION('',(1.0,0.0,0.0));
#9218=DIRECTION('',(0.0,1.0,0.0));
#9219=DIRECTION('',(1.0,0.0,0.0));
#9220=DIRECTION('',(0.0,0.0,-1.0));
#9221=DIRECTION('',(0.0,0.0,-1.0));
#9222=DIRECTION('',(-0.707106781186548,0.0,-0.707106781186548));
#9223=DIRECTION('',(0.0,1.0,0.0));
#9224=DIRECTION('',(-0.707106781186548,0.0,-0.707106781186548));
#9225=DIRECTION('',(0.0,0.0,-1.0));
#9226=DIRECTION('',(0.0,0.0,-1.0));
#9227=DIRECTION('',(0.0,0.0,-1.0));
#9228=DIRECTION('',(0.0,0.0,-1.0));
#9229=DIRECTION('',(1.0,0.0,0.0));
#9230=DIRECTION('',(-1.0,0.0,0.0));
#9231=DIRECTION('',(1.0,0.0,0.0));
#9232=DIRECTION('',(-1.0,0.0,0.0));
#9233=DIRECTION('',(-0.254456678903991,0.933007822647968,0.254456678903991));
#9234=DIRECTION('',(-1.0,0.0,0.0));
#9235=DIRECTION('',(0.254456678903991,0.933007822647968,0.254456678903991));
#9236=DIRECTION('',(-0.254456678903991,-0.933007822647968,0.254456678903991));
#9237=DIRECTION('',(0.0,0.0,-1.0));
#9238=DIRECTION('',(0.0,0.0,1.0));
#9239=DIRECTION('',(-1.0,0.0,0.0));
#9240=DIRECTION('',(-0.254456678903991,0.933007822647968,-0.254456678903991));
#9241=DIRECTION('',(-1.0,0.0,0.0));
#9242=DIRECTION('',(1.0,0.0,0.0));
#9243=DIRECTION('',(1.0,0.0,0.0));
#9244=DIRECTION('',(-1.0,0.0,0.0));
#9245=DIRECTION('',(-0.254456678903991,0.254456678903991,-0.933007822647968));
#9246=DIRECTION('',(-1.0,0.0,0.0));
#9247=DIRECTION('',(0.254456678903991,0.254456678903991,-0.933007822647968));
#9248=DIRECTION('',(0.254456678903991,-0.254456678903991,-0.933007822647968));
#9249=DIRECTION('',(0.0,-1.0,0.0));
#9250=DIRECTION('',(0.0,1.0,0.0));
#9251=DIRECTION('',(-1.0,0.0,0.0));
#9252=DIRECTION('',(-0.254456678903991,-0.254456678903991,-0.933007822647968));
#9253=DIRECTION('',(0.0,0.0,-1.0));
#9254=DIRECTION('',(9.43095853699319E-08,-0.999999999997221,-2.35584099161705E-06));
#9255=DIRECTION('',(0.0,-1.0,0.0));
#9256=DIRECTION('',(0.999999999939292,1.89628503628498E-06,1.08545125427299E-05));
#9257=CARTESIAN_POINT('',(3.749999285225,-4.190001449535,1.029995713886));
#9258=DIRECTION('',(0.0,1.0,0.0));
#9259=DIRECTION('',(-0.96824707757963,0.0,-0.249995193470808));
#9260=CARTESIAN_POINT('',(3.749999285225,-4.59,1.029995713886));
#9261=DIRECTION('',(0.0,-1.0,0.0));
#9262=DIRECTION('',(-0.951483878977908,0.0,0.307698599355203));
#9263=CARTESIAN_POINT('',(3.45,-4.59,0.73));
#9264=DIRECTION('',(0.0,1.0,0.0));
#9265=DIRECTION('',(0.0,0.0,1.0));
#9266=DIRECTION('',(-1.85179117846907E-06,-2.25671352975009E-06,-0.999999999995739));
#9267=CARTESIAN_POINT('',(3.750004286114,-4.59,1.029999285225));
#9268=DIRECTION('',(0.0,-1.0,-0.0));
#9269=DIRECTION('',(-0.307698599355203,0.0,-0.951483878977908));
#9270=DIRECTION('',(-1.08545125378499E-05,1.89628520361998E-06,0.999999999939292));
#9271=CARTESIAN_POINT('',(4.05,-4.59,0.73));
#9272=DIRECTION('',(0.0,1.0,0.0));
#9273=DIRECTION('',(-1.0,0.0,-1.7763568394E-14));
#9274=DIRECTION('',(0.999999999995739,-2.25671352975009E-06,-1.85179117846907E-06));
#9275=CARTESIAN_POINT('',(3.750000714775,-4.59,1.030004286114));
#9276=DIRECTION('',(0.0,-1.0,0.0));
#9277=DIRECTION('',(0.951483878977908,0.0,-0.307698599355203));
#9278=DIRECTION('',(-0.999999999939292,1.89628526776498E-06,-1.08545125406399E-05));
#9279=CARTESIAN_POINT('',(4.05,-4.59,1.33));
#9280=DIRECTION('',(0.0,1.0,0.0));
#9281=DIRECTION('',(0.0,0.0,-1.0));
#9282=DIRECTION('',(1.85179117707407E-06,-2.25671352975009E-06,0.999999999995739));
#9283=CARTESIAN_POINT('',(3.749995713886,-4.59,1.030000714775));
#9284=DIRECTION('',(0.0,-1.0,0.0));
#9285=DIRECTION('',(0.307698599355203,0.0,0.951483878977908));
#9286=DIRECTION('',(1.08545125448299E-05,1.89628513668598E-06,-0.999999999939292));
#9287=CARTESIAN_POINT('',(3.45,-4.59,1.33));
#9288=DIRECTION('',(0.0,1.0,0.0));
#9289=DIRECTION('',(1.0,0.0,-1.554312234475E-14));
#9290=DIRECTION('',(-0.999999999995739,-2.25671352696109E-06,1.85179117846907E-06));
#9291=DIRECTION('',(1.08545125420399E-05,1.89628518409798E-06,-0.999999999939292));
#9292=CARTESIAN_POINT('',(-4.05,-4.59,1.33));
#9293=DIRECTION('',(0.0,1.0,0.0));
#9294=DIRECTION('',(1.0,0.0,-3.330669073875E-14));
#9295=DIRECTION('',(-0.999999999995739,-2.25671352975009E-06,1.85179117846907E-06));
#9296=CARTESIAN_POINT('',(-3.750000714775,-4.59,1.029995713886));
#9297=DIRECTION('',(0.0,-1.0,0.0));
#9298=DIRECTION('',(-0.951483878977908,0.0,0.307698599355203));
#9299=DIRECTION('',(0.999999999939292,1.89628523987598E-06,1.08545125368099E-05));
#9300=CARTESIAN_POINT('',(-4.05,-4.59,0.73));
#9301=DIRECTION('',(0.0,1.0,0.0));
#9302=DIRECTION('',(0.0,0.0,1.0));
#9303=DIRECTION('',(-1.85179117986307E-06,-2.25671352975009E-06,-0.999999999995739));
#9304=CARTESIAN_POINT('',(-3.749995713886,-4.59,1.029999285225));
#9305=DIRECTION('',(0.0,-1.0,-0.0));
#9306=DIRECTION('',(-0.307698599355203,0.0,-0.951483878977908));
#9307=DIRECTION('',(-1.08545125434299E-05,1.89628520083098E-06,0.999999999939292));
#9308=CARTESIAN_POINT('',(-3.45,-4.59,0.73));
#9309=DIRECTION('',(0.0,1.0,0.0));
#9310=DIRECTION('',(-1.0,0.0,1.665334536938E-14));
#9311=DIRECTION('',(0.999999999995739,-2.25671352975009E-06,-1.85179117951507E-06));
#9312=CARTESIAN_POINT('',(-3.749999285225,-4.59,1.030004286114));
#9313=DIRECTION('',(0.0,-1.0,0.0));
#9314=DIRECTION('',(0.951483878977908,0.0,-0.307698599355203));
#9315=DIRECTION('',(-0.999999999939292,1.89628512274098E-06,-1.08545125448299E-05));
#9316=CARTESIAN_POINT('',(-3.45,-4.59,1.33));
#9317=DIRECTION('',(0.0,1.0,0.0));
#9318=DIRECTION('',(0.0,0.0,-1.0));
#9319=DIRECTION('',(1.85179117707407E-06,-2.25671352975009E-06,0.999999999995739));
#9320=CARTESIAN_POINT('',(-3.750004286114,-4.59,1.030000714775));
#9321=DIRECTION('',(0.0,-1.0,0.0));
#9322=DIRECTION('',(0.307698599355203,0.0,0.951483878977908));
#9323=DIRECTION('',(0.0,-1.0,0.0));
#9324=DIRECTION('',(1.29254570189499E-07,-0.999999999999991,-3.33744868832697E-08));
#9325=DIRECTION('',(0.0,-1.0,0.0));
#9326=CARTESIAN_POINT('',(3.749995713886,-4.190001449535,1.030000714775));
#9327=DIRECTION('',(0.0,1.0,0.0));
#9328=DIRECTION('',(-0.249995193470714,0.0,0.968247077579654));
#9329=DIRECTION('',(-3.33744859580797E-08,-0.999999999999991,-1.29254604791399E-07));
#9330=DIRECTION('',(0.0,-1.0,0.0));
#9331=DIRECTION('',(0.0,-1.0,0.0));
#9332=DIRECTION('',(-9.43096079444719E-08,-0.999999999997221,2.35584099161705E-06));
#9333=CARTESIAN_POINT('',(3.750000714775,-4.190001449535,1.030004286114));
#9334=DIRECTION('',(-0.0,1.0,0.0));
#9335=DIRECTION('',(0.968247077579654,0.0,0.249995193470714));
#9336=DIRECTION('',(-1.29254569079299E-07,-0.999999999999991,3.33744870682997E-08));
#9337=DIRECTION('',(0.0,-1.0,0.0));
#9338=DIRECTION('',(0.0,-1.0,0.0));
#9339=DIRECTION('',(2.35584099161705E-06,-0.999999999997221,9.43096625304319E-08));
#9340=CARTESIAN_POINT('',(3.750004286114,-4.190001449535,1.029999285225));
#9341=DIRECTION('',(0.0,1.0,0.0));
#9342=DIRECTION('',(0.249995193470714,0.0,-0.968247077579654));
#9343=DIRECTION('',(0.0,-1.0,0.0));
#9344=CARTESIAN_POINT('',(-3.750004286114,-4.190001449535,1.030000714775));
#9345=DIRECTION('',(0.0,1.0,0.0));
#9346=DIRECTION('',(-0.249995193470714,0.0,0.968247077579654));
#9347=DIRECTION('',(0.0,-1.0,0.0));
#9348=DIRECTION('',(0.0,-1.0,0.0));
#9349=DIRECTION('',(1.29254569079299E-07,-0.999999999999991,-3.33744870682997E-08));
#9350=CARTESIAN_POINT('',(-3.750000714775,-4.190001449535,1.029995713886));
#9351=DIRECTION('',(0.0,1.0,0.0));
#9352=DIRECTION('',(-0.968247077579654,0.0,-0.249995193470714));
#9353=DIRECTION('',(9.43096049838719E-08,-0.999999999997221,-2.35584099115505E-06));
#9354=DIRECTION('',(0.0,-1.0,0.0));
#9355=DIRECTION('',(0.0,-1.0,0.0));
#9356=CARTESIAN_POINT('',(-3.749995713886,-4.190001449535,1.029999285225));
#9357=DIRECTION('',(0.0,1.0,0.0));
#9358=DIRECTION('',(0.249995193470714,0.0,-0.968247077579654));
#9359=DIRECTION('',(2.35584099420705E-06,-0.999999999997221,9.43096620678319E-08));
#9360=DIRECTION('',(0.0,-1.0,0.0));
#9361=DIRECTION('',(0.0,-1.0,0.0));
#9362=DIRECTION('',(-1.29254570189499E-07,-0.999999999999991,3.33744870682997E-08));
#9363=CARTESIAN_POINT('',(-3.749999285225,-4.190001449535,1.030004286114));
#9364=DIRECTION('',(-0.0,1.0,0.0));
#9365=DIRECTION('',(0.968247077579654,0.0,0.249995193470714));
#9366=DIRECTION('',(-9.43095931414919E-08,-0.999999999997221,2.35584099235705E-06));
#9367=DIRECTION('',(0.0,-1.0,0.0));
#9368=DIRECTION('',(0.0,-1.0,0.0));
#9369=DIRECTION('',(-3.33744863281497E-08,-0.999999999999991,-1.29254604606399E-07));
ENDSEC;
END-ISO-10303-21;
