ISO-10303-21;
HEADER;
FILE_DESCRIPTION((''),'2;1');
FILE_NAME('1054291204','2019-01-29T',('gga'),(''),
'PRO/ENGINEER BY PARAMETRIC TECHNOLOGY CORPORATION, 2016010',
'PRO/ENGINEER BY PARAMETRIC TECHNOLOGY CORPORATION, 2016010','');
FILE_SCHEMA(('CONFIG_CONTROL_DESIGN'));
ENDSEC;
DATA;
#1=DIRECTION('',(-5.E-1,0.E0,-8.660254037844E-1));
#2=VECTOR('',#1,2.23E0);
#3=CARTESIAN_POINT('',(-3.E0,-2.99E0,3.321236650439E0));
#4=LINE('',#3,#2);
#5=DIRECTION('',(0.E0,0.E0,-1.E0));
#6=VECTOR('',#5,5.368763349561E0);
#7=CARTESIAN_POINT('',(-3.E0,-2.99E0,8.69E0));
#8=LINE('',#7,#6);
#9=DIRECTION('',(1.E0,0.E0,0.E0));
#10=VECTOR('',#9,6.E0);
#11=CARTESIAN_POINT('',(-3.E0,-2.99E0,8.69E0));
#12=LINE('',#11,#10);
#13=DIRECTION('',(0.E0,0.E0,-1.E0));
#14=VECTOR('',#13,5.368763349561E0);
#15=CARTESIAN_POINT('',(3.E0,-2.99E0,8.69E0));
#16=LINE('',#15,#14);
#17=DIRECTION('',(-5.E-1,0.E0,8.660254037844E-1));
#18=VECTOR('',#17,2.23E0);
#19=CARTESIAN_POINT('',(4.115E0,-2.99E0,1.39E0));
#20=LINE('',#19,#18);
#21=DIRECTION('',(0.E0,0.E0,-1.E0));
#22=VECTOR('',#21,1.39E0);
#23=CARTESIAN_POINT('',(4.115E0,-2.99E0,1.39E0));
#24=LINE('',#23,#22);
#25=DIRECTION('',(-1.E0,0.E0,0.E0));
#26=VECTOR('',#25,8.23E0);
#27=CARTESIAN_POINT('',(4.115E0,-2.99E0,0.E0));
#28=LINE('',#27,#26);
#29=DIRECTION('',(0.E0,0.E0,1.E0));
#30=VECTOR('',#29,1.39E0);
#31=CARTESIAN_POINT('',(-4.115E0,-2.99E0,0.E0));
#32=LINE('',#31,#30);
#33=DIRECTION('',(0.E0,1.E0,0.E0));
#34=VECTOR('',#33,1.25E0);
#35=CARTESIAN_POINT('',(-3.E0,-2.99E0,3.321236650439E0));
#36=LINE('',#35,#34);
#37=DIRECTION('',(-5.E-1,0.E0,-8.660254037844E-1));
#38=VECTOR('',#37,2.23E0);
#39=CARTESIAN_POINT('',(-3.E0,-1.74E0,3.321236650439E0));
#40=LINE('',#39,#38);
#41=DIRECTION('',(0.E0,0.E0,-1.E0));
#42=VECTOR('',#41,5.368763349561E0);
#43=CARTESIAN_POINT('',(-3.E0,-1.74E0,8.69E0));
#44=LINE('',#43,#42);
#45=DIRECTION('',(-5.E-1,0.E0,8.660254037844E-1));
#46=VECTOR('',#45,2.23E0);
#47=CARTESIAN_POINT('',(4.115E0,-1.74E0,1.39E0));
#48=LINE('',#47,#46);
#49=DIRECTION('',(0.E0,0.E0,1.E0));
#50=VECTOR('',#49,5.368763349561E0);
#51=CARTESIAN_POINT('',(3.E0,-1.74E0,3.321236650439E0));
#52=LINE('',#51,#50);
#53=DIRECTION('',(0.E0,0.E0,-1.E0));
#54=VECTOR('',#53,7.3E0);
#55=CARTESIAN_POINT('',(-4.115E0,-1.74E0,8.69E0));
#56=LINE('',#55,#54);
#57=DIRECTION('',(0.E0,1.E0,0.E0));
#58=VECTOR('',#57,1.25E0);
#59=CARTESIAN_POINT('',(-4.115E0,-2.99E0,1.39E0));
#60=LINE('',#59,#58);
#61=DIRECTION('',(0.E0,1.E0,0.E0));
#62=VECTOR('',#61,5.98E0);
#63=CARTESIAN_POINT('',(-4.115E0,-2.99E0,0.E0));
#64=LINE('',#63,#62);
#65=DIRECTION('',(0.E0,-1.E0,0.E0));
#66=VECTOR('',#65,1.25E0);
#67=CARTESIAN_POINT('',(-4.115E0,2.99E0,1.39E0));
#68=LINE('',#67,#66);
#69=DIRECTION('',(0.E0,0.E0,-1.E0));
#70=VECTOR('',#69,7.3E0);
#71=CARTESIAN_POINT('',(-4.115E0,1.74E0,8.69E0));
#72=LINE('',#71,#70);
#73=DIRECTION('',(0.E0,1.E0,0.E0));
#74=VECTOR('',#73,5.98E0);
#75=CARTESIAN_POINT('',(4.115E0,-2.99E0,0.E0));
#76=LINE('',#75,#74);
#77=DIRECTION('',(0.E0,1.E0,0.E0));
#78=VECTOR('',#77,4.620778001958E0);
#79=CARTESIAN_POINT('',(-1.5675E0,-2.310389000979E0,0.E0));
#80=LINE('',#79,#78);
#81=DIRECTION('',(1.E0,0.E0,0.E0));
#82=VECTOR('',#81,6.35E-1);
#83=CARTESIAN_POINT('',(-1.5675E0,2.310389000979E0,0.E0));
#84=LINE('',#83,#82);
#85=DIRECTION('',(0.E0,1.E0,0.E0));
#86=VECTOR('',#85,4.620778001958E0);
#87=CARTESIAN_POINT('',(-9.325E-1,-2.310389000979E0,0.E0));
#88=LINE('',#87,#86);
#89=DIRECTION('',(1.E0,0.E0,0.E0));
#90=VECTOR('',#89,6.35E-1);
#91=CARTESIAN_POINT('',(-1.5675E0,-2.310389000979E0,0.E0));
#92=LINE('',#91,#90);
#93=DIRECTION('',(0.E0,1.E0,0.E0));
#94=VECTOR('',#93,4.620778001958E0);
#95=CARTESIAN_POINT('',(9.325E-1,-2.310389000979E0,0.E0));
#96=LINE('',#95,#94);
#97=DIRECTION('',(1.E0,0.E0,0.E0));
#98=VECTOR('',#97,6.35E-1);
#99=CARTESIAN_POINT('',(9.325E-1,2.310389000979E0,0.E0));
#100=LINE('',#99,#98);
#101=DIRECTION('',(0.E0,1.E0,0.E0));
#102=VECTOR('',#101,4.620778001958E0);
#103=CARTESIAN_POINT('',(1.5675E0,-2.310389000979E0,0.E0));
#104=LINE('',#103,#102);
#105=DIRECTION('',(1.E0,0.E0,0.E0));
#106=VECTOR('',#105,6.35E-1);
#107=CARTESIAN_POINT('',(9.325E-1,-2.310389000979E0,0.E0));
#108=LINE('',#107,#106);
#109=DIRECTION('',(0.E0,-1.E0,0.E0));
#110=VECTOR('',#109,2.859313311558E0);
#111=CARTESIAN_POINT('',(-3.305E0,1.429656655779E0,0.E0));
#112=LINE('',#111,#110);
#113=DIRECTION('',(1.E0,0.E0,0.E0));
#114=VECTOR('',#113,5.E-1);
#115=CARTESIAN_POINT('',(-3.305E0,1.429656655779E0,0.E0));
#116=LINE('',#115,#114);
#117=DIRECTION('',(0.E0,-1.E0,0.E0));
#118=VECTOR('',#117,2.859313311558E0);
#119=CARTESIAN_POINT('',(-2.805E0,1.429656655779E0,0.E0));
#120=LINE('',#119,#118);
#121=DIRECTION('',(1.E0,0.E0,0.E0));
#122=VECTOR('',#121,5.E-1);
#123=CARTESIAN_POINT('',(-3.305E0,-1.429656655779E0,0.E0));
#124=LINE('',#123,#122);
#125=DIRECTION('',(0.E0,1.E0,0.E0));
#126=VECTOR('',#125,2.859313311558E0);
#127=CARTESIAN_POINT('',(3.305E0,-1.429656655779E0,0.E0));
#128=LINE('',#127,#126);
#129=DIRECTION('',(-1.E0,0.E0,0.E0));
#130=VECTOR('',#129,5.E-1);
#131=CARTESIAN_POINT('',(3.305E0,-1.429656655779E0,0.E0));
#132=LINE('',#131,#130);
#133=DIRECTION('',(0.E0,1.E0,0.E0));
#134=VECTOR('',#133,2.859313311558E0);
#135=CARTESIAN_POINT('',(2.805E0,-1.429656655779E0,0.E0));
#136=LINE('',#135,#134);
#137=DIRECTION('',(-1.E0,0.E0,0.E0));
#138=VECTOR('',#137,5.E-1);
#139=CARTESIAN_POINT('',(3.305E0,1.429656655779E0,0.E0));
#140=LINE('',#139,#138);
#141=DIRECTION('',(0.E0,0.E0,-1.E0));
#142=VECTOR('',#141,7.3E0);
#143=CARTESIAN_POINT('',(4.115E0,-1.74E0,8.69E0));
#144=LINE('',#143,#142);
#145=DIRECTION('',(0.E0,1.E0,0.E0));
#146=VECTOR('',#145,3.48E0);
#147=CARTESIAN_POINT('',(4.115E0,-1.74E0,8.69E0));
#148=LINE('',#147,#146);
#149=DIRECTION('',(0.E0,0.E0,-1.E0));
#150=VECTOR('',#149,7.3E0);
#151=CARTESIAN_POINT('',(4.115E0,1.74E0,8.69E0));
#152=LINE('',#151,#150);
#153=DIRECTION('',(0.E0,-1.E0,0.E0));
#154=VECTOR('',#153,1.25E0);
#155=CARTESIAN_POINT('',(4.115E0,2.99E0,1.39E0));
#156=LINE('',#155,#154);
#157=DIRECTION('',(0.E0,1.E0,0.E0));
#158=VECTOR('',#157,1.25E0);
#159=CARTESIAN_POINT('',(4.115E0,-2.99E0,1.39E0));
#160=LINE('',#159,#158);
#161=DIRECTION('',(0.E0,1.E0,0.E0));
#162=VECTOR('',#161,2.19E0);
#163=CARTESIAN_POINT('',(-2.36E0,-2.345E0,8.69E0));
#164=LINE('',#163,#162);
#165=DIRECTION('',(-1.E0,0.E0,0.E0));
#166=VECTOR('',#165,2.22E0);
#167=CARTESIAN_POINT('',(-1.4E-1,-2.345E0,8.69E0));
#168=LINE('',#167,#166);
#169=DIRECTION('',(0.E0,1.E0,0.E0));
#170=VECTOR('',#169,2.19E0);
#171=CARTESIAN_POINT('',(-1.4E-1,-2.345E0,8.69E0));
#172=LINE('',#171,#170);
#173=DIRECTION('',(-1.E0,0.E0,0.E0));
#174=VECTOR('',#173,2.22E0);
#175=CARTESIAN_POINT('',(-1.4E-1,-1.55E-1,8.69E0));
#176=LINE('',#175,#174);
#177=DIRECTION('',(0.E0,-1.E0,0.E0));
#178=VECTOR('',#177,3.E-1);
#179=CARTESIAN_POINT('',(1.33E0,2.645E0,8.69E0));
#180=LINE('',#179,#178);
#181=DIRECTION('',(-1.E0,0.E0,0.E0));
#182=VECTOR('',#181,1.19E0);
#183=CARTESIAN_POINT('',(1.33E0,2.345E0,8.69E0));
#184=LINE('',#183,#182);
#185=DIRECTION('',(0.E0,1.E0,0.E0));
#186=VECTOR('',#185,2.19E0);
#187=CARTESIAN_POINT('',(1.4E-1,1.55E-1,8.69E0));
#188=LINE('',#187,#186);
#189=DIRECTION('',(-1.E0,0.E0,0.E0));
#190=VECTOR('',#189,9.25E-1);
#191=CARTESIAN_POINT('',(1.065E0,1.55E-1,8.69E0));
#192=LINE('',#191,#190);
#193=DIRECTION('',(0.E0,1.E0,0.E0));
#194=VECTOR('',#193,3.1E-1);
#195=CARTESIAN_POINT('',(1.065E0,-1.55E-1,8.69E0));
#196=LINE('',#195,#194);
#197=DIRECTION('',(-1.E0,0.E0,0.E0));
#198=VECTOR('',#197,9.25E-1);
#199=CARTESIAN_POINT('',(1.065E0,-1.55E-1,8.69E0));
#200=LINE('',#199,#198);
#201=DIRECTION('',(0.E0,1.E0,0.E0));
#202=VECTOR('',#201,2.19E0);
#203=CARTESIAN_POINT('',(1.4E-1,-2.345E0,8.69E0));
#204=LINE('',#203,#202);
#205=DIRECTION('',(-1.E0,0.E0,0.E0));
#206=VECTOR('',#205,2.22E0);
#207=CARTESIAN_POINT('',(2.36E0,-2.345E0,8.69E0));
#208=LINE('',#207,#206);
#209=DIRECTION('',(-1.E0,0.E0,0.E0));
#210=VECTOR('',#209,6.E-2);
#211=CARTESIAN_POINT('',(2.36E0,2.345E0,8.69E0));
#212=LINE('',#211,#210);
#213=DIRECTION('',(1.E0,0.E0,0.E0));
#214=VECTOR('',#213,5.E-1);
#215=CARTESIAN_POINT('',(2.3E0,3.54E0,8.69E0));
#216=LINE('',#215,#214);
#217=DIRECTION('',(0.E0,1.E0,0.E0));
#218=VECTOR('',#217,1.25E0);
#219=CARTESIAN_POINT('',(3.E0,1.74E0,8.69E0));
#220=LINE('',#219,#218);
#221=DIRECTION('',(1.E0,0.E0,0.E0));
#222=VECTOR('',#221,1.115E0);
#223=CARTESIAN_POINT('',(3.E0,1.74E0,8.69E0));
#224=LINE('',#223,#222);
#225=DIRECTION('',(1.E0,0.E0,0.E0));
#226=VECTOR('',#225,1.115E0);
#227=CARTESIAN_POINT('',(3.E0,-1.74E0,8.69E0));
#228=LINE('',#227,#226);
#229=DIRECTION('',(0.E0,1.E0,0.E0));
#230=VECTOR('',#229,1.25E0);
#231=CARTESIAN_POINT('',(3.E0,-2.99E0,8.69E0));
#232=LINE('',#231,#230);
#233=DIRECTION('',(0.E0,1.E0,0.E0));
#234=VECTOR('',#233,1.25E0);
#235=CARTESIAN_POINT('',(-3.E0,-2.99E0,8.69E0));
#236=LINE('',#235,#234);
#237=DIRECTION('',(1.E0,0.E0,0.E0));
#238=VECTOR('',#237,1.115E0);
#239=CARTESIAN_POINT('',(-4.115E0,-1.74E0,8.69E0));
#240=LINE('',#239,#238);
#241=DIRECTION('',(0.E0,1.E0,0.E0));
#242=VECTOR('',#241,3.48E0);
#243=CARTESIAN_POINT('',(-4.115E0,-1.74E0,8.69E0));
#244=LINE('',#243,#242);
#245=DIRECTION('',(1.E0,0.E0,0.E0));
#246=VECTOR('',#245,1.115E0);
#247=CARTESIAN_POINT('',(-4.115E0,1.74E0,8.69E0));
#248=LINE('',#247,#246);
#249=DIRECTION('',(0.E0,1.E0,0.E0));
#250=VECTOR('',#249,1.25E0);
#251=CARTESIAN_POINT('',(-3.E0,1.74E0,8.69E0));
#252=LINE('',#251,#250);
#253=DIRECTION('',(1.E0,0.E0,0.E0));
#254=VECTOR('',#253,5.E-1);
#255=CARTESIAN_POINT('',(-2.8E0,3.54E0,8.69E0));
#256=LINE('',#255,#254);
#257=DIRECTION('',(-1.E0,0.E0,0.E0));
#258=VECTOR('',#257,6.E-2);
#259=CARTESIAN_POINT('',(-2.3E0,2.345E0,8.69E0));
#260=LINE('',#259,#258);
#261=DIRECTION('',(0.E0,1.E0,0.E0));
#262=VECTOR('',#261,2.19E0);
#263=CARTESIAN_POINT('',(-2.36E0,1.55E-1,8.69E0));
#264=LINE('',#263,#262);
#265=DIRECTION('',(1.E0,0.E0,0.E0));
#266=VECTOR('',#265,2.22E0);
#267=CARTESIAN_POINT('',(-2.36E0,1.55E-1,8.69E0));
#268=LINE('',#267,#266);
#269=DIRECTION('',(0.E0,1.E0,0.E0));
#270=VECTOR('',#269,2.19E0);
#271=CARTESIAN_POINT('',(-1.4E-1,1.55E-1,8.69E0));
#272=LINE('',#271,#270);
#273=DIRECTION('',(-1.E0,0.E0,0.E0));
#274=VECTOR('',#273,1.19E0);
#275=CARTESIAN_POINT('',(-1.4E-1,2.345E0,8.69E0));
#276=LINE('',#275,#274);
#277=DIRECTION('',(0.E0,1.E0,0.E0));
#278=VECTOR('',#277,3.E-1);
#279=CARTESIAN_POINT('',(-1.33E0,2.345E0,8.69E0));
#280=LINE('',#279,#278);
#281=DIRECTION('',(1.E0,0.E0,0.E0));
#282=VECTOR('',#281,2.66E0);
#283=CARTESIAN_POINT('',(-1.33E0,2.645E0,8.69E0));
#284=LINE('',#283,#282);
#285=DIRECTION('',(0.E0,0.E0,-1.E0));
#286=VECTOR('',#285,6.E0);
#287=CARTESIAN_POINT('',(-2.36E0,-1.55E-1,8.69E0));
#288=LINE('',#287,#286);
#289=DIRECTION('',(0.E0,-1.E0,0.E0));
#290=VECTOR('',#289,2.19E0);
#291=CARTESIAN_POINT('',(-2.36E0,-1.55E-1,2.69E0));
#292=LINE('',#291,#290);
#293=DIRECTION('',(0.E0,0.E0,1.E0));
#294=VECTOR('',#293,6.E0);
#295=CARTESIAN_POINT('',(-2.36E0,-2.345E0,2.69E0));
#296=LINE('',#295,#294);
#297=DIRECTION('',(0.E0,0.E0,-1.E0));
#298=VECTOR('',#297,6.E0);
#299=CARTESIAN_POINT('',(-2.36E0,2.345E0,8.69E0));
#300=LINE('',#299,#298);
#301=DIRECTION('',(0.E0,-1.E0,0.E0));
#302=VECTOR('',#301,2.19E0);
#303=CARTESIAN_POINT('',(-2.36E0,2.345E0,2.69E0));
#304=LINE('',#303,#302);
#305=DIRECTION('',(0.E0,0.E0,1.E0));
#306=VECTOR('',#305,6.E0);
#307=CARTESIAN_POINT('',(-2.36E0,1.55E-1,2.69E0));
#308=LINE('',#307,#306);
#309=DIRECTION('',(0.E0,0.E0,1.E0));
#310=VECTOR('',#309,6.E0);
#311=CARTESIAN_POINT('',(-1.4E-1,-2.345E0,2.69E0));
#312=LINE('',#311,#310);
#313=DIRECTION('',(0.E0,-1.E0,0.E0));
#314=VECTOR('',#313,2.19E0);
#315=CARTESIAN_POINT('',(-1.4E-1,-1.55E-1,2.69E0));
#316=LINE('',#315,#314);
#317=DIRECTION('',(0.E0,0.E0,-1.E0));
#318=VECTOR('',#317,6.E0);
#319=CARTESIAN_POINT('',(-1.4E-1,-1.55E-1,8.69E0));
#320=LINE('',#319,#318);
#321=DIRECTION('',(0.E0,0.E0,1.E0));
#322=VECTOR('',#321,6.E0);
#323=CARTESIAN_POINT('',(-1.4E-1,1.55E-1,2.69E0));
#324=LINE('',#323,#322);
#325=DIRECTION('',(0.E0,-1.E0,0.E0));
#326=VECTOR('',#325,2.19E0);
#327=CARTESIAN_POINT('',(-1.4E-1,2.345E0,2.69E0));
#328=LINE('',#327,#326);
#329=DIRECTION('',(0.E0,0.E0,-1.E0));
#330=VECTOR('',#329,6.E0);
#331=CARTESIAN_POINT('',(-1.4E-1,2.345E0,8.69E0));
#332=LINE('',#331,#330);
#333=DIRECTION('',(1.E0,0.E0,0.E0));
#334=VECTOR('',#333,2.22E0);
#335=CARTESIAN_POINT('',(-2.36E0,-2.345E0,2.69E0));
#336=LINE('',#335,#334);
#337=DIRECTION('',(1.E0,0.E0,0.E0));
#338=VECTOR('',#337,2.22E0);
#339=CARTESIAN_POINT('',(-2.36E0,-1.55E-1,2.69E0));
#340=LINE('',#339,#338);
#341=DIRECTION('',(0.E0,-1.E0,0.E0));
#342=VECTOR('',#341,6.4E-1);
#343=CARTESIAN_POINT('',(-1.5675E0,-9.325E-1,2.69E0));
#344=LINE('',#343,#342);
#345=DIRECTION('',(1.E0,0.E0,0.E0));
#346=VECTOR('',#345,6.35E-1);
#347=CARTESIAN_POINT('',(-1.5675E0,-1.5725E0,2.69E0));
#348=LINE('',#347,#346);
#349=DIRECTION('',(0.E0,-1.E0,0.E0));
#350=VECTOR('',#349,6.4E-1);
#351=CARTESIAN_POINT('',(-9.325E-1,-9.325E-1,2.69E0));
#352=LINE('',#351,#350);
#353=DIRECTION('',(1.E0,0.E0,0.E0));
#354=VECTOR('',#353,6.35E-1);
#355=CARTESIAN_POINT('',(-1.5675E0,-9.325E-1,2.69E0));
#356=LINE('',#355,#354);
#357=CARTESIAN_POINT('',(-1.5675E0,-2.985E0,4.3E-1));
#358=DIRECTION('',(-1.E0,0.E0,0.E0));
#359=DIRECTION('',(0.E0,8.432637487761E-1,-5.375E-1));
#360=AXIS2_PLACEMENT_3D('',#357,#358,#359);
#362=DIRECTION('',(0.E0,-1.E0,0.E0));
#363=VECTOR('',#362,1.065E0);
#364=CARTESIAN_POINT('',(-1.5675E0,-2.985E0,-3.7E-1));
#365=LINE('',#364,#363);
#366=CARTESIAN_POINT('',(-1.5675E0,-4.05E0,-5.7E-1));
#367=DIRECTION('',(1.E0,0.E0,0.E0));
#368=DIRECTION('',(0.E0,0.E0,1.E0));
#369=AXIS2_PLACEMENT_3D('',#366,#367,#368);
#371=DIRECTION('',(0.E0,0.E0,-1.E0));
#372=VECTOR('',#371,2.4E-1);
#373=CARTESIAN_POINT('',(-1.5675E0,-4.25E0,-5.7E-1));
#374=LINE('',#373,#372);
#375=CARTESIAN_POINT('',(-1.5675E0,-4.05E0,-8.1E-1));
#376=DIRECTION('',(1.E0,0.E0,0.E0));
#377=DIRECTION('',(0.E0,-1.E0,0.E0));
#378=AXIS2_PLACEMENT_3D('',#375,#376,#377);
#380=DIRECTION('',(0.E0,1.E0,0.E0));
#381=VECTOR('',#380,1.300362690471E0);
#382=CARTESIAN_POINT('',(-1.5675E0,-4.05E0,-1.01E0));
#383=LINE('',#382,#381);
#384=CARTESIAN_POINT('',(-1.5675E0,-2.749637309529E0,-2.1E-1));
#385=DIRECTION('',(1.E0,0.E0,0.E0));
#386=DIRECTION('',(0.E0,0.E0,-1.E0));
#387=AXIS2_PLACEMENT_3D('',#384,#385,#386);
#389=CARTESIAN_POINT('',(-1.5675E0,-1.783666295471E0,-1.08E0));
#390=DIRECTION('',(-1.E0,0.E0,0.E0));
#391=DIRECTION('',(0.E0,-7.430546261984E-1,6.692307692308E-1));
#392=AXIS2_PLACEMENT_3D('',#389,#390,#391);
#394=DIRECTION('',(0.E0,1.E0,0.E0));
#395=VECTOR('',#394,6.4E-2);
#396=CARTESIAN_POINT('',(-1.5675E0,-1.783666295471E0,-5.8E-1));
#397=LINE('',#396,#395);
#398=CARTESIAN_POINT('',(-1.5675E0,-1.719666295471E0,-7.3E-1));
#399=DIRECTION('',(-1.E0,0.E0,0.E0));
#400=DIRECTION('',(0.E0,0.E0,1.E0));
#401=AXIS2_PLACEMENT_3D('',#398,#399,#400);
#403=DIRECTION('',(0.E0,1.E0,0.E0));
#404=VECTOR('',#403,3.14E0);
#405=CARTESIAN_POINT('',(-1.5675E0,-1.57E0,-7.2E-1));
#406=LINE('',#405,#404);
#407=CARTESIAN_POINT('',(-1.5675E0,1.719666295471E0,-7.3E-1));
#408=DIRECTION('',(-1.E0,0.E0,0.E0));
#409=DIRECTION('',(0.E0,-9.977753031397E-1,6.666666666667E-2));
#410=AXIS2_PLACEMENT_3D('',#407,#408,#409);
#412=DIRECTION('',(0.E0,1.E0,0.E0));
#413=VECTOR('',#412,6.4E-2);
#414=CARTESIAN_POINT('',(-1.5675E0,1.719666295471E0,-5.8E-1));
#415=LINE('',#414,#413);
#416=CARTESIAN_POINT('',(-1.5675E0,1.783666295471E0,-1.08E0));
#417=DIRECTION('',(-1.E0,0.E0,0.E0));
#418=DIRECTION('',(0.E0,0.E0,1.E0));
#419=AXIS2_PLACEMENT_3D('',#416,#417,#418);
#421=CARTESIAN_POINT('',(-1.5675E0,2.749637309529E0,-2.1E-1));
#422=DIRECTION('',(1.E0,0.E0,0.E0));
#423=DIRECTION('',(0.E0,-7.430546261984E-1,-6.692307692308E-1));
#424=AXIS2_PLACEMENT_3D('',#421,#422,#423);
#426=DIRECTION('',(0.E0,1.E0,0.E0));
#427=VECTOR('',#426,1.300362690471E0);
#428=CARTESIAN_POINT('',(-1.5675E0,2.749637309529E0,-1.01E0));
#429=LINE('',#428,#427);
#430=CARTESIAN_POINT('',(-1.5675E0,4.05E0,-8.1E-1));
#431=DIRECTION('',(1.E0,0.E0,0.E0));
#432=DIRECTION('',(0.E0,0.E0,-1.E0));
#433=AXIS2_PLACEMENT_3D('',#430,#431,#432);
#435=DIRECTION('',(0.E0,0.E0,1.E0));
#436=VECTOR('',#435,2.4E-1);
#437=CARTESIAN_POINT('',(-1.5675E0,4.25E0,-8.1E-1));
#438=LINE('',#437,#436);
#439=CARTESIAN_POINT('',(-1.5675E0,4.05E0,-5.7E-1));
#440=DIRECTION('',(1.E0,0.E0,0.E0));
#441=DIRECTION('',(0.E0,1.E0,0.E0));
#442=AXIS2_PLACEMENT_3D('',#439,#440,#441);
#444=DIRECTION('',(0.E0,-1.E0,0.E0));
#445=VECTOR('',#444,1.065E0);
#446=CARTESIAN_POINT('',(-1.5675E0,4.05E0,-3.7E-1));
#447=LINE('',#446,#445);
#448=CARTESIAN_POINT('',(-1.5675E0,2.985E0,4.3E-1));
#449=DIRECTION('',(-1.E0,0.E0,0.E0));
#450=DIRECTION('',(0.E0,0.E0,-1.E0));
#451=AXIS2_PLACEMENT_3D('',#448,#449,#450);
#453=DIRECTION('',(0.E0,1.E0,0.E0));
#454=VECTOR('',#453,6.4E-1);
#455=CARTESIAN_POINT('',(-1.5675E0,9.325E-1,6.438E0));
#456=LINE('',#455,#454);
#457=DIRECTION('',(0.E0,0.E0,-1.E0));
#458=VECTOR('',#457,3.748E0);
#459=CARTESIAN_POINT('',(-1.5675E0,9.325E-1,6.438E0));
#460=LINE('',#459,#458);
#461=DIRECTION('',(0.E0,0.E0,1.E0));
#462=VECTOR('',#461,3.748E0);
#463=CARTESIAN_POINT('',(-1.5675E0,1.5725E0,2.69E0));
#464=LINE('',#463,#462);
#465=DIRECTION('',(0.E0,1.E0,0.E0));
#466=VECTOR('',#465,6.4E-1);
#467=CARTESIAN_POINT('',(-1.5675E0,-1.5725E0,6.438E0));
#468=LINE('',#467,#466);
#469=DIRECTION('',(0.E0,0.E0,-1.E0));
#470=VECTOR('',#469,3.748E0);
#471=CARTESIAN_POINT('',(-1.5675E0,-1.5725E0,6.438E0));
#472=LINE('',#471,#470);
#473=DIRECTION('',(0.E0,0.E0,1.E0));
#474=VECTOR('',#473,3.748E0);
#475=CARTESIAN_POINT('',(-1.5675E0,-9.325E-1,2.69E0));
#476=LINE('',#475,#474);
#477=CARTESIAN_POINT('',(-9.325E-1,2.985E0,4.3E-1));
#478=DIRECTION('',(-1.E0,0.E0,0.E0));
#479=DIRECTION('',(0.E0,0.E0,-1.E0));
#480=AXIS2_PLACEMENT_3D('',#477,#478,#479);
#482=DIRECTION('',(0.E0,-1.E0,0.E0));
#483=VECTOR('',#482,1.065E0);
#484=CARTESIAN_POINT('',(-9.325E-1,4.05E0,-3.7E-1));
#485=LINE('',#484,#483);
#486=CARTESIAN_POINT('',(-9.325E-1,4.05E0,-5.7E-1));
#487=DIRECTION('',(1.E0,0.E0,0.E0));
#488=DIRECTION('',(0.E0,1.E0,0.E0));
#489=AXIS2_PLACEMENT_3D('',#486,#487,#488);
#491=DIRECTION('',(0.E0,0.E0,1.E0));
#492=VECTOR('',#491,2.4E-1);
#493=CARTESIAN_POINT('',(-9.325E-1,4.25E0,-8.1E-1));
#494=LINE('',#493,#492);
#495=CARTESIAN_POINT('',(-9.325E-1,4.05E0,-8.1E-1));
#496=DIRECTION('',(1.E0,0.E0,0.E0));
#497=DIRECTION('',(0.E0,0.E0,-1.E0));
#498=AXIS2_PLACEMENT_3D('',#495,#496,#497);
#500=DIRECTION('',(0.E0,1.E0,0.E0));
#501=VECTOR('',#500,1.300362690471E0);
#502=CARTESIAN_POINT('',(-9.325E-1,2.749637309529E0,-1.01E0));
#503=LINE('',#502,#501);
#504=CARTESIAN_POINT('',(-9.325E-1,2.749637309529E0,-2.1E-1));
#505=DIRECTION('',(1.E0,0.E0,0.E0));
#506=DIRECTION('',(0.E0,-7.430546261984E-1,-6.692307692308E-1));
#507=AXIS2_PLACEMENT_3D('',#504,#505,#506);
#509=CARTESIAN_POINT('',(-9.325E-1,1.783666295471E0,-1.08E0));
#510=DIRECTION('',(-1.E0,0.E0,0.E0));
#511=DIRECTION('',(0.E0,0.E0,1.E0));
#512=AXIS2_PLACEMENT_3D('',#509,#510,#511);
#514=DIRECTION('',(0.E0,1.E0,0.E0));
#515=VECTOR('',#514,6.4E-2);
#516=CARTESIAN_POINT('',(-9.325E-1,1.719666295471E0,-5.8E-1));
#517=LINE('',#516,#515);
#518=CARTESIAN_POINT('',(-9.325E-1,1.719666295471E0,-7.3E-1));
#519=DIRECTION('',(-1.E0,0.E0,0.E0));
#520=DIRECTION('',(0.E0,-9.977753031397E-1,6.666666666667E-2));
#521=AXIS2_PLACEMENT_3D('',#518,#519,#520);
#523=DIRECTION('',(0.E0,1.E0,0.E0));
#524=VECTOR('',#523,3.14E0);
#525=CARTESIAN_POINT('',(-9.325E-1,-1.57E0,-7.2E-1));
#526=LINE('',#525,#524);
#527=CARTESIAN_POINT('',(-9.325E-1,-1.719666295471E0,-7.3E-1));
#528=DIRECTION('',(-1.E0,0.E0,0.E0));
#529=DIRECTION('',(0.E0,0.E0,1.E0));
#530=AXIS2_PLACEMENT_3D('',#527,#528,#529);
#532=DIRECTION('',(0.E0,1.E0,0.E0));
#533=VECTOR('',#532,6.4E-2);
#534=CARTESIAN_POINT('',(-9.325E-1,-1.783666295471E0,-5.8E-1));
#535=LINE('',#534,#533);
#536=CARTESIAN_POINT('',(-9.325E-1,-1.783666295471E0,-1.08E0));
#537=DIRECTION('',(-1.E0,0.E0,0.E0));
#538=DIRECTION('',(0.E0,-7.430546261984E-1,6.692307692308E-1));
#539=AXIS2_PLACEMENT_3D('',#536,#537,#538);
#541=CARTESIAN_POINT('',(-9.325E-1,-2.749637309529E0,-2.1E-1));
#542=DIRECTION('',(1.E0,0.E0,0.E0));
#543=DIRECTION('',(0.E0,0.E0,-1.E0));
#544=AXIS2_PLACEMENT_3D('',#541,#542,#543);
#546=DIRECTION('',(0.E0,1.E0,0.E0));
#547=VECTOR('',#546,1.300362690471E0);
#548=CARTESIAN_POINT('',(-9.325E-1,-4.05E0,-1.01E0));
#549=LINE('',#548,#547);
#550=CARTESIAN_POINT('',(-9.325E-1,-4.05E0,-8.1E-1));
#551=DIRECTION('',(1.E0,0.E0,0.E0));
#552=DIRECTION('',(0.E0,-1.E0,0.E0));
#553=AXIS2_PLACEMENT_3D('',#550,#551,#552);
#555=DIRECTION('',(0.E0,0.E0,-1.E0));
#556=VECTOR('',#555,2.4E-1);
#557=CARTESIAN_POINT('',(-9.325E-1,-4.25E0,-5.7E-1));
#558=LINE('',#557,#556);
#559=CARTESIAN_POINT('',(-9.325E-1,-4.05E0,-5.7E-1));
#560=DIRECTION('',(1.E0,0.E0,0.E0));
#561=DIRECTION('',(0.E0,0.E0,1.E0));
#562=AXIS2_PLACEMENT_3D('',#559,#560,#561);
#564=DIRECTION('',(0.E0,-1.E0,0.E0));
#565=VECTOR('',#564,1.065E0);
#566=CARTESIAN_POINT('',(-9.325E-1,-2.985E0,-3.7E-1));
#567=LINE('',#566,#565);
#568=CARTESIAN_POINT('',(-9.325E-1,-2.985E0,4.3E-1));
#569=DIRECTION('',(-1.E0,0.E0,0.E0));
#570=DIRECTION('',(0.E0,8.432637487761E-1,-5.375E-1));
#571=AXIS2_PLACEMENT_3D('',#568,#569,#570);
#573=DIRECTION('',(0.E0,-1.E0,0.E0));
#574=VECTOR('',#573,6.4E-1);
#575=CARTESIAN_POINT('',(-9.325E-1,1.5725E0,6.438E0));
#576=LINE('',#575,#574);
#577=DIRECTION('',(0.E0,0.E0,1.E0));
#578=VECTOR('',#577,3.748E0);
#579=CARTESIAN_POINT('',(-9.325E-1,1.5725E0,2.69E0));
#580=LINE('',#579,#578);
#581=DIRECTION('',(0.E0,0.E0,-1.E0));
#582=VECTOR('',#581,3.748E0);
#583=CARTESIAN_POINT('',(-9.325E-1,9.325E-1,6.438E0));
#584=LINE('',#583,#582);
#585=DIRECTION('',(0.E0,-1.E0,0.E0));
#586=VECTOR('',#585,6.4E-1);
#587=CARTESIAN_POINT('',(-9.325E-1,-9.325E-1,6.438E0));
#588=LINE('',#587,#586);
#589=DIRECTION('',(0.E0,0.E0,1.E0));
#590=VECTOR('',#589,3.748E0);
#591=CARTESIAN_POINT('',(-9.325E-1,-9.325E-1,2.69E0));
#592=LINE('',#591,#590);
#593=DIRECTION('',(0.E0,0.E0,-1.E0));
#594=VECTOR('',#593,3.748E0);
#595=CARTESIAN_POINT('',(-9.325E-1,-1.5725E0,6.438E0));
#596=LINE('',#595,#594);
#597=DIRECTION('',(1.E0,0.E0,0.E0));
#598=VECTOR('',#597,6.35E-1);
#599=CARTESIAN_POINT('',(-1.5675E0,2.985E0,-3.7E-1));
#600=LINE('',#599,#598);
#601=DIRECTION('',(1.E0,0.E0,0.E0));
#602=VECTOR('',#601,6.35E-1);
#603=CARTESIAN_POINT('',(-1.5675E0,4.05E0,-3.7E-1));
#604=LINE('',#603,#602);
#605=DIRECTION('',(1.E0,0.E0,0.E0));
#606=VECTOR('',#605,6.35E-1);
#607=CARTESIAN_POINT('',(-1.5675E0,4.25E0,-5.7E-1));
#608=LINE('',#607,#606);
#609=DIRECTION('',(1.E0,0.E0,0.E0));
#610=VECTOR('',#609,6.35E-1);
#611=CARTESIAN_POINT('',(-1.5675E0,4.25E0,-8.1E-1));
#612=LINE('',#611,#610);
#613=DIRECTION('',(1.E0,0.E0,0.E0));
#614=VECTOR('',#613,6.35E-1);
#615=CARTESIAN_POINT('',(-1.5675E0,4.05E0,-1.01E0));
#616=LINE('',#615,#614);
#617=DIRECTION('',(1.E0,0.E0,0.E0));
#618=VECTOR('',#617,6.35E-1);
#619=CARTESIAN_POINT('',(-1.5675E0,2.749637309529E0,-1.01E0));
#620=LINE('',#619,#618);
#621=DIRECTION('',(1.E0,0.E0,0.E0));
#622=VECTOR('',#621,6.35E-1);
#623=CARTESIAN_POINT('',(-1.5675E0,2.155193608570E0,-7.453846153846E-1));
#624=LINE('',#623,#622);
#625=DIRECTION('',(1.E0,0.E0,0.E0));
#626=VECTOR('',#625,6.35E-1);
#627=CARTESIAN_POINT('',(-1.5675E0,1.783666295471E0,-5.8E-1));
#628=LINE('',#627,#626);
#629=DIRECTION('',(1.E0,0.E0,0.E0));
#630=VECTOR('',#629,6.35E-1);
#631=CARTESIAN_POINT('',(-1.5675E0,1.719666295471E0,-5.8E-1));
#632=LINE('',#631,#630);
#633=DIRECTION('',(1.E0,0.E0,0.E0));
#634=VECTOR('',#633,6.35E-1);
#635=CARTESIAN_POINT('',(-1.5675E0,1.57E0,-7.2E-1));
#636=LINE('',#635,#634);
#637=DIRECTION('',(1.E0,0.E0,0.E0));
#638=VECTOR('',#637,6.35E-1);
#639=CARTESIAN_POINT('',(-1.5675E0,-1.57E0,-7.2E-1));
#640=LINE('',#639,#638);
#641=DIRECTION('',(1.E0,0.E0,0.E0));
#642=VECTOR('',#641,6.35E-1);
#643=CARTESIAN_POINT('',(-1.5675E0,-1.719666295471E0,-5.8E-1));
#644=LINE('',#643,#642);
#645=DIRECTION('',(1.E0,0.E0,0.E0));
#646=VECTOR('',#645,6.35E-1);
#647=CARTESIAN_POINT('',(-1.5675E0,-1.783666295471E0,-5.8E-1));
#648=LINE('',#647,#646);
#649=DIRECTION('',(1.E0,0.E0,0.E0));
#650=VECTOR('',#649,6.35E-1);
#651=CARTESIAN_POINT('',(-1.5675E0,-2.155193608570E0,-7.453846153846E-1));
#652=LINE('',#651,#650);
#653=DIRECTION('',(1.E0,0.E0,0.E0));
#654=VECTOR('',#653,6.35E-1);
#655=CARTESIAN_POINT('',(-1.5675E0,-2.749637309529E0,-1.01E0));
#656=LINE('',#655,#654);
#657=DIRECTION('',(1.E0,0.E0,0.E0));
#658=VECTOR('',#657,6.35E-1);
#659=CARTESIAN_POINT('',(-1.5675E0,-4.05E0,-1.01E0));
#660=LINE('',#659,#658);
#661=DIRECTION('',(1.E0,0.E0,0.E0));
#662=VECTOR('',#661,6.35E-1);
#663=CARTESIAN_POINT('',(-1.5675E0,-4.25E0,-8.1E-1));
#664=LINE('',#663,#662);
#665=DIRECTION('',(1.E0,0.E0,0.E0));
#666=VECTOR('',#665,6.35E-1);
#667=CARTESIAN_POINT('',(-1.5675E0,-4.25E0,-5.7E-1));
#668=LINE('',#667,#666);
#669=DIRECTION('',(1.E0,0.E0,0.E0));
#670=VECTOR('',#669,6.35E-1);
#671=CARTESIAN_POINT('',(-1.5675E0,-4.05E0,-3.7E-1));
#672=LINE('',#671,#670);
#673=DIRECTION('',(1.E0,0.E0,0.E0));
#674=VECTOR('',#673,6.35E-1);
#675=CARTESIAN_POINT('',(-1.5675E0,-2.985E0,-3.7E-1));
#676=LINE('',#675,#674);
#677=DIRECTION('',(-1.789649958816E-1,2.386199945088E-1,9.544799780350E-1));
#678=VECTOR('',#677,8.381527307120E-1);
#679=CARTESIAN_POINT('',(-9.325E-1,9.325E-1,6.438E0));
#680=LINE('',#679,#678);
#681=DIRECTION('',(-1.789649958816E-1,-2.386199945088E-1,-9.544799780350E-1));
#682=VECTOR('',#681,8.381527307120E-1);
#683=CARTESIAN_POINT('',(-1.4175E0,1.1325E0,7.238E0));
#684=LINE('',#683,#682);
#685=DIRECTION('',(1.E0,0.E0,0.E0));
#686=VECTOR('',#685,3.35E-1);
#687=CARTESIAN_POINT('',(-1.4175E0,1.1325E0,7.238E0));
#688=LINE('',#687,#686);
#689=DIRECTION('',(1.E0,0.E0,0.E0));
#690=VECTOR('',#689,6.35E-1);
#691=CARTESIAN_POINT('',(-1.5675E0,9.325E-1,6.438E0));
#692=LINE('',#691,#690);
#693=DIRECTION('',(0.E0,1.E0,0.E0));
#694=VECTOR('',#693,6.45E-1);
#695=CARTESIAN_POINT('',(2.3E0,2.345E0,2.69E0));
#696=LINE('',#695,#694);
#697=DIRECTION('',(1.E0,0.E0,0.E0));
#698=VECTOR('',#697,6.E-2);
#699=CARTESIAN_POINT('',(2.3E0,2.345E0,2.69E0));
#700=LINE('',#699,#698);
#701=DIRECTION('',(1.E0,0.E0,0.E0));
#702=VECTOR('',#701,1.19E0);
#703=CARTESIAN_POINT('',(1.4E-1,2.345E0,2.69E0));
#704=LINE('',#703,#702);
#705=DIRECTION('',(0.E0,-1.E0,0.E0));
#706=VECTOR('',#705,3.E-1);
#707=CARTESIAN_POINT('',(1.33E0,2.645E0,2.69E0));
#708=LINE('',#707,#706);
#709=DIRECTION('',(1.E0,0.E0,0.E0));
#710=VECTOR('',#709,2.66E0);
#711=CARTESIAN_POINT('',(-1.33E0,2.645E0,2.69E0));
#712=LINE('',#711,#710);
#713=DIRECTION('',(0.E0,1.E0,0.E0));
#714=VECTOR('',#713,3.E-1);
#715=CARTESIAN_POINT('',(-1.33E0,2.345E0,2.69E0));
#716=LINE('',#715,#714);
#717=DIRECTION('',(1.E0,0.E0,0.E0));
#718=VECTOR('',#717,1.19E0);
#719=CARTESIAN_POINT('',(-1.33E0,2.345E0,2.69E0));
#720=LINE('',#719,#718);
#721=DIRECTION('',(1.E0,0.E0,0.E0));
#722=VECTOR('',#721,6.E-2);
#723=CARTESIAN_POINT('',(-2.36E0,2.345E0,2.69E0));
#724=LINE('',#723,#722);
#725=DIRECTION('',(0.E0,-1.E0,0.E0));
#726=VECTOR('',#725,6.45E-1);
#727=CARTESIAN_POINT('',(-2.3E0,2.99E0,2.69E0));
#728=LINE('',#727,#726);
#729=DIRECTION('',(0.E0,-1.E0,0.E0));
#730=VECTOR('',#729,6.4E-1);
#731=CARTESIAN_POINT('',(-1.5675E0,1.5725E0,2.69E0));
#732=LINE('',#731,#730);
#733=DIRECTION('',(1.E0,0.E0,0.E0));
#734=VECTOR('',#733,6.35E-1);
#735=CARTESIAN_POINT('',(-1.5675E0,9.325E-1,2.69E0));
#736=LINE('',#735,#734);
#737=DIRECTION('',(0.E0,-1.E0,0.E0));
#738=VECTOR('',#737,6.4E-1);
#739=CARTESIAN_POINT('',(-9.325E-1,1.5725E0,2.69E0));
#740=LINE('',#739,#738);
#741=DIRECTION('',(1.E0,0.E0,0.E0));
#742=VECTOR('',#741,6.35E-1);
#743=CARTESIAN_POINT('',(-1.5675E0,1.5725E0,2.69E0));
#744=LINE('',#743,#742);
#745=DIRECTION('',(0.E0,-1.E0,0.E0));
#746=VECTOR('',#745,6.4E-1);
#747=CARTESIAN_POINT('',(9.325E-1,1.5725E0,2.69E0));
#748=LINE('',#747,#746);
#749=DIRECTION('',(1.E0,0.E0,0.E0));
#750=VECTOR('',#749,6.35E-1);
#751=CARTESIAN_POINT('',(9.325E-1,9.325E-1,2.69E0));
#752=LINE('',#751,#750);
#753=DIRECTION('',(0.E0,-1.E0,0.E0));
#754=VECTOR('',#753,6.4E-1);
#755=CARTESIAN_POINT('',(1.5675E0,1.5725E0,2.69E0));
#756=LINE('',#755,#754);
#757=DIRECTION('',(1.E0,0.E0,0.E0));
#758=VECTOR('',#757,6.35E-1);
#759=CARTESIAN_POINT('',(9.325E-1,1.5725E0,2.69E0));
#760=LINE('',#759,#758);
#761=DIRECTION('',(0.E0,-1.E0,0.E0));
#762=VECTOR('',#761,1.195E0);
#763=CARTESIAN_POINT('',(2.3E0,3.54E0,8.69E0));
#764=LINE('',#763,#762);
#765=DIRECTION('',(0.E0,0.E0,-1.E0));
#766=VECTOR('',#765,8.9E-1);
#767=CARTESIAN_POINT('',(2.3E0,2.99E0,2.69E0));
#768=LINE('',#767,#766);
#769=DIRECTION('',(0.E0,0.E0,-1.E0));
#770=VECTOR('',#769,6.E0);
#771=CARTESIAN_POINT('',(1.33E0,2.345E0,8.69E0));
#772=LINE('',#771,#770);
#773=DIRECTION('',(0.E0,0.E0,-1.E0));
#774=VECTOR('',#773,6.E0);
#775=CARTESIAN_POINT('',(2.3E0,2.345E0,8.69E0));
#776=LINE('',#775,#774);
#777=DIRECTION('',(0.E0,0.E0,-1.E0));
#778=VECTOR('',#777,6.E0);
#779=CARTESIAN_POINT('',(1.4E-1,-1.55E-1,8.69E0));
#780=LINE('',#779,#778);
#781=DIRECTION('',(0.E0,-1.E0,0.E0));
#782=VECTOR('',#781,2.19E0);
#783=CARTESIAN_POINT('',(1.4E-1,-1.55E-1,2.69E0));
#784=LINE('',#783,#782);
#785=DIRECTION('',(0.E0,0.E0,1.E0));
#786=VECTOR('',#785,6.E0);
#787=CARTESIAN_POINT('',(1.4E-1,-2.345E0,2.69E0));
#788=LINE('',#787,#786);
#789=DIRECTION('',(0.E0,0.E0,-1.E0));
#790=VECTOR('',#789,6.E0);
#791=CARTESIAN_POINT('',(1.4E-1,2.345E0,8.69E0));
#792=LINE('',#791,#790);
#793=DIRECTION('',(0.E0,-1.E0,0.E0));
#794=VECTOR('',#793,2.19E0);
#795=CARTESIAN_POINT('',(1.4E-1,2.345E0,2.69E0));
#796=LINE('',#795,#794);
#797=DIRECTION('',(0.E0,0.E0,1.E0));
#798=VECTOR('',#797,6.E0);
#799=CARTESIAN_POINT('',(1.4E-1,1.55E-1,2.69E0));
#800=LINE('',#799,#798);
#801=DIRECTION('',(0.E0,0.E0,1.E0));
#802=VECTOR('',#801,3.7E0);
#803=CARTESIAN_POINT('',(1.665E0,-1.55E-1,4.39E0));
#804=LINE('',#803,#802);
#805=DIRECTION('',(-1.E0,0.E0,0.E0));
#806=VECTOR('',#805,6.95E-1);
#807=CARTESIAN_POINT('',(2.36E0,-1.55E-1,4.39E0));
#808=LINE('',#807,#806);
#809=DIRECTION('',(-7.071067811865E-1,0.E0,7.071067811865E-1));
#810=VECTOR('',#809,8.485281374239E-1);
#811=CARTESIAN_POINT('',(1.665E0,-1.55E-1,8.09E0));
#812=LINE('',#811,#810);
#813=DIRECTION('',(0.E0,-1.E0,0.E0));
#814=VECTOR('',#813,3.1E-1);
#815=CARTESIAN_POINT('',(1.665E0,1.55E-1,4.39E0));
#816=LINE('',#815,#814);
#817=DIRECTION('',(0.E0,-1.E0,0.E0));
#818=VECTOR('',#817,3.1E-1);
#819=CARTESIAN_POINT('',(2.36E0,1.55E-1,4.39E0));
#820=LINE('',#819,#818);
#821=DIRECTION('',(0.E0,0.E0,1.E0));
#822=VECTOR('',#821,1.7E0);
#823=CARTESIAN_POINT('',(2.36E0,1.55E-1,2.69E0));
#824=LINE('',#823,#822);
#825=DIRECTION('',(0.E0,-1.E0,0.E0));
#826=VECTOR('',#825,2.19E0);
#827=CARTESIAN_POINT('',(2.36E0,2.345E0,2.69E0));
#828=LINE('',#827,#826);
#829=DIRECTION('',(0.E0,0.E0,-1.E0));
#830=VECTOR('',#829,6.E0);
#831=CARTESIAN_POINT('',(2.36E0,2.345E0,8.69E0));
#832=LINE('',#831,#830);
#833=DIRECTION('',(0.E0,-1.E0,0.E0));
#834=VECTOR('',#833,4.69E0);
#835=CARTESIAN_POINT('',(2.36E0,2.345E0,8.69E0));
#836=LINE('',#835,#834);
#837=DIRECTION('',(0.E0,0.E0,1.E0));
#838=VECTOR('',#837,6.E0);
#839=CARTESIAN_POINT('',(2.36E0,-2.345E0,2.69E0));
#840=LINE('',#839,#838);
#841=DIRECTION('',(0.E0,-1.E0,0.E0));
#842=VECTOR('',#841,2.19E0);
#843=CARTESIAN_POINT('',(2.36E0,-1.55E-1,2.69E0));
#844=LINE('',#843,#842);
#845=DIRECTION('',(0.E0,0.E0,-1.E0));
#846=VECTOR('',#845,1.7E0);
#847=CARTESIAN_POINT('',(2.36E0,-1.55E-1,4.39E0));
#848=LINE('',#847,#846);
#849=DIRECTION('',(0.E0,0.E0,1.E0));
#850=VECTOR('',#849,3.7E0);
#851=CARTESIAN_POINT('',(1.665E0,1.55E-1,4.39E0));
#852=LINE('',#851,#850);
#853=DIRECTION('',(-7.071067811865E-1,0.E0,7.071067811865E-1));
#854=VECTOR('',#853,8.485281374239E-1);
#855=CARTESIAN_POINT('',(1.665E0,1.55E-1,8.09E0));
#856=LINE('',#855,#854);
#857=DIRECTION('',(1.E0,0.E0,0.E0));
#858=VECTOR('',#857,2.22E0);
#859=CARTESIAN_POINT('',(1.4E-1,1.55E-1,2.69E0));
#860=LINE('',#859,#858);
#861=DIRECTION('',(-1.E0,0.E0,0.E0));
#862=VECTOR('',#861,6.95E-1);
#863=CARTESIAN_POINT('',(2.36E0,1.55E-1,4.39E0));
#864=LINE('',#863,#862);
#865=DIRECTION('',(0.E0,-1.E0,0.E0));
#866=VECTOR('',#865,3.1E-1);
#867=CARTESIAN_POINT('',(1.665E0,1.55E-1,8.09E0));
#868=LINE('',#867,#866);
#869=DIRECTION('',(1.E0,0.E0,0.E0));
#870=VECTOR('',#869,2.22E0);
#871=CARTESIAN_POINT('',(1.4E-1,-2.345E0,2.69E0));
#872=LINE('',#871,#870);
#873=DIRECTION('',(1.E0,0.E0,0.E0));
#874=VECTOR('',#873,2.22E0);
#875=CARTESIAN_POINT('',(1.4E-1,-1.55E-1,2.69E0));
#876=LINE('',#875,#874);
#877=DIRECTION('',(0.E0,-1.E0,0.E0));
#878=VECTOR('',#877,6.4E-1);
#879=CARTESIAN_POINT('',(9.325E-1,-9.325E-1,2.69E0));
#880=LINE('',#879,#878);
#881=DIRECTION('',(1.E0,0.E0,0.E0));
#882=VECTOR('',#881,6.35E-1);
#883=CARTESIAN_POINT('',(9.325E-1,-1.5725E0,2.69E0));
#884=LINE('',#883,#882);
#885=DIRECTION('',(0.E0,-1.E0,0.E0));
#886=VECTOR('',#885,6.4E-1);
#887=CARTESIAN_POINT('',(1.5675E0,-9.325E-1,2.69E0));
#888=LINE('',#887,#886);
#889=DIRECTION('',(1.E0,0.E0,0.E0));
#890=VECTOR('',#889,6.35E-1);
#891=CARTESIAN_POINT('',(9.325E-1,-9.325E-1,2.69E0));
#892=LINE('',#891,#890);
#893=CARTESIAN_POINT('',(9.325E-1,-2.985E0,4.3E-1));
#894=DIRECTION('',(-1.E0,0.E0,0.E0));
#895=DIRECTION('',(0.E0,8.432637487761E-1,-5.375E-1));
#896=AXIS2_PLACEMENT_3D('',#893,#894,#895);
#898=DIRECTION('',(0.E0,-1.E0,0.E0));
#899=VECTOR('',#898,1.065E0);
#900=CARTESIAN_POINT('',(9.325E-1,-2.985E0,-3.7E-1));
#901=LINE('',#900,#899);
#902=CARTESIAN_POINT('',(9.325E-1,-4.05E0,-5.7E-1));
#903=DIRECTION('',(1.E0,0.E0,0.E0));
#904=DIRECTION('',(0.E0,0.E0,1.E0));
#905=AXIS2_PLACEMENT_3D('',#902,#903,#904);
#907=DIRECTION('',(0.E0,0.E0,-1.E0));
#908=VECTOR('',#907,2.4E-1);
#909=CARTESIAN_POINT('',(9.325E-1,-4.25E0,-5.7E-1));
#910=LINE('',#909,#908);
#911=CARTESIAN_POINT('',(9.325E-1,-4.05E0,-8.1E-1));
#912=DIRECTION('',(1.E0,0.E0,0.E0));
#913=DIRECTION('',(0.E0,-1.E0,0.E0));
#914=AXIS2_PLACEMENT_3D('',#911,#912,#913);
#916=DIRECTION('',(0.E0,1.E0,0.E0));
#917=VECTOR('',#916,1.300362690471E0);
#918=CARTESIAN_POINT('',(9.325E-1,-4.05E0,-1.01E0));
#919=LINE('',#918,#917);
#920=CARTESIAN_POINT('',(9.325E-1,-2.749637309529E0,-2.1E-1));
#921=DIRECTION('',(1.E0,0.E0,0.E0));
#922=DIRECTION('',(0.E0,0.E0,-1.E0));
#923=AXIS2_PLACEMENT_3D('',#920,#921,#922);
#925=CARTESIAN_POINT('',(9.325E-1,-1.783666295471E0,-1.08E0));
#926=DIRECTION('',(-1.E0,0.E0,0.E0));
#927=DIRECTION('',(0.E0,-7.430546261984E-1,6.692307692308E-1));
#928=AXIS2_PLACEMENT_3D('',#925,#926,#927);
#930=DIRECTION('',(0.E0,1.E0,0.E0));
#931=VECTOR('',#930,6.4E-2);
#932=CARTESIAN_POINT('',(9.325E-1,-1.783666295471E0,-5.8E-1));
#933=LINE('',#932,#931);
#934=CARTESIAN_POINT('',(9.325E-1,-1.719666295471E0,-7.3E-1));
#935=DIRECTION('',(-1.E0,0.E0,0.E0));
#936=DIRECTION('',(0.E0,0.E0,1.E0));
#937=AXIS2_PLACEMENT_3D('',#934,#935,#936);
#939=DIRECTION('',(0.E0,1.E0,0.E0));
#940=VECTOR('',#939,3.14E0);
#941=CARTESIAN_POINT('',(9.325E-1,-1.57E0,-7.2E-1));
#942=LINE('',#941,#940);
#943=CARTESIAN_POINT('',(9.325E-1,1.719666295471E0,-7.3E-1));
#944=DIRECTION('',(-1.E0,0.E0,0.E0));
#945=DIRECTION('',(0.E0,-9.977753031397E-1,6.666666666667E-2));
#946=AXIS2_PLACEMENT_3D('',#943,#944,#945);
#948=DIRECTION('',(0.E0,1.E0,0.E0));
#949=VECTOR('',#948,6.4E-2);
#950=CARTESIAN_POINT('',(9.325E-1,1.719666295471E0,-5.8E-1));
#951=LINE('',#950,#949);
#952=CARTESIAN_POINT('',(9.325E-1,1.783666295471E0,-1.08E0));
#953=DIRECTION('',(-1.E0,0.E0,0.E0));
#954=DIRECTION('',(0.E0,0.E0,1.E0));
#955=AXIS2_PLACEMENT_3D('',#952,#953,#954);
#957=CARTESIAN_POINT('',(9.325E-1,2.749637309529E0,-2.1E-1));
#958=DIRECTION('',(1.E0,0.E0,0.E0));
#959=DIRECTION('',(0.E0,-7.430546261984E-1,-6.692307692308E-1));
#960=AXIS2_PLACEMENT_3D('',#957,#958,#959);
#962=DIRECTION('',(0.E0,1.E0,0.E0));
#963=VECTOR('',#962,1.300362690471E0);
#964=CARTESIAN_POINT('',(9.325E-1,2.749637309529E0,-1.01E0));
#965=LINE('',#964,#963);
#966=CARTESIAN_POINT('',(9.325E-1,4.05E0,-8.1E-1));
#967=DIRECTION('',(1.E0,0.E0,0.E0));
#968=DIRECTION('',(0.E0,0.E0,-1.E0));
#969=AXIS2_PLACEMENT_3D('',#966,#967,#968);
#971=DIRECTION('',(0.E0,0.E0,1.E0));
#972=VECTOR('',#971,2.4E-1);
#973=CARTESIAN_POINT('',(9.325E-1,4.25E0,-8.1E-1));
#974=LINE('',#973,#972);
#975=CARTESIAN_POINT('',(9.325E-1,4.05E0,-5.7E-1));
#976=DIRECTION('',(1.E0,0.E0,0.E0));
#977=DIRECTION('',(0.E0,1.E0,0.E0));
#978=AXIS2_PLACEMENT_3D('',#975,#976,#977);
#980=DIRECTION('',(0.E0,-1.E0,0.E0));
#981=VECTOR('',#980,1.065E0);
#982=CARTESIAN_POINT('',(9.325E-1,4.05E0,-3.7E-1));
#983=LINE('',#982,#981);
#984=CARTESIAN_POINT('',(9.325E-1,2.985E0,4.3E-1));
#985=DIRECTION('',(-1.E0,0.E0,0.E0));
#986=DIRECTION('',(0.E0,0.E0,-1.E0));
#987=AXIS2_PLACEMENT_3D('',#984,#985,#986);
#989=DIRECTION('',(0.E0,1.E0,0.E0));
#990=VECTOR('',#989,6.4E-1);
#991=CARTESIAN_POINT('',(9.325E-1,9.325E-1,6.438E0));
#992=LINE('',#991,#990);
#993=DIRECTION('',(0.E0,0.E0,-1.E0));
#994=VECTOR('',#993,3.748E0);
#995=CARTESIAN_POINT('',(9.325E-1,9.325E-1,6.438E0));
#996=LINE('',#995,#994);
#997=DIRECTION('',(0.E0,0.E0,1.E0));
#998=VECTOR('',#997,3.748E0);
#999=CARTESIAN_POINT('',(9.325E-1,1.5725E0,2.69E0));
#1000=LINE('',#999,#998);
#1001=DIRECTION('',(0.E0,1.E0,0.E0));
#1002=VECTOR('',#1001,6.4E-1);
#1003=CARTESIAN_POINT('',(9.325E-1,-1.5725E0,6.438E0));
#1004=LINE('',#1003,#1002);
#1005=DIRECTION('',(0.E0,0.E0,-1.E0));
#1006=VECTOR('',#1005,3.748E0);
#1007=CARTESIAN_POINT('',(9.325E-1,-1.5725E0,6.438E0));
#1008=LINE('',#1007,#1006);
#1009=DIRECTION('',(0.E0,0.E0,1.E0));
#1010=VECTOR('',#1009,3.748E0);
#1011=CARTESIAN_POINT('',(9.325E-1,-9.325E-1,2.69E0));
#1012=LINE('',#1011,#1010);
#1013=CARTESIAN_POINT('',(1.5675E0,2.985E0,4.3E-1));
#1014=DIRECTION('',(-1.E0,0.E0,0.E0));
#1015=DIRECTION('',(0.E0,0.E0,-1.E0));
#1016=AXIS2_PLACEMENT_3D('',#1013,#1014,#1015);
#1018=DIRECTION('',(0.E0,-1.E0,0.E0));
#1019=VECTOR('',#1018,1.065E0);
#1020=CARTESIAN_POINT('',(1.5675E0,4.05E0,-3.7E-1));
#1021=LINE('',#1020,#1019);
#1022=CARTESIAN_POINT('',(1.5675E0,4.05E0,-5.7E-1));
#1023=DIRECTION('',(1.E0,0.E0,0.E0));
#1024=DIRECTION('',(0.E0,1.E0,0.E0));
#1025=AXIS2_PLACEMENT_3D('',#1022,#1023,#1024);
#1027=DIRECTION('',(0.E0,0.E0,1.E0));
#1028=VECTOR('',#1027,2.4E-1);
#1029=CARTESIAN_POINT('',(1.5675E0,4.25E0,-8.1E-1));
#1030=LINE('',#1029,#1028);
#1031=CARTESIAN_POINT('',(1.5675E0,4.05E0,-8.1E-1));
#1032=DIRECTION('',(1.E0,0.E0,0.E0));
#1033=DIRECTION('',(0.E0,0.E0,-1.E0));
#1034=AXIS2_PLACEMENT_3D('',#1031,#1032,#1033);
#1036=DIRECTION('',(0.E0,1.E0,0.E0));
#1037=VECTOR('',#1036,1.300362690471E0);
#1038=CARTESIAN_POINT('',(1.5675E0,2.749637309529E0,-1.01E0));
#1039=LINE('',#1038,#1037);
#1040=CARTESIAN_POINT('',(1.5675E0,2.749637309529E0,-2.1E-1));
#1041=DIRECTION('',(1.E0,0.E0,0.E0));
#1042=DIRECTION('',(0.E0,-7.430546261984E-1,-6.692307692308E-1));
#1043=AXIS2_PLACEMENT_3D('',#1040,#1041,#1042);
#1045=CARTESIAN_POINT('',(1.5675E0,1.783666295471E0,-1.08E0));
#1046=DIRECTION('',(-1.E0,0.E0,0.E0));
#1047=DIRECTION('',(0.E0,0.E0,1.E0));
#1048=AXIS2_PLACEMENT_3D('',#1045,#1046,#1047);
#1050=DIRECTION('',(0.E0,1.E0,0.E0));
#1051=VECTOR('',#1050,6.4E-2);
#1052=CARTESIAN_POINT('',(1.5675E0,1.719666295471E0,-5.8E-1));
#1053=LINE('',#1052,#1051);
#1054=CARTESIAN_POINT('',(1.5675E0,1.719666295471E0,-7.3E-1));
#1055=DIRECTION('',(-1.E0,0.E0,0.E0));
#1056=DIRECTION('',(0.E0,-9.977753031397E-1,6.666666666667E-2));
#1057=AXIS2_PLACEMENT_3D('',#1054,#1055,#1056);
#1059=DIRECTION('',(0.E0,1.E0,0.E0));
#1060=VECTOR('',#1059,3.14E0);
#1061=CARTESIAN_POINT('',(1.5675E0,-1.57E0,-7.2E-1));
#1062=LINE('',#1061,#1060);
#1063=CARTESIAN_POINT('',(1.5675E0,-1.719666295471E0,-7.3E-1));
#1064=DIRECTION('',(-1.E0,0.E0,0.E0));
#1065=DIRECTION('',(0.E0,0.E0,1.E0));
#1066=AXIS2_PLACEMENT_3D('',#1063,#1064,#1065);
#1068=DIRECTION('',(0.E0,1.E0,0.E0));
#1069=VECTOR('',#1068,6.4E-2);
#1070=CARTESIAN_POINT('',(1.5675E0,-1.783666295471E0,-5.8E-1));
#1071=LINE('',#1070,#1069);
#1072=CARTESIAN_POINT('',(1.5675E0,-1.783666295471E0,-1.08E0));
#1073=DIRECTION('',(-1.E0,0.E0,0.E0));
#1074=DIRECTION('',(0.E0,-7.430546261984E-1,6.692307692308E-1));
#1075=AXIS2_PLACEMENT_3D('',#1072,#1073,#1074);
#1077=CARTESIAN_POINT('',(1.5675E0,-2.749637309529E0,-2.1E-1));
#1078=DIRECTION('',(1.E0,0.E0,0.E0));
#1079=DIRECTION('',(0.E0,0.E0,-1.E0));
#1080=AXIS2_PLACEMENT_3D('',#1077,#1078,#1079);
#1082=DIRECTION('',(0.E0,1.E0,0.E0));
#1083=VECTOR('',#1082,1.300362690471E0);
#1084=CARTESIAN_POINT('',(1.5675E0,-4.05E0,-1.01E0));
#1085=LINE('',#1084,#1083);
#1086=CARTESIAN_POINT('',(1.5675E0,-4.05E0,-8.1E-1));
#1087=DIRECTION('',(1.E0,0.E0,0.E0));
#1088=DIRECTION('',(0.E0,-1.E0,0.E0));
#1089=AXIS2_PLACEMENT_3D('',#1086,#1087,#1088);
#1091=DIRECTION('',(0.E0,0.E0,-1.E0));
#1092=VECTOR('',#1091,2.4E-1);
#1093=CARTESIAN_POINT('',(1.5675E0,-4.25E0,-5.7E-1));
#1094=LINE('',#1093,#1092);
#1095=CARTESIAN_POINT('',(1.5675E0,-4.05E0,-5.7E-1));
#1096=DIRECTION('',(1.E0,0.E0,0.E0));
#1097=DIRECTION('',(0.E0,0.E0,1.E0));
#1098=AXIS2_PLACEMENT_3D('',#1095,#1096,#1097);
#1100=DIRECTION('',(0.E0,-1.E0,0.E0));
#1101=VECTOR('',#1100,1.065E0);
#1102=CARTESIAN_POINT('',(1.5675E0,-2.985E0,-3.7E-1));
#1103=LINE('',#1102,#1101);
#1104=CARTESIAN_POINT('',(1.5675E0,-2.985E0,4.3E-1));
#1105=DIRECTION('',(-1.E0,0.E0,0.E0));
#1106=DIRECTION('',(0.E0,8.432637487761E-1,-5.375E-1));
#1107=AXIS2_PLACEMENT_3D('',#1104,#1105,#1106);
#1109=DIRECTION('',(0.E0,-1.E0,0.E0));
#1110=VECTOR('',#1109,6.4E-1);
#1111=CARTESIAN_POINT('',(1.5675E0,1.5725E0,6.438E0));
#1112=LINE('',#1111,#1110);
#1113=DIRECTION('',(0.E0,0.E0,1.E0));
#1114=VECTOR('',#1113,3.748E0);
#1115=CARTESIAN_POINT('',(1.5675E0,1.5725E0,2.69E0));
#1116=LINE('',#1115,#1114);
#1117=DIRECTION('',(0.E0,0.E0,-1.E0));
#1118=VECTOR('',#1117,3.748E0);
#1119=CARTESIAN_POINT('',(1.5675E0,9.325E-1,6.438E0));
#1120=LINE('',#1119,#1118);
#1121=DIRECTION('',(0.E0,-1.E0,0.E0));
#1122=VECTOR('',#1121,6.4E-1);
#1123=CARTESIAN_POINT('',(1.5675E0,-9.325E-1,6.438E0));
#1124=LINE('',#1123,#1122);
#1125=DIRECTION('',(0.E0,0.E0,1.E0));
#1126=VECTOR('',#1125,3.748E0);
#1127=CARTESIAN_POINT('',(1.5675E0,-9.325E-1,2.69E0));
#1128=LINE('',#1127,#1126);
#1129=DIRECTION('',(0.E0,0.E0,-1.E0));
#1130=VECTOR('',#1129,3.748E0);
#1131=CARTESIAN_POINT('',(1.5675E0,-1.5725E0,6.438E0));
#1132=LINE('',#1131,#1130);
#1133=DIRECTION('',(1.E0,0.E0,0.E0));
#1134=VECTOR('',#1133,6.35E-1);
#1135=CARTESIAN_POINT('',(9.325E-1,2.985E0,-3.7E-1));
#1136=LINE('',#1135,#1134);
#1137=DIRECTION('',(1.E0,0.E0,0.E0));
#1138=VECTOR('',#1137,6.35E-1);
#1139=CARTESIAN_POINT('',(9.325E-1,4.05E0,-3.7E-1));
#1140=LINE('',#1139,#1138);
#1141=DIRECTION('',(1.E0,0.E0,0.E0));
#1142=VECTOR('',#1141,6.35E-1);
#1143=CARTESIAN_POINT('',(9.325E-1,4.25E0,-5.7E-1));
#1144=LINE('',#1143,#1142);
#1145=DIRECTION('',(1.E0,0.E0,0.E0));
#1146=VECTOR('',#1145,6.35E-1);
#1147=CARTESIAN_POINT('',(9.325E-1,4.25E0,-8.1E-1));
#1148=LINE('',#1147,#1146);
#1149=DIRECTION('',(1.E0,0.E0,0.E0));
#1150=VECTOR('',#1149,6.35E-1);
#1151=CARTESIAN_POINT('',(9.325E-1,4.05E0,-1.01E0));
#1152=LINE('',#1151,#1150);
#1153=DIRECTION('',(1.E0,0.E0,0.E0));
#1154=VECTOR('',#1153,6.35E-1);
#1155=CARTESIAN_POINT('',(9.325E-1,2.749637309529E0,-1.01E0));
#1156=LINE('',#1155,#1154);
#1157=DIRECTION('',(1.E0,0.E0,0.E0));
#1158=VECTOR('',#1157,6.35E-1);
#1159=CARTESIAN_POINT('',(9.325E-1,2.155193608570E0,-7.453846153846E-1));
#1160=LINE('',#1159,#1158);
#1161=DIRECTION('',(1.E0,0.E0,0.E0));
#1162=VECTOR('',#1161,6.35E-1);
#1163=CARTESIAN_POINT('',(9.325E-1,1.783666295471E0,-5.8E-1));
#1164=LINE('',#1163,#1162);
#1165=DIRECTION('',(1.E0,0.E0,0.E0));
#1166=VECTOR('',#1165,6.35E-1);
#1167=CARTESIAN_POINT('',(9.325E-1,1.719666295471E0,-5.8E-1));
#1168=LINE('',#1167,#1166);
#1169=DIRECTION('',(1.E0,0.E0,0.E0));
#1170=VECTOR('',#1169,6.35E-1);
#1171=CARTESIAN_POINT('',(9.325E-1,1.57E0,-7.2E-1));
#1172=LINE('',#1171,#1170);
#1173=DIRECTION('',(1.E0,0.E0,0.E0));
#1174=VECTOR('',#1173,6.35E-1);
#1175=CARTESIAN_POINT('',(9.325E-1,-1.57E0,-7.2E-1));
#1176=LINE('',#1175,#1174);
#1177=DIRECTION('',(1.E0,0.E0,0.E0));
#1178=VECTOR('',#1177,6.35E-1);
#1179=CARTESIAN_POINT('',(9.325E-1,-1.719666295471E0,-5.8E-1));
#1180=LINE('',#1179,#1178);
#1181=DIRECTION('',(1.E0,0.E0,0.E0));
#1182=VECTOR('',#1181,6.35E-1);
#1183=CARTESIAN_POINT('',(9.325E-1,-1.783666295471E0,-5.8E-1));
#1184=LINE('',#1183,#1182);
#1185=DIRECTION('',(1.E0,0.E0,0.E0));
#1186=VECTOR('',#1185,6.35E-1);
#1187=CARTESIAN_POINT('',(9.325E-1,-2.155193608570E0,-7.453846153846E-1));
#1188=LINE('',#1187,#1186);
#1189=DIRECTION('',(1.E0,0.E0,0.E0));
#1190=VECTOR('',#1189,6.35E-1);
#1191=CARTESIAN_POINT('',(9.325E-1,-2.749637309529E0,-1.01E0));
#1192=LINE('',#1191,#1190);
#1193=DIRECTION('',(1.E0,0.E0,0.E0));
#1194=VECTOR('',#1193,6.35E-1);
#1195=CARTESIAN_POINT('',(9.325E-1,-4.05E0,-1.01E0));
#1196=LINE('',#1195,#1194);
#1197=DIRECTION('',(1.E0,0.E0,0.E0));
#1198=VECTOR('',#1197,6.35E-1);
#1199=CARTESIAN_POINT('',(9.325E-1,-4.25E0,-8.1E-1));
#1200=LINE('',#1199,#1198);
#1201=DIRECTION('',(1.E0,0.E0,0.E0));
#1202=VECTOR('',#1201,6.35E-1);
#1203=CARTESIAN_POINT('',(9.325E-1,-4.25E0,-5.7E-1));
#1204=LINE('',#1203,#1202);
#1205=DIRECTION('',(1.E0,0.E0,0.E0));
#1206=VECTOR('',#1205,6.35E-1);
#1207=CARTESIAN_POINT('',(9.325E-1,-4.05E0,-3.7E-1));
#1208=LINE('',#1207,#1206);
#1209=DIRECTION('',(1.E0,0.E0,0.E0));
#1210=VECTOR('',#1209,6.35E-1);
#1211=CARTESIAN_POINT('',(9.325E-1,-2.985E0,-3.7E-1));
#1212=LINE('',#1211,#1210);
#1213=DIRECTION('',(-1.789649958816E-1,2.386199945088E-1,9.544799780350E-1));
#1214=VECTOR('',#1213,8.381527307120E-1);
#1215=CARTESIAN_POINT('',(1.5675E0,9.325E-1,6.438E0));
#1216=LINE('',#1215,#1214);
#1217=DIRECTION('',(-1.789649958816E-1,-2.386199945088E-1,-9.544799780350E-1));
#1218=VECTOR('',#1217,8.381527307120E-1);
#1219=CARTESIAN_POINT('',(1.0825E0,1.1325E0,7.238E0));
#1220=LINE('',#1219,#1218);
#1221=DIRECTION('',(1.E0,0.E0,0.E0));
#1222=VECTOR('',#1221,3.35E-1);
#1223=CARTESIAN_POINT('',(1.0825E0,1.1325E0,7.238E0));
#1224=LINE('',#1223,#1222);
#1225=DIRECTION('',(1.E0,0.E0,0.E0));
#1226=VECTOR('',#1225,6.35E-1);
#1227=CARTESIAN_POINT('',(9.325E-1,9.325E-1,6.438E0));
#1228=LINE('',#1227,#1226);
#1229=DIRECTION('',(1.789649958816E-1,2.386199945088E-1,-9.544799780350E-1));
#1230=VECTOR('',#1229,8.381527307120E-1);
#1231=CARTESIAN_POINT('',(1.4175E0,1.3725E0,7.238E0));
#1232=LINE('',#1231,#1230);
#1233=DIRECTION('',(1.789649958816E-1,-2.386199945088E-1,9.544799780350E-1));
#1234=VECTOR('',#1233,8.381527307120E-1);
#1235=CARTESIAN_POINT('',(9.325E-1,1.5725E0,6.438E0));
#1236=LINE('',#1235,#1234);
#1237=DIRECTION('',(1.E0,0.E0,0.E0));
#1238=VECTOR('',#1237,6.35E-1);
#1239=CARTESIAN_POINT('',(9.325E-1,1.5725E0,6.438E0));
#1240=LINE('',#1239,#1238);
#1241=DIRECTION('',(0.E0,-1.E0,0.E0));
#1242=VECTOR('',#1241,2.4E-1);
#1243=CARTESIAN_POINT('',(1.4175E0,1.3725E0,7.238E0));
#1244=LINE('',#1243,#1242);
#1245=DIRECTION('',(0.E0,1.E0,0.E0));
#1246=VECTOR('',#1245,2.4E-1);
#1247=CARTESIAN_POINT('',(1.0825E0,1.1325E0,7.238E0));
#1248=LINE('',#1247,#1246);
#1249=DIRECTION('',(1.E0,0.E0,0.E0));
#1250=VECTOR('',#1249,3.35E-1);
#1251=CARTESIAN_POINT('',(1.0825E0,1.3725E0,7.238E0));
#1252=LINE('',#1251,#1250);
#1253=DIRECTION('',(-1.789649958816E-1,2.386199945088E-1,9.544799780350E-1));
#1254=VECTOR('',#1253,8.381527307120E-1);
#1255=CARTESIAN_POINT('',(1.5675E0,-1.5725E0,6.438E0));
#1256=LINE('',#1255,#1254);
#1257=DIRECTION('',(-1.789649958816E-1,-2.386199945088E-1,-9.544799780350E-1));
#1258=VECTOR('',#1257,8.381527307120E-1);
#1259=CARTESIAN_POINT('',(1.0825E0,-1.3725E0,7.238E0));
#1260=LINE('',#1259,#1258);
#1261=DIRECTION('',(1.E0,0.E0,0.E0));
#1262=VECTOR('',#1261,3.35E-1);
#1263=CARTESIAN_POINT('',(1.0825E0,-1.3725E0,7.238E0));
#1264=LINE('',#1263,#1262);
#1265=DIRECTION('',(1.E0,0.E0,0.E0));
#1266=VECTOR('',#1265,6.35E-1);
#1267=CARTESIAN_POINT('',(9.325E-1,-1.5725E0,6.438E0));
#1268=LINE('',#1267,#1266);
#1269=DIRECTION('',(1.789649958816E-1,2.386199945088E-1,-9.544799780350E-1));
#1270=VECTOR('',#1269,8.381527307120E-1);
#1271=CARTESIAN_POINT('',(1.4175E0,-1.1325E0,7.238E0));
#1272=LINE('',#1271,#1270);
#1273=DIRECTION('',(1.789649958816E-1,-2.386199945088E-1,9.544799780350E-1));
#1274=VECTOR('',#1273,8.381527307120E-1);
#1275=CARTESIAN_POINT('',(9.325E-1,-9.325E-1,6.438E0));
#1276=LINE('',#1275,#1274);
#1277=DIRECTION('',(1.E0,0.E0,0.E0));
#1278=VECTOR('',#1277,6.35E-1);
#1279=CARTESIAN_POINT('',(9.325E-1,-9.325E-1,6.438E0));
#1280=LINE('',#1279,#1278);
#1281=DIRECTION('',(0.E0,-1.E0,0.E0));
#1282=VECTOR('',#1281,2.4E-1);
#1283=CARTESIAN_POINT('',(1.4175E0,-1.1325E0,7.238E0));
#1284=LINE('',#1283,#1282);
#1285=DIRECTION('',(0.E0,1.E0,0.E0));
#1286=VECTOR('',#1285,2.4E-1);
#1287=CARTESIAN_POINT('',(1.0825E0,-1.3725E0,7.238E0));
#1288=LINE('',#1287,#1286);
#1289=DIRECTION('',(1.E0,0.E0,0.E0));
#1290=VECTOR('',#1289,3.35E-1);
#1291=CARTESIAN_POINT('',(1.0825E0,-1.1325E0,7.238E0));
#1292=LINE('',#1291,#1290);
#1293=DIRECTION('',(0.E0,0.E0,-1.E0));
#1294=VECTOR('',#1293,6.E0);
#1295=CARTESIAN_POINT('',(1.33E0,2.645E0,8.69E0));
#1296=LINE('',#1295,#1294);
#1297=DIRECTION('',(0.E0,0.E0,-1.E0));
#1298=VECTOR('',#1297,6.E0);
#1299=CARTESIAN_POINT('',(-1.33E0,2.645E0,8.69E0));
#1300=LINE('',#1299,#1298);
#1301=DIRECTION('',(0.E0,0.E0,-1.E0));
#1302=VECTOR('',#1301,6.E0);
#1303=CARTESIAN_POINT('',(-2.3E0,2.345E0,8.69E0));
#1304=LINE('',#1303,#1302);
#1305=DIRECTION('',(0.E0,0.E0,-1.E0));
#1306=VECTOR('',#1305,6.E0);
#1307=CARTESIAN_POINT('',(-1.33E0,2.345E0,8.69E0));
#1308=LINE('',#1307,#1306);
#1309=DIRECTION('',(0.E0,1.E0,0.E0));
#1310=VECTOR('',#1309,1.195E0);
#1311=CARTESIAN_POINT('',(-2.3E0,2.345E0,8.69E0));
#1312=LINE('',#1311,#1310);
#1313=DIRECTION('',(0.E0,0.E0,-1.E0));
#1314=VECTOR('',#1313,8.35E0);
#1315=CARTESIAN_POINT('',(-2.3E0,5.E0,1.015E1));
#1316=LINE('',#1315,#1314);
#1317=DIRECTION('',(-1.E0,0.E0,0.E0));
#1318=VECTOR('',#1317,4.6E0);
#1319=CARTESIAN_POINT('',(2.3E0,2.99E0,2.69E0));
#1320=LINE('',#1319,#1318);
#1321=DIRECTION('',(0.E0,0.E0,-1.E0));
#1322=VECTOR('',#1321,8.9E-1);
#1323=CARTESIAN_POINT('',(-2.3E0,2.99E0,2.69E0));
#1324=LINE('',#1323,#1322);
#1325=DIRECTION('',(1.E0,0.E0,0.E0));
#1326=VECTOR('',#1325,5.E-1);
#1327=CARTESIAN_POINT('',(-2.8E0,2.99E0,1.8E0));
#1328=LINE('',#1327,#1326);
#1329=DIRECTION('',(0.E0,0.E0,-1.E0));
#1330=VECTOR('',#1329,6.89E0);
#1331=CARTESIAN_POINT('',(-2.8E0,2.99E0,8.69E0));
#1332=LINE('',#1331,#1330);
#1333=DIRECTION('',(1.E0,0.E0,0.E0));
#1334=VECTOR('',#1333,2.E-1);
#1335=CARTESIAN_POINT('',(-3.E0,2.99E0,8.69E0));
#1336=LINE('',#1335,#1334);
#1337=DIRECTION('',(0.E0,0.E0,-1.E0));
#1338=VECTOR('',#1337,5.368763349561E0);
#1339=CARTESIAN_POINT('',(-3.E0,2.99E0,8.69E0));
#1340=LINE('',#1339,#1338);
#1341=DIRECTION('',(-5.E-1,0.E0,-8.660254037844E-1));
#1342=VECTOR('',#1341,2.23E0);
#1343=CARTESIAN_POINT('',(-3.E0,2.99E0,3.321236650439E0));
#1344=LINE('',#1343,#1342);
#1345=DIRECTION('',(0.E0,0.E0,1.E0));
#1346=VECTOR('',#1345,1.39E0);
#1347=CARTESIAN_POINT('',(-4.115E0,2.99E0,0.E0));
#1348=LINE('',#1347,#1346);
#1349=DIRECTION('',(-1.E0,0.E0,0.E0));
#1350=VECTOR('',#1349,8.23E0);
#1351=CARTESIAN_POINT('',(4.115E0,2.99E0,0.E0));
#1352=LINE('',#1351,#1350);
#1353=DIRECTION('',(0.E0,0.E0,-1.E0));
#1354=VECTOR('',#1353,1.39E0);
#1355=CARTESIAN_POINT('',(4.115E0,2.99E0,1.39E0));
#1356=LINE('',#1355,#1354);
#1357=DIRECTION('',(-5.E-1,0.E0,8.660254037844E-1));
#1358=VECTOR('',#1357,2.23E0);
#1359=CARTESIAN_POINT('',(4.115E0,2.99E0,1.39E0));
#1360=LINE('',#1359,#1358);
#1361=DIRECTION('',(0.E0,0.E0,-1.E0));
#1362=VECTOR('',#1361,5.368763349561E0);
#1363=CARTESIAN_POINT('',(3.E0,2.99E0,8.69E0));
#1364=LINE('',#1363,#1362);
#1365=DIRECTION('',(1.E0,0.E0,0.E0));
#1366=VECTOR('',#1365,2.E-1);
#1367=CARTESIAN_POINT('',(2.8E0,2.99E0,8.69E0));
#1368=LINE('',#1367,#1366);
#1369=DIRECTION('',(0.E0,0.E0,-1.E0));
#1370=VECTOR('',#1369,6.89E0);
#1371=CARTESIAN_POINT('',(2.8E0,2.99E0,8.69E0));
#1372=LINE('',#1371,#1370);
#1373=DIRECTION('',(1.E0,0.E0,0.E0));
#1374=VECTOR('',#1373,5.E-1);
#1375=CARTESIAN_POINT('',(2.3E0,2.99E0,1.8E0));
#1376=LINE('',#1375,#1374);
#1377=DIRECTION('',(0.E0,-1.E0,0.E0));
#1378=VECTOR('',#1377,9.E-1);
#1379=CARTESIAN_POINT('',(1.25E0,5.9E0,1.8E0));
#1380=LINE('',#1379,#1378);
#1381=DIRECTION('',(-1.E0,0.E0,0.E0));
#1382=VECTOR('',#1381,1.05E0);
#1383=CARTESIAN_POINT('',(2.3E0,5.E0,1.8E0));
#1384=LINE('',#1383,#1382);
#1385=DIRECTION('',(0.E0,1.E0,0.E0));
#1386=VECTOR('',#1385,2.01E0);
#1387=CARTESIAN_POINT('',(2.3E0,2.99E0,1.8E0));
#1388=LINE('',#1387,#1386);
#1389=DIRECTION('',(0.E0,1.E0,0.E0));
#1390=VECTOR('',#1389,2.01E0);
#1391=CARTESIAN_POINT('',(-2.3E0,2.99E0,1.8E0));
#1392=LINE('',#1391,#1390);
#1393=DIRECTION('',(-1.E0,0.E0,0.E0));
#1394=VECTOR('',#1393,1.05E0);
#1395=CARTESIAN_POINT('',(-1.25E0,5.E0,1.8E0));
#1396=LINE('',#1395,#1394);
#1397=DIRECTION('',(0.E0,1.E0,0.E0));
#1398=VECTOR('',#1397,9.E-1);
#1399=CARTESIAN_POINT('',(-1.25E0,5.E0,1.8E0));
#1400=LINE('',#1399,#1398);
#1401=DIRECTION('',(1.E0,0.E0,0.E0));
#1402=VECTOR('',#1401,2.5E0);
#1403=CARTESIAN_POINT('',(-1.25E0,5.9E0,1.8E0));
#1404=LINE('',#1403,#1402);
#1405=DIRECTION('',(0.E0,0.E0,1.E0));
#1406=VECTOR('',#1405,7.05E0);
#1407=CARTESIAN_POINT('',(1.25E0,5.9E0,1.8E0));
#1408=LINE('',#1407,#1406);
#1409=DIRECTION('',(0.E0,0.E0,1.E0));
#1410=VECTOR('',#1409,7.05E0);
#1411=CARTESIAN_POINT('',(-1.25E0,5.9E0,1.8E0));
#1412=LINE('',#1411,#1410);
#1413=DIRECTION('',(-1.E0,0.E0,0.E0));
#1414=VECTOR('',#1413,2.5E0);
#1415=CARTESIAN_POINT('',(1.25E0,5.E0,8.85E0));
#1416=LINE('',#1415,#1414);
#1417=DIRECTION('',(0.E0,0.E0,1.E0));
#1418=VECTOR('',#1417,7.05E0);
#1419=CARTESIAN_POINT('',(-1.25E0,5.E0,1.8E0));
#1420=LINE('',#1419,#1418);
#1421=DIRECTION('',(0.E0,0.E0,-1.E0));
#1422=VECTOR('',#1421,8.35E0);
#1423=CARTESIAN_POINT('',(2.3E0,5.E0,1.015E1));
#1424=LINE('',#1423,#1422);
#1425=DIRECTION('',(0.E0,0.E0,1.E0));
#1426=VECTOR('',#1425,7.05E0);
#1427=CARTESIAN_POINT('',(1.25E0,5.E0,1.8E0));
#1428=LINE('',#1427,#1426);
#1429=DIRECTION('',(0.E0,-1.E0,0.E0));
#1430=VECTOR('',#1429,9.E-1);
#1431=CARTESIAN_POINT('',(1.25E0,5.9E0,8.85E0));
#1432=LINE('',#1431,#1430);
#1433=DIRECTION('',(-1.E0,0.E0,0.E0));
#1434=VECTOR('',#1433,2.5E0);
#1435=CARTESIAN_POINT('',(1.25E0,5.9E0,8.85E0));
#1436=LINE('',#1435,#1434);
#1437=DIRECTION('',(0.E0,1.E0,0.E0));
#1438=VECTOR('',#1437,9.E-1);
#1439=CARTESIAN_POINT('',(-1.25E0,5.E0,8.85E0));
#1440=LINE('',#1439,#1438);
#1441=DIRECTION('',(-1.E0,0.E0,0.E0));
#1442=VECTOR('',#1441,4.6E0);
#1443=CARTESIAN_POINT('',(2.3E0,5.E0,1.015E1));
#1444=LINE('',#1443,#1442);
#1445=DIRECTION('',(1.E0,0.E0,0.E0));
#1446=VECTOR('',#1445,5.6E0);
#1447=CARTESIAN_POINT('',(-2.8E0,6.2E0,1.015E1));
#1448=LINE('',#1447,#1446);
#1449=DIRECTION('',(0.E0,7.071067811865E-1,7.071067811865E-1));
#1450=VECTOR('',#1449,2.064751801065E0);
#1451=CARTESIAN_POINT('',(-2.3E0,3.54E0,8.69E0));
#1452=LINE('',#1451,#1450);
#1453=DIRECTION('',(1.E0,0.E0,0.E0));
#1454=VECTOR('',#1453,5.E-1);
#1455=CARTESIAN_POINT('',(-2.8E0,5.E0,1.015E1));
#1456=LINE('',#1455,#1454);
#1457=DIRECTION('',(0.E0,7.071067811865E-1,7.071067811865E-1));
#1458=VECTOR('',#1457,2.064751801065E0);
#1459=CARTESIAN_POINT('',(2.3E0,3.54E0,8.69E0));
#1460=LINE('',#1459,#1458);
#1461=DIRECTION('',(1.E0,0.E0,0.E0));
#1462=VECTOR('',#1461,5.E-1);
#1463=CARTESIAN_POINT('',(2.3E0,5.E0,1.015E1));
#1464=LINE('',#1463,#1462);
#1465=DIRECTION('',(0.E0,1.E0,0.E0));
#1466=VECTOR('',#1465,3.21E0);
#1467=CARTESIAN_POINT('',(-2.8E0,2.99E0,1.8E0));
#1468=LINE('',#1467,#1466);
#1469=DIRECTION('',(0.E0,0.E0,1.E0));
#1470=VECTOR('',#1469,8.35E0);
#1471=CARTESIAN_POINT('',(-2.8E0,6.2E0,1.8E0));
#1472=LINE('',#1471,#1470);
#1473=DIRECTION('',(0.E0,-1.E0,0.E0));
#1474=VECTOR('',#1473,1.2E0);
#1475=CARTESIAN_POINT('',(-2.8E0,6.2E0,1.015E1));
#1476=LINE('',#1475,#1474);
#1477=DIRECTION('',(0.E0,-7.071067811865E-1,-7.071067811865E-1));
#1478=VECTOR('',#1477,2.064751801065E0);
#1479=CARTESIAN_POINT('',(-2.8E0,5.E0,1.015E1));
#1480=LINE('',#1479,#1478);
#1481=DIRECTION('',(0.E0,-1.E0,0.E0));
#1482=VECTOR('',#1481,5.5E-1);
#1483=CARTESIAN_POINT('',(-2.8E0,3.54E0,8.69E0));
#1484=LINE('',#1483,#1482);
#1485=DIRECTION('',(1.E0,0.E0,0.E0));
#1486=VECTOR('',#1485,5.6E0);
#1487=CARTESIAN_POINT('',(-2.8E0,6.2E0,1.8E0));
#1488=LINE('',#1487,#1486);
#1489=DIRECTION('',(0.E0,-1.E0,0.E0));
#1490=VECTOR('',#1489,5.5E-1);
#1491=CARTESIAN_POINT('',(2.8E0,3.54E0,8.69E0));
#1492=LINE('',#1491,#1490);
#1493=DIRECTION('',(0.E0,-7.071067811865E-1,-7.071067811865E-1));
#1494=VECTOR('',#1493,2.064751801065E0);
#1495=CARTESIAN_POINT('',(2.8E0,5.E0,1.015E1));
#1496=LINE('',#1495,#1494);
#1497=DIRECTION('',(0.E0,-1.E0,0.E0));
#1498=VECTOR('',#1497,1.2E0);
#1499=CARTESIAN_POINT('',(2.8E0,6.2E0,1.015E1));
#1500=LINE('',#1499,#1498);
#1501=DIRECTION('',(0.E0,0.E0,1.E0));
#1502=VECTOR('',#1501,8.35E0);
#1503=CARTESIAN_POINT('',(2.8E0,6.2E0,1.8E0));
#1504=LINE('',#1503,#1502);
#1505=DIRECTION('',(0.E0,1.E0,0.E0));
#1506=VECTOR('',#1505,3.21E0);
#1507=CARTESIAN_POINT('',(2.8E0,2.99E0,1.8E0));
#1508=LINE('',#1507,#1506);
#1509=DIRECTION('',(0.E0,0.E0,1.E0));
#1510=VECTOR('',#1509,5.368763349561E0);
#1511=CARTESIAN_POINT('',(3.E0,1.74E0,3.321236650439E0));
#1512=LINE('',#1511,#1510);
#1513=DIRECTION('',(-5.E-1,0.E0,8.660254037844E-1));
#1514=VECTOR('',#1513,2.23E0);
#1515=CARTESIAN_POINT('',(4.115E0,1.74E0,1.39E0));
#1516=LINE('',#1515,#1514);
#1517=DIRECTION('',(-5.E-1,0.E0,-8.660254037844E-1));
#1518=VECTOR('',#1517,2.23E0);
#1519=CARTESIAN_POINT('',(-3.E0,1.74E0,3.321236650439E0));
#1520=LINE('',#1519,#1518);
#1521=DIRECTION('',(0.E0,0.E0,-1.E0));
#1522=VECTOR('',#1521,5.368763349561E0);
#1523=CARTESIAN_POINT('',(-3.E0,1.74E0,8.69E0));
#1524=LINE('',#1523,#1522);
#1525=DIRECTION('',(0.E0,-1.E0,0.E0));
#1526=VECTOR('',#1525,1.25E0);
#1527=CARTESIAN_POINT('',(3.E0,2.99E0,3.321236650439E0));
#1528=LINE('',#1527,#1526);
#1529=DIRECTION('',(0.E0,-1.E0,0.E0));
#1530=VECTOR('',#1529,1.25E0);
#1531=CARTESIAN_POINT('',(-3.E0,2.99E0,3.321236650439E0));
#1532=LINE('',#1531,#1530);
#1533=DIRECTION('',(1.E0,0.E0,0.E0));
#1534=VECTOR('',#1533,2.22E0);
#1535=CARTESIAN_POINT('',(-2.36E0,1.55E-1,2.69E0));
#1536=LINE('',#1535,#1534);
#1537=DIRECTION('',(1.789649958816E-1,2.386199945088E-1,-9.544799780350E-1));
#1538=VECTOR('',#1537,8.381527307120E-1);
#1539=CARTESIAN_POINT('',(-1.0825E0,1.3725E0,7.238E0));
#1540=LINE('',#1539,#1538);
#1541=DIRECTION('',(1.789649958816E-1,-2.386199945088E-1,9.544799780350E-1));
#1542=VECTOR('',#1541,8.381527307120E-1);
#1543=CARTESIAN_POINT('',(-1.5675E0,1.5725E0,6.438E0));
#1544=LINE('',#1543,#1542);
#1545=DIRECTION('',(1.E0,0.E0,0.E0));
#1546=VECTOR('',#1545,6.35E-1);
#1547=CARTESIAN_POINT('',(-1.5675E0,1.5725E0,6.438E0));
#1548=LINE('',#1547,#1546);
#1549=DIRECTION('',(0.E0,-1.E0,0.E0));
#1550=VECTOR('',#1549,2.4E-1);
#1551=CARTESIAN_POINT('',(-1.0825E0,1.3725E0,7.238E0));
#1552=LINE('',#1551,#1550);
#1553=DIRECTION('',(0.E0,1.E0,0.E0));
#1554=VECTOR('',#1553,2.4E-1);
#1555=CARTESIAN_POINT('',(-1.4175E0,1.1325E0,7.238E0));
#1556=LINE('',#1555,#1554);
#1557=DIRECTION('',(1.E0,0.E0,0.E0));
#1558=VECTOR('',#1557,3.35E-1);
#1559=CARTESIAN_POINT('',(-1.4175E0,1.3725E0,7.238E0));
#1560=LINE('',#1559,#1558);
#1561=DIRECTION('',(-1.789649958816E-1,2.386199945088E-1,9.544799780350E-1));
#1562=VECTOR('',#1561,8.381527307120E-1);
#1563=CARTESIAN_POINT('',(-9.325E-1,-1.5725E0,6.438E0));
#1564=LINE('',#1563,#1562);
#1565=DIRECTION('',(-1.789649958816E-1,-2.386199945088E-1,-9.544799780350E-1));
#1566=VECTOR('',#1565,8.381527307120E-1);
#1567=CARTESIAN_POINT('',(-1.4175E0,-1.3725E0,7.238E0));
#1568=LINE('',#1567,#1566);
#1569=DIRECTION('',(1.E0,0.E0,0.E0));
#1570=VECTOR('',#1569,3.35E-1);
#1571=CARTESIAN_POINT('',(-1.4175E0,-1.3725E0,7.238E0));
#1572=LINE('',#1571,#1570);
#1573=DIRECTION('',(1.E0,0.E0,0.E0));
#1574=VECTOR('',#1573,6.35E-1);
#1575=CARTESIAN_POINT('',(-1.5675E0,-1.5725E0,6.438E0));
#1576=LINE('',#1575,#1574);
#1577=DIRECTION('',(1.789649958816E-1,2.386199945088E-1,-9.544799780350E-1));
#1578=VECTOR('',#1577,8.381527307120E-1);
#1579=CARTESIAN_POINT('',(-1.0825E0,-1.1325E0,7.238E0));
#1580=LINE('',#1579,#1578);
#1581=DIRECTION('',(1.789649958816E-1,-2.386199945088E-1,9.544799780350E-1));
#1582=VECTOR('',#1581,8.381527307120E-1);
#1583=CARTESIAN_POINT('',(-1.5675E0,-9.325E-1,6.438E0));
#1584=LINE('',#1583,#1582);
#1585=DIRECTION('',(1.E0,0.E0,0.E0));
#1586=VECTOR('',#1585,6.35E-1);
#1587=CARTESIAN_POINT('',(-1.5675E0,-9.325E-1,6.438E0));
#1588=LINE('',#1587,#1586);
#1589=DIRECTION('',(0.E0,-1.E0,0.E0));
#1590=VECTOR('',#1589,2.4E-1);
#1591=CARTESIAN_POINT('',(-1.0825E0,-1.1325E0,7.238E0));
#1592=LINE('',#1591,#1590);
#1593=DIRECTION('',(0.E0,1.E0,0.E0));
#1594=VECTOR('',#1593,2.4E-1);
#1595=CARTESIAN_POINT('',(-1.4175E0,-1.3725E0,7.238E0));
#1596=LINE('',#1595,#1594);
#1597=DIRECTION('',(1.E0,0.E0,0.E0));
#1598=VECTOR('',#1597,3.35E-1);
#1599=CARTESIAN_POINT('',(-1.4175E0,-1.1325E0,7.238E0));
#1600=LINE('',#1599,#1598);
#1601=DIRECTION('',(0.E0,1.E0,0.E0));
#1602=VECTOR('',#1601,1.25E0);
#1603=CARTESIAN_POINT('',(3.E0,-2.99E0,3.321236650439E0));
#1604=LINE('',#1603,#1602);
#1605=DIRECTION('',(0.E0,-9.612616959383E-1,-2.756373558170E-1));
#1606=VECTOR('',#1605,1.342343453061E0);
#1607=CARTESIAN_POINT('',(-3.305E0,-1.429656655779E0,0.E0));
#1608=LINE('',#1607,#1606);
#1609=DIRECTION('',(0.E0,-1.E0,0.E0));
#1610=VECTOR('',#1609,1.63E0);
#1611=CARTESIAN_POINT('',(-3.305E0,-2.72E0,-3.7E-1));
#1612=LINE('',#1611,#1610);
#1613=CARTESIAN_POINT('',(-3.305E0,-4.35E0,-5.7E-1));
#1614=DIRECTION('',(1.E0,0.E0,0.E0));
#1615=DIRECTION('',(0.E0,0.E0,1.E0));
#1616=AXIS2_PLACEMENT_3D('',#1613,#1614,#1615);
#1618=DIRECTION('',(0.E0,0.E0,-1.E0));
#1619=VECTOR('',#1618,2.4E-1);
#1620=CARTESIAN_POINT('',(-3.305E0,-4.55E0,-5.7E-1));
#1621=LINE('',#1620,#1619);
#1622=CARTESIAN_POINT('',(-3.305E0,-4.35E0,-8.1E-1));
#1623=DIRECTION('',(1.E0,0.E0,0.E0));
#1624=DIRECTION('',(0.E0,-1.E0,0.E0));
#1625=AXIS2_PLACEMENT_3D('',#1622,#1623,#1624);
#1627=DIRECTION('',(0.E0,1.E0,0.E0));
#1628=VECTOR('',#1627,1.7E0);
#1629=CARTESIAN_POINT('',(-3.305E0,-4.35E0,-1.01E0));
#1630=LINE('',#1629,#1628);
#1631=DIRECTION('',(0.E0,9.812254013659E-1,1.928644905481E-1));
#1632=VECTOR('',#1631,2.151463184177E0);
#1633=CARTESIAN_POINT('',(-3.305E0,-2.65E0,-1.01E0));
#1634=LINE('',#1633,#1632);
#1635=CARTESIAN_POINT('',(-3.305E0,-5.1E-1,-7.422429592557E-1));
#1636=DIRECTION('',(-1.E0,0.E0,0.E0));
#1637=DIRECTION('',(0.E0,-1.928644905481E-1,9.812254013659E-1));
#1638=AXIS2_PLACEMENT_3D('',#1635,#1636,#1637);
#1640=DIRECTION('',(0.E0,0.E0,-1.E0));
#1641=VECTOR('',#1640,7.757040744343E-3);
#1642=CARTESIAN_POINT('',(-3.305E0,-3.6E-1,-7.422429592557E-1));
#1643=LINE('',#1642,#1641);
#1644=DIRECTION('',(0.E0,1.E0,0.E0));
#1645=VECTOR('',#1644,7.2E-1);
#1646=CARTESIAN_POINT('',(-3.305E0,-3.6E-1,-7.5E-1));
#1647=LINE('',#1646,#1645);
#1648=DIRECTION('',(0.E0,0.E0,1.E0));
#1649=VECTOR('',#1648,7.757040744343E-3);
#1650=CARTESIAN_POINT('',(-3.305E0,3.6E-1,-7.5E-1));
#1651=LINE('',#1650,#1649);
#1652=CARTESIAN_POINT('',(-3.305E0,5.1E-1,-7.422429592557E-1));
#1653=DIRECTION('',(-1.E0,0.E0,0.E0));
#1654=DIRECTION('',(0.E0,-1.E0,0.E0));
#1655=AXIS2_PLACEMENT_3D('',#1652,#1653,#1654);
#1657=DIRECTION('',(0.E0,9.812254013659E-1,-1.928644905481E-1));
#1658=VECTOR('',#1657,2.151463184177E0);
#1659=CARTESIAN_POINT('',(-3.305E0,5.389296735822E-1,-5.950591490508E-1));
#1660=LINE('',#1659,#1658);
#1661=DIRECTION('',(0.E0,1.E0,0.E0));
#1662=VECTOR('',#1661,1.7E0);
#1663=CARTESIAN_POINT('',(-3.305E0,2.65E0,-1.01E0));
#1664=LINE('',#1663,#1662);
#1665=CARTESIAN_POINT('',(-3.305E0,4.35E0,-8.1E-1));
#1666=DIRECTION('',(1.E0,0.E0,0.E0));
#1667=DIRECTION('',(0.E0,0.E0,-1.E0));
#1668=AXIS2_PLACEMENT_3D('',#1665,#1666,#1667);
#1670=DIRECTION('',(0.E0,0.E0,1.E0));
#1671=VECTOR('',#1670,2.4E-1);
#1672=CARTESIAN_POINT('',(-3.305E0,4.55E0,-8.1E-1));
#1673=LINE('',#1672,#1671);
#1674=CARTESIAN_POINT('',(-3.305E0,4.35E0,-5.7E-1));
#1675=DIRECTION('',(1.E0,0.E0,0.E0));
#1676=DIRECTION('',(0.E0,1.E0,0.E0));
#1677=AXIS2_PLACEMENT_3D('',#1674,#1675,#1676);
#1679=DIRECTION('',(0.E0,-1.E0,0.E0));
#1680=VECTOR('',#1679,1.63E0);
#1681=CARTESIAN_POINT('',(-3.305E0,4.35E0,-3.7E-1));
#1682=LINE('',#1681,#1680);
#1683=DIRECTION('',(0.E0,-9.612616959383E-1,2.756373558170E-1));
#1684=VECTOR('',#1683,1.342343453061E0);
#1685=CARTESIAN_POINT('',(-3.305E0,2.72E0,-3.7E-1));
#1686=LINE('',#1685,#1684);
#1687=DIRECTION('',(0.E0,-9.612616959383E-1,2.756373558170E-1));
#1688=VECTOR('',#1687,1.342343453061E0);
#1689=CARTESIAN_POINT('',(-2.805E0,2.72E0,-3.7E-1));
#1690=LINE('',#1689,#1688);
#1691=DIRECTION('',(0.E0,-1.E0,0.E0));
#1692=VECTOR('',#1691,1.63E0);
#1693=CARTESIAN_POINT('',(-2.805E0,4.35E0,-3.7E-1));
#1694=LINE('',#1693,#1692);
#1695=CARTESIAN_POINT('',(-2.805E0,4.35E0,-5.7E-1));
#1696=DIRECTION('',(1.E0,0.E0,0.E0));
#1697=DIRECTION('',(0.E0,1.E0,0.E0));
#1698=AXIS2_PLACEMENT_3D('',#1695,#1696,#1697);
#1700=DIRECTION('',(0.E0,0.E0,1.E0));
#1701=VECTOR('',#1700,2.4E-1);
#1702=CARTESIAN_POINT('',(-2.805E0,4.55E0,-8.1E-1));
#1703=LINE('',#1702,#1701);
#1704=CARTESIAN_POINT('',(-2.805E0,4.35E0,-8.1E-1));
#1705=DIRECTION('',(1.E0,0.E0,0.E0));
#1706=DIRECTION('',(0.E0,0.E0,-1.E0));
#1707=AXIS2_PLACEMENT_3D('',#1704,#1705,#1706);
#1709=DIRECTION('',(0.E0,1.E0,0.E0));
#1710=VECTOR('',#1709,1.7E0);
#1711=CARTESIAN_POINT('',(-2.805E0,2.65E0,-1.01E0));
#1712=LINE('',#1711,#1710);
#1713=DIRECTION('',(0.E0,9.812254013659E-1,-1.928644905481E-1));
#1714=VECTOR('',#1713,2.151463184177E0);
#1715=CARTESIAN_POINT('',(-2.805E0,5.389296735822E-1,-5.950591490508E-1));
#1716=LINE('',#1715,#1714);
#1717=CARTESIAN_POINT('',(-2.805E0,5.1E-1,-7.422429592557E-1));
#1718=DIRECTION('',(-1.E0,0.E0,0.E0));
#1719=DIRECTION('',(0.E0,-1.E0,0.E0));
#1720=AXIS2_PLACEMENT_3D('',#1717,#1718,#1719);
#1722=DIRECTION('',(0.E0,0.E0,1.E0));
#1723=VECTOR('',#1722,7.757040744343E-3);
#1724=CARTESIAN_POINT('',(-2.805E0,3.6E-1,-7.5E-1));
#1725=LINE('',#1724,#1723);
#1726=DIRECTION('',(0.E0,1.E0,0.E0));
#1727=VECTOR('',#1726,7.2E-1);
#1728=CARTESIAN_POINT('',(-2.805E0,-3.6E-1,-7.5E-1));
#1729=LINE('',#1728,#1727);
#1730=DIRECTION('',(0.E0,0.E0,-1.E0));
#1731=VECTOR('',#1730,7.757040744343E-3);
#1732=CARTESIAN_POINT('',(-2.805E0,-3.6E-1,-7.422429592557E-1));
#1733=LINE('',#1732,#1731);
#1734=CARTESIAN_POINT('',(-2.805E0,-5.1E-1,-7.422429592557E-1));
#1735=DIRECTION('',(-1.E0,0.E0,0.E0));
#1736=DIRECTION('',(0.E0,-1.928644905481E-1,9.812254013659E-1));
#1737=AXIS2_PLACEMENT_3D('',#1734,#1735,#1736);
#1739=DIRECTION('',(0.E0,9.812254013659E-1,1.928644905481E-1));
#1740=VECTOR('',#1739,2.151463184177E0);
#1741=CARTESIAN_POINT('',(-2.805E0,-2.65E0,-1.01E0));
#1742=LINE('',#1741,#1740);
#1743=DIRECTION('',(0.E0,1.E0,0.E0));
#1744=VECTOR('',#1743,1.7E0);
#1745=CARTESIAN_POINT('',(-2.805E0,-4.35E0,-1.01E0));
#1746=LINE('',#1745,#1744);
#1747=CARTESIAN_POINT('',(-2.805E0,-4.35E0,-8.1E-1));
#1748=DIRECTION('',(1.E0,0.E0,0.E0));
#1749=DIRECTION('',(0.E0,-1.E0,0.E0));
#1750=AXIS2_PLACEMENT_3D('',#1747,#1748,#1749);
#1752=DIRECTION('',(0.E0,0.E0,-1.E0));
#1753=VECTOR('',#1752,2.4E-1);
#1754=CARTESIAN_POINT('',(-2.805E0,-4.55E0,-5.7E-1));
#1755=LINE('',#1754,#1753);
#1756=CARTESIAN_POINT('',(-2.805E0,-4.35E0,-5.7E-1));
#1757=DIRECTION('',(1.E0,0.E0,0.E0));
#1758=DIRECTION('',(0.E0,0.E0,1.E0));
#1759=AXIS2_PLACEMENT_3D('',#1756,#1757,#1758);
#1761=DIRECTION('',(0.E0,-1.E0,0.E0));
#1762=VECTOR('',#1761,1.63E0);
#1763=CARTESIAN_POINT('',(-2.805E0,-2.72E0,-3.7E-1));
#1764=LINE('',#1763,#1762);
#1765=DIRECTION('',(0.E0,-9.612616959383E-1,-2.756373558170E-1));
#1766=VECTOR('',#1765,1.342343453061E0);
#1767=CARTESIAN_POINT('',(-2.805E0,-1.429656655779E0,0.E0));
#1768=LINE('',#1767,#1766);
#1769=DIRECTION('',(1.E0,0.E0,0.E0));
#1770=VECTOR('',#1769,5.E-1);
#1771=CARTESIAN_POINT('',(-3.305E0,2.72E0,-3.7E-1));
#1772=LINE('',#1771,#1770);
#1773=DIRECTION('',(1.E0,0.E0,0.E0));
#1774=VECTOR('',#1773,5.E-1);
#1775=CARTESIAN_POINT('',(-3.305E0,4.35E0,-3.7E-1));
#1776=LINE('',#1775,#1774);
#1777=DIRECTION('',(1.E0,0.E0,0.E0));
#1778=VECTOR('',#1777,5.E-1);
#1779=CARTESIAN_POINT('',(-3.305E0,4.55E0,-5.7E-1));
#1780=LINE('',#1779,#1778);
#1781=DIRECTION('',(1.E0,0.E0,0.E0));
#1782=VECTOR('',#1781,5.E-1);
#1783=CARTESIAN_POINT('',(-3.305E0,4.55E0,-8.1E-1));
#1784=LINE('',#1783,#1782);
#1785=DIRECTION('',(1.E0,0.E0,0.E0));
#1786=VECTOR('',#1785,5.E-1);
#1787=CARTESIAN_POINT('',(-3.305E0,4.35E0,-1.01E0));
#1788=LINE('',#1787,#1786);
#1789=DIRECTION('',(1.E0,0.E0,0.E0));
#1790=VECTOR('',#1789,5.E-1);
#1791=CARTESIAN_POINT('',(-3.305E0,2.65E0,-1.01E0));
#1792=LINE('',#1791,#1790);
#1793=DIRECTION('',(1.E0,0.E0,0.E0));
#1794=VECTOR('',#1793,5.E-1);
#1795=CARTESIAN_POINT('',(-3.305E0,5.389296735822E-1,-5.950591490508E-1));
#1796=LINE('',#1795,#1794);
#1797=DIRECTION('',(1.E0,0.E0,0.E0));
#1798=VECTOR('',#1797,5.E-1);
#1799=CARTESIAN_POINT('',(-3.305E0,3.6E-1,-7.422429592557E-1));
#1800=LINE('',#1799,#1798);
#1801=DIRECTION('',(1.E0,0.E0,0.E0));
#1802=VECTOR('',#1801,5.E-1);
#1803=CARTESIAN_POINT('',(-3.305E0,3.6E-1,-7.5E-1));
#1804=LINE('',#1803,#1802);
#1805=DIRECTION('',(1.E0,0.E0,0.E0));
#1806=VECTOR('',#1805,5.E-1);
#1807=CARTESIAN_POINT('',(-3.305E0,-3.6E-1,-7.5E-1));
#1808=LINE('',#1807,#1806);
#1809=DIRECTION('',(1.E0,0.E0,0.E0));
#1810=VECTOR('',#1809,5.E-1);
#1811=CARTESIAN_POINT('',(-3.305E0,-3.6E-1,-7.422429592557E-1));
#1812=LINE('',#1811,#1810);
#1813=DIRECTION('',(1.E0,0.E0,0.E0));
#1814=VECTOR('',#1813,5.E-1);
#1815=CARTESIAN_POINT('',(-3.305E0,-5.389296735822E-1,-5.950591490508E-1));
#1816=LINE('',#1815,#1814);
#1817=DIRECTION('',(1.E0,0.E0,0.E0));
#1818=VECTOR('',#1817,5.E-1);
#1819=CARTESIAN_POINT('',(-3.305E0,-2.65E0,-1.01E0));
#1820=LINE('',#1819,#1818);
#1821=DIRECTION('',(1.E0,0.E0,0.E0));
#1822=VECTOR('',#1821,5.E-1);
#1823=CARTESIAN_POINT('',(-3.305E0,-4.35E0,-1.01E0));
#1824=LINE('',#1823,#1822);
#1825=DIRECTION('',(1.E0,0.E0,0.E0));
#1826=VECTOR('',#1825,5.E-1);
#1827=CARTESIAN_POINT('',(-3.305E0,-4.55E0,-8.1E-1));
#1828=LINE('',#1827,#1826);
#1829=DIRECTION('',(1.E0,0.E0,0.E0));
#1830=VECTOR('',#1829,5.E-1);
#1831=CARTESIAN_POINT('',(-3.305E0,-4.55E0,-5.7E-1));
#1832=LINE('',#1831,#1830);
#1833=DIRECTION('',(1.E0,0.E0,0.E0));
#1834=VECTOR('',#1833,5.E-1);
#1835=CARTESIAN_POINT('',(-3.305E0,-4.35E0,-3.7E-1));
#1836=LINE('',#1835,#1834);
#1837=DIRECTION('',(1.E0,0.E0,0.E0));
#1838=VECTOR('',#1837,5.E-1);
#1839=CARTESIAN_POINT('',(-3.305E0,-2.72E0,-3.7E-1));
#1840=LINE('',#1839,#1838);
#1841=DIRECTION('',(0.E0,-9.612616959383E-1,2.756373558170E-1));
#1842=VECTOR('',#1841,1.342343453061E0);
#1843=CARTESIAN_POINT('',(3.305E0,2.72E0,-3.7E-1));
#1844=LINE('',#1843,#1842);
#1845=DIRECTION('',(0.E0,-1.E0,0.E0));
#1846=VECTOR('',#1845,1.63E0);
#1847=CARTESIAN_POINT('',(3.305E0,4.35E0,-3.7E-1));
#1848=LINE('',#1847,#1846);
#1849=CARTESIAN_POINT('',(3.305E0,4.35E0,-5.7E-1));
#1850=DIRECTION('',(1.E0,0.E0,0.E0));
#1851=DIRECTION('',(0.E0,1.E0,0.E0));
#1852=AXIS2_PLACEMENT_3D('',#1849,#1850,#1851);
#1854=DIRECTION('',(0.E0,0.E0,1.E0));
#1855=VECTOR('',#1854,2.4E-1);
#1856=CARTESIAN_POINT('',(3.305E0,4.55E0,-8.1E-1));
#1857=LINE('',#1856,#1855);
#1858=CARTESIAN_POINT('',(3.305E0,4.35E0,-8.1E-1));
#1859=DIRECTION('',(1.E0,0.E0,0.E0));
#1860=DIRECTION('',(0.E0,0.E0,-1.E0));
#1861=AXIS2_PLACEMENT_3D('',#1858,#1859,#1860);
#1863=DIRECTION('',(0.E0,1.E0,0.E0));
#1864=VECTOR('',#1863,1.7E0);
#1865=CARTESIAN_POINT('',(3.305E0,2.65E0,-1.01E0));
#1866=LINE('',#1865,#1864);
#1867=DIRECTION('',(0.E0,9.812254013659E-1,-1.928644905481E-1));
#1868=VECTOR('',#1867,2.151463184177E0);
#1869=CARTESIAN_POINT('',(3.305E0,5.389296735822E-1,-5.950591490508E-1));
#1870=LINE('',#1869,#1868);
#1871=CARTESIAN_POINT('',(3.305E0,5.1E-1,-7.422429592557E-1));
#1872=DIRECTION('',(-1.E0,0.E0,0.E0));
#1873=DIRECTION('',(0.E0,-1.E0,0.E0));
#1874=AXIS2_PLACEMENT_3D('',#1871,#1872,#1873);
#1876=DIRECTION('',(0.E0,0.E0,1.E0));
#1877=VECTOR('',#1876,7.757040744343E-3);
#1878=CARTESIAN_POINT('',(3.305E0,3.6E-1,-7.5E-1));
#1879=LINE('',#1878,#1877);
#1880=DIRECTION('',(0.E0,1.E0,0.E0));
#1881=VECTOR('',#1880,7.2E-1);
#1882=CARTESIAN_POINT('',(3.305E0,-3.6E-1,-7.5E-1));
#1883=LINE('',#1882,#1881);
#1884=DIRECTION('',(0.E0,0.E0,-1.E0));
#1885=VECTOR('',#1884,7.757040744343E-3);
#1886=CARTESIAN_POINT('',(3.305E0,-3.6E-1,-7.422429592557E-1));
#1887=LINE('',#1886,#1885);
#1888=CARTESIAN_POINT('',(3.305E0,-5.1E-1,-7.422429592557E-1));
#1889=DIRECTION('',(-1.E0,0.E0,0.E0));
#1890=DIRECTION('',(0.E0,-1.928644905481E-1,9.812254013659E-1));
#1891=AXIS2_PLACEMENT_3D('',#1888,#1889,#1890);
#1893=DIRECTION('',(0.E0,9.812254013659E-1,1.928644905481E-1));
#1894=VECTOR('',#1893,2.151463184177E0);
#1895=CARTESIAN_POINT('',(3.305E0,-2.65E0,-1.01E0));
#1896=LINE('',#1895,#1894);
#1897=DIRECTION('',(0.E0,1.E0,0.E0));
#1898=VECTOR('',#1897,1.7E0);
#1899=CARTESIAN_POINT('',(3.305E0,-4.35E0,-1.01E0));
#1900=LINE('',#1899,#1898);
#1901=CARTESIAN_POINT('',(3.305E0,-4.35E0,-8.1E-1));
#1902=DIRECTION('',(1.E0,0.E0,0.E0));
#1903=DIRECTION('',(0.E0,-1.E0,0.E0));
#1904=AXIS2_PLACEMENT_3D('',#1901,#1902,#1903);
#1906=DIRECTION('',(0.E0,0.E0,-1.E0));
#1907=VECTOR('',#1906,2.4E-1);
#1908=CARTESIAN_POINT('',(3.305E0,-4.55E0,-5.7E-1));
#1909=LINE('',#1908,#1907);
#1910=CARTESIAN_POINT('',(3.305E0,-4.35E0,-5.7E-1));
#1911=DIRECTION('',(1.E0,0.E0,0.E0));
#1912=DIRECTION('',(0.E0,0.E0,1.E0));
#1913=AXIS2_PLACEMENT_3D('',#1910,#1911,#1912);
#1915=DIRECTION('',(0.E0,-1.E0,0.E0));
#1916=VECTOR('',#1915,1.63E0);
#1917=CARTESIAN_POINT('',(3.305E0,-2.72E0,-3.7E-1));
#1918=LINE('',#1917,#1916);
#1919=DIRECTION('',(0.E0,-9.612616959383E-1,-2.756373558170E-1));
#1920=VECTOR('',#1919,1.342343453061E0);
#1921=CARTESIAN_POINT('',(3.305E0,-1.429656655779E0,0.E0));
#1922=LINE('',#1921,#1920);
#1923=DIRECTION('',(-1.E0,0.E0,0.E0));
#1924=VECTOR('',#1923,5.E-1);
#1925=CARTESIAN_POINT('',(3.305E0,2.72E0,-3.7E-1));
#1926=LINE('',#1925,#1924);
#1927=DIRECTION('',(0.E0,-9.612616959383E-1,2.756373558170E-1));
#1928=VECTOR('',#1927,1.342343453061E0);
#1929=CARTESIAN_POINT('',(2.805E0,2.72E0,-3.7E-1));
#1930=LINE('',#1929,#1928);
#1931=DIRECTION('',(0.E0,-9.612616959383E-1,-2.756373558170E-1));
#1932=VECTOR('',#1931,1.342343453061E0);
#1933=CARTESIAN_POINT('',(2.805E0,-1.429656655779E0,0.E0));
#1934=LINE('',#1933,#1932);
#1935=DIRECTION('',(0.E0,-1.E0,0.E0));
#1936=VECTOR('',#1935,1.63E0);
#1937=CARTESIAN_POINT('',(2.805E0,-2.72E0,-3.7E-1));
#1938=LINE('',#1937,#1936);
#1939=CARTESIAN_POINT('',(2.805E0,-4.35E0,-5.7E-1));
#1940=DIRECTION('',(1.E0,0.E0,0.E0));
#1941=DIRECTION('',(0.E0,0.E0,1.E0));
#1942=AXIS2_PLACEMENT_3D('',#1939,#1940,#1941);
#1944=DIRECTION('',(0.E0,0.E0,-1.E0));
#1945=VECTOR('',#1944,2.4E-1);
#1946=CARTESIAN_POINT('',(2.805E0,-4.55E0,-5.7E-1));
#1947=LINE('',#1946,#1945);
#1948=CARTESIAN_POINT('',(2.805E0,-4.35E0,-8.1E-1));
#1949=DIRECTION('',(1.E0,0.E0,0.E0));
#1950=DIRECTION('',(0.E0,-1.E0,0.E0));
#1951=AXIS2_PLACEMENT_3D('',#1948,#1949,#1950);
#1953=DIRECTION('',(0.E0,1.E0,0.E0));
#1954=VECTOR('',#1953,1.7E0);
#1955=CARTESIAN_POINT('',(2.805E0,-4.35E0,-1.01E0));
#1956=LINE('',#1955,#1954);
#1957=DIRECTION('',(0.E0,9.812254013659E-1,1.928644905481E-1));
#1958=VECTOR('',#1957,2.151463184177E0);
#1959=CARTESIAN_POINT('',(2.805E0,-2.65E0,-1.01E0));
#1960=LINE('',#1959,#1958);
#1961=CARTESIAN_POINT('',(2.805E0,-5.1E-1,-7.422429592557E-1));
#1962=DIRECTION('',(-1.E0,0.E0,0.E0));
#1963=DIRECTION('',(0.E0,-1.928644905481E-1,9.812254013659E-1));
#1964=AXIS2_PLACEMENT_3D('',#1961,#1962,#1963);
#1966=DIRECTION('',(0.E0,0.E0,-1.E0));
#1967=VECTOR('',#1966,7.757040744343E-3);
#1968=CARTESIAN_POINT('',(2.805E0,-3.6E-1,-7.422429592557E-1));
#1969=LINE('',#1968,#1967);
#1970=DIRECTION('',(0.E0,1.E0,0.E0));
#1971=VECTOR('',#1970,7.2E-1);
#1972=CARTESIAN_POINT('',(2.805E0,-3.6E-1,-7.5E-1));
#1973=LINE('',#1972,#1971);
#1974=DIRECTION('',(0.E0,0.E0,1.E0));
#1975=VECTOR('',#1974,7.757040744343E-3);
#1976=CARTESIAN_POINT('',(2.805E0,3.6E-1,-7.5E-1));
#1977=LINE('',#1976,#1975);
#1978=CARTESIAN_POINT('',(2.805E0,5.1E-1,-7.422429592557E-1));
#1979=DIRECTION('',(-1.E0,0.E0,0.E0));
#1980=DIRECTION('',(0.E0,-1.E0,0.E0));
#1981=AXIS2_PLACEMENT_3D('',#1978,#1979,#1980);
#1983=DIRECTION('',(0.E0,9.812254013659E-1,-1.928644905481E-1));
#1984=VECTOR('',#1983,2.151463184177E0);
#1985=CARTESIAN_POINT('',(2.805E0,5.389296735822E-1,-5.950591490508E-1));
#1986=LINE('',#1985,#1984);
#1987=DIRECTION('',(0.E0,1.E0,0.E0));
#1988=VECTOR('',#1987,1.7E0);
#1989=CARTESIAN_POINT('',(2.805E0,2.65E0,-1.01E0));
#1990=LINE('',#1989,#1988);
#1991=CARTESIAN_POINT('',(2.805E0,4.35E0,-8.1E-1));
#1992=DIRECTION('',(1.E0,0.E0,0.E0));
#1993=DIRECTION('',(0.E0,0.E0,-1.E0));
#1994=AXIS2_PLACEMENT_3D('',#1991,#1992,#1993);
#1996=DIRECTION('',(0.E0,0.E0,1.E0));
#1997=VECTOR('',#1996,2.4E-1);
#1998=CARTESIAN_POINT('',(2.805E0,4.55E0,-8.1E-1));
#1999=LINE('',#1998,#1997);
#2000=CARTESIAN_POINT('',(2.805E0,4.35E0,-5.7E-1));
#2001=DIRECTION('',(1.E0,0.E0,0.E0));
#2002=DIRECTION('',(0.E0,1.E0,0.E0));
#2003=AXIS2_PLACEMENT_3D('',#2000,#2001,#2002);
#2005=DIRECTION('',(0.E0,-1.E0,0.E0));
#2006=VECTOR('',#2005,1.63E0);
#2007=CARTESIAN_POINT('',(2.805E0,4.35E0,-3.7E-1));
#2008=LINE('',#2007,#2006);
#2009=DIRECTION('',(-1.E0,0.E0,0.E0));
#2010=VECTOR('',#2009,5.E-1);
#2011=CARTESIAN_POINT('',(3.305E0,-2.72E0,-3.7E-1));
#2012=LINE('',#2011,#2010);
#2013=DIRECTION('',(-1.E0,0.E0,0.E0));
#2014=VECTOR('',#2013,5.E-1);
#2015=CARTESIAN_POINT('',(3.305E0,-4.35E0,-3.7E-1));
#2016=LINE('',#2015,#2014);
#2017=DIRECTION('',(-1.E0,0.E0,0.E0));
#2018=VECTOR('',#2017,5.E-1);
#2019=CARTESIAN_POINT('',(3.305E0,-4.55E0,-5.7E-1));
#2020=LINE('',#2019,#2018);
#2021=DIRECTION('',(-1.E0,0.E0,0.E0));
#2022=VECTOR('',#2021,5.E-1);
#2023=CARTESIAN_POINT('',(3.305E0,-4.55E0,-8.1E-1));
#2024=LINE('',#2023,#2022);
#2025=DIRECTION('',(-1.E0,0.E0,0.E0));
#2026=VECTOR('',#2025,5.E-1);
#2027=CARTESIAN_POINT('',(3.305E0,-4.35E0,-1.01E0));
#2028=LINE('',#2027,#2026);
#2029=DIRECTION('',(-1.E0,0.E0,0.E0));
#2030=VECTOR('',#2029,5.E-1);
#2031=CARTESIAN_POINT('',(3.305E0,-2.65E0,-1.01E0));
#2032=LINE('',#2031,#2030);
#2033=DIRECTION('',(-1.E0,0.E0,0.E0));
#2034=VECTOR('',#2033,5.E-1);
#2035=CARTESIAN_POINT('',(3.305E0,-5.389296735822E-1,-5.950591490508E-1));
#2036=LINE('',#2035,#2034);
#2037=DIRECTION('',(-1.E0,0.E0,0.E0));
#2038=VECTOR('',#2037,5.E-1);
#2039=CARTESIAN_POINT('',(3.305E0,-3.6E-1,-7.422429592557E-1));
#2040=LINE('',#2039,#2038);
#2041=DIRECTION('',(-1.E0,0.E0,0.E0));
#2042=VECTOR('',#2041,5.E-1);
#2043=CARTESIAN_POINT('',(3.305E0,-3.6E-1,-7.5E-1));
#2044=LINE('',#2043,#2042);
#2045=DIRECTION('',(-1.E0,0.E0,0.E0));
#2046=VECTOR('',#2045,5.E-1);
#2047=CARTESIAN_POINT('',(3.305E0,3.6E-1,-7.5E-1));
#2048=LINE('',#2047,#2046);
#2049=DIRECTION('',(-1.E0,0.E0,0.E0));
#2050=VECTOR('',#2049,5.E-1);
#2051=CARTESIAN_POINT('',(3.305E0,3.6E-1,-7.422429592557E-1));
#2052=LINE('',#2051,#2050);
#2053=DIRECTION('',(-1.E0,0.E0,0.E0));
#2054=VECTOR('',#2053,5.E-1);
#2055=CARTESIAN_POINT('',(3.305E0,5.389296735822E-1,-5.950591490508E-1));
#2056=LINE('',#2055,#2054);
#2057=DIRECTION('',(-1.E0,0.E0,0.E0));
#2058=VECTOR('',#2057,5.E-1);
#2059=CARTESIAN_POINT('',(3.305E0,2.65E0,-1.01E0));
#2060=LINE('',#2059,#2058);
#2061=DIRECTION('',(-1.E0,0.E0,0.E0));
#2062=VECTOR('',#2061,5.E-1);
#2063=CARTESIAN_POINT('',(3.305E0,4.35E0,-1.01E0));
#2064=LINE('',#2063,#2062);
#2065=DIRECTION('',(-1.E0,0.E0,0.E0));
#2066=VECTOR('',#2065,5.E-1);
#2067=CARTESIAN_POINT('',(3.305E0,4.55E0,-8.1E-1));
#2068=LINE('',#2067,#2066);
#2069=DIRECTION('',(-1.E0,0.E0,0.E0));
#2070=VECTOR('',#2069,5.E-1);
#2071=CARTESIAN_POINT('',(3.305E0,4.55E0,-5.7E-1));
#2072=LINE('',#2071,#2070);
#2073=DIRECTION('',(-1.E0,0.E0,0.E0));
#2074=VECTOR('',#2073,5.E-1);
#2075=CARTESIAN_POINT('',(3.305E0,4.35E0,-3.7E-1));
#2076=LINE('',#2075,#2074);
#2077=CARTESIAN_POINT('',(4.115E0,-2.99E0,0.E0));
#2078=CARTESIAN_POINT('',(-4.115E0,-2.99E0,0.E0));
#2079=VERTEX_POINT('',#2077);
#2080=VERTEX_POINT('',#2078);
#2081=CARTESIAN_POINT('',(4.115E0,2.99E0,0.E0));
#2082=CARTESIAN_POINT('',(-4.115E0,2.99E0,0.E0));
#2083=VERTEX_POINT('',#2081);
#2084=VERTEX_POINT('',#2082);
#2085=CARTESIAN_POINT('',(-2.8E0,6.2E0,1.8E0));
#2086=CARTESIAN_POINT('',(-2.8E0,6.2E0,1.015E1));
#2087=VERTEX_POINT('',#2085);
#2088=VERTEX_POINT('',#2086);
#2089=CARTESIAN_POINT('',(-2.8E0,5.E0,1.015E1));
#2090=VERTEX_POINT('',#2089);
#2091=CARTESIAN_POINT('',(-2.8E0,3.54E0,8.69E0));
#2092=VERTEX_POINT('',#2091);
#2093=CARTESIAN_POINT('',(2.8E0,6.2E0,1.8E0));
#2094=CARTESIAN_POINT('',(2.8E0,6.2E0,1.015E1));
#2095=VERTEX_POINT('',#2093);
#2096=VERTEX_POINT('',#2094);
#2097=CARTESIAN_POINT('',(2.8E0,5.E0,1.015E1));
#2098=VERTEX_POINT('',#2097);
#2099=CARTESIAN_POINT('',(2.8E0,3.54E0,8.69E0));
#2100=VERTEX_POINT('',#2099);
#2101=CARTESIAN_POINT('',(-2.8E0,2.99E0,8.69E0));
#2102=CARTESIAN_POINT('',(-2.8E0,2.99E0,1.8E0));
#2103=VERTEX_POINT('',#2101);
#2104=VERTEX_POINT('',#2102);
#2105=CARTESIAN_POINT('',(2.8E0,2.99E0,8.69E0));
#2106=CARTESIAN_POINT('',(2.8E0,2.99E0,1.8E0));
#2107=VERTEX_POINT('',#2105);
#2108=VERTEX_POINT('',#2106);
#2109=CARTESIAN_POINT('',(-3.E0,2.99E0,3.321236650439E0));
#2110=CARTESIAN_POINT('',(-4.115E0,2.99E0,1.39E0));
#2111=VERTEX_POINT('',#2109);
#2112=VERTEX_POINT('',#2110);
#2113=CARTESIAN_POINT('',(4.115E0,1.74E0,8.69E0));
#2114=CARTESIAN_POINT('',(4.115E0,1.74E0,1.39E0));
#2115=VERTEX_POINT('',#2113);
#2116=VERTEX_POINT('',#2114);
#2117=CARTESIAN_POINT('',(-4.115E0,1.74E0,8.69E0));
#2118=CARTESIAN_POINT('',(-4.115E0,1.74E0,1.39E0));
#2119=VERTEX_POINT('',#2117);
#2120=VERTEX_POINT('',#2118);
#2121=CARTESIAN_POINT('',(-3.E0,1.74E0,8.69E0));
#2122=VERTEX_POINT('',#2121);
#2123=CARTESIAN_POINT('',(4.115E0,2.99E0,1.39E0));
#2124=VERTEX_POINT('',#2123);
#2125=CARTESIAN_POINT('',(-3.E0,2.99E0,8.69E0));
#2126=VERTEX_POINT('',#2125);
#2127=CARTESIAN_POINT('',(3.E0,2.99E0,8.69E0));
#2128=VERTEX_POINT('',#2127);
#2129=CARTESIAN_POINT('',(-3.E0,1.74E0,3.321236650439E0));
#2130=VERTEX_POINT('',#2129);
#2131=CARTESIAN_POINT('',(-2.3E0,2.99E0,1.8E0));
#2132=CARTESIAN_POINT('',(-2.3E0,5.E0,1.8E0));
#2133=VERTEX_POINT('',#2131);
#2134=VERTEX_POINT('',#2132);
#2135=CARTESIAN_POINT('',(2.3E0,2.99E0,1.8E0));
#2136=CARTESIAN_POINT('',(2.3E0,5.E0,1.8E0));
#2137=VERTEX_POINT('',#2135);
#2138=VERTEX_POINT('',#2136);
#2139=CARTESIAN_POINT('',(-2.3E0,3.54E0,8.69E0));
#2140=CARTESIAN_POINT('',(-2.3E0,5.E0,1.015E1));
#2141=VERTEX_POINT('',#2139);
#2142=VERTEX_POINT('',#2140);
#2143=CARTESIAN_POINT('',(2.3E0,3.54E0,8.69E0));
#2144=CARTESIAN_POINT('',(2.3E0,5.E0,1.015E1));
#2145=VERTEX_POINT('',#2143);
#2146=VERTEX_POINT('',#2144);
#2147=CARTESIAN_POINT('',(-2.36E0,2.345E0,2.69E0));
#2148=CARTESIAN_POINT('',(-2.36E0,1.55E-1,2.69E0));
#2149=VERTEX_POINT('',#2147);
#2150=VERTEX_POINT('',#2148);
#2151=CARTESIAN_POINT('',(-1.4E-1,2.345E0,2.69E0));
#2152=CARTESIAN_POINT('',(-1.4E-1,1.55E-1,2.69E0));
#2153=VERTEX_POINT('',#2151);
#2154=VERTEX_POINT('',#2152);
#2155=CARTESIAN_POINT('',(-2.36E0,1.55E-1,8.69E0));
#2156=CARTESIAN_POINT('',(-1.4E-1,1.55E-1,8.69E0));
#2157=VERTEX_POINT('',#2155);
#2158=VERTEX_POINT('',#2156);
#2159=CARTESIAN_POINT('',(-2.36E0,-1.55E-1,2.69E0));
#2160=CARTESIAN_POINT('',(-2.36E0,-2.345E0,2.69E0));
#2161=VERTEX_POINT('',#2159);
#2162=VERTEX_POINT('',#2160);
#2163=CARTESIAN_POINT('',(-1.4E-1,-1.55E-1,2.69E0));
#2164=CARTESIAN_POINT('',(-1.4E-1,-2.345E0,2.69E0));
#2165=VERTEX_POINT('',#2163);
#2166=VERTEX_POINT('',#2164);
#2167=CARTESIAN_POINT('',(-2.36E0,-2.345E0,8.69E0));
#2168=CARTESIAN_POINT('',(-2.36E0,-1.55E-1,8.69E0));
#2169=VERTEX_POINT('',#2167);
#2170=VERTEX_POINT('',#2168);
#2171=CARTESIAN_POINT('',(-2.36E0,2.345E0,8.69E0));
#2172=VERTEX_POINT('',#2171);
#2173=CARTESIAN_POINT('',(-1.4E-1,-2.345E0,8.69E0));
#2174=CARTESIAN_POINT('',(-1.4E-1,-1.55E-1,8.69E0));
#2175=VERTEX_POINT('',#2173);
#2176=VERTEX_POINT('',#2174);
#2177=CARTESIAN_POINT('',(-1.4E-1,2.345E0,8.69E0));
#2178=VERTEX_POINT('',#2177);
#2179=CARTESIAN_POINT('',(-1.33E0,2.645E0,2.69E0));
#2180=CARTESIAN_POINT('',(1.33E0,2.645E0,2.69E0));
#2181=VERTEX_POINT('',#2179);
#2182=VERTEX_POINT('',#2180);
#2183=CARTESIAN_POINT('',(2.3E0,2.99E0,2.69E0));
#2184=CARTESIAN_POINT('',(-2.3E0,2.99E0,2.69E0));
#2185=VERTEX_POINT('',#2183);
#2186=VERTEX_POINT('',#2184);
#2187=CARTESIAN_POINT('',(1.33E0,2.645E0,8.69E0));
#2188=CARTESIAN_POINT('',(1.33E0,2.345E0,8.69E0));
#2189=VERTEX_POINT('',#2187);
#2190=VERTEX_POINT('',#2188);
#2191=CARTESIAN_POINT('',(-1.33E0,2.345E0,8.69E0));
#2192=CARTESIAN_POINT('',(-1.33E0,2.645E0,8.69E0));
#2193=VERTEX_POINT('',#2191);
#2194=VERTEX_POINT('',#2192);
#2195=CARTESIAN_POINT('',(1.33E0,2.345E0,2.69E0));
#2196=VERTEX_POINT('',#2195);
#2197=CARTESIAN_POINT('',(2.3E0,2.345E0,2.69E0));
#2198=VERTEX_POINT('',#2197);
#2199=CARTESIAN_POINT('',(-2.3E0,2.345E0,2.69E0));
#2200=VERTEX_POINT('',#2199);
#2201=CARTESIAN_POINT('',(-1.33E0,2.345E0,2.69E0));
#2202=VERTEX_POINT('',#2201);
#2203=CARTESIAN_POINT('',(2.3E0,2.345E0,8.69E0));
#2204=VERTEX_POINT('',#2203);
#2205=CARTESIAN_POINT('',(-2.3E0,2.345E0,8.69E0));
#2206=VERTEX_POINT('',#2205);
#2207=CARTESIAN_POINT('',(1.065E0,-1.55E-1,8.69E0));
#2208=CARTESIAN_POINT('',(1.065E0,1.55E-1,8.69E0));
#2209=VERTEX_POINT('',#2207);
#2210=VERTEX_POINT('',#2208);
#2211=CARTESIAN_POINT('',(2.36E0,1.55E-1,4.39E0));
#2212=CARTESIAN_POINT('',(2.36E0,-1.55E-1,4.39E0));
#2213=VERTEX_POINT('',#2211);
#2214=VERTEX_POINT('',#2212);
#2215=CARTESIAN_POINT('',(1.665E0,1.55E-1,4.39E0));
#2216=CARTESIAN_POINT('',(1.665E0,-1.55E-1,4.39E0));
#2217=VERTEX_POINT('',#2215);
#2218=VERTEX_POINT('',#2216);
#2219=CARTESIAN_POINT('',(1.665E0,1.55E-1,8.09E0));
#2220=CARTESIAN_POINT('',(1.665E0,-1.55E-1,8.09E0));
#2221=VERTEX_POINT('',#2219);
#2222=VERTEX_POINT('',#2220);
#2223=CARTESIAN_POINT('',(1.25E0,5.9E0,8.85E0));
#2224=CARTESIAN_POINT('',(-1.25E0,5.9E0,8.85E0));
#2225=VERTEX_POINT('',#2223);
#2226=VERTEX_POINT('',#2224);
#2227=CARTESIAN_POINT('',(1.25E0,5.9E0,1.8E0));
#2228=CARTESIAN_POINT('',(1.25E0,5.E0,1.8E0));
#2229=VERTEX_POINT('',#2227);
#2230=VERTEX_POINT('',#2228);
#2231=CARTESIAN_POINT('',(-1.25E0,5.E0,1.8E0));
#2232=CARTESIAN_POINT('',(-1.25E0,5.9E0,1.8E0));
#2233=VERTEX_POINT('',#2231);
#2234=VERTEX_POINT('',#2232);
#2235=CARTESIAN_POINT('',(1.25E0,5.E0,8.85E0));
#2236=CARTESIAN_POINT('',(-1.25E0,5.E0,8.85E0));
#2237=VERTEX_POINT('',#2235);
#2238=VERTEX_POINT('',#2236);
#2239=CARTESIAN_POINT('',(3.E0,2.99E0,3.321236650439E0));
#2240=VERTEX_POINT('',#2239);
#2241=CARTESIAN_POINT('',(3.E0,1.74E0,8.69E0));
#2242=VERTEX_POINT('',#2241);
#2243=CARTESIAN_POINT('',(3.E0,1.74E0,3.321236650439E0));
#2244=VERTEX_POINT('',#2243);
#2245=CARTESIAN_POINT('',(-3.E0,-1.74E0,3.321236650439E0));
#2246=CARTESIAN_POINT('',(-4.115E0,-1.74E0,1.39E0));
#2247=VERTEX_POINT('',#2245);
#2248=VERTEX_POINT('',#2246);
#2249=CARTESIAN_POINT('',(-3.E0,-1.74E0,8.69E0));
#2250=VERTEX_POINT('',#2249);
#2251=CARTESIAN_POINT('',(4.115E0,-1.74E0,1.39E0));
#2252=CARTESIAN_POINT('',(3.E0,-1.74E0,3.321236650439E0));
#2253=VERTEX_POINT('',#2251);
#2254=VERTEX_POINT('',#2252);
#2255=CARTESIAN_POINT('',(3.E0,-1.74E0,8.69E0));
#2256=VERTEX_POINT('',#2255);
#2257=CARTESIAN_POINT('',(-3.E0,-2.99E0,3.321236650439E0));
#2258=VERTEX_POINT('',#2257);
#2259=CARTESIAN_POINT('',(3.E0,-2.99E0,3.321236650439E0));
#2260=VERTEX_POINT('',#2259);
#2261=CARTESIAN_POINT('',(-4.115E0,-2.99E0,1.39E0));
#2262=VERTEX_POINT('',#2261);
#2263=CARTESIAN_POINT('',(-3.E0,-2.99E0,8.69E0));
#2264=VERTEX_POINT('',#2263);
#2265=CARTESIAN_POINT('',(4.115E0,-2.99E0,1.39E0));
#2266=VERTEX_POINT('',#2265);
#2267=CARTESIAN_POINT('',(3.E0,-2.99E0,8.69E0));
#2268=VERTEX_POINT('',#2267);
#2269=CARTESIAN_POINT('',(4.115E0,-1.74E0,8.69E0));
#2270=VERTEX_POINT('',#2269);
#2271=CARTESIAN_POINT('',(-4.115E0,-1.74E0,8.69E0));
#2272=VERTEX_POINT('',#2271);
#2273=CARTESIAN_POINT('',(1.4E-1,2.345E0,2.69E0));
#2274=CARTESIAN_POINT('',(1.4E-1,1.55E-1,2.69E0));
#2275=VERTEX_POINT('',#2273);
#2276=VERTEX_POINT('',#2274);
#2277=CARTESIAN_POINT('',(1.4E-1,-1.55E-1,2.69E0));
#2278=CARTESIAN_POINT('',(1.4E-1,-2.345E0,2.69E0));
#2279=VERTEX_POINT('',#2277);
#2280=VERTEX_POINT('',#2278);
#2281=CARTESIAN_POINT('',(2.36E0,2.345E0,2.69E0));
#2282=CARTESIAN_POINT('',(2.36E0,1.55E-1,2.69E0));
#2283=VERTEX_POINT('',#2281);
#2284=VERTEX_POINT('',#2282);
#2285=CARTESIAN_POINT('',(2.36E0,-1.55E-1,2.69E0));
#2286=CARTESIAN_POINT('',(2.36E0,-2.345E0,2.69E0));
#2287=VERTEX_POINT('',#2285);
#2288=VERTEX_POINT('',#2286);
#2289=CARTESIAN_POINT('',(1.4E-1,-2.345E0,8.69E0));
#2290=CARTESIAN_POINT('',(1.4E-1,-1.55E-1,8.69E0));
#2291=VERTEX_POINT('',#2289);
#2292=VERTEX_POINT('',#2290);
#2293=CARTESIAN_POINT('',(1.4E-1,1.55E-1,8.69E0));
#2294=CARTESIAN_POINT('',(1.4E-1,2.345E0,8.69E0));
#2295=VERTEX_POINT('',#2293);
#2296=VERTEX_POINT('',#2294);
#2297=CARTESIAN_POINT('',(2.36E0,-2.345E0,8.69E0));
#2298=VERTEX_POINT('',#2297);
#2299=CARTESIAN_POINT('',(2.36E0,2.345E0,8.69E0));
#2300=VERTEX_POINT('',#2299);
#2301=CARTESIAN_POINT('',(-1.5675E0,-2.985E0,-3.7E-1));
#2302=CARTESIAN_POINT('',(-1.5675E0,-4.05E0,-3.7E-1));
#2303=VERTEX_POINT('',#2301);
#2304=VERTEX_POINT('',#2302);
#2305=CARTESIAN_POINT('',(-1.5675E0,-4.25E0,-5.7E-1));
#2306=CARTESIAN_POINT('',(-1.5675E0,-4.25E0,-8.1E-1));
#2307=VERTEX_POINT('',#2305);
#2308=VERTEX_POINT('',#2306);
#2309=CARTESIAN_POINT('',(-1.5675E0,-4.05E0,-1.01E0));
#2310=CARTESIAN_POINT('',(-1.5675E0,-2.749637309529E0,-1.01E0));
#2311=VERTEX_POINT('',#2309);
#2312=VERTEX_POINT('',#2310);
#2313=CARTESIAN_POINT('',(-1.5675E0,-2.155193608570E0,-7.453846153846E-1));
#2314=VERTEX_POINT('',#2313);
#2315=CARTESIAN_POINT('',(-1.5675E0,-1.783666295471E0,-5.8E-1));
#2316=VERTEX_POINT('',#2315);
#2317=CARTESIAN_POINT('',(-1.5675E0,-1.719666295471E0,-5.8E-1));
#2318=VERTEX_POINT('',#2317);
#2319=CARTESIAN_POINT('',(-1.5675E0,-1.57E0,-7.2E-1));
#2320=VERTEX_POINT('',#2319);
#2321=CARTESIAN_POINT('',(-1.5675E0,1.57E0,-7.2E-1));
#2322=VERTEX_POINT('',#2321);
#2323=CARTESIAN_POINT('',(-1.5675E0,1.719666295471E0,-5.8E-1));
#2324=VERTEX_POINT('',#2323);
#2325=CARTESIAN_POINT('',(-1.5675E0,1.783666295471E0,-5.8E-1));
#2326=VERTEX_POINT('',#2325);
#2327=CARTESIAN_POINT('',(-1.5675E0,2.155193608570E0,-7.453846153846E-1));
#2328=VERTEX_POINT('',#2327);
#2329=CARTESIAN_POINT('',(-1.5675E0,2.749637309529E0,-1.01E0));
#2330=VERTEX_POINT('',#2329);
#2331=CARTESIAN_POINT('',(-1.5675E0,4.05E0,-1.01E0));
#2332=VERTEX_POINT('',#2331);
#2333=CARTESIAN_POINT('',(-1.5675E0,4.25E0,-8.1E-1));
#2334=CARTESIAN_POINT('',(-1.5675E0,4.25E0,-5.7E-1));
#2335=VERTEX_POINT('',#2333);
#2336=VERTEX_POINT('',#2334);
#2337=CARTESIAN_POINT('',(-1.5675E0,4.05E0,-3.7E-1));
#2338=CARTESIAN_POINT('',(-1.5675E0,2.985E0,-3.7E-1));
#2339=VERTEX_POINT('',#2337);
#2340=VERTEX_POINT('',#2338);
#2341=CARTESIAN_POINT('',(-9.325E-1,-2.985E0,-3.7E-1));
#2342=CARTESIAN_POINT('',(-9.325E-1,-4.05E0,-3.7E-1));
#2343=VERTEX_POINT('',#2341);
#2344=VERTEX_POINT('',#2342);
#2345=CARTESIAN_POINT('',(-9.325E-1,-4.25E0,-5.7E-1));
#2346=CARTESIAN_POINT('',(-9.325E-1,-4.25E0,-8.1E-1));
#2347=VERTEX_POINT('',#2345);
#2348=VERTEX_POINT('',#2346);
#2349=CARTESIAN_POINT('',(-9.325E-1,-4.05E0,-1.01E0));
#2350=CARTESIAN_POINT('',(-9.325E-1,-2.749637309529E0,-1.01E0));
#2351=VERTEX_POINT('',#2349);
#2352=VERTEX_POINT('',#2350);
#2353=CARTESIAN_POINT('',(-9.325E-1,-2.155193608570E0,-7.453846153846E-1));
#2354=VERTEX_POINT('',#2353);
#2355=CARTESIAN_POINT('',(-9.325E-1,-1.783666295471E0,-5.8E-1));
#2356=VERTEX_POINT('',#2355);
#2357=CARTESIAN_POINT('',(-9.325E-1,-1.719666295471E0,-5.8E-1));
#2358=VERTEX_POINT('',#2357);
#2359=CARTESIAN_POINT('',(-9.325E-1,-1.57E0,-7.2E-1));
#2360=VERTEX_POINT('',#2359);
#2361=CARTESIAN_POINT('',(-9.325E-1,1.57E0,-7.2E-1));
#2362=VERTEX_POINT('',#2361);
#2363=CARTESIAN_POINT('',(-9.325E-1,1.719666295471E0,-5.8E-1));
#2364=VERTEX_POINT('',#2363);
#2365=CARTESIAN_POINT('',(-9.325E-1,1.783666295471E0,-5.8E-1));
#2366=VERTEX_POINT('',#2365);
#2367=CARTESIAN_POINT('',(-9.325E-1,2.155193608570E0,-7.453846153846E-1));
#2368=VERTEX_POINT('',#2367);
#2369=CARTESIAN_POINT('',(-9.325E-1,2.749637309529E0,-1.01E0));
#2370=VERTEX_POINT('',#2369);
#2371=CARTESIAN_POINT('',(-9.325E-1,4.05E0,-1.01E0));
#2372=VERTEX_POINT('',#2371);
#2373=CARTESIAN_POINT('',(-9.325E-1,4.25E0,-8.1E-1));
#2374=CARTESIAN_POINT('',(-9.325E-1,4.25E0,-5.7E-1));
#2375=VERTEX_POINT('',#2373);
#2376=VERTEX_POINT('',#2374);
#2377=CARTESIAN_POINT('',(-9.325E-1,4.05E0,-3.7E-1));
#2378=CARTESIAN_POINT('',(-9.325E-1,2.985E0,-3.7E-1));
#2379=VERTEX_POINT('',#2377);
#2380=VERTEX_POINT('',#2378);
#2381=CARTESIAN_POINT('',(-1.5675E0,-2.310389000979E0,0.E0));
#2382=CARTESIAN_POINT('',(-1.5675E0,2.310389000979E0,0.E0));
#2383=VERTEX_POINT('',#2381);
#2384=VERTEX_POINT('',#2382);
#2385=CARTESIAN_POINT('',(-9.325E-1,-2.310389000979E0,0.E0));
#2386=CARTESIAN_POINT('',(-9.325E-1,2.310389000979E0,0.E0));
#2387=VERTEX_POINT('',#2385);
#2388=VERTEX_POINT('',#2386);
#2389=CARTESIAN_POINT('',(-1.5675E0,1.5725E0,2.69E0));
#2390=CARTESIAN_POINT('',(-1.5675E0,9.325E-1,2.69E0));
#2391=VERTEX_POINT('',#2389);
#2392=VERTEX_POINT('',#2390);
#2393=CARTESIAN_POINT('',(-9.325E-1,1.5725E0,2.69E0));
#2394=CARTESIAN_POINT('',(-9.325E-1,9.325E-1,2.69E0));
#2395=VERTEX_POINT('',#2393);
#2396=VERTEX_POINT('',#2394);
#2397=CARTESIAN_POINT('',(-1.5675E0,-9.325E-1,2.69E0));
#2398=CARTESIAN_POINT('',(-1.5675E0,-1.5725E0,2.69E0));
#2399=VERTEX_POINT('',#2397);
#2400=VERTEX_POINT('',#2398);
#2401=CARTESIAN_POINT('',(-9.325E-1,-9.325E-1,2.69E0));
#2402=CARTESIAN_POINT('',(-9.325E-1,-1.5725E0,2.69E0));
#2403=VERTEX_POINT('',#2401);
#2404=VERTEX_POINT('',#2402);
#2405=CARTESIAN_POINT('',(9.325E-1,-2.985E0,-3.7E-1));
#2406=CARTESIAN_POINT('',(9.325E-1,-4.05E0,-3.7E-1));
#2407=VERTEX_POINT('',#2405);
#2408=VERTEX_POINT('',#2406);
#2409=CARTESIAN_POINT('',(9.325E-1,-4.25E0,-5.7E-1));
#2410=CARTESIAN_POINT('',(9.325E-1,-4.25E0,-8.1E-1));
#2411=VERTEX_POINT('',#2409);
#2412=VERTEX_POINT('',#2410);
#2413=CARTESIAN_POINT('',(9.325E-1,-4.05E0,-1.01E0));
#2414=CARTESIAN_POINT('',(9.325E-1,-2.749637309529E0,-1.01E0));
#2415=VERTEX_POINT('',#2413);
#2416=VERTEX_POINT('',#2414);
#2417=CARTESIAN_POINT('',(9.325E-1,-2.155193608570E0,-7.453846153846E-1));
#2418=VERTEX_POINT('',#2417);
#2419=CARTESIAN_POINT('',(9.325E-1,-1.783666295471E0,-5.8E-1));
#2420=VERTEX_POINT('',#2419);
#2421=CARTESIAN_POINT('',(9.325E-1,-1.719666295471E0,-5.8E-1));
#2422=VERTEX_POINT('',#2421);
#2423=CARTESIAN_POINT('',(9.325E-1,-1.57E0,-7.2E-1));
#2424=VERTEX_POINT('',#2423);
#2425=CARTESIAN_POINT('',(9.325E-1,1.57E0,-7.2E-1));
#2426=VERTEX_POINT('',#2425);
#2427=CARTESIAN_POINT('',(9.325E-1,1.719666295471E0,-5.8E-1));
#2428=VERTEX_POINT('',#2427);
#2429=CARTESIAN_POINT('',(9.325E-1,1.783666295471E0,-5.8E-1));
#2430=VERTEX_POINT('',#2429);
#2431=CARTESIAN_POINT('',(9.325E-1,2.155193608570E0,-7.453846153846E-1));
#2432=VERTEX_POINT('',#2431);
#2433=CARTESIAN_POINT('',(9.325E-1,2.749637309529E0,-1.01E0));
#2434=VERTEX_POINT('',#2433);
#2435=CARTESIAN_POINT('',(9.325E-1,4.05E0,-1.01E0));
#2436=VERTEX_POINT('',#2435);
#2437=CARTESIAN_POINT('',(9.325E-1,4.25E0,-8.1E-1));
#2438=CARTESIAN_POINT('',(9.325E-1,4.25E0,-5.7E-1));
#2439=VERTEX_POINT('',#2437);
#2440=VERTEX_POINT('',#2438);
#2441=CARTESIAN_POINT('',(9.325E-1,4.05E0,-3.7E-1));
#2442=CARTESIAN_POINT('',(9.325E-1,2.985E0,-3.7E-1));
#2443=VERTEX_POINT('',#2441);
#2444=VERTEX_POINT('',#2442);
#2445=CARTESIAN_POINT('',(1.5675E0,-2.985E0,-3.7E-1));
#2446=CARTESIAN_POINT('',(1.5675E0,-4.05E0,-3.7E-1));
#2447=VERTEX_POINT('',#2445);
#2448=VERTEX_POINT('',#2446);
#2449=CARTESIAN_POINT('',(1.5675E0,-4.25E0,-5.7E-1));
#2450=CARTESIAN_POINT('',(1.5675E0,-4.25E0,-8.1E-1));
#2451=VERTEX_POINT('',#2449);
#2452=VERTEX_POINT('',#2450);
#2453=CARTESIAN_POINT('',(1.5675E0,-4.05E0,-1.01E0));
#2454=CARTESIAN_POINT('',(1.5675E0,-2.749637309529E0,-1.01E0));
#2455=VERTEX_POINT('',#2453);
#2456=VERTEX_POINT('',#2454);
#2457=CARTESIAN_POINT('',(1.5675E0,-2.155193608570E0,-7.453846153846E-1));
#2458=VERTEX_POINT('',#2457);
#2459=CARTESIAN_POINT('',(1.5675E0,-1.783666295471E0,-5.8E-1));
#2460=VERTEX_POINT('',#2459);
#2461=CARTESIAN_POINT('',(1.5675E0,-1.719666295471E0,-5.8E-1));
#2462=VERTEX_POINT('',#2461);
#2463=CARTESIAN_POINT('',(1.5675E0,-1.57E0,-7.2E-1));
#2464=VERTEX_POINT('',#2463);
#2465=CARTESIAN_POINT('',(1.5675E0,1.57E0,-7.2E-1));
#2466=VERTEX_POINT('',#2465);
#2467=CARTESIAN_POINT('',(1.5675E0,1.719666295471E0,-5.8E-1));
#2468=VERTEX_POINT('',#2467);
#2469=CARTESIAN_POINT('',(1.5675E0,1.783666295471E0,-5.8E-1));
#2470=VERTEX_POINT('',#2469);
#2471=CARTESIAN_POINT('',(1.5675E0,2.155193608570E0,-7.453846153846E-1));
#2472=VERTEX_POINT('',#2471);
#2473=CARTESIAN_POINT('',(1.5675E0,2.749637309529E0,-1.01E0));
#2474=VERTEX_POINT('',#2473);
#2475=CARTESIAN_POINT('',(1.5675E0,4.05E0,-1.01E0));
#2476=VERTEX_POINT('',#2475);
#2477=CARTESIAN_POINT('',(1.5675E0,4.25E0,-8.1E-1));
#2478=CARTESIAN_POINT('',(1.5675E0,4.25E0,-5.7E-1));
#2479=VERTEX_POINT('',#2477);
#2480=VERTEX_POINT('',#2478);
#2481=CARTESIAN_POINT('',(1.5675E0,4.05E0,-3.7E-1));
#2482=CARTESIAN_POINT('',(1.5675E0,2.985E0,-3.7E-1));
#2483=VERTEX_POINT('',#2481);
#2484=VERTEX_POINT('',#2482);
#2485=CARTESIAN_POINT('',(9.325E-1,-2.310389000979E0,0.E0));
#2486=CARTESIAN_POINT('',(9.325E-1,2.310389000979E0,0.E0));
#2487=VERTEX_POINT('',#2485);
#2488=VERTEX_POINT('',#2486);
#2489=CARTESIAN_POINT('',(1.5675E0,-2.310389000979E0,0.E0));
#2490=CARTESIAN_POINT('',(1.5675E0,2.310389000979E0,0.E0));
#2491=VERTEX_POINT('',#2489);
#2492=VERTEX_POINT('',#2490);
#2493=CARTESIAN_POINT('',(9.325E-1,-9.325E-1,2.69E0));
#2494=CARTESIAN_POINT('',(9.325E-1,-1.5725E0,2.69E0));
#2495=VERTEX_POINT('',#2493);
#2496=VERTEX_POINT('',#2494);
#2497=CARTESIAN_POINT('',(1.5675E0,-9.325E-1,2.69E0));
#2498=CARTESIAN_POINT('',(1.5675E0,-1.5725E0,2.69E0));
#2499=VERTEX_POINT('',#2497);
#2500=VERTEX_POINT('',#2498);
#2501=CARTESIAN_POINT('',(-9.325E-1,9.325E-1,6.438E0));
#2502=CARTESIAN_POINT('',(-1.0825E0,1.1325E0,7.238E0));
#2503=VERTEX_POINT('',#2501);
#2504=VERTEX_POINT('',#2502);
#2505=CARTESIAN_POINT('',(-1.0825E0,1.3725E0,7.238E0));
#2506=VERTEX_POINT('',#2505);
#2507=CARTESIAN_POINT('',(-9.325E-1,1.5725E0,6.438E0));
#2508=VERTEX_POINT('',#2507);
#2509=CARTESIAN_POINT('',(-1.5675E0,1.5725E0,6.438E0));
#2510=CARTESIAN_POINT('',(-1.4175E0,1.3725E0,7.238E0));
#2511=VERTEX_POINT('',#2509);
#2512=VERTEX_POINT('',#2510);
#2513=CARTESIAN_POINT('',(-1.4175E0,1.1325E0,7.238E0));
#2514=VERTEX_POINT('',#2513);
#2515=CARTESIAN_POINT('',(-1.5675E0,9.325E-1,6.438E0));
#2516=VERTEX_POINT('',#2515);
#2517=CARTESIAN_POINT('',(1.5675E0,9.325E-1,6.438E0));
#2518=CARTESIAN_POINT('',(1.4175E0,1.1325E0,7.238E0));
#2519=VERTEX_POINT('',#2517);
#2520=VERTEX_POINT('',#2518);
#2521=CARTESIAN_POINT('',(1.4175E0,1.3725E0,7.238E0));
#2522=VERTEX_POINT('',#2521);
#2523=CARTESIAN_POINT('',(1.5675E0,1.5725E0,6.438E0));
#2524=VERTEX_POINT('',#2523);
#2525=CARTESIAN_POINT('',(9.325E-1,1.5725E0,6.438E0));
#2526=CARTESIAN_POINT('',(1.0825E0,1.3725E0,7.238E0));
#2527=VERTEX_POINT('',#2525);
#2528=VERTEX_POINT('',#2526);
#2529=CARTESIAN_POINT('',(1.0825E0,1.1325E0,7.238E0));
#2530=VERTEX_POINT('',#2529);
#2531=CARTESIAN_POINT('',(9.325E-1,9.325E-1,6.438E0));
#2532=VERTEX_POINT('',#2531);
#2533=CARTESIAN_POINT('',(9.325E-1,9.325E-1,2.69E0));
#2534=VERTEX_POINT('',#2533);
#2535=CARTESIAN_POINT('',(9.325E-1,1.5725E0,2.69E0));
#2536=VERTEX_POINT('',#2535);
#2537=CARTESIAN_POINT('',(1.5675E0,9.325E-1,2.69E0));
#2538=VERTEX_POINT('',#2537);
#2539=CARTESIAN_POINT('',(1.5675E0,1.5725E0,2.69E0));
#2540=VERTEX_POINT('',#2539);
#2541=CARTESIAN_POINT('',(-9.325E-1,-1.5725E0,6.438E0));
#2542=CARTESIAN_POINT('',(-1.0825E0,-1.3725E0,7.238E0));
#2543=VERTEX_POINT('',#2541);
#2544=VERTEX_POINT('',#2542);
#2545=CARTESIAN_POINT('',(-1.0825E0,-1.1325E0,7.238E0));
#2546=VERTEX_POINT('',#2545);
#2547=CARTESIAN_POINT('',(-9.325E-1,-9.325E-1,6.438E0));
#2548=VERTEX_POINT('',#2547);
#2549=CARTESIAN_POINT('',(-1.5675E0,-9.325E-1,6.438E0));
#2550=CARTESIAN_POINT('',(-1.4175E0,-1.1325E0,7.238E0));
#2551=VERTEX_POINT('',#2549);
#2552=VERTEX_POINT('',#2550);
#2553=CARTESIAN_POINT('',(-1.4175E0,-1.3725E0,7.238E0));
#2554=VERTEX_POINT('',#2553);
#2555=CARTESIAN_POINT('',(-1.5675E0,-1.5725E0,6.438E0));
#2556=VERTEX_POINT('',#2555);
#2557=CARTESIAN_POINT('',(1.5675E0,-1.5725E0,6.438E0));
#2558=CARTESIAN_POINT('',(1.4175E0,-1.3725E0,7.238E0));
#2559=VERTEX_POINT('',#2557);
#2560=VERTEX_POINT('',#2558);
#2561=CARTESIAN_POINT('',(1.4175E0,-1.1325E0,7.238E0));
#2562=VERTEX_POINT('',#2561);
#2563=CARTESIAN_POINT('',(1.5675E0,-9.325E-1,6.438E0));
#2564=VERTEX_POINT('',#2563);
#2565=CARTESIAN_POINT('',(9.325E-1,-9.325E-1,6.438E0));
#2566=CARTESIAN_POINT('',(1.0825E0,-1.1325E0,7.238E0));
#2567=VERTEX_POINT('',#2565);
#2568=VERTEX_POINT('',#2566);
#2569=CARTESIAN_POINT('',(1.0825E0,-1.3725E0,7.238E0));
#2570=VERTEX_POINT('',#2569);
#2571=CARTESIAN_POINT('',(9.325E-1,-1.5725E0,6.438E0));
#2572=VERTEX_POINT('',#2571);
#2573=CARTESIAN_POINT('',(-3.305E0,1.429656655779E0,0.E0));
#2574=CARTESIAN_POINT('',(-3.305E0,-1.429656655779E0,0.E0));
#2575=VERTEX_POINT('',#2573);
#2576=VERTEX_POINT('',#2574);
#2577=CARTESIAN_POINT('',(-2.805E0,1.429656655779E0,0.E0));
#2578=CARTESIAN_POINT('',(-2.805E0,-1.429656655779E0,0.E0));
#2579=VERTEX_POINT('',#2577);
#2580=VERTEX_POINT('',#2578);
#2581=CARTESIAN_POINT('',(-3.305E0,4.35E0,-3.7E-1));
#2582=CARTESIAN_POINT('',(-3.305E0,2.72E0,-3.7E-1));
#2583=VERTEX_POINT('',#2581);
#2584=VERTEX_POINT('',#2582);
#2585=CARTESIAN_POINT('',(-3.305E0,-2.72E0,-3.7E-1));
#2586=CARTESIAN_POINT('',(-3.305E0,-4.35E0,-3.7E-1));
#2587=VERTEX_POINT('',#2585);
#2588=VERTEX_POINT('',#2586);
#2589=CARTESIAN_POINT('',(-3.305E0,-4.55E0,-5.7E-1));
#2590=CARTESIAN_POINT('',(-3.305E0,-4.55E0,-8.1E-1));
#2591=VERTEX_POINT('',#2589);
#2592=VERTEX_POINT('',#2590);
#2593=CARTESIAN_POINT('',(-3.305E0,-4.35E0,-1.01E0));
#2594=CARTESIAN_POINT('',(-3.305E0,-2.65E0,-1.01E0));
#2595=VERTEX_POINT('',#2593);
#2596=VERTEX_POINT('',#2594);
#2597=CARTESIAN_POINT('',(-3.305E0,-5.389296735822E-1,-5.950591490508E-1));
#2598=VERTEX_POINT('',#2597);
#2599=CARTESIAN_POINT('',(-3.305E0,-3.6E-1,-7.422429592557E-1));
#2600=VERTEX_POINT('',#2599);
#2601=CARTESIAN_POINT('',(-3.305E0,-3.6E-1,-7.5E-1));
#2602=VERTEX_POINT('',#2601);
#2603=CARTESIAN_POINT('',(-3.305E0,3.6E-1,-7.5E-1));
#2604=VERTEX_POINT('',#2603);
#2605=CARTESIAN_POINT('',(-3.305E0,3.6E-1,-7.422429592557E-1));
#2606=VERTEX_POINT('',#2605);
#2607=CARTESIAN_POINT('',(-3.305E0,5.389296735822E-1,-5.950591490508E-1));
#2608=VERTEX_POINT('',#2607);
#2609=CARTESIAN_POINT('',(-3.305E0,2.65E0,-1.01E0));
#2610=VERTEX_POINT('',#2609);
#2611=CARTESIAN_POINT('',(-3.305E0,4.35E0,-1.01E0));
#2612=VERTEX_POINT('',#2611);
#2613=CARTESIAN_POINT('',(-3.305E0,4.55E0,-8.1E-1));
#2614=CARTESIAN_POINT('',(-3.305E0,4.55E0,-5.7E-1));
#2615=VERTEX_POINT('',#2613);
#2616=VERTEX_POINT('',#2614);
#2617=CARTESIAN_POINT('',(-2.805E0,4.35E0,-3.7E-1));
#2618=CARTESIAN_POINT('',(-2.805E0,2.72E0,-3.7E-1));
#2619=VERTEX_POINT('',#2617);
#2620=VERTEX_POINT('',#2618);
#2621=CARTESIAN_POINT('',(-2.805E0,-2.72E0,-3.7E-1));
#2622=CARTESIAN_POINT('',(-2.805E0,-4.35E0,-3.7E-1));
#2623=VERTEX_POINT('',#2621);
#2624=VERTEX_POINT('',#2622);
#2625=CARTESIAN_POINT('',(-2.805E0,-4.55E0,-5.7E-1));
#2626=CARTESIAN_POINT('',(-2.805E0,-4.55E0,-8.1E-1));
#2627=VERTEX_POINT('',#2625);
#2628=VERTEX_POINT('',#2626);
#2629=CARTESIAN_POINT('',(-2.805E0,-4.35E0,-1.01E0));
#2630=CARTESIAN_POINT('',(-2.805E0,-2.65E0,-1.01E0));
#2631=VERTEX_POINT('',#2629);
#2632=VERTEX_POINT('',#2630);
#2633=CARTESIAN_POINT('',(-2.805E0,-5.389296735822E-1,-5.950591490508E-1));
#2634=VERTEX_POINT('',#2633);
#2635=CARTESIAN_POINT('',(-2.805E0,-3.6E-1,-7.422429592557E-1));
#2636=VERTEX_POINT('',#2635);
#2637=CARTESIAN_POINT('',(-2.805E0,-3.6E-1,-7.5E-1));
#2638=VERTEX_POINT('',#2637);
#2639=CARTESIAN_POINT('',(-2.805E0,3.6E-1,-7.5E-1));
#2640=VERTEX_POINT('',#2639);
#2641=CARTESIAN_POINT('',(-2.805E0,3.6E-1,-7.422429592557E-1));
#2642=VERTEX_POINT('',#2641);
#2643=CARTESIAN_POINT('',(-2.805E0,5.389296735822E-1,-5.950591490508E-1));
#2644=VERTEX_POINT('',#2643);
#2645=CARTESIAN_POINT('',(-2.805E0,2.65E0,-1.01E0));
#2646=VERTEX_POINT('',#2645);
#2647=CARTESIAN_POINT('',(-2.805E0,4.35E0,-1.01E0));
#2648=VERTEX_POINT('',#2647);
#2649=CARTESIAN_POINT('',(-2.805E0,4.55E0,-8.1E-1));
#2650=CARTESIAN_POINT('',(-2.805E0,4.55E0,-5.7E-1));
#2651=VERTEX_POINT('',#2649);
#2652=VERTEX_POINT('',#2650);
#2653=CARTESIAN_POINT('',(3.305E0,4.35E0,-3.7E-1));
#2654=CARTESIAN_POINT('',(3.305E0,2.72E0,-3.7E-1));
#2655=VERTEX_POINT('',#2653);
#2656=VERTEX_POINT('',#2654);
#2657=CARTESIAN_POINT('',(3.305E0,-2.72E0,-3.7E-1));
#2658=CARTESIAN_POINT('',(3.305E0,-4.35E0,-3.7E-1));
#2659=VERTEX_POINT('',#2657);
#2660=VERTEX_POINT('',#2658);
#2661=CARTESIAN_POINT('',(3.305E0,-4.55E0,-5.7E-1));
#2662=CARTESIAN_POINT('',(3.305E0,-4.55E0,-8.1E-1));
#2663=VERTEX_POINT('',#2661);
#2664=VERTEX_POINT('',#2662);
#2665=CARTESIAN_POINT('',(3.305E0,-4.35E0,-1.01E0));
#2666=CARTESIAN_POINT('',(3.305E0,-2.65E0,-1.01E0));
#2667=VERTEX_POINT('',#2665);
#2668=VERTEX_POINT('',#2666);
#2669=CARTESIAN_POINT('',(3.305E0,-5.389296735822E-1,-5.950591490508E-1));
#2670=VERTEX_POINT('',#2669);
#2671=CARTESIAN_POINT('',(3.305E0,-3.6E-1,-7.422429592557E-1));
#2672=VERTEX_POINT('',#2671);
#2673=CARTESIAN_POINT('',(3.305E0,-3.6E-1,-7.5E-1));
#2674=VERTEX_POINT('',#2673);
#2675=CARTESIAN_POINT('',(3.305E0,3.6E-1,-7.5E-1));
#2676=VERTEX_POINT('',#2675);
#2677=CARTESIAN_POINT('',(3.305E0,3.6E-1,-7.422429592557E-1));
#2678=VERTEX_POINT('',#2677);
#2679=CARTESIAN_POINT('',(3.305E0,5.389296735822E-1,-5.950591490508E-1));
#2680=VERTEX_POINT('',#2679);
#2681=CARTESIAN_POINT('',(3.305E0,2.65E0,-1.01E0));
#2682=VERTEX_POINT('',#2681);
#2683=CARTESIAN_POINT('',(3.305E0,4.35E0,-1.01E0));
#2684=VERTEX_POINT('',#2683);
#2685=CARTESIAN_POINT('',(3.305E0,4.55E0,-8.1E-1));
#2686=CARTESIAN_POINT('',(3.305E0,4.55E0,-5.7E-1));
#2687=VERTEX_POINT('',#2685);
#2688=VERTEX_POINT('',#2686);
#2689=CARTESIAN_POINT('',(2.805E0,4.35E0,-3.7E-1));
#2690=CARTESIAN_POINT('',(2.805E0,2.72E0,-3.7E-1));
#2691=VERTEX_POINT('',#2689);
#2692=VERTEX_POINT('',#2690);
#2693=CARTESIAN_POINT('',(2.805E0,-2.72E0,-3.7E-1));
#2694=CARTESIAN_POINT('',(2.805E0,-4.35E0,-3.7E-1));
#2695=VERTEX_POINT('',#2693);
#2696=VERTEX_POINT('',#2694);
#2697=CARTESIAN_POINT('',(2.805E0,-4.55E0,-5.7E-1));
#2698=CARTESIAN_POINT('',(2.805E0,-4.55E0,-8.1E-1));
#2699=VERTEX_POINT('',#2697);
#2700=VERTEX_POINT('',#2698);
#2701=CARTESIAN_POINT('',(2.805E0,-4.35E0,-1.01E0));
#2702=CARTESIAN_POINT('',(2.805E0,-2.65E0,-1.01E0));
#2703=VERTEX_POINT('',#2701);
#2704=VERTEX_POINT('',#2702);
#2705=CARTESIAN_POINT('',(2.805E0,-5.389296735822E-1,-5.950591490508E-1));
#2706=VERTEX_POINT('',#2705);
#2707=CARTESIAN_POINT('',(2.805E0,-3.6E-1,-7.422429592557E-1));
#2708=VERTEX_POINT('',#2707);
#2709=CARTESIAN_POINT('',(2.805E0,-3.6E-1,-7.5E-1));
#2710=VERTEX_POINT('',#2709);
#2711=CARTESIAN_POINT('',(2.805E0,3.6E-1,-7.5E-1));
#2712=VERTEX_POINT('',#2711);
#2713=CARTESIAN_POINT('',(2.805E0,3.6E-1,-7.422429592557E-1));
#2714=VERTEX_POINT('',#2713);
#2715=CARTESIAN_POINT('',(2.805E0,5.389296735822E-1,-5.950591490508E-1));
#2716=VERTEX_POINT('',#2715);
#2717=CARTESIAN_POINT('',(2.805E0,2.65E0,-1.01E0));
#2718=VERTEX_POINT('',#2717);
#2719=CARTESIAN_POINT('',(2.805E0,4.35E0,-1.01E0));
#2720=VERTEX_POINT('',#2719);
#2721=CARTESIAN_POINT('',(2.805E0,4.55E0,-8.1E-1));
#2722=CARTESIAN_POINT('',(2.805E0,4.55E0,-5.7E-1));
#2723=VERTEX_POINT('',#2721);
#2724=VERTEX_POINT('',#2722);
#2725=CARTESIAN_POINT('',(3.305E0,1.429656655779E0,0.E0));
#2726=VERTEX_POINT('',#2725);
#2727=CARTESIAN_POINT('',(3.305E0,-1.429656655779E0,0.E0));
#2728=VERTEX_POINT('',#2727);
#2729=CARTESIAN_POINT('',(2.805E0,1.429656655779E0,0.E0));
#2730=VERTEX_POINT('',#2729);
#2731=CARTESIAN_POINT('',(2.805E0,-1.429656655779E0,0.E0));
#2732=VERTEX_POINT('',#2731);
#2733=CARTESIAN_POINT('',(0.E0,-2.99E0,0.E0));
#2734=DIRECTION('',(0.E0,1.E0,0.E0));
#2735=DIRECTION('',(-1.E0,0.E0,0.E0));
#2736=AXIS2_PLACEMENT_3D('',#2733,#2734,#2735);
#2737=PLANE('',#2736);
#2739=ORIENTED_EDGE('',*,*,#2738,.F.);
#2741=ORIENTED_EDGE('',*,*,#2740,.F.);
#2743=ORIENTED_EDGE('',*,*,#2742,.T.);
#2745=ORIENTED_EDGE('',*,*,#2744,.T.);
#2747=ORIENTED_EDGE('',*,*,#2746,.F.);
#2749=ORIENTED_EDGE('',*,*,#2748,.T.);
#2751=ORIENTED_EDGE('',*,*,#2750,.T.);
#2753=ORIENTED_EDGE('',*,*,#2752,.T.);
#2754=EDGE_LOOP('',(#2739,#2741,#2743,#2745,#2747,#2749,#2751,#2753));
#2755=FACE_OUTER_BOUND('',#2754,.F.);
#2756=ADVANCED_FACE('',(#2755),#2737,.F.);
#2757=CARTESIAN_POINT('',(-3.E0,-2.99E0,3.321236650439E0));
#2758=DIRECTION('',(-8.660254037844E-1,0.E0,5.E-1));
#2759=DIRECTION('',(-5.E-1,0.E0,-8.660254037844E-1));
#2760=AXIS2_PLACEMENT_3D('',#2757,#2758,#2759);
#2761=PLANE('',#2760);
#2763=ORIENTED_EDGE('',*,*,#2762,.F.);
#2765=ORIENTED_EDGE('',*,*,#2764,.F.);
#2766=ORIENTED_EDGE('',*,*,#2738,.T.);
#2768=ORIENTED_EDGE('',*,*,#2767,.T.);
#2769=EDGE_LOOP('',(#2763,#2765,#2766,#2768));
#2770=FACE_OUTER_BOUND('',#2769,.F.);
#2771=ADVANCED_FACE('',(#2770),#2761,.T.);
#2772=CARTESIAN_POINT('',(0.E0,-1.74E0,0.E0));
#2773=DIRECTION('',(0.E0,1.E0,0.E0));
#2774=DIRECTION('',(1.E0,0.E0,0.E0));
#2775=AXIS2_PLACEMENT_3D('',#2772,#2773,#2774);
#2776=PLANE('',#2775);
#2777=ORIENTED_EDGE('',*,*,#2762,.T.);
#2779=ORIENTED_EDGE('',*,*,#2778,.F.);
#2781=ORIENTED_EDGE('',*,*,#2780,.T.);
#2783=ORIENTED_EDGE('',*,*,#2782,.T.);
#2784=EDGE_LOOP('',(#2777,#2779,#2781,#2783));
#2785=FACE_OUTER_BOUND('',#2784,.F.);
#2786=ADVANCED_FACE('',(#2785),#2776,.F.);
#2787=CARTESIAN_POINT('',(0.E0,-1.74E0,0.E0));
#2788=DIRECTION('',(0.E0,1.E0,0.E0));
#2789=DIRECTION('',(1.E0,0.E0,0.E0));
#2790=AXIS2_PLACEMENT_3D('',#2787,#2788,#2789);
#2791=PLANE('',#2790);
#2793=ORIENTED_EDGE('',*,*,#2792,.T.);
#2795=ORIENTED_EDGE('',*,*,#2794,.T.);
#2797=ORIENTED_EDGE('',*,*,#2796,.T.);
#2799=ORIENTED_EDGE('',*,*,#2798,.T.);
#2800=EDGE_LOOP('',(#2793,#2795,#2797,#2799));
#2801=FACE_OUTER_BOUND('',#2800,.F.);
#2802=ADVANCED_FACE('',(#2801),#2791,.F.);
#2803=CARTESIAN_POINT('',(-4.115E0,-2.99E0,0.E0));
#2804=DIRECTION('',(-1.E0,0.E0,0.E0));
#2805=DIRECTION('',(0.E0,0.E0,1.E0));
#2806=AXIS2_PLACEMENT_3D('',#2803,#2804,#2805);
#2807=PLANE('',#2806);
#2808=ORIENTED_EDGE('',*,*,#2778,.T.);
#2809=ORIENTED_EDGE('',*,*,#2767,.F.);
#2810=ORIENTED_EDGE('',*,*,#2752,.F.);
#2812=ORIENTED_EDGE('',*,*,#2811,.T.);
#2814=ORIENTED_EDGE('',*,*,#2813,.T.);
#2816=ORIENTED_EDGE('',*,*,#2815,.T.);
#2818=ORIENTED_EDGE('',*,*,#2817,.F.);
#2820=ORIENTED_EDGE('',*,*,#2819,.F.);
#2821=EDGE_LOOP('',(#2808,#2809,#2810,#2812,#2814,#2816,#2818,#2820));
#2822=FACE_OUTER_BOUND('',#2821,.F.);
#2823=ADVANCED_FACE('',(#2822),#2807,.T.);
#2824=CARTESIAN_POINT('',(4.115E0,-2.99E0,0.E0));
#2825=DIRECTION('',(0.E0,0.E0,-1.E0));
#2826=DIRECTION('',(-1.E0,0.E0,0.E0));
#2827=AXIS2_PLACEMENT_3D('',#2824,#2825,#2826);
#2828=PLANE('',#2827);
#2829=ORIENTED_EDGE('',*,*,#2750,.F.);
#2831=ORIENTED_EDGE('',*,*,#2830,.T.);
#2833=ORIENTED_EDGE('',*,*,#2832,.T.);
#2834=ORIENTED_EDGE('',*,*,#2811,.F.);
#2835=EDGE_LOOP('',(#2829,#2831,#2833,#2834));
#2836=FACE_OUTER_BOUND('',#2835,.F.);
#2838=ORIENTED_EDGE('',*,*,#2837,.T.);
#2840=ORIENTED_EDGE('',*,*,#2839,.T.);
#2842=ORIENTED_EDGE('',*,*,#2841,.F.);
#2844=ORIENTED_EDGE('',*,*,#2843,.F.);
#2845=EDGE_LOOP('',(#2838,#2840,#2842,#2844));
#2846=FACE_BOUND('',#2845,.F.);
#2848=ORIENTED_EDGE('',*,*,#2847,.T.);
#2850=ORIENTED_EDGE('',*,*,#2849,.T.);
#2852=ORIENTED_EDGE('',*,*,#2851,.F.);
#2854=ORIENTED_EDGE('',*,*,#2853,.F.);
#2855=EDGE_LOOP('',(#2848,#2850,#2852,#2854));
#2856=FACE_BOUND('',#2855,.F.);
#2858=ORIENTED_EDGE('',*,*,#2857,.F.);
#2860=ORIENTED_EDGE('',*,*,#2859,.T.);
#2862=ORIENTED_EDGE('',*,*,#2861,.T.);
#2864=ORIENTED_EDGE('',*,*,#2863,.F.);
#2865=EDGE_LOOP('',(#2858,#2860,#2862,#2864));
#2866=FACE_BOUND('',#2865,.F.);
#2868=ORIENTED_EDGE('',*,*,#2867,.F.);
#2870=ORIENTED_EDGE('',*,*,#2869,.T.);
#2872=ORIENTED_EDGE('',*,*,#2871,.T.);
#2874=ORIENTED_EDGE('',*,*,#2873,.F.);
#2875=EDGE_LOOP('',(#2868,#2870,#2872,#2874));
#2876=FACE_BOUND('',#2875,.F.);
#2877=ADVANCED_FACE('',(#2836,#2846,#2856,#2866,#2876),#2828,.T.);
#2878=CARTESIAN_POINT('',(4.115E0,-2.99E0,8.69E0));
#2879=DIRECTION('',(1.E0,0.E0,0.E0));
#2880=DIRECTION('',(0.E0,0.E0,-1.E0));
#2881=AXIS2_PLACEMENT_3D('',#2878,#2879,#2880);
#2882=PLANE('',#2881);
#2883=ORIENTED_EDGE('',*,*,#2798,.F.);
#2885=ORIENTED_EDGE('',*,*,#2884,.T.);
#2887=ORIENTED_EDGE('',*,*,#2886,.T.);
#2889=ORIENTED_EDGE('',*,*,#2888,.F.);
#2891=ORIENTED_EDGE('',*,*,#2890,.T.);
#2892=ORIENTED_EDGE('',*,*,#2830,.F.);
#2893=ORIENTED_EDGE('',*,*,#2748,.F.);
#2895=ORIENTED_EDGE('',*,*,#2894,.T.);
#2896=EDGE_LOOP('',(#2883,#2885,#2887,#2889,#2891,#2892,#2893,#2895));
#2897=FACE_OUTER_BOUND('',#2896,.F.);
#2898=ADVANCED_FACE('',(#2897),#2882,.T.);
#2899=CARTESIAN_POINT('',(-4.115E0,-2.99E0,8.69E0));
#2900=DIRECTION('',(0.E0,0.E0,1.E0));
#2901=DIRECTION('',(1.E0,0.E0,0.E0));
#2902=AXIS2_PLACEMENT_3D('',#2899,#2900,#2901);
#2903=PLANE('',#2902);
#2905=ORIENTED_EDGE('',*,*,#2904,.T.);
#2907=ORIENTED_EDGE('',*,*,#2906,.T.);
#2909=ORIENTED_EDGE('',*,*,#2908,.F.);
#2911=ORIENTED_EDGE('',*,*,#2910,.F.);
#2913=ORIENTED_EDGE('',*,*,#2912,.F.);
#2915=ORIENTED_EDGE('',*,*,#2914,.T.);
#2917=ORIENTED_EDGE('',*,*,#2916,.F.);
#2919=ORIENTED_EDGE('',*,*,#2918,.F.);
#2921=ORIENTED_EDGE('',*,*,#2920,.F.);
#2923=ORIENTED_EDGE('',*,*,#2922,.T.);
#2925=ORIENTED_EDGE('',*,*,#2924,.F.);
#2927=ORIENTED_EDGE('',*,*,#2926,.T.);
#2929=ORIENTED_EDGE('',*,*,#2928,.T.);
#2931=ORIENTED_EDGE('',*,*,#2930,.T.);
#2933=ORIENTED_EDGE('',*,*,#2932,.F.);
#2935=ORIENTED_EDGE('',*,*,#2934,.T.);
#2936=ORIENTED_EDGE('',*,*,#2884,.F.);
#2937=ORIENTED_EDGE('',*,*,#2796,.F.);
#2939=ORIENTED_EDGE('',*,*,#2938,.F.);
#2940=ORIENTED_EDGE('',*,*,#2742,.F.);
#2942=ORIENTED_EDGE('',*,*,#2941,.T.);
#2943=ORIENTED_EDGE('',*,*,#2780,.F.);
#2944=ORIENTED_EDGE('',*,*,#2819,.T.);
#2946=ORIENTED_EDGE('',*,*,#2945,.T.);
#2948=ORIENTED_EDGE('',*,*,#2947,.T.);
#2950=ORIENTED_EDGE('',*,*,#2949,.T.);
#2952=ORIENTED_EDGE('',*,*,#2951,.F.);
#2954=ORIENTED_EDGE('',*,*,#2953,.T.);
#2956=ORIENTED_EDGE('',*,*,#2955,.F.);
#2958=ORIENTED_EDGE('',*,*,#2957,.T.);
#2960=ORIENTED_EDGE('',*,*,#2959,.F.);
#2962=ORIENTED_EDGE('',*,*,#2961,.T.);
#2964=ORIENTED_EDGE('',*,*,#2963,.T.);
#2966=ORIENTED_EDGE('',*,*,#2965,.T.);
#2968=ORIENTED_EDGE('',*,*,#2967,.T.);
#2970=ORIENTED_EDGE('',*,*,#2969,.T.);
#2971=EDGE_LOOP('',(#2905,#2907,#2909,#2911,#2913,#2915,#2917,#2919,#2921,#2923,
#2925,#2927,#2929,#2931,#2933,#2935,#2936,#2937,#2939,#2940,#2942,#2943,#2944,
#2946,#2948,#2950,#2952,#2954,#2956,#2958,#2960,#2962,#2964,#2966,#2968,#2970));
#2972=FACE_OUTER_BOUND('',#2971,.F.);
#2974=ORIENTED_EDGE('',*,*,#2973,.F.);
#2976=ORIENTED_EDGE('',*,*,#2975,.F.);
#2978=ORIENTED_EDGE('',*,*,#2977,.T.);
#2980=ORIENTED_EDGE('',*,*,#2979,.T.);
#2981=EDGE_LOOP('',(#2974,#2976,#2978,#2980));
#2982=FACE_BOUND('',#2981,.F.);
#2983=ADVANCED_FACE('',(#2972,#2982),#2903,.T.);
#2984=CARTESIAN_POINT('',(-2.36E0,0.E0,0.E0));
#2985=DIRECTION('',(-1.E0,0.E0,0.E0));
#2986=DIRECTION('',(0.E0,0.E0,1.E0));
#2987=AXIS2_PLACEMENT_3D('',#2984,#2985,#2986);
#2988=PLANE('',#2987);
#2989=ORIENTED_EDGE('',*,*,#2973,.T.);
#2991=ORIENTED_EDGE('',*,*,#2990,.T.);
#2993=ORIENTED_EDGE('',*,*,#2992,.T.);
#2995=ORIENTED_EDGE('',*,*,#2994,.T.);
#2996=EDGE_LOOP('',(#2989,#2991,#2993,#2995));
#2997=FACE_OUTER_BOUND('',#2996,.F.);
#2998=ADVANCED_FACE('',(#2997),#2988,.F.);
#2999=CARTESIAN_POINT('',(-2.36E0,0.E0,0.E0));
#3000=DIRECTION('',(-1.E0,0.E0,0.E0));
#3001=DIRECTION('',(0.E0,0.E0,1.E0));
#3002=AXIS2_PLACEMENT_3D('',#2999,#3000,#3001);
#3003=PLANE('',#3002);
#3004=ORIENTED_EDGE('',*,*,#2959,.T.);
#3006=ORIENTED_EDGE('',*,*,#3005,.T.);
#3008=ORIENTED_EDGE('',*,*,#3007,.T.);
#3010=ORIENTED_EDGE('',*,*,#3009,.T.);
#3011=EDGE_LOOP('',(#3004,#3006,#3008,#3010));
#3012=FACE_OUTER_BOUND('',#3011,.F.);
#3013=ADVANCED_FACE('',(#3012),#3003,.F.);
#3014=CARTESIAN_POINT('',(-2.36E0,-1.55E-1,8.69E0));
#3015=DIRECTION('',(0.E0,1.E0,0.E0));
#3016=DIRECTION('',(0.E0,0.E0,-1.E0));
#3017=AXIS2_PLACEMENT_3D('',#3014,#3015,#3016);
#3018=PLANE('',#3017);
#3019=ORIENTED_EDGE('',*,*,#2979,.F.);
#3021=ORIENTED_EDGE('',*,*,#3020,.T.);
#3023=ORIENTED_EDGE('',*,*,#3022,.F.);
#3024=ORIENTED_EDGE('',*,*,#2990,.F.);
#3025=EDGE_LOOP('',(#3019,#3021,#3023,#3024));
#3026=FACE_OUTER_BOUND('',#3025,.F.);
#3027=ADVANCED_FACE('',(#3026),#3018,.F.);
#3028=CARTESIAN_POINT('',(-1.4E-1,0.E0,0.E0));
#3029=DIRECTION('',(-1.E0,0.E0,0.E0));
#3030=DIRECTION('',(0.E0,0.E0,1.E0));
#3031=AXIS2_PLACEMENT_3D('',#3028,#3029,#3030);
#3032=PLANE('',#3031);
#3033=ORIENTED_EDGE('',*,*,#2977,.F.);
#3035=ORIENTED_EDGE('',*,*,#3034,.F.);
#3037=ORIENTED_EDGE('',*,*,#3036,.F.);
#3038=ORIENTED_EDGE('',*,*,#3020,.F.);
#3039=EDGE_LOOP('',(#3033,#3035,#3037,#3038));
#3040=FACE_OUTER_BOUND('',#3039,.F.);
#3041=ADVANCED_FACE('',(#3040),#3032,.T.);
#3042=CARTESIAN_POINT('',(-1.4E-1,0.E0,0.E0));
#3043=DIRECTION('',(-1.E0,0.E0,0.E0));
#3044=DIRECTION('',(0.E0,0.E0,1.E0));
#3045=AXIS2_PLACEMENT_3D('',#3042,#3043,#3044);
#3046=PLANE('',#3045);
#3047=ORIENTED_EDGE('',*,*,#2963,.F.);
#3049=ORIENTED_EDGE('',*,*,#3048,.F.);
#3051=ORIENTED_EDGE('',*,*,#3050,.F.);
#3053=ORIENTED_EDGE('',*,*,#3052,.F.);
#3054=EDGE_LOOP('',(#3047,#3049,#3051,#3053));
#3055=FACE_OUTER_BOUND('',#3054,.F.);
#3056=ADVANCED_FACE('',(#3055),#3046,.T.);
#3057=CARTESIAN_POINT('',(-2.36E0,-2.345E0,2.69E0));
#3058=DIRECTION('',(0.E0,-1.E0,0.E0));
#3059=DIRECTION('',(0.E0,0.E0,1.E0));
#3060=AXIS2_PLACEMENT_3D('',#3057,#3058,#3059);
#3061=PLANE('',#3060);
#3062=ORIENTED_EDGE('',*,*,#2975,.T.);
#3063=ORIENTED_EDGE('',*,*,#2994,.F.);
#3065=ORIENTED_EDGE('',*,*,#3064,.T.);
#3066=ORIENTED_EDGE('',*,*,#3034,.T.);
#3067=EDGE_LOOP('',(#3062,#3063,#3065,#3066));
#3068=FACE_OUTER_BOUND('',#3067,.F.);
#3069=ADVANCED_FACE('',(#3068),#3061,.F.);
#3070=CARTESIAN_POINT('',(-2.36E0,-1.55E-1,2.69E0));
#3071=DIRECTION('',(0.E0,0.E0,-1.E0));
#3072=DIRECTION('',(0.E0,-1.E0,0.E0));
#3073=AXIS2_PLACEMENT_3D('',#3070,#3071,#3072);
#3074=PLANE('',#3073);
#3075=ORIENTED_EDGE('',*,*,#2992,.F.);
#3076=ORIENTED_EDGE('',*,*,#3022,.T.);
#3077=ORIENTED_EDGE('',*,*,#3036,.T.);
#3078=ORIENTED_EDGE('',*,*,#3064,.F.);
#3079=EDGE_LOOP('',(#3075,#3076,#3077,#3078));
#3080=FACE_OUTER_BOUND('',#3079,.F.);
#3082=ORIENTED_EDGE('',*,*,#3081,.T.);
#3084=ORIENTED_EDGE('',*,*,#3083,.T.);
#3086=ORIENTED_EDGE('',*,*,#3085,.F.);
#3088=ORIENTED_EDGE('',*,*,#3087,.F.);
#3089=EDGE_LOOP('',(#3082,#3084,#3086,#3088));
#3090=FACE_BOUND('',#3089,.F.);
#3091=ADVANCED_FACE('',(#3080,#3090),#3074,.F.);
#3092=CARTESIAN_POINT('',(-1.5675E0,-2.99E0,0.E0));
#3093=DIRECTION('',(1.E0,0.E0,0.E0));
#3094=DIRECTION('',(0.E0,0.E0,-1.E0));
#3095=AXIS2_PLACEMENT_3D('',#3092,#3093,#3094);
#3096=PLANE('',#3095);
#3097=ORIENTED_EDGE('',*,*,#2837,.F.);
#3099=ORIENTED_EDGE('',*,*,#3098,.T.);
#3101=ORIENTED_EDGE('',*,*,#3100,.T.);
#3103=ORIENTED_EDGE('',*,*,#3102,.T.);
#3105=ORIENTED_EDGE('',*,*,#3104,.T.);
#3107=ORIENTED_EDGE('',*,*,#3106,.T.);
#3109=ORIENTED_EDGE('',*,*,#3108,.T.);
#3111=ORIENTED_EDGE('',*,*,#3110,.T.);
#3113=ORIENTED_EDGE('',*,*,#3112,.T.);
#3115=ORIENTED_EDGE('',*,*,#3114,.T.);
#3117=ORIENTED_EDGE('',*,*,#3116,.T.);
#3119=ORIENTED_EDGE('',*,*,#3118,.T.);
#3121=ORIENTED_EDGE('',*,*,#3120,.T.);
#3123=ORIENTED_EDGE('',*,*,#3122,.T.);
#3125=ORIENTED_EDGE('',*,*,#3124,.T.);
#3127=ORIENTED_EDGE('',*,*,#3126,.T.);
#3129=ORIENTED_EDGE('',*,*,#3128,.T.);
#3131=ORIENTED_EDGE('',*,*,#3130,.T.);
#3133=ORIENTED_EDGE('',*,*,#3132,.T.);
#3135=ORIENTED_EDGE('',*,*,#3134,.T.);
#3137=ORIENTED_EDGE('',*,*,#3136,.T.);
#3139=ORIENTED_EDGE('',*,*,#3138,.T.);
#3140=EDGE_LOOP('',(#3097,#3099,#3101,#3103,#3105,#3107,#3109,#3111,#3113,#3115,
#3117,#3119,#3121,#3123,#3125,#3127,#3129,#3131,#3133,#3135,#3137,#3139));
#3141=FACE_OUTER_BOUND('',#3140,.F.);
#3142=ADVANCED_FACE('',(#3141),#3096,.F.);
#3143=CARTESIAN_POINT('',(-1.5675E0,-2.99E0,0.E0));
#3144=DIRECTION('',(1.E0,0.E0,0.E0));
#3145=DIRECTION('',(0.E0,0.E0,-1.E0));
#3146=AXIS2_PLACEMENT_3D('',#3143,#3144,#3145);
#3147=PLANE('',#3146);
#3149=ORIENTED_EDGE('',*,*,#3148,.F.);
#3151=ORIENTED_EDGE('',*,*,#3150,.T.);
#3153=ORIENTED_EDGE('',*,*,#3152,.F.);
#3155=ORIENTED_EDGE('',*,*,#3154,.T.);
#3156=EDGE_LOOP('',(#3149,#3151,#3153,#3155));
#3157=FACE_OUTER_BOUND('',#3156,.F.);
#3158=ADVANCED_FACE('',(#3157),#3147,.F.);
#3159=CARTESIAN_POINT('',(-1.5675E0,-2.99E0,0.E0));
#3160=DIRECTION('',(1.E0,0.E0,0.E0));
#3161=DIRECTION('',(0.E0,0.E0,-1.E0));
#3162=AXIS2_PLACEMENT_3D('',#3159,#3160,#3161);
#3163=PLANE('',#3162);
#3165=ORIENTED_EDGE('',*,*,#3164,.F.);
#3167=ORIENTED_EDGE('',*,*,#3166,.T.);
#3168=ORIENTED_EDGE('',*,*,#3081,.F.);
#3170=ORIENTED_EDGE('',*,*,#3169,.T.);
#3171=EDGE_LOOP('',(#3165,#3167,#3168,#3170));
#3172=FACE_OUTER_BOUND('',#3171,.F.);
#3173=ADVANCED_FACE('',(#3172),#3163,.F.);
#3174=CARTESIAN_POINT('',(-1.5675E0,-2.985E0,4.3E-1));
#3175=DIRECTION('',(1.E0,0.E0,0.E0));
#3176=DIRECTION('',(0.E0,0.E0,-1.E0));
#3177=AXIS2_PLACEMENT_3D('',#3174,#3175,#3176);
#3178=CYLINDRICAL_SURFACE('',#3177,8.E-1);
#3179=ORIENTED_EDGE('',*,*,#2843,.T.);
#3181=ORIENTED_EDGE('',*,*,#3180,.T.);
#3183=ORIENTED_EDGE('',*,*,#3182,.F.);
#3184=ORIENTED_EDGE('',*,*,#3098,.F.);
#3185=EDGE_LOOP('',(#3179,#3181,#3183,#3184));
#3186=FACE_OUTER_BOUND('',#3185,.F.);
#3187=ADVANCED_FACE('',(#3186),#3178,.F.);
#3188=CARTESIAN_POINT('',(-9.325E-1,-2.99E0,0.E0));
#3189=DIRECTION('',(1.E0,0.E0,0.E0));
#3190=DIRECTION('',(0.E0,0.E0,-1.E0));
#3191=AXIS2_PLACEMENT_3D('',#3188,#3189,#3190);
#3192=PLANE('',#3191);
#3193=ORIENTED_EDGE('',*,*,#2841,.T.);
#3195=ORIENTED_EDGE('',*,*,#3194,.F.);
#3197=ORIENTED_EDGE('',*,*,#3196,.F.);
#3199=ORIENTED_EDGE('',*,*,#3198,.F.);
#3201=ORIENTED_EDGE('',*,*,#3200,.F.);
#3203=ORIENTED_EDGE('',*,*,#3202,.F.);
#3205=ORIENTED_EDGE('',*,*,#3204,.F.);
#3207=ORIENTED_EDGE('',*,*,#3206,.F.);
#3209=ORIENTED_EDGE('',*,*,#3208,.F.);
#3211=ORIENTED_EDGE('',*,*,#3210,.F.);
#3213=ORIENTED_EDGE('',*,*,#3212,.F.);
#3215=ORIENTED_EDGE('',*,*,#3214,.F.);
#3217=ORIENTED_EDGE('',*,*,#3216,.F.);
#3219=ORIENTED_EDGE('',*,*,#3218,.F.);
#3221=ORIENTED_EDGE('',*,*,#3220,.F.);
#3223=ORIENTED_EDGE('',*,*,#3222,.F.);
#3225=ORIENTED_EDGE('',*,*,#3224,.F.);
#3227=ORIENTED_EDGE('',*,*,#3226,.F.);
#3229=ORIENTED_EDGE('',*,*,#3228,.F.);
#3231=ORIENTED_EDGE('',*,*,#3230,.F.);
#3233=ORIENTED_EDGE('',*,*,#3232,.F.);
#3234=ORIENTED_EDGE('',*,*,#3180,.F.);
#3235=EDGE_LOOP('',(#3193,#3195,#3197,#3199,#3201,#3203,#3205,#3207,#3209,#3211,
#3213,#3215,#3217,#3219,#3221,#3223,#3225,#3227,#3229,#3231,#3233,#3234));
#3236=FACE_OUTER_BOUND('',#3235,.F.);
#3237=ADVANCED_FACE('',(#3236),#3192,.T.);
#3238=CARTESIAN_POINT('',(-9.325E-1,-2.99E0,0.E0));
#3239=DIRECTION('',(1.E0,0.E0,0.E0));
#3240=DIRECTION('',(0.E0,0.E0,-1.E0));
#3241=AXIS2_PLACEMENT_3D('',#3238,#3239,#3240);
#3242=PLANE('',#3241);
#3244=ORIENTED_EDGE('',*,*,#3243,.F.);
#3246=ORIENTED_EDGE('',*,*,#3245,.F.);
#3248=ORIENTED_EDGE('',*,*,#3247,.T.);
#3250=ORIENTED_EDGE('',*,*,#3249,.F.);
#3251=EDGE_LOOP('',(#3244,#3246,#3248,#3250));
#3252=FACE_OUTER_BOUND('',#3251,.F.);
#3253=ADVANCED_FACE('',(#3252),#3242,.T.);
#3254=CARTESIAN_POINT('',(-9.325E-1,-2.99E0,0.E0));
#3255=DIRECTION('',(1.E0,0.E0,0.E0));
#3256=DIRECTION('',(0.E0,0.E0,-1.E0));
#3257=AXIS2_PLACEMENT_3D('',#3254,#3255,#3256);
#3258=PLANE('',#3257);
#3260=ORIENTED_EDGE('',*,*,#3259,.F.);
#3262=ORIENTED_EDGE('',*,*,#3261,.F.);
#3263=ORIENTED_EDGE('',*,*,#3085,.T.);
#3265=ORIENTED_EDGE('',*,*,#3264,.F.);
#3266=EDGE_LOOP('',(#3260,#3262,#3263,#3265));
#3267=FACE_OUTER_BOUND('',#3266,.F.);
#3268=ADVANCED_FACE('',(#3267),#3258,.T.);
#3269=CARTESIAN_POINT('',(-1.5675E0,2.985E0,4.3E-1));
#3270=DIRECTION('',(1.E0,0.E0,0.E0));
#3271=DIRECTION('',(0.E0,0.E0,-1.E0));
#3272=AXIS2_PLACEMENT_3D('',#3269,#3270,#3271);
#3273=CYLINDRICAL_SURFACE('',#3272,8.E-1);
#3274=ORIENTED_EDGE('',*,*,#2839,.F.);
#3275=ORIENTED_EDGE('',*,*,#3138,.F.);
#3277=ORIENTED_EDGE('',*,*,#3276,.T.);
#3278=ORIENTED_EDGE('',*,*,#3194,.T.);
#3279=EDGE_LOOP('',(#3274,#3275,#3277,#3278));
#3280=FACE_OUTER_BOUND('',#3279,.F.);
#3281=ADVANCED_FACE('',(#3280),#3273,.F.);
#3282=CARTESIAN_POINT('',(-1.5675E0,4.05E0,-3.7E-1));
#3283=DIRECTION('',(0.E0,0.E0,1.E0));
#3284=DIRECTION('',(0.E0,-1.E0,0.E0));
#3285=AXIS2_PLACEMENT_3D('',#3282,#3283,#3284);
#3286=PLANE('',#3285);
#3287=ORIENTED_EDGE('',*,*,#3136,.F.);
#3289=ORIENTED_EDGE('',*,*,#3288,.T.);
#3290=ORIENTED_EDGE('',*,*,#3196,.T.);
#3291=ORIENTED_EDGE('',*,*,#3276,.F.);
#3292=EDGE_LOOP('',(#3287,#3289,#3290,#3291));
#3293=FACE_OUTER_BOUND('',#3292,.F.);
#3294=ADVANCED_FACE('',(#3293),#3286,.T.);
#3295=CARTESIAN_POINT('',(-1.5675E0,4.05E0,-5.7E-1));
#3296=DIRECTION('',(1.E0,0.E0,0.E0));
#3297=DIRECTION('',(0.E0,0.E0,-1.E0));
#3298=AXIS2_PLACEMENT_3D('',#3295,#3296,#3297);
#3299=CYLINDRICAL_SURFACE('',#3298,2.E-1);
#3300=ORIENTED_EDGE('',*,*,#3134,.F.);
#3302=ORIENTED_EDGE('',*,*,#3301,.T.);
#3303=ORIENTED_EDGE('',*,*,#3198,.T.);
#3304=ORIENTED_EDGE('',*,*,#3288,.F.);
#3305=EDGE_LOOP('',(#3300,#3302,#3303,#3304));
#3306=FACE_OUTER_BOUND('',#3305,.F.);
#3307=ADVANCED_FACE('',(#3306),#3299,.T.);
#3308=CARTESIAN_POINT('',(-1.5675E0,4.25E0,-8.1E-1));
#3309=DIRECTION('',(0.E0,1.E0,0.E0));
#3310=DIRECTION('',(0.E0,0.E0,1.E0));
#3311=AXIS2_PLACEMENT_3D('',#3308,#3309,#3310);
#3312=PLANE('',#3311);
#3313=ORIENTED_EDGE('',*,*,#3132,.F.);
#3315=ORIENTED_EDGE('',*,*,#3314,.T.);
#3316=ORIENTED_EDGE('',*,*,#3200,.T.);
#3317=ORIENTED_EDGE('',*,*,#3301,.F.);
#3318=EDGE_LOOP('',(#3313,#3315,#3316,#3317));
#3319=FACE_OUTER_BOUND('',#3318,.F.);
#3320=ADVANCED_FACE('',(#3319),#3312,.T.);
#3321=CARTESIAN_POINT('',(-1.5675E0,4.05E0,-8.1E-1));
#3322=DIRECTION('',(1.E0,0.E0,0.E0));
#3323=DIRECTION('',(0.E0,0.E0,-1.E0));
#3324=AXIS2_PLACEMENT_3D('',#3321,#3322,#3323);
#3325=CYLINDRICAL_SURFACE('',#3324,2.E-1);
#3326=ORIENTED_EDGE('',*,*,#3130,.F.);
#3328=ORIENTED_EDGE('',*,*,#3327,.T.);
#3329=ORIENTED_EDGE('',*,*,#3202,.T.);
#3330=ORIENTED_EDGE('',*,*,#3314,.F.);
#3331=EDGE_LOOP('',(#3326,#3328,#3329,#3330));
#3332=FACE_OUTER_BOUND('',#3331,.F.);
#3333=ADVANCED_FACE('',(#3332),#3325,.T.);
#3334=CARTESIAN_POINT('',(-1.5675E0,2.749637309529E0,-1.01E0));
#3335=DIRECTION('',(0.E0,0.E0,-1.E0));
#3336=DIRECTION('',(0.E0,1.E0,0.E0));
#3337=AXIS2_PLACEMENT_3D('',#3334,#3335,#3336);
#3338=PLANE('',#3337);
#3339=ORIENTED_EDGE('',*,*,#3128,.F.);
#3341=ORIENTED_EDGE('',*,*,#3340,.T.);
#3342=ORIENTED_EDGE('',*,*,#3204,.T.);
#3343=ORIENTED_EDGE('',*,*,#3327,.F.);
#3344=EDGE_LOOP('',(#3339,#3341,#3342,#3343));
#3345=FACE_OUTER_BOUND('',#3344,.F.);
#3346=ADVANCED_FACE('',(#3345),#3338,.T.);
#3347=CARTESIAN_POINT('',(-1.5675E0,2.749637309529E0,-2.1E-1));
#3348=DIRECTION('',(1.E0,0.E0,0.E0));
#3349=DIRECTION('',(0.E0,0.E0,-1.E0));
#3350=AXIS2_PLACEMENT_3D('',#3347,#3348,#3349);
#3351=CYLINDRICAL_SURFACE('',#3350,8.E-1);
#3352=ORIENTED_EDGE('',*,*,#3126,.F.);
#3354=ORIENTED_EDGE('',*,*,#3353,.T.);
#3355=ORIENTED_EDGE('',*,*,#3206,.T.);
#3356=ORIENTED_EDGE('',*,*,#3340,.F.);
#3357=EDGE_LOOP('',(#3352,#3354,#3355,#3356));
#3358=FACE_OUTER_BOUND('',#3357,.F.);
#3359=ADVANCED_FACE('',(#3358),#3351,.T.);
#3360=CARTESIAN_POINT('',(-1.5675E0,1.783666295471E0,-1.08E0));
#3361=DIRECTION('',(1.E0,0.E0,0.E0));
#3362=DIRECTION('',(0.E0,0.E0,-1.E0));
#3363=AXIS2_PLACEMENT_3D('',#3360,#3361,#3362);
#3364=CYLINDRICAL_SURFACE('',#3363,5.E-1);
#3365=ORIENTED_EDGE('',*,*,#3124,.F.);
#3367=ORIENTED_EDGE('',*,*,#3366,.T.);
#3368=ORIENTED_EDGE('',*,*,#3208,.T.);
#3369=ORIENTED_EDGE('',*,*,#3353,.F.);
#3370=EDGE_LOOP('',(#3365,#3367,#3368,#3369));
#3371=FACE_OUTER_BOUND('',#3370,.F.);
#3372=ADVANCED_FACE('',(#3371),#3364,.F.);
#3373=CARTESIAN_POINT('',(-1.5675E0,1.719666295471E0,-5.8E-1));
#3374=DIRECTION('',(0.E0,0.E0,-1.E0));
#3375=DIRECTION('',(0.E0,1.E0,0.E0));
#3376=AXIS2_PLACEMENT_3D('',#3373,#3374,#3375);
#3377=PLANE('',#3376);
#3378=ORIENTED_EDGE('',*,*,#3122,.F.);
#3380=ORIENTED_EDGE('',*,*,#3379,.T.);
#3381=ORIENTED_EDGE('',*,*,#3210,.T.);
#3382=ORIENTED_EDGE('',*,*,#3366,.F.);
#3383=EDGE_LOOP('',(#3378,#3380,#3381,#3382));
#3384=FACE_OUTER_BOUND('',#3383,.F.);
#3385=ADVANCED_FACE('',(#3384),#3377,.T.);
#3386=CARTESIAN_POINT('',(-1.5675E0,1.719666295471E0,-7.3E-1));
#3387=DIRECTION('',(1.E0,0.E0,0.E0));
#3388=DIRECTION('',(0.E0,0.E0,-1.E0));
#3389=AXIS2_PLACEMENT_3D('',#3386,#3387,#3388);
#3390=CYLINDRICAL_SURFACE('',#3389,1.5E-1);
#3391=ORIENTED_EDGE('',*,*,#3120,.F.);
#3393=ORIENTED_EDGE('',*,*,#3392,.T.);
#3394=ORIENTED_EDGE('',*,*,#3212,.T.);
#3395=ORIENTED_EDGE('',*,*,#3379,.F.);
#3396=EDGE_LOOP('',(#3391,#3393,#3394,#3395));
#3397=FACE_OUTER_BOUND('',#3396,.F.);
#3398=ADVANCED_FACE('',(#3397),#3390,.F.);
#3399=CARTESIAN_POINT('',(-1.5675E0,-1.57E0,-7.2E-1));
#3400=DIRECTION('',(0.E0,0.E0,-1.E0));
#3401=DIRECTION('',(0.E0,1.E0,0.E0));
#3402=AXIS2_PLACEMENT_3D('',#3399,#3400,#3401);
#3403=PLANE('',#3402);
#3404=ORIENTED_EDGE('',*,*,#3118,.F.);
#3406=ORIENTED_EDGE('',*,*,#3405,.T.);
#3407=ORIENTED_EDGE('',*,*,#3214,.T.);
#3408=ORIENTED_EDGE('',*,*,#3392,.F.);
#3409=EDGE_LOOP('',(#3404,#3406,#3407,#3408));
#3410=FACE_OUTER_BOUND('',#3409,.F.);
#3411=ADVANCED_FACE('',(#3410),#3403,.T.);
#3412=CARTESIAN_POINT('',(-1.5675E0,-1.719666295471E0,-7.3E-1));
#3413=DIRECTION('',(1.E0,0.E0,0.E0));
#3414=DIRECTION('',(0.E0,0.E0,-1.E0));
#3415=AXIS2_PLACEMENT_3D('',#3412,#3413,#3414);
#3416=CYLINDRICAL_SURFACE('',#3415,1.5E-1);
#3417=ORIENTED_EDGE('',*,*,#3116,.F.);
#3419=ORIENTED_EDGE('',*,*,#3418,.T.);
#3420=ORIENTED_EDGE('',*,*,#3216,.T.);
#3421=ORIENTED_EDGE('',*,*,#3405,.F.);
#3422=EDGE_LOOP('',(#3417,#3419,#3420,#3421));
#3423=FACE_OUTER_BOUND('',#3422,.F.);
#3424=ADVANCED_FACE('',(#3423),#3416,.F.);
#3425=CARTESIAN_POINT('',(-1.5675E0,-1.783666295471E0,-5.8E-1));
#3426=DIRECTION('',(0.E0,0.E0,-1.E0));
#3427=DIRECTION('',(0.E0,1.E0,0.E0));
#3428=AXIS2_PLACEMENT_3D('',#3425,#3426,#3427);
#3429=PLANE('',#3428);
#3430=ORIENTED_EDGE('',*,*,#3114,.F.);
#3432=ORIENTED_EDGE('',*,*,#3431,.T.);
#3433=ORIENTED_EDGE('',*,*,#3218,.T.);
#3434=ORIENTED_EDGE('',*,*,#3418,.F.);
#3435=EDGE_LOOP('',(#3430,#3432,#3433,#3434));
#3436=FACE_OUTER_BOUND('',#3435,.F.);
#3437=ADVANCED_FACE('',(#3436),#3429,.T.);
#3438=CARTESIAN_POINT('',(-1.5675E0,-1.783666295471E0,-1.08E0));
#3439=DIRECTION('',(1.E0,0.E0,0.E0));
#3440=DIRECTION('',(0.E0,0.E0,-1.E0));
#3441=AXIS2_PLACEMENT_3D('',#3438,#3439,#3440);
#3442=CYLINDRICAL_SURFACE('',#3441,5.E-1);
#3443=ORIENTED_EDGE('',*,*,#3112,.F.);
#3445=ORIENTED_EDGE('',*,*,#3444,.T.);
#3446=ORIENTED_EDGE('',*,*,#3220,.T.);
#3447=ORIENTED_EDGE('',*,*,#3431,.F.);
#3448=EDGE_LOOP('',(#3443,#3445,#3446,#3447));
#3449=FACE_OUTER_BOUND('',#3448,.F.);
#3450=ADVANCED_FACE('',(#3449),#3442,.F.);
#3451=CARTESIAN_POINT('',(-1.5675E0,-2.749637309529E0,-2.1E-1));
#3452=DIRECTION('',(1.E0,0.E0,0.E0));
#3453=DIRECTION('',(0.E0,0.E0,-1.E0));
#3454=AXIS2_PLACEMENT_3D('',#3451,#3452,#3453);
#3455=CYLINDRICAL_SURFACE('',#3454,8.E-1);
#3456=ORIENTED_EDGE('',*,*,#3110,.F.);
#3458=ORIENTED_EDGE('',*,*,#3457,.T.);
#3459=ORIENTED_EDGE('',*,*,#3222,.T.);
#3460=ORIENTED_EDGE('',*,*,#3444,.F.);
#3461=EDGE_LOOP('',(#3456,#3458,#3459,#3460));
#3462=FACE_OUTER_BOUND('',#3461,.F.);
#3463=ADVANCED_FACE('',(#3462),#3455,.T.);
#3464=CARTESIAN_POINT('',(-1.5675E0,-4.05E0,-1.01E0));
#3465=DIRECTION('',(0.E0,0.E0,-1.E0));
#3466=DIRECTION('',(0.E0,1.E0,0.E0));
#3467=AXIS2_PLACEMENT_3D('',#3464,#3465,#3466);
#3468=PLANE('',#3467);
#3469=ORIENTED_EDGE('',*,*,#3108,.F.);
#3471=ORIENTED_EDGE('',*,*,#3470,.T.);
#3472=ORIENTED_EDGE('',*,*,#3224,.T.);
#3473=ORIENTED_EDGE('',*,*,#3457,.F.);
#3474=EDGE_LOOP('',(#3469,#3471,#3472,#3473));
#3475=FACE_OUTER_BOUND('',#3474,.F.);
#3476=ADVANCED_FACE('',(#3475),#3468,.T.);
#3477=CARTESIAN_POINT('',(-1.5675E0,-4.05E0,-8.1E-1));
#3478=DIRECTION('',(1.E0,0.E0,0.E0));
#3479=DIRECTION('',(0.E0,0.E0,-1.E0));
#3480=AXIS2_PLACEMENT_3D('',#3477,#3478,#3479);
#3481=CYLINDRICAL_SURFACE('',#3480,2.E-1);
#3482=ORIENTED_EDGE('',*,*,#3106,.F.);
#3484=ORIENTED_EDGE('',*,*,#3483,.T.);
#3485=ORIENTED_EDGE('',*,*,#3226,.T.);
#3486=ORIENTED_EDGE('',*,*,#3470,.F.);
#3487=EDGE_LOOP('',(#3482,#3484,#3485,#3486));
#3488=FACE_OUTER_BOUND('',#3487,.F.);
#3489=ADVANCED_FACE('',(#3488),#3481,.T.);
#3490=CARTESIAN_POINT('',(-1.5675E0,-4.25E0,-5.7E-1));
#3491=DIRECTION('',(0.E0,-1.E0,0.E0));
#3492=DIRECTION('',(0.E0,0.E0,-1.E0));
#3493=AXIS2_PLACEMENT_3D('',#3490,#3491,#3492);
#3494=PLANE('',#3493);
#3495=ORIENTED_EDGE('',*,*,#3104,.F.);
#3497=ORIENTED_EDGE('',*,*,#3496,.T.);
#3498=ORIENTED_EDGE('',*,*,#3228,.T.);
#3499=ORIENTED_EDGE('',*,*,#3483,.F.);
#3500=EDGE_LOOP('',(#3495,#3497,#3498,#3499));
#3501=FACE_OUTER_BOUND('',#3500,.F.);
#3502=ADVANCED_FACE('',(#3501),#3494,.T.);
#3503=CARTESIAN_POINT('',(-1.5675E0,-4.05E0,-5.7E-1));
#3504=DIRECTION('',(1.E0,0.E0,0.E0));
#3505=DIRECTION('',(0.E0,0.E0,-1.E0));
#3506=AXIS2_PLACEMENT_3D('',#3503,#3504,#3505);
#3507=CYLINDRICAL_SURFACE('',#3506,2.E-1);
#3508=ORIENTED_EDGE('',*,*,#3102,.F.);
#3510=ORIENTED_EDGE('',*,*,#3509,.T.);
#3511=ORIENTED_EDGE('',*,*,#3230,.T.);
#3512=ORIENTED_EDGE('',*,*,#3496,.F.);
#3513=EDGE_LOOP('',(#3508,#3510,#3511,#3512));
#3514=FACE_OUTER_BOUND('',#3513,.F.);
#3515=ADVANCED_FACE('',(#3514),#3507,.T.);
#3516=CARTESIAN_POINT('',(-1.5675E0,-2.985E0,-3.7E-1));
#3517=DIRECTION('',(0.E0,0.E0,1.E0));
#3518=DIRECTION('',(0.E0,-1.E0,0.E0));
#3519=AXIS2_PLACEMENT_3D('',#3516,#3517,#3518);
#3520=PLANE('',#3519);
#3521=ORIENTED_EDGE('',*,*,#3100,.F.);
#3522=ORIENTED_EDGE('',*,*,#3182,.T.);
#3523=ORIENTED_EDGE('',*,*,#3232,.T.);
#3524=ORIENTED_EDGE('',*,*,#3509,.F.);
#3525=EDGE_LOOP('',(#3521,#3522,#3523,#3524));
#3526=FACE_OUTER_BOUND('',#3525,.F.);
#3527=ADVANCED_FACE('',(#3526),#3520,.T.);
#3528=CARTESIAN_POINT('',(-1.0075E0,1.2525E0,6.838E0));
#3529=DIRECTION('',(9.828721869343E-1,0.E0,1.842885350502E-1));
#3530=DIRECTION('',(-1.842885350502E-1,0.E0,9.828721869343E-1));
#3531=AXIS2_PLACEMENT_3D('',#3528,#3529,#3530);
#3532=PLANE('',#3531);
#3534=ORIENTED_EDGE('',*,*,#3533,.T.);
#3536=ORIENTED_EDGE('',*,*,#3535,.F.);
#3538=ORIENTED_EDGE('',*,*,#3537,.T.);
#3539=ORIENTED_EDGE('',*,*,#3243,.T.);
#3540=EDGE_LOOP('',(#3534,#3536,#3538,#3539));
#3541=FACE_OUTER_BOUND('',#3540,.F.);
#3542=ADVANCED_FACE('',(#3541),#3532,.T.);
#3543=CARTESIAN_POINT('',(-1.5675E0,1.1325E0,7.238E0));
#3544=DIRECTION('',(0.E0,-9.701425001453E-1,2.425356250363E-1));
#3545=DIRECTION('',(0.E0,-2.425356250363E-1,-9.701425001453E-1));
#3546=AXIS2_PLACEMENT_3D('',#3543,#3544,#3545);
#3547=PLANE('',#3546);
#3548=ORIENTED_EDGE('',*,*,#3533,.F.);
#3550=ORIENTED_EDGE('',*,*,#3549,.F.);
#3552=ORIENTED_EDGE('',*,*,#3551,.F.);
#3554=ORIENTED_EDGE('',*,*,#3553,.T.);
#3555=EDGE_LOOP('',(#3548,#3550,#3552,#3554));
#3556=FACE_OUTER_BOUND('',#3555,.F.);
#3557=ADVANCED_FACE('',(#3556),#3547,.T.);
#3558=CARTESIAN_POINT('',(-1.5675E0,9.325E-1,6.438E0));
#3559=DIRECTION('',(0.E0,-1.E0,0.E0));
#3560=DIRECTION('',(0.E0,0.E0,-1.E0));
#3561=AXIS2_PLACEMENT_3D('',#3558,#3559,#3560);
#3562=PLANE('',#3561);
#3563=ORIENTED_EDGE('',*,*,#3150,.F.);
#3564=ORIENTED_EDGE('',*,*,#3549,.T.);
#3565=ORIENTED_EDGE('',*,*,#3249,.T.);
#3567=ORIENTED_EDGE('',*,*,#3566,.F.);
#3568=EDGE_LOOP('',(#3563,#3564,#3565,#3567));
#3569=FACE_OUTER_BOUND('',#3568,.F.);
#3570=ADVANCED_FACE('',(#3569),#3562,.T.);
#3571=CARTESIAN_POINT('',(-2.36E0,2.345E0,2.69E0));
#3572=DIRECTION('',(0.E0,0.E0,-1.E0));
#3573=DIRECTION('',(0.E0,-1.E0,0.E0));
#3574=AXIS2_PLACEMENT_3D('',#3571,#3572,#3573);
#3575=PLANE('',#3574);
#3577=ORIENTED_EDGE('',*,*,#3576,.F.);
#3579=ORIENTED_EDGE('',*,*,#3578,.T.);
#3581=ORIENTED_EDGE('',*,*,#3580,.T.);
#3583=ORIENTED_EDGE('',*,*,#3582,.F.);
#3585=ORIENTED_EDGE('',*,*,#3584,.F.);
#3587=ORIENTED_EDGE('',*,*,#3586,.T.);
#3589=ORIENTED_EDGE('',*,*,#3588,.F.);
#3591=ORIENTED_EDGE('',*,*,#3590,.F.);
#3593=ORIENTED_EDGE('',*,*,#3592,.F.);
#3595=ORIENTED_EDGE('',*,*,#3594,.T.);
#3596=ORIENTED_EDGE('',*,*,#3050,.T.);
#3598=ORIENTED_EDGE('',*,*,#3597,.F.);
#3599=ORIENTED_EDGE('',*,*,#3007,.F.);
#3601=ORIENTED_EDGE('',*,*,#3600,.T.);
#3603=ORIENTED_EDGE('',*,*,#3602,.F.);
#3605=ORIENTED_EDGE('',*,*,#3604,.F.);
#3606=EDGE_LOOP('',(#3577,#3579,#3581,#3583,#3585,#3587,#3589,#3591,#3593,#3595,
#3596,#3598,#3599,#3601,#3603,#3605));
#3607=FACE_OUTER_BOUND('',#3606,.F.);
#3608=ORIENTED_EDGE('',*,*,#3152,.T.);
#3609=ORIENTED_EDGE('',*,*,#3566,.T.);
#3610=ORIENTED_EDGE('',*,*,#3247,.F.);
#3612=ORIENTED_EDGE('',*,*,#3611,.F.);
#3613=EDGE_LOOP('',(#3608,#3609,#3610,#3612));
#3614=FACE_BOUND('',#3613,.F.);
#3616=ORIENTED_EDGE('',*,*,#3615,.T.);
#3618=ORIENTED_EDGE('',*,*,#3617,.T.);
#3620=ORIENTED_EDGE('',*,*,#3619,.F.);
#3622=ORIENTED_EDGE('',*,*,#3621,.F.);
#3623=EDGE_LOOP('',(#3616,#3618,#3620,#3622));
#3624=FACE_BOUND('',#3623,.F.);
#3625=ADVANCED_FACE('',(#3607,#3614,#3624),#3575,.F.);
#3626=CARTESIAN_POINT('',(2.3E0,2.99E0,1.015E1));
#3627=DIRECTION('',(1.E0,0.E0,0.E0));
#3628=DIRECTION('',(0.E0,1.E0,0.E0));
#3629=AXIS2_PLACEMENT_3D('',#3626,#3627,#3628);
#3630=PLANE('',#3629);
#3631=ORIENTED_EDGE('',*,*,#2924,.T.);
#3633=ORIENTED_EDGE('',*,*,#3632,.T.);
#3634=ORIENTED_EDGE('',*,*,#3576,.T.);
#3636=ORIENTED_EDGE('',*,*,#3635,.T.);
#3638=ORIENTED_EDGE('',*,*,#3637,.T.);
#3640=ORIENTED_EDGE('',*,*,#3639,.F.);
#3642=ORIENTED_EDGE('',*,*,#3641,.F.);
#3643=EDGE_LOOP('',(#3631,#3633,#3634,#3636,#3638,#3640,#3642));
#3644=FACE_OUTER_BOUND('',#3643,.F.);
#3645=ADVANCED_FACE('',(#3644),#3630,.F.);
#3646=CARTESIAN_POINT('',(1.4E-1,2.345E0,8.69E0));
#3647=DIRECTION('',(0.E0,1.E0,0.E0));
#3648=DIRECTION('',(0.E0,0.E0,-1.E0));
#3649=AXIS2_PLACEMENT_3D('',#3646,#3647,#3648);
#3650=PLANE('',#3649);
#3651=ORIENTED_EDGE('',*,*,#3586,.F.);
#3653=ORIENTED_EDGE('',*,*,#3652,.F.);
#3654=ORIENTED_EDGE('',*,*,#2906,.F.);
#3656=ORIENTED_EDGE('',*,*,#3655,.T.);
#3657=EDGE_LOOP('',(#3651,#3653,#3654,#3656));
#3658=FACE_OUTER_BOUND('',#3657,.F.);
#3659=ADVANCED_FACE('',(#3658),#3650,.F.);
#3660=CARTESIAN_POINT('',(1.4E-1,2.345E0,8.69E0));
#3661=DIRECTION('',(0.E0,1.E0,0.E0));
#3662=DIRECTION('',(0.E0,0.E0,-1.E0));
#3663=AXIS2_PLACEMENT_3D('',#3660,#3661,#3662);
#3664=PLANE('',#3663);
#3665=ORIENTED_EDGE('',*,*,#3578,.F.);
#3666=ORIENTED_EDGE('',*,*,#3632,.F.);
#3667=ORIENTED_EDGE('',*,*,#2922,.F.);
#3669=ORIENTED_EDGE('',*,*,#3668,.T.);
#3670=EDGE_LOOP('',(#3665,#3666,#3667,#3669));
#3671=FACE_OUTER_BOUND('',#3670,.F.);
#3672=ADVANCED_FACE('',(#3671),#3664,.F.);
#3673=CARTESIAN_POINT('',(1.4E-1,0.E0,0.E0));
#3674=DIRECTION('',(-1.E0,0.E0,0.E0));
#3675=DIRECTION('',(0.E0,0.E0,1.E0));
#3676=AXIS2_PLACEMENT_3D('',#3673,#3674,#3675);
#3677=PLANE('',#3676);
#3678=ORIENTED_EDGE('',*,*,#2916,.T.);
#3680=ORIENTED_EDGE('',*,*,#3679,.T.);
#3682=ORIENTED_EDGE('',*,*,#3681,.T.);
#3684=ORIENTED_EDGE('',*,*,#3683,.T.);
#3685=EDGE_LOOP('',(#3678,#3680,#3682,#3684));
#3686=FACE_OUTER_BOUND('',#3685,.F.);
#3687=ADVANCED_FACE('',(#3686),#3677,.F.);
#3688=CARTESIAN_POINT('',(1.4E-1,0.E0,0.E0));
#3689=DIRECTION('',(-1.E0,0.E0,0.E0));
#3690=DIRECTION('',(0.E0,0.E0,1.E0));
#3691=AXIS2_PLACEMENT_3D('',#3688,#3689,#3690);
#3692=PLANE('',#3691);
#3693=ORIENTED_EDGE('',*,*,#2908,.T.);
#3694=ORIENTED_EDGE('',*,*,#3652,.T.);
#3695=ORIENTED_EDGE('',*,*,#3584,.T.);
#3697=ORIENTED_EDGE('',*,*,#3696,.T.);
#3698=EDGE_LOOP('',(#3693,#3694,#3695,#3697));
#3699=FACE_OUTER_BOUND('',#3698,.F.);
#3700=ADVANCED_FACE('',(#3699),#3692,.F.);
#3701=CARTESIAN_POINT('',(1.4E-1,-1.55E-1,8.69E0));
#3702=DIRECTION('',(0.E0,1.E0,0.E0));
#3703=DIRECTION('',(0.E0,0.E0,-1.E0));
#3704=AXIS2_PLACEMENT_3D('',#3701,#3702,#3703);
#3705=PLANE('',#3704);
#3707=ORIENTED_EDGE('',*,*,#3706,.F.);
#3709=ORIENTED_EDGE('',*,*,#3708,.F.);
#3711=ORIENTED_EDGE('',*,*,#3710,.T.);
#3713=ORIENTED_EDGE('',*,*,#3712,.F.);
#3714=ORIENTED_EDGE('',*,*,#3679,.F.);
#3715=ORIENTED_EDGE('',*,*,#2914,.F.);
#3717=ORIENTED_EDGE('',*,*,#3716,.F.);
#3718=EDGE_LOOP('',(#3707,#3709,#3711,#3713,#3714,#3715,#3717));
#3719=FACE_OUTER_BOUND('',#3718,.F.);
#3720=ADVANCED_FACE('',(#3719),#3705,.F.);
#3721=CARTESIAN_POINT('',(1.665E0,2.5E-1,4.39E0));
#3722=DIRECTION('',(-1.E0,0.E0,0.E0));
#3723=DIRECTION('',(0.E0,0.E0,1.E0));
#3724=AXIS2_PLACEMENT_3D('',#3721,#3722,#3723);
#3725=PLANE('',#3724);
#3727=ORIENTED_EDGE('',*,*,#3726,.T.);
#3728=ORIENTED_EDGE('',*,*,#3706,.T.);
#3730=ORIENTED_EDGE('',*,*,#3729,.F.);
#3732=ORIENTED_EDGE('',*,*,#3731,.F.);
#3733=EDGE_LOOP('',(#3727,#3728,#3730,#3732));
#3734=FACE_OUTER_BOUND('',#3733,.F.);
#3735=ADVANCED_FACE('',(#3734),#3725,.F.);
#3736=CARTESIAN_POINT('',(2.36E0,2.5E-1,4.39E0));
#3737=DIRECTION('',(0.E0,0.E0,-1.E0));
#3738=DIRECTION('',(-1.E0,0.E0,0.E0));
#3739=AXIS2_PLACEMENT_3D('',#3736,#3737,#3738);
#3740=PLANE('',#3739);
#3742=ORIENTED_EDGE('',*,*,#3741,.T.);
#3743=ORIENTED_EDGE('',*,*,#3708,.T.);
#3744=ORIENTED_EDGE('',*,*,#3726,.F.);
#3746=ORIENTED_EDGE('',*,*,#3745,.F.);
#3747=EDGE_LOOP('',(#3742,#3743,#3744,#3746));
#3748=FACE_OUTER_BOUND('',#3747,.F.);
#3749=ADVANCED_FACE('',(#3748),#3740,.F.);
#3750=CARTESIAN_POINT('',(2.36E0,2.5E-1,8.69E0));
#3751=DIRECTION('',(1.E0,0.E0,0.E0));
#3752=DIRECTION('',(0.E0,0.E0,-1.E0));
#3753=AXIS2_PLACEMENT_3D('',#3750,#3751,#3752);
#3754=PLANE('',#3753);
#3755=ORIENTED_EDGE('',*,*,#3741,.F.);
#3757=ORIENTED_EDGE('',*,*,#3756,.F.);
#3758=ORIENTED_EDGE('',*,*,#3580,.F.);
#3759=ORIENTED_EDGE('',*,*,#3668,.F.);
#3760=ORIENTED_EDGE('',*,*,#2920,.T.);
#3762=ORIENTED_EDGE('',*,*,#3761,.F.);
#3764=ORIENTED_EDGE('',*,*,#3763,.F.);
#3765=ORIENTED_EDGE('',*,*,#3710,.F.);
#3766=EDGE_LOOP('',(#3755,#3757,#3758,#3759,#3760,#3762,#3764,#3765));
#3767=FACE_OUTER_BOUND('',#3766,.F.);
#3768=ADVANCED_FACE('',(#3767),#3754,.F.);
#3769=CARTESIAN_POINT('',(1.4E-1,1.55E-1,2.69E0));
#3770=DIRECTION('',(0.E0,-1.E0,0.E0));
#3771=DIRECTION('',(0.E0,0.E0,1.E0));
#3772=AXIS2_PLACEMENT_3D('',#3769,#3770,#3771);
#3773=PLANE('',#3772);
#3774=ORIENTED_EDGE('',*,*,#3731,.T.);
#3776=ORIENTED_EDGE('',*,*,#3775,.T.);
#3777=ORIENTED_EDGE('',*,*,#2910,.T.);
#3778=ORIENTED_EDGE('',*,*,#3696,.F.);
#3779=ORIENTED_EDGE('',*,*,#3582,.T.);
#3780=ORIENTED_EDGE('',*,*,#3756,.T.);
#3781=ORIENTED_EDGE('',*,*,#3745,.T.);
#3782=EDGE_LOOP('',(#3774,#3776,#3777,#3778,#3779,#3780,#3781));
#3783=FACE_OUTER_BOUND('',#3782,.F.);
#3784=ADVANCED_FACE('',(#3783),#3773,.F.);
#3785=CARTESIAN_POINT('',(1.665E0,2.5E-1,8.09E0));
#3786=DIRECTION('',(-7.071067811865E-1,0.E0,-7.071067811865E-1));
#3787=DIRECTION('',(-7.071067811865E-1,0.E0,7.071067811865E-1));
#3788=AXIS2_PLACEMENT_3D('',#3785,#3786,#3787);
#3789=PLANE('',#3788);
#3790=ORIENTED_EDGE('',*,*,#2912,.T.);
#3791=ORIENTED_EDGE('',*,*,#3775,.F.);
#3792=ORIENTED_EDGE('',*,*,#3729,.T.);
#3793=ORIENTED_EDGE('',*,*,#3716,.T.);
#3794=EDGE_LOOP('',(#3790,#3791,#3792,#3793));
#3795=FACE_OUTER_BOUND('',#3794,.F.);
#3796=ADVANCED_FACE('',(#3795),#3789,.F.);
#3797=CARTESIAN_POINT('',(1.4E-1,-2.345E0,2.69E0));
#3798=DIRECTION('',(0.E0,-1.E0,0.E0));
#3799=DIRECTION('',(0.E0,0.E0,1.E0));
#3800=AXIS2_PLACEMENT_3D('',#3797,#3798,#3799);
#3801=PLANE('',#3800);
#3802=ORIENTED_EDGE('',*,*,#2918,.T.);
#3803=ORIENTED_EDGE('',*,*,#3683,.F.);
#3805=ORIENTED_EDGE('',*,*,#3804,.T.);
#3806=ORIENTED_EDGE('',*,*,#3761,.T.);
#3807=EDGE_LOOP('',(#3802,#3803,#3805,#3806));
#3808=FACE_OUTER_BOUND('',#3807,.F.);
#3809=ADVANCED_FACE('',(#3808),#3801,.F.);
#3810=CARTESIAN_POINT('',(1.4E-1,-1.55E-1,2.69E0));
#3811=DIRECTION('',(0.E0,0.E0,-1.E0));
#3812=DIRECTION('',(0.E0,-1.E0,0.E0));
#3813=AXIS2_PLACEMENT_3D('',#3810,#3811,#3812);
#3814=PLANE('',#3813);
#3815=ORIENTED_EDGE('',*,*,#3681,.F.);
#3816=ORIENTED_EDGE('',*,*,#3712,.T.);
#3817=ORIENTED_EDGE('',*,*,#3763,.T.);
#3818=ORIENTED_EDGE('',*,*,#3804,.F.);
#3819=EDGE_LOOP('',(#3815,#3816,#3817,#3818));
#3820=FACE_OUTER_BOUND('',#3819,.F.);
#3822=ORIENTED_EDGE('',*,*,#3821,.T.);
#3824=ORIENTED_EDGE('',*,*,#3823,.T.);
#3826=ORIENTED_EDGE('',*,*,#3825,.F.);
#3828=ORIENTED_EDGE('',*,*,#3827,.F.);
#3829=EDGE_LOOP('',(#3822,#3824,#3826,#3828));
#3830=FACE_BOUND('',#3829,.F.);
#3831=ADVANCED_FACE('',(#3820,#3830),#3814,.F.);
#3832=CARTESIAN_POINT('',(9.325E-1,-2.99E0,0.E0));
#3833=DIRECTION('',(1.E0,0.E0,0.E0));
#3834=DIRECTION('',(0.E0,0.E0,-1.E0));
#3835=AXIS2_PLACEMENT_3D('',#3832,#3833,#3834);
#3836=PLANE('',#3835);
#3837=ORIENTED_EDGE('',*,*,#2847,.F.);
#3839=ORIENTED_EDGE('',*,*,#3838,.T.);
#3841=ORIENTED_EDGE('',*,*,#3840,.T.);
#3843=ORIENTED_EDGE('',*,*,#3842,.T.);
#3845=ORIENTED_EDGE('',*,*,#3844,.T.);
#3847=ORIENTED_EDGE('',*,*,#3846,.T.);
#3849=ORIENTED_EDGE('',*,*,#3848,.T.);
#3851=ORIENTED_EDGE('',*,*,#3850,.T.);
#3853=ORIENTED_EDGE('',*,*,#3852,.T.);
#3855=ORIENTED_EDGE('',*,*,#3854,.T.);
#3857=ORIENTED_EDGE('',*,*,#3856,.T.);
#3859=ORIENTED_EDGE('',*,*,#3858,.T.);
#3861=ORIENTED_EDGE('',*,*,#3860,.T.);
#3863=ORIENTED_EDGE('',*,*,#3862,.T.);
#3865=ORIENTED_EDGE('',*,*,#3864,.T.);
#3867=ORIENTED_EDGE('',*,*,#3866,.T.);
#3869=ORIENTED_EDGE('',*,*,#3868,.T.);
#3871=ORIENTED_EDGE('',*,*,#3870,.T.);
#3873=ORIENTED_EDGE('',*,*,#3872,.T.);
#3875=ORIENTED_EDGE('',*,*,#3874,.T.);
#3877=ORIENTED_EDGE('',*,*,#3876,.T.);
#3879=ORIENTED_EDGE('',*,*,#3878,.T.);
#3880=EDGE_LOOP('',(#3837,#3839,#3841,#3843,#3845,#3847,#3849,#3851,#3853,#3855,
#3857,#3859,#3861,#3863,#3865,#3867,#3869,#3871,#3873,#3875,#3877,#3879));
#3881=FACE_OUTER_BOUND('',#3880,.F.);
#3882=ADVANCED_FACE('',(#3881),#3836,.F.);
#3883=CARTESIAN_POINT('',(9.325E-1,-2.99E0,0.E0));
#3884=DIRECTION('',(1.E0,0.E0,0.E0));
#3885=DIRECTION('',(0.E0,0.E0,-1.E0));
#3886=AXIS2_PLACEMENT_3D('',#3883,#3884,#3885);
#3887=PLANE('',#3886);
#3889=ORIENTED_EDGE('',*,*,#3888,.F.);
#3891=ORIENTED_EDGE('',*,*,#3890,.T.);
#3892=ORIENTED_EDGE('',*,*,#3615,.F.);
#3894=ORIENTED_EDGE('',*,*,#3893,.T.);
#3895=EDGE_LOOP('',(#3889,#3891,#3892,#3894));
#3896=FACE_OUTER_BOUND('',#3895,.F.);
#3897=ADVANCED_FACE('',(#3896),#3887,.F.);
#3898=CARTESIAN_POINT('',(9.325E-1,-2.99E0,0.E0));
#3899=DIRECTION('',(1.E0,0.E0,0.E0));
#3900=DIRECTION('',(0.E0,0.E0,-1.E0));
#3901=AXIS2_PLACEMENT_3D('',#3898,#3899,#3900);
#3902=PLANE('',#3901);
#3904=ORIENTED_EDGE('',*,*,#3903,.F.);
#3906=ORIENTED_EDGE('',*,*,#3905,.T.);
#3907=ORIENTED_EDGE('',*,*,#3821,.F.);
#3909=ORIENTED_EDGE('',*,*,#3908,.T.);
#3910=EDGE_LOOP('',(#3904,#3906,#3907,#3909));
#3911=FACE_OUTER_BOUND('',#3910,.F.);
#3912=ADVANCED_FACE('',(#3911),#3902,.F.);
#3913=CARTESIAN_POINT('',(9.325E-1,-2.985E0,4.3E-1));
#3914=DIRECTION('',(1.E0,0.E0,0.E0));
#3915=DIRECTION('',(0.E0,0.E0,-1.E0));
#3916=AXIS2_PLACEMENT_3D('',#3913,#3914,#3915);
#3917=CYLINDRICAL_SURFACE('',#3916,8.E-1);
#3918=ORIENTED_EDGE('',*,*,#2853,.T.);
#3920=ORIENTED_EDGE('',*,*,#3919,.T.);
#3922=ORIENTED_EDGE('',*,*,#3921,.F.);
#3923=ORIENTED_EDGE('',*,*,#3838,.F.);
#3924=EDGE_LOOP('',(#3918,#3920,#3922,#3923));
#3925=FACE_OUTER_BOUND('',#3924,.F.);
#3926=ADVANCED_FACE('',(#3925),#3917,.F.);
#3927=CARTESIAN_POINT('',(1.5675E0,-2.99E0,0.E0));
#3928=DIRECTION('',(1.E0,0.E0,0.E0));
#3929=DIRECTION('',(0.E0,0.E0,-1.E0));
#3930=AXIS2_PLACEMENT_3D('',#3927,#3928,#3929);
#3931=PLANE('',#3930);
#3932=ORIENTED_EDGE('',*,*,#2851,.T.);
#3934=ORIENTED_EDGE('',*,*,#3933,.F.);
#3936=ORIENTED_EDGE('',*,*,#3935,.F.);
#3938=ORIENTED_EDGE('',*,*,#3937,.F.);
#3940=ORIENTED_EDGE('',*,*,#3939,.F.);
#3942=ORIENTED_EDGE('',*,*,#3941,.F.);
#3944=ORIENTED_EDGE('',*,*,#3943,.F.);
#3946=ORIENTED_EDGE('',*,*,#3945,.F.);
#3948=ORIENTED_EDGE('',*,*,#3947,.F.);
#3950=ORIENTED_EDGE('',*,*,#3949,.F.);
#3952=ORIENTED_EDGE('',*,*,#3951,.F.);
#3954=ORIENTED_EDGE('',*,*,#3953,.F.);
#3956=ORIENTED_EDGE('',*,*,#3955,.F.);
#3958=ORIENTED_EDGE('',*,*,#3957,.F.);
#3960=ORIENTED_EDGE('',*,*,#3959,.F.);
#3962=ORIENTED_EDGE('',*,*,#3961,.F.);
#3964=ORIENTED_EDGE('',*,*,#3963,.F.);
#3966=ORIENTED_EDGE('',*,*,#3965,.F.);
#3968=ORIENTED_EDGE('',*,*,#3967,.F.);
#3970=ORIENTED_EDGE('',*,*,#3969,.F.);
#3972=ORIENTED_EDGE('',*,*,#3971,.F.);
#3973=ORIENTED_EDGE('',*,*,#3919,.F.);
#3974=EDGE_LOOP('',(#3932,#3934,#3936,#3938,#3940,#3942,#3944,#3946,#3948,#3950,
#3952,#3954,#3956,#3958,#3960,#3962,#3964,#3966,#3968,#3970,#3972,#3973));
#3975=FACE_OUTER_BOUND('',#3974,.F.);
#3976=ADVANCED_FACE('',(#3975),#3931,.T.);
#3977=CARTESIAN_POINT('',(1.5675E0,-2.99E0,0.E0));
#3978=DIRECTION('',(1.E0,0.E0,0.E0));
#3979=DIRECTION('',(0.E0,0.E0,-1.E0));
#3980=AXIS2_PLACEMENT_3D('',#3977,#3978,#3979);
#3981=PLANE('',#3980);
#3983=ORIENTED_EDGE('',*,*,#3982,.F.);
#3985=ORIENTED_EDGE('',*,*,#3984,.F.);
#3986=ORIENTED_EDGE('',*,*,#3619,.T.);
#3988=ORIENTED_EDGE('',*,*,#3987,.F.);
#3989=EDGE_LOOP('',(#3983,#3985,#3986,#3988));
#3990=FACE_OUTER_BOUND('',#3989,.F.);
#3991=ADVANCED_FACE('',(#3990),#3981,.T.);
#3992=CARTESIAN_POINT('',(1.5675E0,-2.99E0,0.E0));
#3993=DIRECTION('',(1.E0,0.E0,0.E0));
#3994=DIRECTION('',(0.E0,0.E0,-1.E0));
#3995=AXIS2_PLACEMENT_3D('',#3992,#3993,#3994);
#3996=PLANE('',#3995);
#3998=ORIENTED_EDGE('',*,*,#3997,.F.);
#4000=ORIENTED_EDGE('',*,*,#3999,.F.);
#4001=ORIENTED_EDGE('',*,*,#3825,.T.);
#4003=ORIENTED_EDGE('',*,*,#4002,.F.);
#4004=EDGE_LOOP('',(#3998,#4000,#4001,#4003));
#4005=FACE_OUTER_BOUND('',#4004,.F.);
#4006=ADVANCED_FACE('',(#4005),#3996,.T.);
#4007=CARTESIAN_POINT('',(9.325E-1,2.985E0,4.3E-1));
#4008=DIRECTION('',(1.E0,0.E0,0.E0));
#4009=DIRECTION('',(0.E0,0.E0,-1.E0));
#4010=AXIS2_PLACEMENT_3D('',#4007,#4008,#4009);
#4011=CYLINDRICAL_SURFACE('',#4010,8.E-1);
#4012=ORIENTED_EDGE('',*,*,#2849,.F.);
#4013=ORIENTED_EDGE('',*,*,#3878,.F.);
#4015=ORIENTED_EDGE('',*,*,#4014,.T.);
#4016=ORIENTED_EDGE('',*,*,#3933,.T.);
#4017=EDGE_LOOP('',(#4012,#4013,#4015,#4016));
#4018=FACE_OUTER_BOUND('',#4017,.F.);
#4019=ADVANCED_FACE('',(#4018),#4011,.F.);
#4020=CARTESIAN_POINT('',(9.325E-1,4.05E0,-3.7E-1));
#4021=DIRECTION('',(0.E0,0.E0,1.E0));
#4022=DIRECTION('',(0.E0,-1.E0,0.E0));
#4023=AXIS2_PLACEMENT_3D('',#4020,#4021,#4022);
#4024=PLANE('',#4023);
#4025=ORIENTED_EDGE('',*,*,#3876,.F.);
#4027=ORIENTED_EDGE('',*,*,#4026,.T.);
#4028=ORIENTED_EDGE('',*,*,#3935,.T.);
#4029=ORIENTED_EDGE('',*,*,#4014,.F.);
#4030=EDGE_LOOP('',(#4025,#4027,#4028,#4029));
#4031=FACE_OUTER_BOUND('',#4030,.F.);
#4032=ADVANCED_FACE('',(#4031),#4024,.T.);
#4033=CARTESIAN_POINT('',(9.325E-1,4.05E0,-5.7E-1));
#4034=DIRECTION('',(1.E0,0.E0,0.E0));
#4035=DIRECTION('',(0.E0,0.E0,-1.E0));
#4036=AXIS2_PLACEMENT_3D('',#4033,#4034,#4035);
#4037=CYLINDRICAL_SURFACE('',#4036,2.E-1);
#4038=ORIENTED_EDGE('',*,*,#3874,.F.);
#4040=ORIENTED_EDGE('',*,*,#4039,.T.);
#4041=ORIENTED_EDGE('',*,*,#3937,.T.);
#4042=ORIENTED_EDGE('',*,*,#4026,.F.);
#4043=EDGE_LOOP('',(#4038,#4040,#4041,#4042));
#4044=FACE_OUTER_BOUND('',#4043,.F.);
#4045=ADVANCED_FACE('',(#4044),#4037,.T.);
#4046=CARTESIAN_POINT('',(9.325E-1,4.25E0,-8.1E-1));
#4047=DIRECTION('',(0.E0,1.E0,0.E0));
#4048=DIRECTION('',(0.E0,0.E0,1.E0));
#4049=AXIS2_PLACEMENT_3D('',#4046,#4047,#4048);
#4050=PLANE('',#4049);
#4051=ORIENTED_EDGE('',*,*,#3872,.F.);
#4053=ORIENTED_EDGE('',*,*,#4052,.T.);
#4054=ORIENTED_EDGE('',*,*,#3939,.T.);
#4055=ORIENTED_EDGE('',*,*,#4039,.F.);
#4056=EDGE_LOOP('',(#4051,#4053,#4054,#4055));
#4057=FACE_OUTER_BOUND('',#4056,.F.);
#4058=ADVANCED_FACE('',(#4057),#4050,.T.);
#4059=CARTESIAN_POINT('',(9.325E-1,4.05E0,-8.1E-1));
#4060=DIRECTION('',(1.E0,0.E0,0.E0));
#4061=DIRECTION('',(0.E0,0.E0,-1.E0));
#4062=AXIS2_PLACEMENT_3D('',#4059,#4060,#4061);
#4063=CYLINDRICAL_SURFACE('',#4062,2.E-1);
#4064=ORIENTED_EDGE('',*,*,#3870,.F.);
#4066=ORIENTED_EDGE('',*,*,#4065,.T.);
#4067=ORIENTED_EDGE('',*,*,#3941,.T.);
#4068=ORIENTED_EDGE('',*,*,#4052,.F.);
#4069=EDGE_LOOP('',(#4064,#4066,#4067,#4068));
#4070=FACE_OUTER_BOUND('',#4069,.F.);
#4071=ADVANCED_FACE('',(#4070),#4063,.T.);
#4072=CARTESIAN_POINT('',(9.325E-1,2.749637309529E0,-1.01E0));
#4073=DIRECTION('',(0.E0,0.E0,-1.E0));
#4074=DIRECTION('',(0.E0,1.E0,0.E0));
#4075=AXIS2_PLACEMENT_3D('',#4072,#4073,#4074);
#4076=PLANE('',#4075);
#4077=ORIENTED_EDGE('',*,*,#3868,.F.);
#4079=ORIENTED_EDGE('',*,*,#4078,.T.);
#4080=ORIENTED_EDGE('',*,*,#3943,.T.);
#4081=ORIENTED_EDGE('',*,*,#4065,.F.);
#4082=EDGE_LOOP('',(#4077,#4079,#4080,#4081));
#4083=FACE_OUTER_BOUND('',#4082,.F.);
#4084=ADVANCED_FACE('',(#4083),#4076,.T.);
#4085=CARTESIAN_POINT('',(9.325E-1,2.749637309529E0,-2.1E-1));
#4086=DIRECTION('',(1.E0,0.E0,0.E0));
#4087=DIRECTION('',(0.E0,0.E0,-1.E0));
#4088=AXIS2_PLACEMENT_3D('',#4085,#4086,#4087);
#4089=CYLINDRICAL_SURFACE('',#4088,8.E-1);
#4090=ORIENTED_EDGE('',*,*,#3866,.F.);
#4092=ORIENTED_EDGE('',*,*,#4091,.T.);
#4093=ORIENTED_EDGE('',*,*,#3945,.T.);
#4094=ORIENTED_EDGE('',*,*,#4078,.F.);
#4095=EDGE_LOOP('',(#4090,#4092,#4093,#4094));
#4096=FACE_OUTER_BOUND('',#4095,.F.);
#4097=ADVANCED_FACE('',(#4096),#4089,.T.);
#4098=CARTESIAN_POINT('',(9.325E-1,1.783666295471E0,-1.08E0));
#4099=DIRECTION('',(1.E0,0.E0,0.E0));
#4100=DIRECTION('',(0.E0,0.E0,-1.E0));
#4101=AXIS2_PLACEMENT_3D('',#4098,#4099,#4100);
#4102=CYLINDRICAL_SURFACE('',#4101,5.E-1);
#4103=ORIENTED_EDGE('',*,*,#3864,.F.);
#4105=ORIENTED_EDGE('',*,*,#4104,.T.);
#4106=ORIENTED_EDGE('',*,*,#3947,.T.);
#4107=ORIENTED_EDGE('',*,*,#4091,.F.);
#4108=EDGE_LOOP('',(#4103,#4105,#4106,#4107));
#4109=FACE_OUTER_BOUND('',#4108,.F.);
#4110=ADVANCED_FACE('',(#4109),#4102,.F.);
#4111=CARTESIAN_POINT('',(9.325E-1,1.719666295471E0,-5.8E-1));
#4112=DIRECTION('',(0.E0,0.E0,-1.E0));
#4113=DIRECTION('',(0.E0,1.E0,0.E0));
#4114=AXIS2_PLACEMENT_3D('',#4111,#4112,#4113);
#4115=PLANE('',#4114);
#4116=ORIENTED_EDGE('',*,*,#3862,.F.);
#4118=ORIENTED_EDGE('',*,*,#4117,.T.);
#4119=ORIENTED_EDGE('',*,*,#3949,.T.);
#4120=ORIENTED_EDGE('',*,*,#4104,.F.);
#4121=EDGE_LOOP('',(#4116,#4118,#4119,#4120));
#4122=FACE_OUTER_BOUND('',#4121,.F.);
#4123=ADVANCED_FACE('',(#4122),#4115,.T.);
#4124=CARTESIAN_POINT('',(9.325E-1,1.719666295471E0,-7.3E-1));
#4125=DIRECTION('',(1.E0,0.E0,0.E0));
#4126=DIRECTION('',(0.E0,0.E0,-1.E0));
#4127=AXIS2_PLACEMENT_3D('',#4124,#4125,#4126);
#4128=CYLINDRICAL_SURFACE('',#4127,1.5E-1);
#4129=ORIENTED_EDGE('',*,*,#3860,.F.);
#4131=ORIENTED_EDGE('',*,*,#4130,.T.);
#4132=ORIENTED_EDGE('',*,*,#3951,.T.);
#4133=ORIENTED_EDGE('',*,*,#4117,.F.);
#4134=EDGE_LOOP('',(#4129,#4131,#4132,#4133));
#4135=FACE_OUTER_BOUND('',#4134,.F.);
#4136=ADVANCED_FACE('',(#4135),#4128,.F.);
#4137=CARTESIAN_POINT('',(9.325E-1,-1.57E0,-7.2E-1));
#4138=DIRECTION('',(0.E0,0.E0,-1.E0));
#4139=DIRECTION('',(0.E0,1.E0,0.E0));
#4140=AXIS2_PLACEMENT_3D('',#4137,#4138,#4139);
#4141=PLANE('',#4140);
#4142=ORIENTED_EDGE('',*,*,#3858,.F.);
#4144=ORIENTED_EDGE('',*,*,#4143,.T.);
#4145=ORIENTED_EDGE('',*,*,#3953,.T.);
#4146=ORIENTED_EDGE('',*,*,#4130,.F.);
#4147=EDGE_LOOP('',(#4142,#4144,#4145,#4146));
#4148=FACE_OUTER_BOUND('',#4147,.F.);
#4149=ADVANCED_FACE('',(#4148),#4141,.T.);
#4150=CARTESIAN_POINT('',(9.325E-1,-1.719666295471E0,-7.3E-1));
#4151=DIRECTION('',(1.E0,0.E0,0.E0));
#4152=DIRECTION('',(0.E0,0.E0,-1.E0));
#4153=AXIS2_PLACEMENT_3D('',#4150,#4151,#4152);
#4154=CYLINDRICAL_SURFACE('',#4153,1.5E-1);
#4155=ORIENTED_EDGE('',*,*,#3856,.F.);
#4157=ORIENTED_EDGE('',*,*,#4156,.T.);
#4158=ORIENTED_EDGE('',*,*,#3955,.T.);
#4159=ORIENTED_EDGE('',*,*,#4143,.F.);
#4160=EDGE_LOOP('',(#4155,#4157,#4158,#4159));
#4161=FACE_OUTER_BOUND('',#4160,.F.);
#4162=ADVANCED_FACE('',(#4161),#4154,.F.);
#4163=CARTESIAN_POINT('',(9.325E-1,-1.783666295471E0,-5.8E-1));
#4164=DIRECTION('',(0.E0,0.E0,-1.E0));
#4165=DIRECTION('',(0.E0,1.E0,0.E0));
#4166=AXIS2_PLACEMENT_3D('',#4163,#4164,#4165);
#4167=PLANE('',#4166);
#4168=ORIENTED_EDGE('',*,*,#3854,.F.);
#4170=ORIENTED_EDGE('',*,*,#4169,.T.);
#4171=ORIENTED_EDGE('',*,*,#3957,.T.);
#4172=ORIENTED_EDGE('',*,*,#4156,.F.);
#4173=EDGE_LOOP('',(#4168,#4170,#4171,#4172));
#4174=FACE_OUTER_BOUND('',#4173,.F.);
#4175=ADVANCED_FACE('',(#4174),#4167,.T.);
#4176=CARTESIAN_POINT('',(9.325E-1,-1.783666295471E0,-1.08E0));
#4177=DIRECTION('',(1.E0,0.E0,0.E0));
#4178=DIRECTION('',(0.E0,0.E0,-1.E0));
#4179=AXIS2_PLACEMENT_3D('',#4176,#4177,#4178);
#4180=CYLINDRICAL_SURFACE('',#4179,5.E-1);
#4181=ORIENTED_EDGE('',*,*,#3852,.F.);
#4183=ORIENTED_EDGE('',*,*,#4182,.T.);
#4184=ORIENTED_EDGE('',*,*,#3959,.T.);
#4185=ORIENTED_EDGE('',*,*,#4169,.F.);
#4186=EDGE_LOOP('',(#4181,#4183,#4184,#4185));
#4187=FACE_OUTER_BOUND('',#4186,.F.);
#4188=ADVANCED_FACE('',(#4187),#4180,.F.);
#4189=CARTESIAN_POINT('',(9.325E-1,-2.749637309529E0,-2.1E-1));
#4190=DIRECTION('',(1.E0,0.E0,0.E0));
#4191=DIRECTION('',(0.E0,0.E0,-1.E0));
#4192=AXIS2_PLACEMENT_3D('',#4189,#4190,#4191);
#4193=CYLINDRICAL_SURFACE('',#4192,8.E-1);
#4194=ORIENTED_EDGE('',*,*,#3850,.F.);
#4196=ORIENTED_EDGE('',*,*,#4195,.T.);
#4197=ORIENTED_EDGE('',*,*,#3961,.T.);
#4198=ORIENTED_EDGE('',*,*,#4182,.F.);
#4199=EDGE_LOOP('',(#4194,#4196,#4197,#4198));
#4200=FACE_OUTER_BOUND('',#4199,.F.);
#4201=ADVANCED_FACE('',(#4200),#4193,.T.);
#4202=CARTESIAN_POINT('',(9.325E-1,-4.05E0,-1.01E0));
#4203=DIRECTION('',(0.E0,0.E0,-1.E0));
#4204=DIRECTION('',(0.E0,1.E0,0.E0));
#4205=AXIS2_PLACEMENT_3D('',#4202,#4203,#4204);
#4206=PLANE('',#4205);
#4207=ORIENTED_EDGE('',*,*,#3848,.F.);
#4209=ORIENTED_EDGE('',*,*,#4208,.T.);
#4210=ORIENTED_EDGE('',*,*,#3963,.T.);
#4211=ORIENTED_EDGE('',*,*,#4195,.F.);
#4212=EDGE_LOOP('',(#4207,#4209,#4210,#4211));
#4213=FACE_OUTER_BOUND('',#4212,.F.);
#4214=ADVANCED_FACE('',(#4213),#4206,.T.);
#4215=CARTESIAN_POINT('',(9.325E-1,-4.05E0,-8.1E-1));
#4216=DIRECTION('',(1.E0,0.E0,0.E0));
#4217=DIRECTION('',(0.E0,0.E0,-1.E0));
#4218=AXIS2_PLACEMENT_3D('',#4215,#4216,#4217);
#4219=CYLINDRICAL_SURFACE('',#4218,2.E-1);
#4220=ORIENTED_EDGE('',*,*,#3846,.F.);
#4222=ORIENTED_EDGE('',*,*,#4221,.T.);
#4223=ORIENTED_EDGE('',*,*,#3965,.T.);
#4224=ORIENTED_EDGE('',*,*,#4208,.F.);
#4225=EDGE_LOOP('',(#4220,#4222,#4223,#4224));
#4226=FACE_OUTER_BOUND('',#4225,.F.);
#4227=ADVANCED_FACE('',(#4226),#4219,.T.);
#4228=CARTESIAN_POINT('',(9.325E-1,-4.25E0,-5.7E-1));
#4229=DIRECTION('',(0.E0,-1.E0,0.E0));
#4230=DIRECTION('',(0.E0,0.E0,-1.E0));
#4231=AXIS2_PLACEMENT_3D('',#4228,#4229,#4230);
#4232=PLANE('',#4231);
#4233=ORIENTED_EDGE('',*,*,#3844,.F.);
#4235=ORIENTED_EDGE('',*,*,#4234,.T.);
#4236=ORIENTED_EDGE('',*,*,#3967,.T.);
#4237=ORIENTED_EDGE('',*,*,#4221,.F.);
#4238=EDGE_LOOP('',(#4233,#4235,#4236,#4237));
#4239=FACE_OUTER_BOUND('',#4238,.F.);
#4240=ADVANCED_FACE('',(#4239),#4232,.T.);
#4241=CARTESIAN_POINT('',(9.325E-1,-4.05E0,-5.7E-1));
#4242=DIRECTION('',(1.E0,0.E0,0.E0));
#4243=DIRECTION('',(0.E0,0.E0,-1.E0));
#4244=AXIS2_PLACEMENT_3D('',#4241,#4242,#4243);
#4245=CYLINDRICAL_SURFACE('',#4244,2.E-1);
#4246=ORIENTED_EDGE('',*,*,#3842,.F.);
#4248=ORIENTED_EDGE('',*,*,#4247,.T.);
#4249=ORIENTED_EDGE('',*,*,#3969,.T.);
#4250=ORIENTED_EDGE('',*,*,#4234,.F.);
#4251=EDGE_LOOP('',(#4246,#4248,#4249,#4250));
#4252=FACE_OUTER_BOUND('',#4251,.F.);
#4253=ADVANCED_FACE('',(#4252),#4245,.T.);
#4254=CARTESIAN_POINT('',(9.325E-1,-2.985E0,-3.7E-1));
#4255=DIRECTION('',(0.E0,0.E0,1.E0));
#4256=DIRECTION('',(0.E0,-1.E0,0.E0));
#4257=AXIS2_PLACEMENT_3D('',#4254,#4255,#4256);
#4258=PLANE('',#4257);
#4259=ORIENTED_EDGE('',*,*,#3840,.F.);
#4260=ORIENTED_EDGE('',*,*,#3921,.T.);
#4261=ORIENTED_EDGE('',*,*,#3971,.T.);
#4262=ORIENTED_EDGE('',*,*,#4247,.F.);
#4263=EDGE_LOOP('',(#4259,#4260,#4261,#4262));
#4264=FACE_OUTER_BOUND('',#4263,.F.);
#4265=ADVANCED_FACE('',(#4264),#4258,.T.);
#4266=CARTESIAN_POINT('',(1.4925E0,1.2525E0,6.838E0));
#4267=DIRECTION('',(9.828721869343E-1,0.E0,1.842885350502E-1));
#4268=DIRECTION('',(-1.842885350502E-1,0.E0,9.828721869343E-1));
#4269=AXIS2_PLACEMENT_3D('',#4266,#4267,#4268);
#4270=PLANE('',#4269);
#4272=ORIENTED_EDGE('',*,*,#4271,.T.);
#4274=ORIENTED_EDGE('',*,*,#4273,.F.);
#4276=ORIENTED_EDGE('',*,*,#4275,.T.);
#4277=ORIENTED_EDGE('',*,*,#3982,.T.);
#4278=EDGE_LOOP('',(#4272,#4274,#4276,#4277));
#4279=FACE_OUTER_BOUND('',#4278,.F.);
#4280=ADVANCED_FACE('',(#4279),#4270,.T.);
#4281=CARTESIAN_POINT('',(9.325E-1,1.1325E0,7.238E0));
#4282=DIRECTION('',(0.E0,-9.701425001453E-1,2.425356250363E-1));
#4283=DIRECTION('',(0.E0,-2.425356250363E-1,-9.701425001453E-1));
#4284=AXIS2_PLACEMENT_3D('',#4281,#4282,#4283);
#4285=PLANE('',#4284);
#4286=ORIENTED_EDGE('',*,*,#4271,.F.);
#4288=ORIENTED_EDGE('',*,*,#4287,.F.);
#4290=ORIENTED_EDGE('',*,*,#4289,.F.);
#4292=ORIENTED_EDGE('',*,*,#4291,.T.);
#4293=EDGE_LOOP('',(#4286,#4288,#4290,#4292));
#4294=FACE_OUTER_BOUND('',#4293,.F.);
#4295=ADVANCED_FACE('',(#4294),#4285,.T.);
#4296=CARTESIAN_POINT('',(9.325E-1,9.325E-1,6.438E0));
#4297=DIRECTION('',(0.E0,-1.E0,0.E0));
#4298=DIRECTION('',(0.E0,0.E0,-1.E0));
#4299=AXIS2_PLACEMENT_3D('',#4296,#4297,#4298);
#4300=PLANE('',#4299);
#4301=ORIENTED_EDGE('',*,*,#3890,.F.);
#4302=ORIENTED_EDGE('',*,*,#4287,.T.);
#4303=ORIENTED_EDGE('',*,*,#3987,.T.);
#4304=ORIENTED_EDGE('',*,*,#3617,.F.);
#4305=EDGE_LOOP('',(#4301,#4302,#4303,#4304));
#4306=FACE_OUTER_BOUND('',#4305,.F.);
#4307=ADVANCED_FACE('',(#4306),#4300,.T.);
#4308=CARTESIAN_POINT('',(1.0075E0,1.2525E0,6.838E0));
#4309=DIRECTION('',(-9.828721869343E-1,0.E0,1.842885350502E-1));
#4310=DIRECTION('',(1.842885350502E-1,0.E0,9.828721869343E-1));
#4311=AXIS2_PLACEMENT_3D('',#4308,#4309,#4310);
#4312=PLANE('',#4311);
#4314=ORIENTED_EDGE('',*,*,#4313,.T.);
#4316=ORIENTED_EDGE('',*,*,#4315,.F.);
#4317=ORIENTED_EDGE('',*,*,#4289,.T.);
#4318=ORIENTED_EDGE('',*,*,#3888,.T.);
#4319=EDGE_LOOP('',(#4314,#4316,#4317,#4318));
#4320=FACE_OUTER_BOUND('',#4319,.F.);
#4321=ADVANCED_FACE('',(#4320),#4312,.T.);
#4322=CARTESIAN_POINT('',(9.325E-1,1.5725E0,6.438E0));
#4323=DIRECTION('',(0.E0,9.701425001453E-1,2.425356250363E-1));
#4324=DIRECTION('',(0.E0,-2.425356250363E-1,9.701425001453E-1));
#4325=AXIS2_PLACEMENT_3D('',#4322,#4323,#4324);
#4326=PLANE('',#4325);
#4327=ORIENTED_EDGE('',*,*,#4275,.F.);
#4329=ORIENTED_EDGE('',*,*,#4328,.F.);
#4330=ORIENTED_EDGE('',*,*,#4313,.F.);
#4332=ORIENTED_EDGE('',*,*,#4331,.T.);
#4333=EDGE_LOOP('',(#4327,#4329,#4330,#4332));
#4334=FACE_OUTER_BOUND('',#4333,.F.);
#4335=ADVANCED_FACE('',(#4334),#4326,.T.);
#4336=CARTESIAN_POINT('',(9.325E-1,1.3725E0,7.238E0));
#4337=DIRECTION('',(0.E0,0.E0,1.E0));
#4338=DIRECTION('',(0.E0,-1.E0,0.E0));
#4339=AXIS2_PLACEMENT_3D('',#4336,#4337,#4338);
#4340=PLANE('',#4339);
#4341=ORIENTED_EDGE('',*,*,#4273,.T.);
#4342=ORIENTED_EDGE('',*,*,#4291,.F.);
#4343=ORIENTED_EDGE('',*,*,#4315,.T.);
#4344=ORIENTED_EDGE('',*,*,#4328,.T.);
#4345=EDGE_LOOP('',(#4341,#4342,#4343,#4344));
#4346=FACE_OUTER_BOUND('',#4345,.F.);
#4347=ADVANCED_FACE('',(#4346),#4340,.T.);
#4348=CARTESIAN_POINT('',(9.325E-1,1.5725E0,1.908E0));
#4349=DIRECTION('',(0.E0,1.E0,0.E0));
#4350=DIRECTION('',(0.E0,0.E0,1.E0));
#4351=AXIS2_PLACEMENT_3D('',#4348,#4349,#4350);
#4352=PLANE('',#4351);
#4353=ORIENTED_EDGE('',*,*,#3893,.F.);
#4354=ORIENTED_EDGE('',*,*,#3621,.T.);
#4355=ORIENTED_EDGE('',*,*,#3984,.T.);
#4356=ORIENTED_EDGE('',*,*,#4331,.F.);
#4357=EDGE_LOOP('',(#4353,#4354,#4355,#4356));
#4358=FACE_OUTER_BOUND('',#4357,.F.);
#4359=ADVANCED_FACE('',(#4358),#4352,.T.);
#4360=CARTESIAN_POINT('',(1.4925E0,-1.2525E0,6.838E0));
#4361=DIRECTION('',(9.828721869343E-1,0.E0,1.842885350502E-1));
#4362=DIRECTION('',(-1.842885350502E-1,0.E0,9.828721869343E-1));
#4363=AXIS2_PLACEMENT_3D('',#4360,#4361,#4362);
#4364=PLANE('',#4363);
#4366=ORIENTED_EDGE('',*,*,#4365,.T.);
#4368=ORIENTED_EDGE('',*,*,#4367,.F.);
#4370=ORIENTED_EDGE('',*,*,#4369,.T.);
#4371=ORIENTED_EDGE('',*,*,#3997,.T.);
#4372=EDGE_LOOP('',(#4366,#4368,#4370,#4371));
#4373=FACE_OUTER_BOUND('',#4372,.F.);
#4374=ADVANCED_FACE('',(#4373),#4364,.T.);
#4375=CARTESIAN_POINT('',(9.325E-1,-1.3725E0,7.238E0));
#4376=DIRECTION('',(0.E0,-9.701425001453E-1,2.425356250363E-1));
#4377=DIRECTION('',(0.E0,-2.425356250363E-1,-9.701425001453E-1));
#4378=AXIS2_PLACEMENT_3D('',#4375,#4376,#4377);
#4379=PLANE('',#4378);
#4380=ORIENTED_EDGE('',*,*,#4365,.F.);
#4382=ORIENTED_EDGE('',*,*,#4381,.F.);
#4384=ORIENTED_EDGE('',*,*,#4383,.F.);
#4386=ORIENTED_EDGE('',*,*,#4385,.T.);
#4387=EDGE_LOOP('',(#4380,#4382,#4384,#4386));
#4388=FACE_OUTER_BOUND('',#4387,.F.);
#4389=ADVANCED_FACE('',(#4388),#4379,.T.);
#4390=CARTESIAN_POINT('',(9.325E-1,-1.5725E0,6.438E0));
#4391=DIRECTION('',(0.E0,-1.E0,0.E0));
#4392=DIRECTION('',(0.E0,0.E0,-1.E0));
#4393=AXIS2_PLACEMENT_3D('',#4390,#4391,#4392);
#4394=PLANE('',#4393);
#4395=ORIENTED_EDGE('',*,*,#3905,.F.);
#4396=ORIENTED_EDGE('',*,*,#4381,.T.);
#4397=ORIENTED_EDGE('',*,*,#4002,.T.);
#4398=ORIENTED_EDGE('',*,*,#3823,.F.);
#4399=EDGE_LOOP('',(#4395,#4396,#4397,#4398));
#4400=FACE_OUTER_BOUND('',#4399,.F.);
#4401=ADVANCED_FACE('',(#4400),#4394,.T.);
#4402=CARTESIAN_POINT('',(1.0075E0,-1.2525E0,6.838E0));
#4403=DIRECTION('',(-9.828721869343E-1,0.E0,1.842885350502E-1));
#4404=DIRECTION('',(1.842885350502E-1,0.E0,9.828721869343E-1));
#4405=AXIS2_PLACEMENT_3D('',#4402,#4403,#4404);
#4406=PLANE('',#4405);
#4408=ORIENTED_EDGE('',*,*,#4407,.T.);
#4410=ORIENTED_EDGE('',*,*,#4409,.F.);
#4411=ORIENTED_EDGE('',*,*,#4383,.T.);
#4412=ORIENTED_EDGE('',*,*,#3903,.T.);
#4413=EDGE_LOOP('',(#4408,#4410,#4411,#4412));
#4414=FACE_OUTER_BOUND('',#4413,.F.);
#4415=ADVANCED_FACE('',(#4414),#4406,.T.);
#4416=CARTESIAN_POINT('',(9.325E-1,-9.325E-1,6.438E0));
#4417=DIRECTION('',(0.E0,9.701425001453E-1,2.425356250363E-1));
#4418=DIRECTION('',(0.E0,-2.425356250363E-1,9.701425001453E-1));
#4419=AXIS2_PLACEMENT_3D('',#4416,#4417,#4418);
#4420=PLANE('',#4419);
#4421=ORIENTED_EDGE('',*,*,#4369,.F.);
#4423=ORIENTED_EDGE('',*,*,#4422,.F.);
#4424=ORIENTED_EDGE('',*,*,#4407,.F.);
#4426=ORIENTED_EDGE('',*,*,#4425,.T.);
#4427=EDGE_LOOP('',(#4421,#4423,#4424,#4426));
#4428=FACE_OUTER_BOUND('',#4427,.F.);
#4429=ADVANCED_FACE('',(#4428),#4420,.T.);
#4430=CARTESIAN_POINT('',(9.325E-1,-1.1325E0,7.238E0));
#4431=DIRECTION('',(0.E0,0.E0,1.E0));
#4432=DIRECTION('',(0.E0,-1.E0,0.E0));
#4433=AXIS2_PLACEMENT_3D('',#4430,#4431,#4432);
#4434=PLANE('',#4433);
#4435=ORIENTED_EDGE('',*,*,#4367,.T.);
#4436=ORIENTED_EDGE('',*,*,#4385,.F.);
#4437=ORIENTED_EDGE('',*,*,#4409,.T.);
#4438=ORIENTED_EDGE('',*,*,#4422,.T.);
#4439=EDGE_LOOP('',(#4435,#4436,#4437,#4438));
#4440=FACE_OUTER_BOUND('',#4439,.F.);
#4441=ADVANCED_FACE('',(#4440),#4434,.T.);
#4442=CARTESIAN_POINT('',(9.325E-1,-9.325E-1,1.908E0));
#4443=DIRECTION('',(0.E0,1.E0,0.E0));
#4444=DIRECTION('',(0.E0,0.E0,1.E0));
#4445=AXIS2_PLACEMENT_3D('',#4442,#4443,#4444);
#4446=PLANE('',#4445);
#4447=ORIENTED_EDGE('',*,*,#3908,.F.);
#4448=ORIENTED_EDGE('',*,*,#3827,.T.);
#4449=ORIENTED_EDGE('',*,*,#3999,.T.);
#4450=ORIENTED_EDGE('',*,*,#4425,.F.);
#4451=EDGE_LOOP('',(#4447,#4448,#4449,#4450));
#4452=FACE_OUTER_BOUND('',#4451,.F.);
#4453=ADVANCED_FACE('',(#4452),#4446,.T.);
#4454=CARTESIAN_POINT('',(1.33E0,2.645E0,8.69E0));
#4455=DIRECTION('',(-1.E0,0.E0,0.E0));
#4456=DIRECTION('',(0.E0,-1.E0,0.E0));
#4457=AXIS2_PLACEMENT_3D('',#4454,#4455,#4456);
#4458=PLANE('',#4457);
#4459=ORIENTED_EDGE('',*,*,#2904,.F.);
#4461=ORIENTED_EDGE('',*,*,#4460,.T.);
#4462=ORIENTED_EDGE('',*,*,#3588,.T.);
#4463=ORIENTED_EDGE('',*,*,#3655,.F.);
#4464=EDGE_LOOP('',(#4459,#4461,#4462,#4463));
#4465=FACE_OUTER_BOUND('',#4464,.F.);
#4466=ADVANCED_FACE('',(#4465),#4458,.F.);
#4467=CARTESIAN_POINT('',(-1.33E0,2.645E0,8.69E0));
#4468=DIRECTION('',(0.E0,-1.E0,0.E0));
#4469=DIRECTION('',(1.E0,0.E0,0.E0));
#4470=AXIS2_PLACEMENT_3D('',#4467,#4468,#4469);
#4471=PLANE('',#4470);
#4472=ORIENTED_EDGE('',*,*,#2969,.F.);
#4474=ORIENTED_EDGE('',*,*,#4473,.T.);
#4475=ORIENTED_EDGE('',*,*,#3590,.T.);
#4476=ORIENTED_EDGE('',*,*,#4460,.F.);
#4477=EDGE_LOOP('',(#4472,#4474,#4475,#4476));
#4478=FACE_OUTER_BOUND('',#4477,.F.);
#4479=ADVANCED_FACE('',(#4478),#4471,.F.);
#4480=CARTESIAN_POINT('',(-1.33E0,2.345E0,8.69E0));
#4481=DIRECTION('',(1.E0,0.E0,0.E0));
#4482=DIRECTION('',(0.E0,1.E0,0.E0));
#4483=AXIS2_PLACEMENT_3D('',#4480,#4481,#4482);
#4484=PLANE('',#4483);
#4485=ORIENTED_EDGE('',*,*,#2967,.F.);
#4487=ORIENTED_EDGE('',*,*,#4486,.T.);
#4488=ORIENTED_EDGE('',*,*,#3592,.T.);
#4489=ORIENTED_EDGE('',*,*,#4473,.F.);
#4490=EDGE_LOOP('',(#4485,#4487,#4488,#4489));
#4491=FACE_OUTER_BOUND('',#4490,.F.);
#4492=ADVANCED_FACE('',(#4491),#4484,.F.);
#4493=CARTESIAN_POINT('',(-2.36E0,2.345E0,8.69E0));
#4494=DIRECTION('',(0.E0,1.E0,0.E0));
#4495=DIRECTION('',(0.E0,0.E0,-1.E0));
#4496=AXIS2_PLACEMENT_3D('',#4493,#4494,#4495);
#4497=PLANE('',#4496);
#4499=ORIENTED_EDGE('',*,*,#4498,.T.);
#4500=ORIENTED_EDGE('',*,*,#3600,.F.);
#4501=ORIENTED_EDGE('',*,*,#3005,.F.);
#4502=ORIENTED_EDGE('',*,*,#2957,.F.);
#4503=EDGE_LOOP('',(#4499,#4500,#4501,#4502));
#4504=FACE_OUTER_BOUND('',#4503,.F.);
#4505=ADVANCED_FACE('',(#4504),#4497,.F.);
#4506=CARTESIAN_POINT('',(-2.36E0,2.345E0,8.69E0));
#4507=DIRECTION('',(0.E0,1.E0,0.E0));
#4508=DIRECTION('',(0.E0,0.E0,-1.E0));
#4509=AXIS2_PLACEMENT_3D('',#4506,#4507,#4508);
#4510=PLANE('',#4509);
#4511=ORIENTED_EDGE('',*,*,#4486,.F.);
#4512=ORIENTED_EDGE('',*,*,#2965,.F.);
#4513=ORIENTED_EDGE('',*,*,#3052,.T.);
#4514=ORIENTED_EDGE('',*,*,#3594,.F.);
#4515=EDGE_LOOP('',(#4511,#4512,#4513,#4514));
#4516=FACE_OUTER_BOUND('',#4515,.F.);
#4517=ADVANCED_FACE('',(#4516),#4510,.F.);
#4518=CARTESIAN_POINT('',(-2.3E0,5.E0,1.015E1));
#4519=DIRECTION('',(-1.E0,0.E0,0.E0));
#4520=DIRECTION('',(0.E0,-1.E0,0.E0));
#4521=AXIS2_PLACEMENT_3D('',#4518,#4519,#4520);
#4522=PLANE('',#4521);
#4524=ORIENTED_EDGE('',*,*,#4523,.F.);
#4525=ORIENTED_EDGE('',*,*,#3602,.T.);
#4526=ORIENTED_EDGE('',*,*,#4498,.F.);
#4527=ORIENTED_EDGE('',*,*,#2955,.T.);
#4529=ORIENTED_EDGE('',*,*,#4528,.T.);
#4531=ORIENTED_EDGE('',*,*,#4530,.T.);
#4533=ORIENTED_EDGE('',*,*,#4532,.F.);
#4534=EDGE_LOOP('',(#4524,#4525,#4526,#4527,#4529,#4531,#4533));
#4535=FACE_OUTER_BOUND('',#4534,.F.);
#4536=ADVANCED_FACE('',(#4535),#4522,.F.);
#4537=CARTESIAN_POINT('',(0.E0,2.99E0,0.E0));
#4538=DIRECTION('',(0.E0,1.E0,0.E0));
#4539=DIRECTION('',(-1.E0,0.E0,0.E0));
#4540=AXIS2_PLACEMENT_3D('',#4537,#4538,#4539);
#4541=PLANE('',#4540);
#4542=ORIENTED_EDGE('',*,*,#3604,.T.);
#4543=ORIENTED_EDGE('',*,*,#4523,.T.);
#4545=ORIENTED_EDGE('',*,*,#4544,.F.);
#4547=ORIENTED_EDGE('',*,*,#4546,.F.);
#4548=ORIENTED_EDGE('',*,*,#2949,.F.);
#4550=ORIENTED_EDGE('',*,*,#4549,.T.);
#4552=ORIENTED_EDGE('',*,*,#4551,.T.);
#4553=ORIENTED_EDGE('',*,*,#2813,.F.);
#4554=ORIENTED_EDGE('',*,*,#2832,.F.);
#4555=ORIENTED_EDGE('',*,*,#2890,.F.);
#4557=ORIENTED_EDGE('',*,*,#4556,.T.);
#4559=ORIENTED_EDGE('',*,*,#4558,.F.);
#4560=ORIENTED_EDGE('',*,*,#2930,.F.);
#4562=ORIENTED_EDGE('',*,*,#4561,.T.);
#4564=ORIENTED_EDGE('',*,*,#4563,.F.);
#4565=ORIENTED_EDGE('',*,*,#3635,.F.);
#4566=EDGE_LOOP('',(#4542,#4543,#4545,#4547,#4548,#4550,#4552,#4553,#4554,#4555,
#4557,#4559,#4560,#4562,#4564,#4565));
#4567=FACE_OUTER_BOUND('',#4566,.F.);
#4568=ADVANCED_FACE('',(#4567),#4541,.T.);
#4569=CARTESIAN_POINT('',(-2.8E0,2.99E0,1.8E0));
#4570=DIRECTION('',(0.E0,0.E0,-1.E0));
#4571=DIRECTION('',(0.E0,1.E0,0.E0));
#4572=AXIS2_PLACEMENT_3D('',#4569,#4570,#4571);
#4573=PLANE('',#4572);
#4575=ORIENTED_EDGE('',*,*,#4574,.T.);
#4577=ORIENTED_EDGE('',*,*,#4576,.F.);
#4578=ORIENTED_EDGE('',*,*,#3637,.F.);
#4579=ORIENTED_EDGE('',*,*,#4563,.T.);
#4581=ORIENTED_EDGE('',*,*,#4580,.T.);
#4583=ORIENTED_EDGE('',*,*,#4582,.F.);
#4585=ORIENTED_EDGE('',*,*,#4584,.F.);
#4586=ORIENTED_EDGE('',*,*,#4544,.T.);
#4587=ORIENTED_EDGE('',*,*,#4532,.T.);
#4589=ORIENTED_EDGE('',*,*,#4588,.F.);
#4591=ORIENTED_EDGE('',*,*,#4590,.T.);
#4593=ORIENTED_EDGE('',*,*,#4592,.T.);
#4594=EDGE_LOOP('',(#4575,#4577,#4578,#4579,#4581,#4583,#4585,#4586,#4587,#4589,
#4591,#4593));
#4595=FACE_OUTER_BOUND('',#4594,.F.);
#4596=ADVANCED_FACE('',(#4595),#4573,.T.);
#4597=CARTESIAN_POINT('',(1.25E0,5.9E0,1.8E0));
#4598=DIRECTION('',(1.E0,0.E0,0.E0));
#4599=DIRECTION('',(0.E0,-1.E0,0.E0));
#4600=AXIS2_PLACEMENT_3D('',#4597,#4598,#4599);
#4601=PLANE('',#4600);
#4602=ORIENTED_EDGE('',*,*,#4574,.F.);
#4604=ORIENTED_EDGE('',*,*,#4603,.T.);
#4606=ORIENTED_EDGE('',*,*,#4605,.T.);
#4608=ORIENTED_EDGE('',*,*,#4607,.F.);
#4609=EDGE_LOOP('',(#4602,#4604,#4606,#4608));
#4610=FACE_OUTER_BOUND('',#4609,.F.);
#4611=ADVANCED_FACE('',(#4610),#4601,.F.);
#4612=CARTESIAN_POINT('',(-1.25E0,5.9E0,1.8E0));
#4613=DIRECTION('',(0.E0,1.E0,0.E0));
#4614=DIRECTION('',(1.E0,0.E0,0.E0));
#4615=AXIS2_PLACEMENT_3D('',#4612,#4613,#4614);
#4616=PLANE('',#4615);
#4617=ORIENTED_EDGE('',*,*,#4592,.F.);
#4619=ORIENTED_EDGE('',*,*,#4618,.T.);
#4621=ORIENTED_EDGE('',*,*,#4620,.F.);
#4622=ORIENTED_EDGE('',*,*,#4603,.F.);
#4623=EDGE_LOOP('',(#4617,#4619,#4621,#4622));
#4624=FACE_OUTER_BOUND('',#4623,.F.);
#4625=ADVANCED_FACE('',(#4624),#4616,.F.);
#4626=CARTESIAN_POINT('',(-1.25E0,5.E0,1.8E0));
#4627=DIRECTION('',(-1.E0,0.E0,0.E0));
#4628=DIRECTION('',(0.E0,1.E0,0.E0));
#4629=AXIS2_PLACEMENT_3D('',#4626,#4627,#4628);
#4630=PLANE('',#4629);
#4631=ORIENTED_EDGE('',*,*,#4590,.F.);
#4633=ORIENTED_EDGE('',*,*,#4632,.T.);
#4635=ORIENTED_EDGE('',*,*,#4634,.T.);
#4636=ORIENTED_EDGE('',*,*,#4618,.F.);
#4637=EDGE_LOOP('',(#4631,#4633,#4635,#4636));
#4638=FACE_OUTER_BOUND('',#4637,.F.);
#4639=ADVANCED_FACE('',(#4638),#4630,.F.);
#4640=CARTESIAN_POINT('',(2.3E0,5.E0,1.015E1));
#4641=DIRECTION('',(0.E0,1.E0,0.E0));
#4642=DIRECTION('',(-1.E0,0.E0,0.E0));
#4643=AXIS2_PLACEMENT_3D('',#4640,#4641,#4642);
#4644=PLANE('',#4643);
#4646=ORIENTED_EDGE('',*,*,#4645,.T.);
#4647=ORIENTED_EDGE('',*,*,#4632,.F.);
#4648=ORIENTED_EDGE('',*,*,#4588,.T.);
#4649=ORIENTED_EDGE('',*,*,#4530,.F.);
#4651=ORIENTED_EDGE('',*,*,#4650,.F.);
#4652=ORIENTED_EDGE('',*,*,#3639,.T.);
#4653=ORIENTED_EDGE('',*,*,#4576,.T.);
#4654=ORIENTED_EDGE('',*,*,#4607,.T.);
#4655=EDGE_LOOP('',(#4646,#4647,#4648,#4649,#4651,#4652,#4653,#4654));
#4656=FACE_OUTER_BOUND('',#4655,.F.);
#4657=ADVANCED_FACE('',(#4656),#4644,.F.);
#4658=CARTESIAN_POINT('',(-2.8E0,0.E0,8.85E0));
#4659=DIRECTION('',(0.E0,0.E0,-1.E0));
#4660=DIRECTION('',(-1.E0,0.E0,0.E0));
#4661=AXIS2_PLACEMENT_3D('',#4658,#4659,#4660);
#4662=PLANE('',#4661);
#4663=ORIENTED_EDGE('',*,*,#4645,.F.);
#4664=ORIENTED_EDGE('',*,*,#4605,.F.);
#4665=ORIENTED_EDGE('',*,*,#4620,.T.);
#4666=ORIENTED_EDGE('',*,*,#4634,.F.);
#4667=EDGE_LOOP('',(#4663,#4664,#4665,#4666));
#4668=FACE_OUTER_BOUND('',#4667,.F.);
#4669=ADVANCED_FACE('',(#4668),#4662,.T.);
#4670=CARTESIAN_POINT('',(-2.8E0,6.2E0,1.015E1));
#4671=DIRECTION('',(0.E0,0.E0,1.E0));
#4672=DIRECTION('',(0.E0,-1.E0,0.E0));
#4673=AXIS2_PLACEMENT_3D('',#4670,#4671,#4672);
#4674=PLANE('',#4673);
#4675=ORIENTED_EDGE('',*,*,#4650,.T.);
#4677=ORIENTED_EDGE('',*,*,#4676,.F.);
#4679=ORIENTED_EDGE('',*,*,#4678,.F.);
#4681=ORIENTED_EDGE('',*,*,#4680,.T.);
#4683=ORIENTED_EDGE('',*,*,#4682,.T.);
#4685=ORIENTED_EDGE('',*,*,#4684,.F.);
#4686=EDGE_LOOP('',(#4675,#4677,#4679,#4681,#4683,#4685));
#4687=FACE_OUTER_BOUND('',#4686,.F.);
#4688=ADVANCED_FACE('',(#4687),#4674,.T.);
#4689=CARTESIAN_POINT('',(-2.8E0,5.E0,1.015E1));
#4690=DIRECTION('',(0.E0,-7.071067811865E-1,7.071067811865E-1));
#4691=DIRECTION('',(0.E0,-7.071067811865E-1,-7.071067811865E-1));
#4692=AXIS2_PLACEMENT_3D('',#4689,#4690,#4691);
#4693=PLANE('',#4692);
#4694=ORIENTED_EDGE('',*,*,#4528,.F.);
#4695=ORIENTED_EDGE('',*,*,#2953,.F.);
#4697=ORIENTED_EDGE('',*,*,#4696,.F.);
#4698=ORIENTED_EDGE('',*,*,#4676,.T.);
#4699=EDGE_LOOP('',(#4694,#4695,#4697,#4698));
#4700=FACE_OUTER_BOUND('',#4699,.F.);
#4701=ADVANCED_FACE('',(#4700),#4693,.T.);
#4702=CARTESIAN_POINT('',(-2.8E0,5.E0,1.015E1));
#4703=DIRECTION('',(0.E0,-7.071067811865E-1,7.071067811865E-1));
#4704=DIRECTION('',(0.E0,-7.071067811865E-1,-7.071067811865E-1));
#4705=AXIS2_PLACEMENT_3D('',#4702,#4703,#4704);
#4706=PLANE('',#4705);
#4707=ORIENTED_EDGE('',*,*,#3641,.T.);
#4708=ORIENTED_EDGE('',*,*,#4684,.T.);
#4710=ORIENTED_EDGE('',*,*,#4709,.T.);
#4711=ORIENTED_EDGE('',*,*,#2926,.F.);
#4712=EDGE_LOOP('',(#4707,#4708,#4710,#4711));
#4713=FACE_OUTER_BOUND('',#4712,.F.);
#4714=ADVANCED_FACE('',(#4713),#4706,.T.);
#4715=CARTESIAN_POINT('',(-2.8E0,0.E0,0.E0));
#4716=DIRECTION('',(1.E0,0.E0,0.E0));
#4717=DIRECTION('',(0.E0,0.E0,-1.E0));
#4718=AXIS2_PLACEMENT_3D('',#4715,#4716,#4717);
#4719=PLANE('',#4718);
#4720=ORIENTED_EDGE('',*,*,#4546,.T.);
#4721=ORIENTED_EDGE('',*,*,#4584,.T.);
#4723=ORIENTED_EDGE('',*,*,#4722,.T.);
#4724=ORIENTED_EDGE('',*,*,#4678,.T.);
#4725=ORIENTED_EDGE('',*,*,#4696,.T.);
#4726=ORIENTED_EDGE('',*,*,#2951,.T.);
#4727=EDGE_LOOP('',(#4720,#4721,#4723,#4724,#4725,#4726));
#4728=FACE_OUTER_BOUND('',#4727,.F.);
#4729=ADVANCED_FACE('',(#4728),#4719,.F.);
#4730=CARTESIAN_POINT('',(-2.8E0,6.2E0,1.8E0));
#4731=DIRECTION('',(0.E0,1.E0,0.E0));
#4732=DIRECTION('',(0.E0,0.E0,1.E0));
#4733=AXIS2_PLACEMENT_3D('',#4730,#4731,#4732);
#4734=PLANE('',#4733);
#4735=ORIENTED_EDGE('',*,*,#4722,.F.);
#4736=ORIENTED_EDGE('',*,*,#4582,.T.);
#4738=ORIENTED_EDGE('',*,*,#4737,.T.);
#4739=ORIENTED_EDGE('',*,*,#4680,.F.);
#4740=EDGE_LOOP('',(#4735,#4736,#4738,#4739));
#4741=FACE_OUTER_BOUND('',#4740,.F.);
#4742=ADVANCED_FACE('',(#4741),#4734,.T.);
#4743=CARTESIAN_POINT('',(2.8E0,0.E0,0.E0));
#4744=DIRECTION('',(1.E0,0.E0,0.E0));
#4745=DIRECTION('',(0.E0,0.E0,-1.E0));
#4746=AXIS2_PLACEMENT_3D('',#4743,#4744,#4745);
#4747=PLANE('',#4746);
#4748=ORIENTED_EDGE('',*,*,#4561,.F.);
#4749=ORIENTED_EDGE('',*,*,#2928,.F.);
#4750=ORIENTED_EDGE('',*,*,#4709,.F.);
#4751=ORIENTED_EDGE('',*,*,#4682,.F.);
#4752=ORIENTED_EDGE('',*,*,#4737,.F.);
#4753=ORIENTED_EDGE('',*,*,#4580,.F.);
#4754=EDGE_LOOP('',(#4748,#4749,#4750,#4751,#4752,#4753));
#4755=FACE_OUTER_BOUND('',#4754,.F.);
#4756=ADVANCED_FACE('',(#4755),#4747,.T.);
#4757=CARTESIAN_POINT('',(-3.E0,2.99E0,8.69E0));
#4758=DIRECTION('',(1.E0,0.E0,0.E0));
#4759=DIRECTION('',(0.E0,0.E0,-1.E0));
#4760=AXIS2_PLACEMENT_3D('',#4757,#4758,#4759);
#4761=PLANE('',#4760);
#4762=ORIENTED_EDGE('',*,*,#4549,.F.);
#4763=ORIENTED_EDGE('',*,*,#2947,.F.);
#4765=ORIENTED_EDGE('',*,*,#4764,.T.);
#4767=ORIENTED_EDGE('',*,*,#4766,.F.);
#4768=EDGE_LOOP('',(#4762,#4763,#4765,#4767));
#4769=FACE_OUTER_BOUND('',#4768,.F.);
#4770=ADVANCED_FACE('',(#4769),#4761,.F.);
#4771=CARTESIAN_POINT('',(0.E0,1.74E0,0.E0));
#4772=DIRECTION('',(0.E0,1.E0,0.E0));
#4773=DIRECTION('',(1.E0,0.E0,0.E0));
#4774=AXIS2_PLACEMENT_3D('',#4771,#4772,#4773);
#4775=PLANE('',#4774);
#4776=ORIENTED_EDGE('',*,*,#2886,.F.);
#4777=ORIENTED_EDGE('',*,*,#2934,.F.);
#4779=ORIENTED_EDGE('',*,*,#4778,.F.);
#4781=ORIENTED_EDGE('',*,*,#4780,.F.);
#4782=EDGE_LOOP('',(#4776,#4777,#4779,#4781));
#4783=FACE_OUTER_BOUND('',#4782,.F.);
#4784=ADVANCED_FACE('',(#4783),#4775,.T.);
#4785=CARTESIAN_POINT('',(0.E0,1.74E0,0.E0));
#4786=DIRECTION('',(0.E0,1.E0,0.E0));
#4787=DIRECTION('',(1.E0,0.E0,0.E0));
#4788=AXIS2_PLACEMENT_3D('',#4785,#4786,#4787);
#4789=PLANE('',#4788);
#4790=ORIENTED_EDGE('',*,*,#2817,.T.);
#4792=ORIENTED_EDGE('',*,*,#4791,.F.);
#4793=ORIENTED_EDGE('',*,*,#4764,.F.);
#4794=ORIENTED_EDGE('',*,*,#2945,.F.);
#4795=EDGE_LOOP('',(#4790,#4792,#4793,#4794));
#4796=FACE_OUTER_BOUND('',#4795,.F.);
#4797=ADVANCED_FACE('',(#4796),#4789,.T.);
#4798=CARTESIAN_POINT('',(3.E0,2.99E0,3.321236650439E0));
#4799=DIRECTION('',(-1.E0,0.E0,0.E0));
#4800=DIRECTION('',(0.E0,0.E0,1.E0));
#4801=AXIS2_PLACEMENT_3D('',#4798,#4799,#4800);
#4802=PLANE('',#4801);
#4803=ORIENTED_EDGE('',*,*,#4558,.T.);
#4805=ORIENTED_EDGE('',*,*,#4804,.T.);
#4806=ORIENTED_EDGE('',*,*,#4778,.T.);
#4807=ORIENTED_EDGE('',*,*,#2932,.T.);
#4808=EDGE_LOOP('',(#4803,#4805,#4806,#4807));
#4809=FACE_OUTER_BOUND('',#4808,.F.);
#4810=ADVANCED_FACE('',(#4809),#4802,.F.);
#4811=CARTESIAN_POINT('',(4.115E0,2.99E0,1.39E0));
#4812=DIRECTION('',(-8.660254037844E-1,0.E0,-5.E-1));
#4813=DIRECTION('',(-5.E-1,0.E0,8.660254037844E-1));
#4814=AXIS2_PLACEMENT_3D('',#4811,#4812,#4813);
#4815=PLANE('',#4814);
#4816=ORIENTED_EDGE('',*,*,#4556,.F.);
#4817=ORIENTED_EDGE('',*,*,#2888,.T.);
#4818=ORIENTED_EDGE('',*,*,#4780,.T.);
#4819=ORIENTED_EDGE('',*,*,#4804,.F.);
#4820=EDGE_LOOP('',(#4816,#4817,#4818,#4819));
#4821=FACE_OUTER_BOUND('',#4820,.F.);
#4822=ADVANCED_FACE('',(#4821),#4815,.F.);
#4823=CARTESIAN_POINT('',(-3.E0,2.99E0,3.321236650439E0));
#4824=DIRECTION('',(8.660254037844E-1,0.E0,-5.E-1));
#4825=DIRECTION('',(-5.E-1,0.E0,-8.660254037844E-1));
#4826=AXIS2_PLACEMENT_3D('',#4823,#4824,#4825);
#4827=PLANE('',#4826);
#4828=ORIENTED_EDGE('',*,*,#4551,.F.);
#4829=ORIENTED_EDGE('',*,*,#4766,.T.);
#4830=ORIENTED_EDGE('',*,*,#4791,.T.);
#4831=ORIENTED_EDGE('',*,*,#2815,.F.);
#4832=EDGE_LOOP('',(#4828,#4829,#4830,#4831));
#4833=FACE_OUTER_BOUND('',#4832,.F.);
#4834=ADVANCED_FACE('',(#4833),#4827,.F.);
#4835=CARTESIAN_POINT('',(-2.36E0,1.55E-1,2.69E0));
#4836=DIRECTION('',(0.E0,-1.E0,0.E0));
#4837=DIRECTION('',(0.E0,0.E0,1.E0));
#4838=AXIS2_PLACEMENT_3D('',#4835,#4836,#4837);
#4839=PLANE('',#4838);
#4840=ORIENTED_EDGE('',*,*,#2961,.F.);
#4841=ORIENTED_EDGE('',*,*,#3009,.F.);
#4842=ORIENTED_EDGE('',*,*,#3597,.T.);
#4843=ORIENTED_EDGE('',*,*,#3048,.T.);
#4844=EDGE_LOOP('',(#4840,#4841,#4842,#4843));
#4845=FACE_OUTER_BOUND('',#4844,.F.);
#4846=ADVANCED_FACE('',(#4845),#4839,.F.);
#4847=CARTESIAN_POINT('',(-1.5675E0,1.5725E0,1.908E0));
#4848=DIRECTION('',(0.E0,1.E0,0.E0));
#4849=DIRECTION('',(0.E0,0.E0,1.E0));
#4850=AXIS2_PLACEMENT_3D('',#4847,#4848,#4849);
#4851=PLANE('',#4850);
#4852=ORIENTED_EDGE('',*,*,#3154,.F.);
#4853=ORIENTED_EDGE('',*,*,#3611,.T.);
#4854=ORIENTED_EDGE('',*,*,#3245,.T.);
#4856=ORIENTED_EDGE('',*,*,#4855,.F.);
#4857=EDGE_LOOP('',(#4852,#4853,#4854,#4856));
#4858=FACE_OUTER_BOUND('',#4857,.F.);
#4859=ADVANCED_FACE('',(#4858),#4851,.T.);
#4860=CARTESIAN_POINT('',(-1.5675E0,1.5725E0,6.438E0));
#4861=DIRECTION('',(0.E0,9.701425001453E-1,2.425356250363E-1));
#4862=DIRECTION('',(0.E0,-2.425356250363E-1,9.701425001453E-1));
#4863=AXIS2_PLACEMENT_3D('',#4860,#4861,#4862);
#4864=PLANE('',#4863);
#4865=ORIENTED_EDGE('',*,*,#3537,.F.);
#4867=ORIENTED_EDGE('',*,*,#4866,.F.);
#4869=ORIENTED_EDGE('',*,*,#4868,.F.);
#4870=ORIENTED_EDGE('',*,*,#4855,.T.);
#4871=EDGE_LOOP('',(#4865,#4867,#4869,#4870));
#4872=FACE_OUTER_BOUND('',#4871,.F.);
#4873=ADVANCED_FACE('',(#4872),#4864,.T.);
#4874=CARTESIAN_POINT('',(-1.5675E0,1.3725E0,7.238E0));
#4875=DIRECTION('',(0.E0,0.E0,1.E0));
#4876=DIRECTION('',(0.E0,-1.E0,0.E0));
#4877=AXIS2_PLACEMENT_3D('',#4874,#4875,#4876);
#4878=PLANE('',#4877);
#4879=ORIENTED_EDGE('',*,*,#3535,.T.);
#4880=ORIENTED_EDGE('',*,*,#3553,.F.);
#4882=ORIENTED_EDGE('',*,*,#4881,.T.);
#4883=ORIENTED_EDGE('',*,*,#4866,.T.);
#4884=EDGE_LOOP('',(#4879,#4880,#4882,#4883));
#4885=FACE_OUTER_BOUND('',#4884,.F.);
#4886=ADVANCED_FACE('',(#4885),#4878,.T.);
#4887=CARTESIAN_POINT('',(-1.4925E0,1.2525E0,6.838E0));
#4888=DIRECTION('',(-9.828721869343E-1,0.E0,1.842885350502E-1));
#4889=DIRECTION('',(1.842885350502E-1,0.E0,9.828721869343E-1));
#4890=AXIS2_PLACEMENT_3D('',#4887,#4888,#4889);
#4891=PLANE('',#4890);
#4892=ORIENTED_EDGE('',*,*,#4868,.T.);
#4893=ORIENTED_EDGE('',*,*,#4881,.F.);
#4894=ORIENTED_EDGE('',*,*,#3551,.T.);
#4895=ORIENTED_EDGE('',*,*,#3148,.T.);
#4896=EDGE_LOOP('',(#4892,#4893,#4894,#4895));
#4897=FACE_OUTER_BOUND('',#4896,.F.);
#4898=ADVANCED_FACE('',(#4897),#4891,.T.);
#4899=CARTESIAN_POINT('',(-1.0075E0,-1.2525E0,6.838E0));
#4900=DIRECTION('',(9.828721869343E-1,0.E0,1.842885350502E-1));
#4901=DIRECTION('',(-1.842885350502E-1,0.E0,9.828721869343E-1));
#4902=AXIS2_PLACEMENT_3D('',#4899,#4900,#4901);
#4903=PLANE('',#4902);
#4905=ORIENTED_EDGE('',*,*,#4904,.T.);
#4907=ORIENTED_EDGE('',*,*,#4906,.F.);
#4909=ORIENTED_EDGE('',*,*,#4908,.T.);
#4910=ORIENTED_EDGE('',*,*,#3259,.T.);
#4911=EDGE_LOOP('',(#4905,#4907,#4909,#4910));
#4912=FACE_OUTER_BOUND('',#4911,.F.);
#4913=ADVANCED_FACE('',(#4912),#4903,.T.);
#4914=CARTESIAN_POINT('',(-1.5675E0,-1.3725E0,7.238E0));
#4915=DIRECTION('',(0.E0,-9.701425001453E-1,2.425356250363E-1));
#4916=DIRECTION('',(0.E0,-2.425356250363E-1,-9.701425001453E-1));
#4917=AXIS2_PLACEMENT_3D('',#4914,#4915,#4916);
#4918=PLANE('',#4917);
#4919=ORIENTED_EDGE('',*,*,#4904,.F.);
#4921=ORIENTED_EDGE('',*,*,#4920,.F.);
#4923=ORIENTED_EDGE('',*,*,#4922,.F.);
#4925=ORIENTED_EDGE('',*,*,#4924,.T.);
#4926=EDGE_LOOP('',(#4919,#4921,#4923,#4925));
#4927=FACE_OUTER_BOUND('',#4926,.F.);
#4928=ADVANCED_FACE('',(#4927),#4918,.T.);
#4929=CARTESIAN_POINT('',(-1.5675E0,-1.5725E0,6.438E0));
#4930=DIRECTION('',(0.E0,-1.E0,0.E0));
#4931=DIRECTION('',(0.E0,0.E0,-1.E0));
#4932=AXIS2_PLACEMENT_3D('',#4929,#4930,#4931);
#4933=PLANE('',#4932);
#4934=ORIENTED_EDGE('',*,*,#3166,.F.);
#4935=ORIENTED_EDGE('',*,*,#4920,.T.);
#4936=ORIENTED_EDGE('',*,*,#3264,.T.);
#4937=ORIENTED_EDGE('',*,*,#3083,.F.);
#4938=EDGE_LOOP('',(#4934,#4935,#4936,#4937));
#4939=FACE_OUTER_BOUND('',#4938,.F.);
#4940=ADVANCED_FACE('',(#4939),#4933,.T.);
#4941=CARTESIAN_POINT('',(-1.4925E0,-1.2525E0,6.838E0));
#4942=DIRECTION('',(-9.828721869343E-1,0.E0,1.842885350502E-1));
#4943=DIRECTION('',(1.842885350502E-1,0.E0,9.828721869343E-1));
#4944=AXIS2_PLACEMENT_3D('',#4941,#4942,#4943);
#4945=PLANE('',#4944);
#4947=ORIENTED_EDGE('',*,*,#4946,.T.);
#4949=ORIENTED_EDGE('',*,*,#4948,.F.);
#4950=ORIENTED_EDGE('',*,*,#4922,.T.);
#4951=ORIENTED_EDGE('',*,*,#3164,.T.);
#4952=EDGE_LOOP('',(#4947,#4949,#4950,#4951));
#4953=FACE_OUTER_BOUND('',#4952,.F.);
#4954=ADVANCED_FACE('',(#4953),#4945,.T.);
#4955=CARTESIAN_POINT('',(-1.5675E0,-9.325E-1,6.438E0));
#4956=DIRECTION('',(0.E0,9.701425001453E-1,2.425356250363E-1));
#4957=DIRECTION('',(0.E0,-2.425356250363E-1,9.701425001453E-1));
#4958=AXIS2_PLACEMENT_3D('',#4955,#4956,#4957);
#4959=PLANE('',#4958);
#4960=ORIENTED_EDGE('',*,*,#4908,.F.);
#4962=ORIENTED_EDGE('',*,*,#4961,.F.);
#4963=ORIENTED_EDGE('',*,*,#4946,.F.);
#4965=ORIENTED_EDGE('',*,*,#4964,.T.);
#4966=EDGE_LOOP('',(#4960,#4962,#4963,#4965));
#4967=FACE_OUTER_BOUND('',#4966,.F.);
#4968=ADVANCED_FACE('',(#4967),#4959,.T.);
#4969=CARTESIAN_POINT('',(-1.5675E0,-1.1325E0,7.238E0));
#4970=DIRECTION('',(0.E0,0.E0,1.E0));
#4971=DIRECTION('',(0.E0,-1.E0,0.E0));
#4972=AXIS2_PLACEMENT_3D('',#4969,#4970,#4971);
#4973=PLANE('',#4972);
#4974=ORIENTED_EDGE('',*,*,#4906,.T.);
#4975=ORIENTED_EDGE('',*,*,#4924,.F.);
#4976=ORIENTED_EDGE('',*,*,#4948,.T.);
#4977=ORIENTED_EDGE('',*,*,#4961,.T.);
#4978=EDGE_LOOP('',(#4974,#4975,#4976,#4977));
#4979=FACE_OUTER_BOUND('',#4978,.F.);
#4980=ADVANCED_FACE('',(#4979),#4973,.T.);
#4981=CARTESIAN_POINT('',(-1.5675E0,-9.325E-1,1.908E0));
#4982=DIRECTION('',(0.E0,1.E0,0.E0));
#4983=DIRECTION('',(0.E0,0.E0,1.E0));
#4984=AXIS2_PLACEMENT_3D('',#4981,#4982,#4983);
#4985=PLANE('',#4984);
#4986=ORIENTED_EDGE('',*,*,#3169,.F.);
#4987=ORIENTED_EDGE('',*,*,#3087,.T.);
#4988=ORIENTED_EDGE('',*,*,#3261,.T.);
#4989=ORIENTED_EDGE('',*,*,#4964,.F.);
#4990=EDGE_LOOP('',(#4986,#4987,#4988,#4989));
#4991=FACE_OUTER_BOUND('',#4990,.F.);
#4992=ADVANCED_FACE('',(#4991),#4985,.T.);
#4993=CARTESIAN_POINT('',(3.E0,-2.99E0,3.321236650439E0));
#4994=DIRECTION('',(1.E0,0.E0,0.E0));
#4995=DIRECTION('',(0.E0,0.E0,1.E0));
#4996=AXIS2_PLACEMENT_3D('',#4993,#4994,#4995);
#4997=PLANE('',#4996);
#4998=ORIENTED_EDGE('',*,*,#2794,.F.);
#5000=ORIENTED_EDGE('',*,*,#4999,.F.);
#5001=ORIENTED_EDGE('',*,*,#2744,.F.);
#5002=ORIENTED_EDGE('',*,*,#2938,.T.);
#5003=EDGE_LOOP('',(#4998,#5000,#5001,#5002));
#5004=FACE_OUTER_BOUND('',#5003,.F.);
#5005=ADVANCED_FACE('',(#5004),#4997,.T.);
#5006=CARTESIAN_POINT('',(4.115E0,-2.99E0,1.39E0));
#5007=DIRECTION('',(8.660254037844E-1,0.E0,5.E-1));
#5008=DIRECTION('',(-5.E-1,0.E0,8.660254037844E-1));
#5009=AXIS2_PLACEMENT_3D('',#5006,#5007,#5008);
#5010=PLANE('',#5009);
#5011=ORIENTED_EDGE('',*,*,#2792,.F.);
#5012=ORIENTED_EDGE('',*,*,#2894,.F.);
#5013=ORIENTED_EDGE('',*,*,#2746,.T.);
#5014=ORIENTED_EDGE('',*,*,#4999,.T.);
#5015=EDGE_LOOP('',(#5011,#5012,#5013,#5014));
#5016=FACE_OUTER_BOUND('',#5015,.F.);
#5017=ADVANCED_FACE('',(#5016),#5010,.T.);
#5018=CARTESIAN_POINT('',(-3.E0,-2.99E0,8.69E0));
#5019=DIRECTION('',(-1.E0,0.E0,0.E0));
#5020=DIRECTION('',(0.E0,0.E0,-1.E0));
#5021=AXIS2_PLACEMENT_3D('',#5018,#5019,#5020);
#5022=PLANE('',#5021);
#5023=ORIENTED_EDGE('',*,*,#2782,.F.);
#5024=ORIENTED_EDGE('',*,*,#2941,.F.);
#5025=ORIENTED_EDGE('',*,*,#2740,.T.);
#5026=ORIENTED_EDGE('',*,*,#2764,.T.);
#5027=EDGE_LOOP('',(#5023,#5024,#5025,#5026));
#5028=FACE_OUTER_BOUND('',#5027,.F.);
#5029=ADVANCED_FACE('',(#5028),#5022,.T.);
#5030=CARTESIAN_POINT('',(-3.305E0,0.E0,0.E0));
#5031=DIRECTION('',(1.E0,0.E0,0.E0));
#5032=DIRECTION('',(0.E0,0.E0,-1.E0));
#5033=AXIS2_PLACEMENT_3D('',#5030,#5031,#5032);
#5034=PLANE('',#5033);
#5035=ORIENTED_EDGE('',*,*,#2857,.T.);
#5037=ORIENTED_EDGE('',*,*,#5036,.T.);
#5039=ORIENTED_EDGE('',*,*,#5038,.T.);
#5041=ORIENTED_EDGE('',*,*,#5040,.T.);
#5043=ORIENTED_EDGE('',*,*,#5042,.T.);
#5045=ORIENTED_EDGE('',*,*,#5044,.T.);
#5047=ORIENTED_EDGE('',*,*,#5046,.T.);
#5049=ORIENTED_EDGE('',*,*,#5048,.T.);
#5051=ORIENTED_EDGE('',*,*,#5050,.T.);
#5053=ORIENTED_EDGE('',*,*,#5052,.T.);
#5055=ORIENTED_EDGE('',*,*,#5054,.T.);
#5057=ORIENTED_EDGE('',*,*,#5056,.T.);
#5059=ORIENTED_EDGE('',*,*,#5058,.T.);
#5061=ORIENTED_EDGE('',*,*,#5060,.T.);
#5063=ORIENTED_EDGE('',*,*,#5062,.T.);
#5065=ORIENTED_EDGE('',*,*,#5064,.T.);
#5067=ORIENTED_EDGE('',*,*,#5066,.T.);
#5069=ORIENTED_EDGE('',*,*,#5068,.T.);
#5071=ORIENTED_EDGE('',*,*,#5070,.T.);
#5073=ORIENTED_EDGE('',*,*,#5072,.T.);
#5074=EDGE_LOOP('',(#5035,#5037,#5039,#5041,#5043,#5045,#5047,#5049,#5051,#5053,
#5055,#5057,#5059,#5061,#5063,#5065,#5067,#5069,#5071,#5073));
#5075=FACE_OUTER_BOUND('',#5074,.F.);
#5076=ADVANCED_FACE('',(#5075),#5034,.F.);
#5077=CARTESIAN_POINT('',(-3.305E0,-9.8E-1,1.289369712203E-1));
#5078=DIRECTION('',(0.E0,-2.756373558170E-1,9.612616959383E-1));
#5079=DIRECTION('',(0.E0,-9.612616959383E-1,-2.756373558170E-1));
#5080=AXIS2_PLACEMENT_3D('',#5077,#5078,#5079);
#5081=PLANE('',#5080);
#5082=ORIENTED_EDGE('',*,*,#2863,.T.);
#5084=ORIENTED_EDGE('',*,*,#5083,.T.);
#5086=ORIENTED_EDGE('',*,*,#5085,.F.);
#5087=ORIENTED_EDGE('',*,*,#5036,.F.);
#5088=EDGE_LOOP('',(#5082,#5084,#5086,#5087));
#5089=FACE_OUTER_BOUND('',#5088,.F.);
#5090=ADVANCED_FACE('',(#5089),#5081,.T.);
#5091=CARTESIAN_POINT('',(-2.805E0,0.E0,0.E0));
#5092=DIRECTION('',(1.E0,0.E0,0.E0));
#5093=DIRECTION('',(0.E0,0.E0,-1.E0));
#5094=AXIS2_PLACEMENT_3D('',#5091,#5092,#5093);
#5095=PLANE('',#5094);
#5096=ORIENTED_EDGE('',*,*,#2861,.F.);
#5098=ORIENTED_EDGE('',*,*,#5097,.F.);
#5100=ORIENTED_EDGE('',*,*,#5099,.F.);
#5102=ORIENTED_EDGE('',*,*,#5101,.F.);
#5104=ORIENTED_EDGE('',*,*,#5103,.F.);
#5106=ORIENTED_EDGE('',*,*,#5105,.F.);
#5108=ORIENTED_EDGE('',*,*,#5107,.F.);
#5110=ORIENTED_EDGE('',*,*,#5109,.F.);
#5112=ORIENTED_EDGE('',*,*,#5111,.F.);
#5114=ORIENTED_EDGE('',*,*,#5113,.F.);
#5116=ORIENTED_EDGE('',*,*,#5115,.F.);
#5118=ORIENTED_EDGE('',*,*,#5117,.F.);
#5120=ORIENTED_EDGE('',*,*,#5119,.F.);
#5122=ORIENTED_EDGE('',*,*,#5121,.F.);
#5124=ORIENTED_EDGE('',*,*,#5123,.F.);
#5126=ORIENTED_EDGE('',*,*,#5125,.F.);
#5128=ORIENTED_EDGE('',*,*,#5127,.F.);
#5130=ORIENTED_EDGE('',*,*,#5129,.F.);
#5132=ORIENTED_EDGE('',*,*,#5131,.F.);
#5133=ORIENTED_EDGE('',*,*,#5083,.F.);
#5134=EDGE_LOOP('',(#5096,#5098,#5100,#5102,#5104,#5106,#5108,#5110,#5112,#5114,
#5116,#5118,#5120,#5122,#5124,#5126,#5128,#5130,#5132,#5133));
#5135=FACE_OUTER_BOUND('',#5134,.F.);
#5136=ADVANCED_FACE('',(#5135),#5095,.T.);
#5137=CARTESIAN_POINT('',(-3.305E0,2.72E0,-3.7E-1));
#5138=DIRECTION('',(0.E0,2.756373558170E-1,9.612616959383E-1));
#5139=DIRECTION('',(0.E0,-9.612616959383E-1,2.756373558170E-1));
#5140=AXIS2_PLACEMENT_3D('',#5137,#5138,#5139);
#5141=PLANE('',#5140);
#5142=ORIENTED_EDGE('',*,*,#2859,.F.);
#5143=ORIENTED_EDGE('',*,*,#5072,.F.);
#5145=ORIENTED_EDGE('',*,*,#5144,.T.);
#5146=ORIENTED_EDGE('',*,*,#5097,.T.);
#5147=EDGE_LOOP('',(#5142,#5143,#5145,#5146));
#5148=FACE_OUTER_BOUND('',#5147,.F.);
#5149=ADVANCED_FACE('',(#5148),#5141,.T.);
#5150=CARTESIAN_POINT('',(-3.305E0,4.35E0,-3.7E-1));
#5151=DIRECTION('',(0.E0,0.E0,1.E0));
#5152=DIRECTION('',(0.E0,-1.E0,0.E0));
#5153=AXIS2_PLACEMENT_3D('',#5150,#5151,#5152);
#5154=PLANE('',#5153);
#5155=ORIENTED_EDGE('',*,*,#5070,.F.);
#5157=ORIENTED_EDGE('',*,*,#5156,.T.);
#5158=ORIENTED_EDGE('',*,*,#5099,.T.);
#5159=ORIENTED_EDGE('',*,*,#5144,.F.);
#5160=EDGE_LOOP('',(#5155,#5157,#5158,#5159));
#5161=FACE_OUTER_BOUND('',#5160,.F.);
#5162=ADVANCED_FACE('',(#5161),#5154,.T.);
#5163=CARTESIAN_POINT('',(-3.305E0,4.35E0,-5.7E-1));
#5164=DIRECTION('',(1.E0,0.E0,0.E0));
#5165=DIRECTION('',(0.E0,0.E0,-1.E0));
#5166=AXIS2_PLACEMENT_3D('',#5163,#5164,#5165);
#5167=CYLINDRICAL_SURFACE('',#5166,2.E-1);
#5168=ORIENTED_EDGE('',*,*,#5068,.F.);
#5170=ORIENTED_EDGE('',*,*,#5169,.T.);
#5171=ORIENTED_EDGE('',*,*,#5101,.T.);
#5172=ORIENTED_EDGE('',*,*,#5156,.F.);
#5173=EDGE_LOOP('',(#5168,#5170,#5171,#5172));
#5174=FACE_OUTER_BOUND('',#5173,.F.);
#5175=ADVANCED_FACE('',(#5174),#5167,.T.);
#5176=CARTESIAN_POINT('',(-3.305E0,4.55E0,-8.1E-1));
#5177=DIRECTION('',(0.E0,1.E0,0.E0));
#5178=DIRECTION('',(0.E0,0.E0,1.E0));
#5179=AXIS2_PLACEMENT_3D('',#5176,#5177,#5178);
#5180=PLANE('',#5179);
#5181=ORIENTED_EDGE('',*,*,#5066,.F.);
#5183=ORIENTED_EDGE('',*,*,#5182,.T.);
#5184=ORIENTED_EDGE('',*,*,#5103,.T.);
#5185=ORIENTED_EDGE('',*,*,#5169,.F.);
#5186=EDGE_LOOP('',(#5181,#5183,#5184,#5185));
#5187=FACE_OUTER_BOUND('',#5186,.F.);
#5188=ADVANCED_FACE('',(#5187),#5180,.T.);
#5189=CARTESIAN_POINT('',(-3.305E0,4.35E0,-8.1E-1));
#5190=DIRECTION('',(1.E0,0.E0,0.E0));
#5191=DIRECTION('',(0.E0,0.E0,-1.E0));
#5192=AXIS2_PLACEMENT_3D('',#5189,#5190,#5191);
#5193=CYLINDRICAL_SURFACE('',#5192,2.E-1);
#5194=ORIENTED_EDGE('',*,*,#5064,.F.);
#5196=ORIENTED_EDGE('',*,*,#5195,.T.);
#5197=ORIENTED_EDGE('',*,*,#5105,.T.);
#5198=ORIENTED_EDGE('',*,*,#5182,.F.);
#5199=EDGE_LOOP('',(#5194,#5196,#5197,#5198));
#5200=FACE_OUTER_BOUND('',#5199,.F.);
#5201=ADVANCED_FACE('',(#5200),#5193,.T.);
#5202=CARTESIAN_POINT('',(-3.305E0,2.65E0,-1.01E0));
#5203=DIRECTION('',(0.E0,0.E0,-1.E0));
#5204=DIRECTION('',(0.E0,1.E0,0.E0));
#5205=AXIS2_PLACEMENT_3D('',#5202,#5203,#5204);
#5206=PLANE('',#5205);
#5207=ORIENTED_EDGE('',*,*,#5062,.F.);
#5209=ORIENTED_EDGE('',*,*,#5208,.T.);
#5210=ORIENTED_EDGE('',*,*,#5107,.T.);
#5211=ORIENTED_EDGE('',*,*,#5195,.F.);
#5212=EDGE_LOOP('',(#5207,#5209,#5210,#5211));
#5213=FACE_OUTER_BOUND('',#5212,.F.);
#5214=ADVANCED_FACE('',(#5213),#5206,.T.);
#5215=CARTESIAN_POINT('',(-3.305E0,5.389296735822E-1,-5.950591490508E-1));
#5216=DIRECTION('',(0.E0,-1.928644905481E-1,-9.812254013659E-1));
#5217=DIRECTION('',(0.E0,9.812254013659E-1,-1.928644905481E-1));
#5218=AXIS2_PLACEMENT_3D('',#5215,#5216,#5217);
#5219=PLANE('',#5218);
#5220=ORIENTED_EDGE('',*,*,#5060,.F.);
#5222=ORIENTED_EDGE('',*,*,#5221,.T.);
#5223=ORIENTED_EDGE('',*,*,#5109,.T.);
#5224=ORIENTED_EDGE('',*,*,#5208,.F.);
#5225=EDGE_LOOP('',(#5220,#5222,#5223,#5224));
#5226=FACE_OUTER_BOUND('',#5225,.F.);
#5227=ADVANCED_FACE('',(#5226),#5219,.T.);
#5228=CARTESIAN_POINT('',(-3.305E0,5.1E-1,-7.422429592557E-1));
#5229=DIRECTION('',(1.E0,0.E0,0.E0));
#5230=DIRECTION('',(0.E0,0.E0,-1.E0));
#5231=AXIS2_PLACEMENT_3D('',#5228,#5229,#5230);
#5232=CYLINDRICAL_SURFACE('',#5231,1.5E-1);
#5233=ORIENTED_EDGE('',*,*,#5058,.F.);
#5235=ORIENTED_EDGE('',*,*,#5234,.T.);
#5236=ORIENTED_EDGE('',*,*,#5111,.T.);
#5237=ORIENTED_EDGE('',*,*,#5221,.F.);
#5238=EDGE_LOOP('',(#5233,#5235,#5236,#5237));
#5239=FACE_OUTER_BOUND('',#5238,.F.);
#5240=ADVANCED_FACE('',(#5239),#5232,.F.);
#5241=CARTESIAN_POINT('',(-3.305E0,3.6E-1,-7.5E-1));
#5242=DIRECTION('',(0.E0,1.E0,0.E0));
#5243=DIRECTION('',(0.E0,0.E0,1.E0));
#5244=AXIS2_PLACEMENT_3D('',#5241,#5242,#5243);
#5245=PLANE('',#5244);
#5246=ORIENTED_EDGE('',*,*,#5056,.F.);
#5248=ORIENTED_EDGE('',*,*,#5247,.T.);
#5249=ORIENTED_EDGE('',*,*,#5113,.T.);
#5250=ORIENTED_EDGE('',*,*,#5234,.F.);
#5251=EDGE_LOOP('',(#5246,#5248,#5249,#5250));
#5252=FACE_OUTER_BOUND('',#5251,.F.);
#5253=ADVANCED_FACE('',(#5252),#5245,.T.);
#5254=CARTESIAN_POINT('',(-3.305E0,-3.6E-1,-7.5E-1));
#5255=DIRECTION('',(0.E0,0.E0,-1.E0));
#5256=DIRECTION('',(0.E0,1.E0,0.E0));
#5257=AXIS2_PLACEMENT_3D('',#5254,#5255,#5256);
#5258=PLANE('',#5257);
#5259=ORIENTED_EDGE('',*,*,#5054,.F.);
#5261=ORIENTED_EDGE('',*,*,#5260,.T.);
#5262=ORIENTED_EDGE('',*,*,#5115,.T.);
#5263=ORIENTED_EDGE('',*,*,#5247,.F.);
#5264=EDGE_LOOP('',(#5259,#5261,#5262,#5263));
#5265=FACE_OUTER_BOUND('',#5264,.F.);
#5266=ADVANCED_FACE('',(#5265),#5258,.T.);
#5267=CARTESIAN_POINT('',(-3.305E0,-3.6E-1,-7.422429592557E-1));
#5268=DIRECTION('',(0.E0,-1.E0,0.E0));
#5269=DIRECTION('',(0.E0,0.E0,-1.E0));
#5270=AXIS2_PLACEMENT_3D('',#5267,#5268,#5269);
#5271=PLANE('',#5270);
#5272=ORIENTED_EDGE('',*,*,#5052,.F.);
#5274=ORIENTED_EDGE('',*,*,#5273,.T.);
#5275=ORIENTED_EDGE('',*,*,#5117,.T.);
#5276=ORIENTED_EDGE('',*,*,#5260,.F.);
#5277=EDGE_LOOP('',(#5272,#5274,#5275,#5276));
#5278=FACE_OUTER_BOUND('',#5277,.F.);
#5279=ADVANCED_FACE('',(#5278),#5271,.T.);
#5280=CARTESIAN_POINT('',(-3.305E0,-5.1E-1,-7.422429592557E-1));
#5281=DIRECTION('',(1.E0,0.E0,0.E0));
#5282=DIRECTION('',(0.E0,0.E0,-1.E0));
#5283=AXIS2_PLACEMENT_3D('',#5280,#5281,#5282);
#5284=CYLINDRICAL_SURFACE('',#5283,1.5E-1);
#5285=ORIENTED_EDGE('',*,*,#5050,.F.);
#5287=ORIENTED_EDGE('',*,*,#5286,.T.);
#5288=ORIENTED_EDGE('',*,*,#5119,.T.);
#5289=ORIENTED_EDGE('',*,*,#5273,.F.);
#5290=EDGE_LOOP('',(#5285,#5287,#5288,#5289));
#5291=FACE_OUTER_BOUND('',#5290,.F.);
#5292=ADVANCED_FACE('',(#5291),#5284,.F.);
#5293=CARTESIAN_POINT('',(-3.305E0,-2.65E0,-1.01E0));
#5294=DIRECTION('',(0.E0,1.928644905481E-1,-9.812254013659E-1));
#5295=DIRECTION('',(0.E0,9.812254013659E-1,1.928644905481E-1));
#5296=AXIS2_PLACEMENT_3D('',#5293,#5294,#5295);
#5297=PLANE('',#5296);
#5298=ORIENTED_EDGE('',*,*,#5048,.F.);
#5300=ORIENTED_EDGE('',*,*,#5299,.T.);
#5301=ORIENTED_EDGE('',*,*,#5121,.T.);
#5302=ORIENTED_EDGE('',*,*,#5286,.F.);
#5303=EDGE_LOOP('',(#5298,#5300,#5301,#5302));
#5304=FACE_OUTER_BOUND('',#5303,.F.);
#5305=ADVANCED_FACE('',(#5304),#5297,.T.);
#5306=CARTESIAN_POINT('',(-3.305E0,-4.35E0,-1.01E0));
#5307=DIRECTION('',(0.E0,0.E0,-1.E0));
#5308=DIRECTION('',(0.E0,1.E0,0.E0));
#5309=AXIS2_PLACEMENT_3D('',#5306,#5307,#5308);
#5310=PLANE('',#5309);
#5311=ORIENTED_EDGE('',*,*,#5046,.F.);
#5313=ORIENTED_EDGE('',*,*,#5312,.T.);
#5314=ORIENTED_EDGE('',*,*,#5123,.T.);
#5315=ORIENTED_EDGE('',*,*,#5299,.F.);
#5316=EDGE_LOOP('',(#5311,#5313,#5314,#5315));
#5317=FACE_OUTER_BOUND('',#5316,.F.);
#5318=ADVANCED_FACE('',(#5317),#5310,.T.);
#5319=CARTESIAN_POINT('',(-3.305E0,-4.35E0,-8.1E-1));
#5320=DIRECTION('',(1.E0,0.E0,0.E0));
#5321=DIRECTION('',(0.E0,0.E0,-1.E0));
#5322=AXIS2_PLACEMENT_3D('',#5319,#5320,#5321);
#5323=CYLINDRICAL_SURFACE('',#5322,2.E-1);
#5324=ORIENTED_EDGE('',*,*,#5044,.F.);
#5326=ORIENTED_EDGE('',*,*,#5325,.T.);
#5327=ORIENTED_EDGE('',*,*,#5125,.T.);
#5328=ORIENTED_EDGE('',*,*,#5312,.F.);
#5329=EDGE_LOOP('',(#5324,#5326,#5327,#5328));
#5330=FACE_OUTER_BOUND('',#5329,.F.);
#5331=ADVANCED_FACE('',(#5330),#5323,.T.);
#5332=CARTESIAN_POINT('',(-3.305E0,-4.55E0,-5.7E-1));
#5333=DIRECTION('',(0.E0,-1.E0,0.E0));
#5334=DIRECTION('',(0.E0,0.E0,-1.E0));
#5335=AXIS2_PLACEMENT_3D('',#5332,#5333,#5334);
#5336=PLANE('',#5335);
#5337=ORIENTED_EDGE('',*,*,#5042,.F.);
#5339=ORIENTED_EDGE('',*,*,#5338,.T.);
#5340=ORIENTED_EDGE('',*,*,#5127,.T.);
#5341=ORIENTED_EDGE('',*,*,#5325,.F.);
#5342=EDGE_LOOP('',(#5337,#5339,#5340,#5341));
#5343=FACE_OUTER_BOUND('',#5342,.F.);
#5344=ADVANCED_FACE('',(#5343),#5336,.T.);
#5345=CARTESIAN_POINT('',(-3.305E0,-4.35E0,-5.7E-1));
#5346=DIRECTION('',(1.E0,0.E0,0.E0));
#5347=DIRECTION('',(0.E0,0.E0,-1.E0));
#5348=AXIS2_PLACEMENT_3D('',#5345,#5346,#5347);
#5349=CYLINDRICAL_SURFACE('',#5348,2.E-1);
#5350=ORIENTED_EDGE('',*,*,#5040,.F.);
#5352=ORIENTED_EDGE('',*,*,#5351,.T.);
#5353=ORIENTED_EDGE('',*,*,#5129,.T.);
#5354=ORIENTED_EDGE('',*,*,#5338,.F.);
#5355=EDGE_LOOP('',(#5350,#5352,#5353,#5354));
#5356=FACE_OUTER_BOUND('',#5355,.F.);
#5357=ADVANCED_FACE('',(#5356),#5349,.T.);
#5358=CARTESIAN_POINT('',(-3.305E0,-2.72E0,-3.7E-1));
#5359=DIRECTION('',(0.E0,0.E0,1.E0));
#5360=DIRECTION('',(0.E0,-1.E0,0.E0));
#5361=AXIS2_PLACEMENT_3D('',#5358,#5359,#5360);
#5362=PLANE('',#5361);
#5363=ORIENTED_EDGE('',*,*,#5038,.F.);
#5364=ORIENTED_EDGE('',*,*,#5085,.T.);
#5365=ORIENTED_EDGE('',*,*,#5131,.T.);
#5366=ORIENTED_EDGE('',*,*,#5351,.F.);
#5367=EDGE_LOOP('',(#5363,#5364,#5365,#5366));
#5368=FACE_OUTER_BOUND('',#5367,.F.);
#5369=ADVANCED_FACE('',(#5368),#5362,.T.);
#5370=CARTESIAN_POINT('',(3.305E0,0.E0,0.E0));
#5371=DIRECTION('',(1.E0,0.E0,0.E0));
#5372=DIRECTION('',(0.E0,0.E0,-1.E0));
#5373=AXIS2_PLACEMENT_3D('',#5370,#5371,#5372);
#5374=PLANE('',#5373);
#5376=ORIENTED_EDGE('',*,*,#5375,.F.);
#5378=ORIENTED_EDGE('',*,*,#5377,.F.);
#5380=ORIENTED_EDGE('',*,*,#5379,.F.);
#5382=ORIENTED_EDGE('',*,*,#5381,.F.);
#5384=ORIENTED_EDGE('',*,*,#5383,.F.);
#5386=ORIENTED_EDGE('',*,*,#5385,.F.);
#5388=ORIENTED_EDGE('',*,*,#5387,.F.);
#5390=ORIENTED_EDGE('',*,*,#5389,.F.);
#5392=ORIENTED_EDGE('',*,*,#5391,.F.);
#5394=ORIENTED_EDGE('',*,*,#5393,.F.);
#5396=ORIENTED_EDGE('',*,*,#5395,.F.);
#5398=ORIENTED_EDGE('',*,*,#5397,.F.);
#5400=ORIENTED_EDGE('',*,*,#5399,.F.);
#5402=ORIENTED_EDGE('',*,*,#5401,.F.);
#5404=ORIENTED_EDGE('',*,*,#5403,.F.);
#5406=ORIENTED_EDGE('',*,*,#5405,.F.);
#5408=ORIENTED_EDGE('',*,*,#5407,.F.);
#5410=ORIENTED_EDGE('',*,*,#5409,.F.);
#5412=ORIENTED_EDGE('',*,*,#5411,.F.);
#5413=ORIENTED_EDGE('',*,*,#2867,.T.);
#5414=EDGE_LOOP('',(#5376,#5378,#5380,#5382,#5384,#5386,#5388,#5390,#5392,#5394,
#5396,#5398,#5400,#5402,#5404,#5406,#5408,#5410,#5412,#5413));
#5415=FACE_OUTER_BOUND('',#5414,.F.);
#5416=ADVANCED_FACE('',(#5415),#5374,.T.);
#5417=CARTESIAN_POINT('',(3.305E0,2.72E0,-3.7E-1));
#5418=DIRECTION('',(0.E0,-2.756373558170E-1,-9.612616959383E-1));
#5419=DIRECTION('',(0.E0,-9.612616959383E-1,2.756373558170E-1));
#5420=AXIS2_PLACEMENT_3D('',#5417,#5418,#5419);
#5421=PLANE('',#5420);
#5422=ORIENTED_EDGE('',*,*,#5375,.T.);
#5423=ORIENTED_EDGE('',*,*,#2873,.T.);
#5425=ORIENTED_EDGE('',*,*,#5424,.F.);
#5427=ORIENTED_EDGE('',*,*,#5426,.F.);
#5428=EDGE_LOOP('',(#5422,#5423,#5425,#5427));
#5429=FACE_OUTER_BOUND('',#5428,.F.);
#5430=ADVANCED_FACE('',(#5429),#5421,.F.);
#5431=CARTESIAN_POINT('',(2.805E0,0.E0,0.E0));
#5432=DIRECTION('',(1.E0,0.E0,0.E0));
#5433=DIRECTION('',(0.E0,0.E0,-1.E0));
#5434=AXIS2_PLACEMENT_3D('',#5431,#5432,#5433);
#5435=PLANE('',#5434);
#5436=ORIENTED_EDGE('',*,*,#5424,.T.);
#5437=ORIENTED_EDGE('',*,*,#2871,.F.);
#5439=ORIENTED_EDGE('',*,*,#5438,.T.);
#5441=ORIENTED_EDGE('',*,*,#5440,.T.);
#5443=ORIENTED_EDGE('',*,*,#5442,.T.);
#5445=ORIENTED_EDGE('',*,*,#5444,.T.);
#5447=ORIENTED_EDGE('',*,*,#5446,.T.);
#5449=ORIENTED_EDGE('',*,*,#5448,.T.);
#5451=ORIENTED_EDGE('',*,*,#5450,.T.);
#5453=ORIENTED_EDGE('',*,*,#5452,.T.);
#5455=ORIENTED_EDGE('',*,*,#5454,.T.);
#5457=ORIENTED_EDGE('',*,*,#5456,.T.);
#5459=ORIENTED_EDGE('',*,*,#5458,.T.);
#5461=ORIENTED_EDGE('',*,*,#5460,.T.);
#5463=ORIENTED_EDGE('',*,*,#5462,.T.);
#5465=ORIENTED_EDGE('',*,*,#5464,.T.);
#5467=ORIENTED_EDGE('',*,*,#5466,.T.);
#5469=ORIENTED_EDGE('',*,*,#5468,.T.);
#5471=ORIENTED_EDGE('',*,*,#5470,.T.);
#5473=ORIENTED_EDGE('',*,*,#5472,.T.);
#5474=EDGE_LOOP('',(#5436,#5437,#5439,#5441,#5443,#5445,#5447,#5449,#5451,#5453,
#5455,#5457,#5459,#5461,#5463,#5465,#5467,#5469,#5471,#5473));
#5475=FACE_OUTER_BOUND('',#5474,.F.);
#5476=ADVANCED_FACE('',(#5475),#5435,.F.);
#5477=CARTESIAN_POINT('',(3.305E0,-9.8E-1,1.289369712203E-1));
#5478=DIRECTION('',(0.E0,2.756373558170E-1,-9.612616959383E-1));
#5479=DIRECTION('',(0.E0,-9.612616959383E-1,-2.756373558170E-1));
#5480=AXIS2_PLACEMENT_3D('',#5477,#5478,#5479);
#5481=PLANE('',#5480);
#5482=ORIENTED_EDGE('',*,*,#5411,.T.);
#5484=ORIENTED_EDGE('',*,*,#5483,.T.);
#5485=ORIENTED_EDGE('',*,*,#5438,.F.);
#5486=ORIENTED_EDGE('',*,*,#2869,.F.);
#5487=EDGE_LOOP('',(#5482,#5484,#5485,#5486));
#5488=FACE_OUTER_BOUND('',#5487,.F.);
#5489=ADVANCED_FACE('',(#5488),#5481,.F.);
#5490=CARTESIAN_POINT('',(3.305E0,-2.72E0,-3.7E-1));
#5491=DIRECTION('',(0.E0,0.E0,-1.E0));
#5492=DIRECTION('',(0.E0,-1.E0,0.E0));
#5493=AXIS2_PLACEMENT_3D('',#5490,#5491,#5492);
#5494=PLANE('',#5493);
#5495=ORIENTED_EDGE('',*,*,#5409,.T.);
#5497=ORIENTED_EDGE('',*,*,#5496,.T.);
#5498=ORIENTED_EDGE('',*,*,#5440,.F.);
#5499=ORIENTED_EDGE('',*,*,#5483,.F.);
#5500=EDGE_LOOP('',(#5495,#5497,#5498,#5499));
#5501=FACE_OUTER_BOUND('',#5500,.F.);
#5502=ADVANCED_FACE('',(#5501),#5494,.F.);
#5503=CARTESIAN_POINT('',(3.305E0,-4.35E0,-5.7E-1));
#5504=DIRECTION('',(1.E0,0.E0,0.E0));
#5505=DIRECTION('',(0.E0,0.E0,-1.E0));
#5506=AXIS2_PLACEMENT_3D('',#5503,#5504,#5505);
#5507=CYLINDRICAL_SURFACE('',#5506,2.E-1);
#5508=ORIENTED_EDGE('',*,*,#5407,.T.);
#5510=ORIENTED_EDGE('',*,*,#5509,.T.);
#5511=ORIENTED_EDGE('',*,*,#5442,.F.);
#5512=ORIENTED_EDGE('',*,*,#5496,.F.);
#5513=EDGE_LOOP('',(#5508,#5510,#5511,#5512));
#5514=FACE_OUTER_BOUND('',#5513,.F.);
#5515=ADVANCED_FACE('',(#5514),#5507,.T.);
#5516=CARTESIAN_POINT('',(3.305E0,-4.55E0,-5.7E-1));
#5517=DIRECTION('',(0.E0,1.E0,0.E0));
#5518=DIRECTION('',(0.E0,0.E0,-1.E0));
#5519=AXIS2_PLACEMENT_3D('',#5516,#5517,#5518);
#5520=PLANE('',#5519);
#5521=ORIENTED_EDGE('',*,*,#5405,.T.);
#5523=ORIENTED_EDGE('',*,*,#5522,.T.);
#5524=ORIENTED_EDGE('',*,*,#5444,.F.);
#5525=ORIENTED_EDGE('',*,*,#5509,.F.);
#5526=EDGE_LOOP('',(#5521,#5523,#5524,#5525));
#5527=FACE_OUTER_BOUND('',#5526,.F.);
#5528=ADVANCED_FACE('',(#5527),#5520,.F.);
#5529=CARTESIAN_POINT('',(3.305E0,-4.35E0,-8.1E-1));
#5530=DIRECTION('',(1.E0,0.E0,0.E0));
#5531=DIRECTION('',(0.E0,0.E0,-1.E0));
#5532=AXIS2_PLACEMENT_3D('',#5529,#5530,#5531);
#5533=CYLINDRICAL_SURFACE('',#5532,2.E-1);
#5534=ORIENTED_EDGE('',*,*,#5403,.T.);
#5536=ORIENTED_EDGE('',*,*,#5535,.T.);
#5537=ORIENTED_EDGE('',*,*,#5446,.F.);
#5538=ORIENTED_EDGE('',*,*,#5522,.F.);
#5539=EDGE_LOOP('',(#5534,#5536,#5537,#5538));
#5540=FACE_OUTER_BOUND('',#5539,.F.);
#5541=ADVANCED_FACE('',(#5540),#5533,.T.);
#5542=CARTESIAN_POINT('',(3.305E0,-4.35E0,-1.01E0));
#5543=DIRECTION('',(0.E0,0.E0,1.E0));
#5544=DIRECTION('',(0.E0,1.E0,0.E0));
#5545=AXIS2_PLACEMENT_3D('',#5542,#5543,#5544);
#5546=PLANE('',#5545);
#5547=ORIENTED_EDGE('',*,*,#5401,.T.);
#5549=ORIENTED_EDGE('',*,*,#5548,.T.);
#5550=ORIENTED_EDGE('',*,*,#5448,.F.);
#5551=ORIENTED_EDGE('',*,*,#5535,.F.);
#5552=EDGE_LOOP('',(#5547,#5549,#5550,#5551));
#5553=FACE_OUTER_BOUND('',#5552,.F.);
#5554=ADVANCED_FACE('',(#5553),#5546,.F.);
#5555=CARTESIAN_POINT('',(3.305E0,-2.65E0,-1.01E0));
#5556=DIRECTION('',(0.E0,-1.928644905481E-1,9.812254013659E-1));
#5557=DIRECTION('',(0.E0,9.812254013659E-1,1.928644905481E-1));
#5558=AXIS2_PLACEMENT_3D('',#5555,#5556,#5557);
#5559=PLANE('',#5558);
#5560=ORIENTED_EDGE('',*,*,#5399,.T.);
#5562=ORIENTED_EDGE('',*,*,#5561,.T.);
#5563=ORIENTED_EDGE('',*,*,#5450,.F.);
#5564=ORIENTED_EDGE('',*,*,#5548,.F.);
#5565=EDGE_LOOP('',(#5560,#5562,#5563,#5564));
#5566=FACE_OUTER_BOUND('',#5565,.F.);
#5567=ADVANCED_FACE('',(#5566),#5559,.F.);
#5568=CARTESIAN_POINT('',(3.305E0,-5.1E-1,-7.422429592557E-1));
#5569=DIRECTION('',(1.E0,0.E0,0.E0));
#5570=DIRECTION('',(0.E0,0.E0,-1.E0));
#5571=AXIS2_PLACEMENT_3D('',#5568,#5569,#5570);
#5572=CYLINDRICAL_SURFACE('',#5571,1.5E-1);
#5573=ORIENTED_EDGE('',*,*,#5397,.T.);
#5575=ORIENTED_EDGE('',*,*,#5574,.T.);
#5576=ORIENTED_EDGE('',*,*,#5452,.F.);
#5577=ORIENTED_EDGE('',*,*,#5561,.F.);
#5578=EDGE_LOOP('',(#5573,#5575,#5576,#5577));
#5579=FACE_OUTER_BOUND('',#5578,.F.);
#5580=ADVANCED_FACE('',(#5579),#5572,.F.);
#5581=CARTESIAN_POINT('',(3.305E0,-3.6E-1,-7.422429592557E-1));
#5582=DIRECTION('',(0.E0,1.E0,0.E0));
#5583=DIRECTION('',(0.E0,0.E0,-1.E0));
#5584=AXIS2_PLACEMENT_3D('',#5581,#5582,#5583);
#5585=PLANE('',#5584);
#5586=ORIENTED_EDGE('',*,*,#5395,.T.);
#5588=ORIENTED_EDGE('',*,*,#5587,.T.);
#5589=ORIENTED_EDGE('',*,*,#5454,.F.);
#5590=ORIENTED_EDGE('',*,*,#5574,.F.);
#5591=EDGE_LOOP('',(#5586,#5588,#5589,#5590));
#5592=FACE_OUTER_BOUND('',#5591,.F.);
#5593=ADVANCED_FACE('',(#5592),#5585,.F.);
#5594=CARTESIAN_POINT('',(3.305E0,-3.6E-1,-7.5E-1));
#5595=DIRECTION('',(0.E0,0.E0,1.E0));
#5596=DIRECTION('',(0.E0,1.E0,0.E0));
#5597=AXIS2_PLACEMENT_3D('',#5594,#5595,#5596);
#5598=PLANE('',#5597);
#5599=ORIENTED_EDGE('',*,*,#5393,.T.);
#5601=ORIENTED_EDGE('',*,*,#5600,.T.);
#5602=ORIENTED_EDGE('',*,*,#5456,.F.);
#5603=ORIENTED_EDGE('',*,*,#5587,.F.);
#5604=EDGE_LOOP('',(#5599,#5601,#5602,#5603));
#5605=FACE_OUTER_BOUND('',#5604,.F.);
#5606=ADVANCED_FACE('',(#5605),#5598,.F.);
#5607=CARTESIAN_POINT('',(3.305E0,3.6E-1,-7.5E-1));
#5608=DIRECTION('',(0.E0,-1.E0,0.E0));
#5609=DIRECTION('',(0.E0,0.E0,1.E0));
#5610=AXIS2_PLACEMENT_3D('',#5607,#5608,#5609);
#5611=PLANE('',#5610);
#5612=ORIENTED_EDGE('',*,*,#5391,.T.);
#5614=ORIENTED_EDGE('',*,*,#5613,.T.);
#5615=ORIENTED_EDGE('',*,*,#5458,.F.);
#5616=ORIENTED_EDGE('',*,*,#5600,.F.);
#5617=EDGE_LOOP('',(#5612,#5614,#5615,#5616));
#5618=FACE_OUTER_BOUND('',#5617,.F.);
#5619=ADVANCED_FACE('',(#5618),#5611,.F.);
#5620=CARTESIAN_POINT('',(3.305E0,5.1E-1,-7.422429592557E-1));
#5621=DIRECTION('',(1.E0,0.E0,0.E0));
#5622=DIRECTION('',(0.E0,0.E0,-1.E0));
#5623=AXIS2_PLACEMENT_3D('',#5620,#5621,#5622);
#5624=CYLINDRICAL_SURFACE('',#5623,1.5E-1);
#5625=ORIENTED_EDGE('',*,*,#5389,.T.);
#5627=ORIENTED_EDGE('',*,*,#5626,.T.);
#5628=ORIENTED_EDGE('',*,*,#5460,.F.);
#5629=ORIENTED_EDGE('',*,*,#5613,.F.);
#5630=EDGE_LOOP('',(#5625,#5627,#5628,#5629));
#5631=FACE_OUTER_BOUND('',#5630,.F.);
#5632=ADVANCED_FACE('',(#5631),#5624,.F.);
#5633=CARTESIAN_POINT('',(3.305E0,5.389296735822E-1,-5.950591490508E-1));
#5634=DIRECTION('',(0.E0,1.928644905481E-1,9.812254013659E-1));
#5635=DIRECTION('',(0.E0,9.812254013659E-1,-1.928644905481E-1));
#5636=AXIS2_PLACEMENT_3D('',#5633,#5634,#5635);
#5637=PLANE('',#5636);
#5638=ORIENTED_EDGE('',*,*,#5387,.T.);
#5640=ORIENTED_EDGE('',*,*,#5639,.T.);
#5641=ORIENTED_EDGE('',*,*,#5462,.F.);
#5642=ORIENTED_EDGE('',*,*,#5626,.F.);
#5643=EDGE_LOOP('',(#5638,#5640,#5641,#5642));
#5644=FACE_OUTER_BOUND('',#5643,.F.);
#5645=ADVANCED_FACE('',(#5644),#5637,.F.);
#5646=CARTESIAN_POINT('',(3.305E0,2.65E0,-1.01E0));
#5647=DIRECTION('',(0.E0,0.E0,1.E0));
#5648=DIRECTION('',(0.E0,1.E0,0.E0));
#5649=AXIS2_PLACEMENT_3D('',#5646,#5647,#5648);
#5650=PLANE('',#5649);
#5651=ORIENTED_EDGE('',*,*,#5385,.T.);
#5653=ORIENTED_EDGE('',*,*,#5652,.T.);
#5654=ORIENTED_EDGE('',*,*,#5464,.F.);
#5655=ORIENTED_EDGE('',*,*,#5639,.F.);
#5656=EDGE_LOOP('',(#5651,#5653,#5654,#5655));
#5657=FACE_OUTER_BOUND('',#5656,.F.);
#5658=ADVANCED_FACE('',(#5657),#5650,.F.);
#5659=CARTESIAN_POINT('',(3.305E0,4.35E0,-8.1E-1));
#5660=DIRECTION('',(1.E0,0.E0,0.E0));
#5661=DIRECTION('',(0.E0,0.E0,-1.E0));
#5662=AXIS2_PLACEMENT_3D('',#5659,#5660,#5661);
#5663=CYLINDRICAL_SURFACE('',#5662,2.E-1);
#5664=ORIENTED_EDGE('',*,*,#5383,.T.);
#5666=ORIENTED_EDGE('',*,*,#5665,.T.);
#5667=ORIENTED_EDGE('',*,*,#5466,.F.);
#5668=ORIENTED_EDGE('',*,*,#5652,.F.);
#5669=EDGE_LOOP('',(#5664,#5666,#5667,#5668));
#5670=FACE_OUTER_BOUND('',#5669,.F.);
#5671=ADVANCED_FACE('',(#5670),#5663,.T.);
#5672=CARTESIAN_POINT('',(3.305E0,4.55E0,-8.1E-1));
#5673=DIRECTION('',(0.E0,-1.E0,0.E0));
#5674=DIRECTION('',(0.E0,0.E0,1.E0));
#5675=AXIS2_PLACEMENT_3D('',#5672,#5673,#5674);
#5676=PLANE('',#5675);
#5677=ORIENTED_EDGE('',*,*,#5381,.T.);
#5679=ORIENTED_EDGE('',*,*,#5678,.T.);
#5680=ORIENTED_EDGE('',*,*,#5468,.F.);
#5681=ORIENTED_EDGE('',*,*,#5665,.F.);
#5682=EDGE_LOOP('',(#5677,#5679,#5680,#5681));
#5683=FACE_OUTER_BOUND('',#5682,.F.);
#5684=ADVANCED_FACE('',(#5683),#5676,.F.);
#5685=CARTESIAN_POINT('',(3.305E0,4.35E0,-5.7E-1));
#5686=DIRECTION('',(1.E0,0.E0,0.E0));
#5687=DIRECTION('',(0.E0,0.E0,-1.E0));
#5688=AXIS2_PLACEMENT_3D('',#5685,#5686,#5687);
#5689=CYLINDRICAL_SURFACE('',#5688,2.E-1);
#5690=ORIENTED_EDGE('',*,*,#5379,.T.);
#5692=ORIENTED_EDGE('',*,*,#5691,.T.);
#5693=ORIENTED_EDGE('',*,*,#5470,.F.);
#5694=ORIENTED_EDGE('',*,*,#5678,.F.);
#5695=EDGE_LOOP('',(#5690,#5692,#5693,#5694));
#5696=FACE_OUTER_BOUND('',#5695,.F.);
#5697=ADVANCED_FACE('',(#5696),#5689,.T.);
#5698=CARTESIAN_POINT('',(3.305E0,4.35E0,-3.7E-1));
#5699=DIRECTION('',(0.E0,0.E0,-1.E0));
#5700=DIRECTION('',(0.E0,-1.E0,0.E0));
#5701=AXIS2_PLACEMENT_3D('',#5698,#5699,#5700);
#5702=PLANE('',#5701);
#5703=ORIENTED_EDGE('',*,*,#5377,.T.);
#5704=ORIENTED_EDGE('',*,*,#5426,.T.);
#5705=ORIENTED_EDGE('',*,*,#5472,.F.);
#5706=ORIENTED_EDGE('',*,*,#5691,.F.);
#5707=EDGE_LOOP('',(#5703,#5704,#5705,#5706));
#5708=FACE_OUTER_BOUND('',#5707,.F.);
#5709=ADVANCED_FACE('',(#5708),#5702,.F.);
#5710=CLOSED_SHELL('',(#2756,#2771,#2786,#2802,#2823,#2877,#2898,#2983,#2998,
#3013,#3027,#3041,#3056,#3069,#3091,#3142,#3158,#3173,#3187,#3237,#3253,#3268,
#3281,#3294,#3307,#3320,#3333,#3346,#3359,#3372,#3385,#3398,#3411,#3424,#3437,
#3450,#3463,#3476,#3489,#3502,#3515,#3527,#3542,#3557,#3570,#3625,#3645,#3659,
#3672,#3687,#3700,#3720,#3735,#3749,#3768,#3784,#3796,#3809,#3831,#3882,#3897,
#3912,#3926,#3976,#3991,#4006,#4019,#4032,#4045,#4058,#4071,#4084,#4097,#4110,
#4123,#4136,#4149,#4162,#4175,#4188,#4201,#4214,#4227,#4240,#4253,#4265,#4280,
#4295,#4307,#4321,#4335,#4347,#4359,#4374,#4389,#4401,#4415,#4429,#4441,#4453,
#4466,#4479,#4492,#4505,#4517,#4536,#4568,#4596,#4611,#4625,#4639,#4657,#4669,
#4688,#4701,#4714,#4729,#4742,#4756,#4770,#4784,#4797,#4810,#4822,#4834,#4846,
#4859,#4873,#4886,#4898,#4913,#4928,#4940,#4954,#4968,#4980,#4992,#5005,#5017,
#5029,#5076,#5090,#5136,#5149,#5162,#5175,#5188,#5201,#5214,#5227,#5240,#5253,
#5266,#5279,#5292,#5305,#5318,#5331,#5344,#5357,#5369,#5416,#5430,#5476,#5489,
#5502,#5515,#5528,#5541,#5554,#5567,#5580,#5593,#5606,#5619,#5632,#5645,#5658,
#5671,#5684,#5697,#5709));
#5711=MANIFOLD_SOLID_BREP('',#5710);
#5712=CARTESIAN_POINT('',(0.E0,0.E0,0.E0));
#5713=DIRECTION('',(0.E0,0.E0,1.E0));
#5714=DIRECTION('',(1.E0,0.E0,0.E0));
#5715=AXIS2_PLACEMENT_3D('PRT_CSYS_DEF',#5712,#5713,#5714);
#5716=DIRECTION('',(0.E0,-1.E0,0.E0));
#5717=VECTOR('',#5716,3.E0);
#5718=CARTESIAN_POINT('',(-6.3E-1,4.75E0,-7.2E-1));
#5719=LINE('',#5718,#5717);
#5722=DIRECTION('',(-1.E0,0.E0,0.E0));
#5723=VECTOR('',#5722,1.24E0);
#5724=CARTESIAN_POINT('',(-6.3E-1,1.75E0,-7.2E-1));
#5725=LINE('',#5724,#5723);
#5728=DIRECTION('',(0.E0,1.E0,0.E0));
#5729=VECTOR('',#5728,3.E0);
#5730=CARTESIAN_POINT('',(-1.87E0,1.75E0,-7.2E-1));
#5731=LINE('',#5730,#5729);
#5734=DIRECTION('',(1.E0,0.E0,0.E0));
#5735=VECTOR('',#5734,1.24E0);
#5736=CARTESIAN_POINT('',(-1.87E0,4.75E0,-7.2E-1));
#5737=LINE('',#5736,#5735);
#5742=DIRECTION('',(-1.E0,0.E0,0.E0));
#5743=VECTOR('',#5742,1.24E0);
#5744=CARTESIAN_POINT('',(-6.3E-1,-4.75E0,-7.2E-1));
#5745=LINE('',#5744,#5743);
#5748=DIRECTION('',(0.E0,1.E0,0.E0));
#5749=VECTOR('',#5748,3.E0);
#5750=CARTESIAN_POINT('',(-1.87E0,-4.75E0,-7.2E-1));
#5751=LINE('',#5750,#5749);
#5754=DIRECTION('',(1.E0,0.E0,0.E0));
#5755=VECTOR('',#5754,1.24E0);
#5756=CARTESIAN_POINT('',(-1.87E0,-1.75E0,-7.2E-1));
#5757=LINE('',#5756,#5755);
#5760=DIRECTION('',(0.E0,-1.E0,0.E0));
#5761=VECTOR('',#5760,3.E0);
#5762=CARTESIAN_POINT('',(-6.3E-1,-1.75E0,-7.2E-1));
#5763=LINE('',#5762,#5761);
#5767=DIRECTION('',(0.E0,-1.E0,0.E0));
#5768=VECTOR('',#5767,3.E0);
#5769=CARTESIAN_POINT('',(1.87E0,4.75E0,-7.2E-1));
#5770=LINE('',#5769,#5768);
#5773=DIRECTION('',(-1.E0,0.E0,0.E0));
#5774=VECTOR('',#5773,1.24E0);
#5775=CARTESIAN_POINT('',(1.87E0,1.75E0,-7.2E-1));
#5776=LINE('',#5775,#5774);
#5779=DIRECTION('',(0.E0,1.E0,0.E0));
#5780=VECTOR('',#5779,3.E0);
#5781=CARTESIAN_POINT('',(6.3E-1,1.75E0,-7.2E-1));
#5782=LINE('',#5781,#5780);
#5785=DIRECTION('',(1.E0,0.E0,0.E0));
#5786=VECTOR('',#5785,1.24E0);
#5787=CARTESIAN_POINT('',(6.3E-1,4.75E0,-7.2E-1));
#5788=LINE('',#5787,#5786);
#5792=DIRECTION('',(-1.E0,0.E0,0.E0));
#5793=VECTOR('',#5792,1.24E0);
#5794=CARTESIAN_POINT('',(1.87E0,-4.75E0,-7.2E-1));
#5795=LINE('',#5794,#5793);
#5798=DIRECTION('',(0.E0,1.E0,0.E0));
#5799=VECTOR('',#5798,3.E0);
#5800=CARTESIAN_POINT('',(6.3E-1,-4.75E0,-7.2E-1));
#5801=LINE('',#5800,#5799);
#5804=DIRECTION('',(1.E0,0.E0,0.E0));
#5805=VECTOR('',#5804,1.24E0);
#5806=CARTESIAN_POINT('',(6.3E-1,-1.75E0,-7.2E-1));
#5807=LINE('',#5806,#5805);
#5810=DIRECTION('',(0.E0,-1.E0,0.E0));
#5811=VECTOR('',#5810,3.E0);
#5812=CARTESIAN_POINT('',(1.87E0,-1.75E0,-7.2E-1));
#5813=LINE('',#5812,#5811);
#5817=DIRECTION('',(0.E0,-1.E0,0.E0));
#5818=VECTOR('',#5817,1.05E1);
#5819=CARTESIAN_POINT('',(-2.505E0,5.25E0,-7.5E-1));
#5820=LINE('',#5819,#5818);
#5823=DIRECTION('',(-1.E0,0.E0,0.E0));
#5824=VECTOR('',#5823,1.1E0);
#5825=CARTESIAN_POINT('',(-2.505E0,-5.25E0,-7.5E-1));
#5826=LINE('',#5825,#5824);
#5829=DIRECTION('',(0.E0,1.E0,0.E0));
#5830=VECTOR('',#5829,1.05E1);
#5831=CARTESIAN_POINT('',(-3.605E0,-5.25E0,-7.5E-1));
#5832=LINE('',#5831,#5830);
#5835=DIRECTION('',(1.E0,0.E0,0.E0));
#5836=VECTOR('',#5835,1.1E0);
#5837=CARTESIAN_POINT('',(-3.605E0,5.25E0,-7.5E-1));
#5838=LINE('',#5837,#5836);
#5842=DIRECTION('',(1.E0,0.E0,0.E0));
#5843=VECTOR('',#5842,1.1E0);
#5844=CARTESIAN_POINT('',(2.505E0,5.25E0,-7.5E-1));
#5845=LINE('',#5844,#5843);
#5848=DIRECTION('',(0.E0,-1.E0,0.E0));
#5849=VECTOR('',#5848,1.05E1);
#5850=CARTESIAN_POINT('',(3.605E0,5.25E0,-7.5E-1));
#5851=LINE('',#5850,#5849);
#5854=DIRECTION('',(-1.E0,0.E0,0.E0));
#5855=VECTOR('',#5854,1.1E0);
#5856=CARTESIAN_POINT('',(3.605E0,-5.25E0,-7.5E-1));
#5857=LINE('',#5856,#5855);
#5860=DIRECTION('',(0.E0,1.E0,0.E0));
#5861=VECTOR('',#5860,1.05E1);
#5862=CARTESIAN_POINT('',(2.505E0,-5.25E0,-7.5E-1));
#5863=LINE('',#5862,#5861);
#5868=DIMENSIONAL_EXPONENTS(0.E0,0.E0,0.E0,0.E0,0.E0,0.E0,0.E0);
#5870=PLANE_ANGLE_MEASURE_WITH_UNIT(PLANE_ANGLE_MEASURE(1.745329251994E-2),
#5869);
#5871=(CONVERSION_BASED_UNIT('DEGREE',#5870)NAMED_UNIT(*)PLANE_ANGLE_UNIT());
#5873=UNCERTAINTY_MEASURE_WITH_UNIT(LENGTH_MEASURE(1.798207802334E-3),#5867,
'closure',
'Maximum model space distance between geometric entities at asserted connectivities');
#5874=(GEOMETRIC_REPRESENTATION_CONTEXT(3)GLOBAL_UNCERTAINTY_ASSIGNED_CONTEXT((
#5873))GLOBAL_UNIT_ASSIGNED_CONTEXT((#5867,#5871,#5872))REPRESENTATION_CONTEXT(
'ID1','3'));
#5741=GEOMETRIC_SET('',(#5740,#5766,#5791,#5816,#5841,#5866));
#5878=SHAPE_REPRESENTATION_RELATIONSHIP('','',#5877,#5875);
#5879=SHAPE_REPRESENTATION_RELATIONSHIP('','',#5877,#5876);
#5880=APPLICATION_CONTEXT(
'CONFIGURATION CONTROLLED 3D DESIGNS OF MECHANICAL PARTS AND ASSEMBLIES');
#5881=APPLICATION_PROTOCOL_DEFINITION('international standard',
'config_control_design',1994,#5880);
#5882=DESIGN_CONTEXT('',#5880,'design');
#5883=MECHANICAL_CONTEXT('',#5880,'mechanical');
#5884=PRODUCT('1054291204','1054291204','NOT SPECIFIED',(#5883));
#5885=PRODUCT_DEFINITION_FORMATION_WITH_SPECIFIED_SOURCE('11','LAST_VERSION',
#5884,.MADE.);
#5889=PRODUCT_CATEGORY('part','');
#5890=PRODUCT_RELATED_PRODUCT_CATEGORY('detail','',(#5884));
#5891=PRODUCT_CATEGORY_RELATIONSHIP('','',#5889,#5890);
#5892=SECURITY_CLASSIFICATION_LEVEL('unclassified');
#5893=SECURITY_CLASSIFICATION('','',#5892);
#5894=CC_DESIGN_SECURITY_CLASSIFICATION(#5893,(#5885));
#5895=APPROVAL_STATUS('approved');
#5896=APPROVAL(#5895,'');
#5897=CC_DESIGN_APPROVAL(#5896,(#5893,#5885,#5886));
#5898=CALENDAR_DATE(119,29,1);
#5899=COORDINATED_UNIVERSAL_TIME_OFFSET(5,30,.AHEAD.);
#5900=LOCAL_TIME(14,37,5.9E1,#5899);
#5901=DATE_AND_TIME(#5898,#5900);
#5902=APPROVAL_DATE_TIME(#5901,#5896);
#5903=DATE_TIME_ROLE('creation_date');
#5904=CC_DESIGN_DATE_AND_TIME_ASSIGNMENT(#5901,#5903,(#5886));
#5905=DATE_TIME_ROLE('classification_date');
#5906=CC_DESIGN_DATE_AND_TIME_ASSIGNMENT(#5901,#5905,(#5893));
#5907=PERSON('UNSPECIFIED','UNSPECIFIED',$,$,$,$);
#5908=ORGANIZATION('UNSPECIFIED','UNSPECIFIED','UNSPECIFIED');
#5909=PERSON_AND_ORGANIZATION(#5907,#5908);
#5910=APPROVAL_ROLE('approver');
#5911=APPROVAL_PERSON_ORGANIZATION(#5909,#5896,#5910);
#5912=PERSON_AND_ORGANIZATION_ROLE('creator');
#5913=CC_DESIGN_PERSON_AND_ORGANIZATION_ASSIGNMENT(#5909,#5912,(#5885,#5886));
#5914=PERSON_AND_ORGANIZATION_ROLE('design_supplier');
#5915=CC_DESIGN_PERSON_AND_ORGANIZATION_ASSIGNMENT(#5909,#5914,(#5885));
#5916=PERSON_AND_ORGANIZATION_ROLE('classification_officer');
#5917=CC_DESIGN_PERSON_AND_ORGANIZATION_ASSIGNMENT(#5909,#5916,(#5893));
#5918=PERSON_AND_ORGANIZATION_ROLE('design_owner');
#5919=CC_DESIGN_PERSON_AND_ORGANIZATION_ASSIGNMENT(#5909,#5918,(#5884));
#361=CIRCLE('',#360,8.E-1);
#370=CIRCLE('',#369,2.E-1);
#379=CIRCLE('',#378,2.E-1);
#388=CIRCLE('',#387,8.E-1);
#393=CIRCLE('',#392,5.E-1);
#402=CIRCLE('',#401,1.5E-1);
#411=CIRCLE('',#410,1.5E-1);
#420=CIRCLE('',#419,5.E-1);
#425=CIRCLE('',#424,8.E-1);
#434=CIRCLE('',#433,2.E-1);
#443=CIRCLE('',#442,2.E-1);
#452=CIRCLE('',#451,8.E-1);
#481=CIRCLE('',#480,8.E-1);
#490=CIRCLE('',#489,2.E-1);
#499=CIRCLE('',#498,2.E-1);
#508=CIRCLE('',#507,8.E-1);
#513=CIRCLE('',#512,5.E-1);
#522=CIRCLE('',#521,1.5E-1);
#531=CIRCLE('',#530,1.5E-1);
#540=CIRCLE('',#539,5.E-1);
#545=CIRCLE('',#544,8.E-1);
#554=CIRCLE('',#553,2.E-1);
#563=CIRCLE('',#562,2.E-1);
#572=CIRCLE('',#571,8.E-1);
#897=CIRCLE('',#896,8.E-1);
#906=CIRCLE('',#905,2.E-1);
#915=CIRCLE('',#914,2.E-1);
#924=CIRCLE('',#923,8.E-1);
#929=CIRCLE('',#928,5.E-1);
#938=CIRCLE('',#937,1.5E-1);
#947=CIRCLE('',#946,1.5E-1);
#956=CIRCLE('',#955,5.E-1);
#961=CIRCLE('',#960,8.E-1);
#970=CIRCLE('',#969,2.E-1);
#979=CIRCLE('',#978,2.E-1);
#988=CIRCLE('',#987,8.E-1);
#1017=CIRCLE('',#1016,8.E-1);
#1026=CIRCLE('',#1025,2.E-1);
#1035=CIRCLE('',#1034,2.E-1);
#1044=CIRCLE('',#1043,8.E-1);
#1049=CIRCLE('',#1048,5.E-1);
#1058=CIRCLE('',#1057,1.5E-1);
#1067=CIRCLE('',#1066,1.5E-1);
#1076=CIRCLE('',#1075,5.E-1);
#1081=CIRCLE('',#1080,8.E-1);
#1090=CIRCLE('',#1089,2.E-1);
#1099=CIRCLE('',#1098,2.E-1);
#1108=CIRCLE('',#1107,8.E-1);
#1617=CIRCLE('',#1616,2.E-1);
#1626=CIRCLE('',#1625,2.E-1);
#1639=CIRCLE('',#1638,1.5E-1);
#1656=CIRCLE('',#1655,1.5E-1);
#1669=CIRCLE('',#1668,2.E-1);
#1678=CIRCLE('',#1677,2.E-1);
#1699=CIRCLE('',#1698,2.E-1);
#1708=CIRCLE('',#1707,2.E-1);
#1721=CIRCLE('',#1720,1.5E-1);
#1738=CIRCLE('',#1737,1.5E-1);
#1751=CIRCLE('',#1750,2.E-1);
#1760=CIRCLE('',#1759,2.E-1);
#1853=CIRCLE('',#1852,2.E-1);
#1862=CIRCLE('',#1861,2.E-1);
#1875=CIRCLE('',#1874,1.5E-1);
#1892=CIRCLE('',#1891,1.5E-1);
#1905=CIRCLE('',#1904,2.E-1);
#1914=CIRCLE('',#1913,2.E-1);
#1943=CIRCLE('',#1942,2.E-1);
#1952=CIRCLE('',#1951,2.E-1);
#1965=CIRCLE('',#1964,1.5E-1);
#1982=CIRCLE('',#1981,1.5E-1);
#1995=CIRCLE('',#1994,2.E-1);
#2004=CIRCLE('',#2003,2.E-1);
#2738=EDGE_CURVE('',#2258,#2262,#4,.T.);
#2740=EDGE_CURVE('',#2264,#2258,#8,.T.);
#2742=EDGE_CURVE('',#2264,#2268,#12,.T.);
#2744=EDGE_CURVE('',#2268,#2260,#16,.T.);
#2746=EDGE_CURVE('',#2266,#2260,#20,.T.);
#2748=EDGE_CURVE('',#2266,#2079,#24,.T.);
#2750=EDGE_CURVE('',#2079,#2080,#28,.T.);
#2752=EDGE_CURVE('',#2080,#2262,#32,.T.);
#2762=EDGE_CURVE('',#2247,#2248,#40,.T.);
#2764=EDGE_CURVE('',#2258,#2247,#36,.T.);
#2767=EDGE_CURVE('',#2262,#2248,#60,.T.);
#2778=EDGE_CURVE('',#2272,#2248,#56,.T.);
#2780=EDGE_CURVE('',#2272,#2250,#240,.T.);
#2782=EDGE_CURVE('',#2250,#2247,#44,.T.);
#2792=EDGE_CURVE('',#2253,#2254,#48,.T.);
#2794=EDGE_CURVE('',#2254,#2256,#52,.T.);
#2796=EDGE_CURVE('',#2256,#2270,#228,.T.);
#2798=EDGE_CURVE('',#2270,#2253,#144,.T.);
#2811=EDGE_CURVE('',#2080,#2084,#64,.T.);
#2813=EDGE_CURVE('',#2084,#2112,#1348,.T.);
#2815=EDGE_CURVE('',#2112,#2120,#68,.T.);
#2817=EDGE_CURVE('',#2119,#2120,#72,.T.);
#2819=EDGE_CURVE('',#2272,#2119,#244,.T.);
#2830=EDGE_CURVE('',#2079,#2083,#76,.T.);
#2832=EDGE_CURVE('',#2083,#2084,#1352,.T.);
#2837=EDGE_CURVE('',#2383,#2384,#80,.T.);
#2839=EDGE_CURVE('',#2384,#2388,#84,.T.);
#2841=EDGE_CURVE('',#2387,#2388,#88,.T.);
#2843=EDGE_CURVE('',#2383,#2387,#92,.T.);
#2847=EDGE_CURVE('',#2487,#2488,#96,.T.);
#2849=EDGE_CURVE('',#2488,#2492,#100,.T.);
#2851=EDGE_CURVE('',#2491,#2492,#104,.T.);
#2853=EDGE_CURVE('',#2487,#2491,#108,.T.);
#2857=EDGE_CURVE('',#2575,#2576,#112,.T.);
#2859=EDGE_CURVE('',#2575,#2579,#116,.T.);
#2861=EDGE_CURVE('',#2579,#2580,#120,.T.);
#2863=EDGE_CURVE('',#2576,#2580,#124,.T.);
#2867=EDGE_CURVE('',#2728,#2726,#128,.T.);
#2869=EDGE_CURVE('',#2728,#2732,#132,.T.);
#2871=EDGE_CURVE('',#2732,#2730,#136,.T.);
#2873=EDGE_CURVE('',#2726,#2730,#140,.T.);
#2884=EDGE_CURVE('',#2270,#2115,#148,.T.);
#2886=EDGE_CURVE('',#2115,#2116,#152,.T.);
#2888=EDGE_CURVE('',#2124,#2116,#156,.T.);
#2890=EDGE_CURVE('',#2124,#2083,#1356,.T.);
#2894=EDGE_CURVE('',#2266,#2253,#160,.T.);
#2904=EDGE_CURVE('',#2189,#2190,#180,.T.);
#2906=EDGE_CURVE('',#2190,#2296,#184,.T.);
#2908=EDGE_CURVE('',#2295,#2296,#188,.T.);
#2910=EDGE_CURVE('',#2210,#2295,#192,.T.);
#2912=EDGE_CURVE('',#2209,#2210,#196,.T.);
#2914=EDGE_CURVE('',#2209,#2292,#200,.T.);
#2916=EDGE_CURVE('',#2291,#2292,#204,.T.);
#2918=EDGE_CURVE('',#2298,#2291,#208,.T.);
#2920=EDGE_CURVE('',#2300,#2298,#836,.T.);
#2922=EDGE_CURVE('',#2300,#2204,#212,.T.);
#2924=EDGE_CURVE('',#2145,#2204,#764,.T.);
#2926=EDGE_CURVE('',#2145,#2100,#216,.T.);
#2928=EDGE_CURVE('',#2100,#2107,#1492,.T.);
#2930=EDGE_CURVE('',#2107,#2128,#1368,.T.);
#2932=EDGE_CURVE('',#2242,#2128,#220,.T.);
#2934=EDGE_CURVE('',#2242,#2115,#224,.T.);
#2938=EDGE_CURVE('',#2268,#2256,#232,.T.);
#2941=EDGE_CURVE('',#2264,#2250,#236,.T.);
#2945=EDGE_CURVE('',#2119,#2122,#248,.T.);
#2947=EDGE_CURVE('',#2122,#2126,#252,.T.);
#2949=EDGE_CURVE('',#2126,#2103,#1336,.T.);
#2951=EDGE_CURVE('',#2092,#2103,#1484,.T.);
#2953=EDGE_CURVE('',#2092,#2141,#256,.T.);
#2955=EDGE_CURVE('',#2206,#2141,#1312,.T.);
#2957=EDGE_CURVE('',#2206,#2172,#260,.T.);
#2959=EDGE_CURVE('',#2157,#2172,#264,.T.);
#2961=EDGE_CURVE('',#2157,#2158,#268,.T.);
#2963=EDGE_CURVE('',#2158,#2178,#272,.T.);
#2965=EDGE_CURVE('',#2178,#2193,#276,.T.);
#2967=EDGE_CURVE('',#2193,#2194,#280,.T.);
#2969=EDGE_CURVE('',#2194,#2189,#284,.T.);
#2973=EDGE_CURVE('',#2169,#2170,#164,.T.);
#2975=EDGE_CURVE('',#2175,#2169,#168,.T.);
#2977=EDGE_CURVE('',#2175,#2176,#172,.T.);
#2979=EDGE_CURVE('',#2176,#2170,#176,.T.);
#2990=EDGE_CURVE('',#2170,#2161,#288,.T.);
#2992=EDGE_CURVE('',#2161,#2162,#292,.T.);
#2994=EDGE_CURVE('',#2162,#2169,#296,.T.);
#3005=EDGE_CURVE('',#2172,#2149,#300,.T.);
#3007=EDGE_CURVE('',#2149,#2150,#304,.T.);
#3009=EDGE_CURVE('',#2150,#2157,#308,.T.);
#3020=EDGE_CURVE('',#2176,#2165,#320,.T.);
#3022=EDGE_CURVE('',#2161,#2165,#340,.T.);
#3034=EDGE_CURVE('',#2166,#2175,#312,.T.);
#3036=EDGE_CURVE('',#2165,#2166,#316,.T.);
#3048=EDGE_CURVE('',#2154,#2158,#324,.T.);
#3050=EDGE_CURVE('',#2153,#2154,#328,.T.);
#3052=EDGE_CURVE('',#2178,#2153,#332,.T.);
#3064=EDGE_CURVE('',#2162,#2166,#336,.T.);
#3081=EDGE_CURVE('',#2399,#2400,#344,.T.);
#3083=EDGE_CURVE('',#2400,#2404,#348,.T.);
#3085=EDGE_CURVE('',#2403,#2404,#352,.T.);
#3087=EDGE_CURVE('',#2399,#2403,#356,.T.);
#3098=EDGE_CURVE('',#2383,#2303,#361,.T.);
#3100=EDGE_CURVE('',#2303,#2304,#365,.T.);
#3102=EDGE_CURVE('',#2304,#2307,#370,.T.);
#3104=EDGE_CURVE('',#2307,#2308,#374,.T.);
#3106=EDGE_CURVE('',#2308,#2311,#379,.T.);
#3108=EDGE_CURVE('',#2311,#2312,#383,.T.);
#3110=EDGE_CURVE('',#2312,#2314,#388,.T.);
#3112=EDGE_CURVE('',#2314,#2316,#393,.T.);
#3114=EDGE_CURVE('',#2316,#2318,#397,.T.);
#3116=EDGE_CURVE('',#2318,#2320,#402,.T.);
#3118=EDGE_CURVE('',#2320,#2322,#406,.T.);
#3120=EDGE_CURVE('',#2322,#2324,#411,.T.);
#3122=EDGE_CURVE('',#2324,#2326,#415,.T.);
#3124=EDGE_CURVE('',#2326,#2328,#420,.T.);
#3126=EDGE_CURVE('',#2328,#2330,#425,.T.);
#3128=EDGE_CURVE('',#2330,#2332,#429,.T.);
#3130=EDGE_CURVE('',#2332,#2335,#434,.T.);
#3132=EDGE_CURVE('',#2335,#2336,#438,.T.);
#3134=EDGE_CURVE('',#2336,#2339,#443,.T.);
#3136=EDGE_CURVE('',#2339,#2340,#447,.T.);
#3138=EDGE_CURVE('',#2340,#2384,#452,.T.);
#3148=EDGE_CURVE('',#2516,#2511,#456,.T.);
#3150=EDGE_CURVE('',#2516,#2392,#460,.T.);
#3152=EDGE_CURVE('',#2391,#2392,#732,.T.);
#3154=EDGE_CURVE('',#2391,#2511,#464,.T.);
#3164=EDGE_CURVE('',#2556,#2551,#468,.T.);
#3166=EDGE_CURVE('',#2556,#2400,#472,.T.);
#3169=EDGE_CURVE('',#2399,#2551,#476,.T.);
#3180=EDGE_CURVE('',#2387,#2343,#572,.T.);
#3182=EDGE_CURVE('',#2303,#2343,#676,.T.);
#3194=EDGE_CURVE('',#2380,#2388,#481,.T.);
#3196=EDGE_CURVE('',#2379,#2380,#485,.T.);
#3198=EDGE_CURVE('',#2376,#2379,#490,.T.);
#3200=EDGE_CURVE('',#2375,#2376,#494,.T.);
#3202=EDGE_CURVE('',#2372,#2375,#499,.T.);
#3204=EDGE_CURVE('',#2370,#2372,#503,.T.);
#3206=EDGE_CURVE('',#2368,#2370,#508,.T.);
#3208=EDGE_CURVE('',#2366,#2368,#513,.T.);
#3210=EDGE_CURVE('',#2364,#2366,#517,.T.);
#3212=EDGE_CURVE('',#2362,#2364,#522,.T.);
#3214=EDGE_CURVE('',#2360,#2362,#526,.T.);
#3216=EDGE_CURVE('',#2358,#2360,#531,.T.);
#3218=EDGE_CURVE('',#2356,#2358,#535,.T.);
#3220=EDGE_CURVE('',#2354,#2356,#540,.T.);
#3222=EDGE_CURVE('',#2352,#2354,#545,.T.);
#3224=EDGE_CURVE('',#2351,#2352,#549,.T.);
#3226=EDGE_CURVE('',#2348,#2351,#554,.T.);
#3228=EDGE_CURVE('',#2347,#2348,#558,.T.);
#3230=EDGE_CURVE('',#2344,#2347,#563,.T.);
#3232=EDGE_CURVE('',#2343,#2344,#567,.T.);
#3243=EDGE_CURVE('',#2508,#2503,#576,.T.);
#3245=EDGE_CURVE('',#2395,#2508,#580,.T.);
#3247=EDGE_CURVE('',#2395,#2396,#740,.T.);
#3249=EDGE_CURVE('',#2503,#2396,#584,.T.);
#3259=EDGE_CURVE('',#2548,#2543,#588,.T.);
#3261=EDGE_CURVE('',#2403,#2548,#592,.T.);
#3264=EDGE_CURVE('',#2543,#2404,#596,.T.);
#3276=EDGE_CURVE('',#2340,#2380,#600,.T.);
#3288=EDGE_CURVE('',#2339,#2379,#604,.T.);
#3301=EDGE_CURVE('',#2336,#2376,#608,.T.);
#3314=EDGE_CURVE('',#2335,#2375,#612,.T.);
#3327=EDGE_CURVE('',#2332,#2372,#616,.T.);
#3340=EDGE_CURVE('',#2330,#2370,#620,.T.);
#3353=EDGE_CURVE('',#2328,#2368,#624,.T.);
#3366=EDGE_CURVE('',#2326,#2366,#628,.T.);
#3379=EDGE_CURVE('',#2324,#2364,#632,.T.);
#3392=EDGE_CURVE('',#2322,#2362,#636,.T.);
#3405=EDGE_CURVE('',#2320,#2360,#640,.T.);
#3418=EDGE_CURVE('',#2318,#2358,#644,.T.);
#3431=EDGE_CURVE('',#2316,#2356,#648,.T.);
#3444=EDGE_CURVE('',#2314,#2354,#652,.T.);
#3457=EDGE_CURVE('',#2312,#2352,#656,.T.);
#3470=EDGE_CURVE('',#2311,#2351,#660,.T.);
#3483=EDGE_CURVE('',#2308,#2348,#664,.T.);
#3496=EDGE_CURVE('',#2307,#2347,#668,.T.);
#3509=EDGE_CURVE('',#2304,#2344,#672,.T.);
#3533=EDGE_CURVE('',#2503,#2504,#680,.T.);
#3535=EDGE_CURVE('',#2506,#2504,#1552,.T.);
#3537=EDGE_CURVE('',#2506,#2508,#1540,.T.);
#3549=EDGE_CURVE('',#2516,#2503,#692,.T.);
#3551=EDGE_CURVE('',#2514,#2516,#684,.T.);
#3553=EDGE_CURVE('',#2514,#2504,#688,.T.);
#3566=EDGE_CURVE('',#2392,#2396,#736,.T.);
#3576=EDGE_CURVE('',#2198,#2185,#696,.T.);
#3578=EDGE_CURVE('',#2198,#2283,#700,.T.);
#3580=EDGE_CURVE('',#2283,#2284,#828,.T.);
#3582=EDGE_CURVE('',#2276,#2284,#860,.T.);
#3584=EDGE_CURVE('',#2275,#2276,#796,.T.);
#3586=EDGE_CURVE('',#2275,#2196,#704,.T.);
#3588=EDGE_CURVE('',#2182,#2196,#708,.T.);
#3590=EDGE_CURVE('',#2181,#2182,#712,.T.);
#3592=EDGE_CURVE('',#2202,#2181,#716,.T.);
#3594=EDGE_CURVE('',#2202,#2153,#720,.T.);
#3597=EDGE_CURVE('',#2150,#2154,#1536,.T.);
#3600=EDGE_CURVE('',#2149,#2200,#724,.T.);
#3602=EDGE_CURVE('',#2186,#2200,#728,.T.);
#3604=EDGE_CURVE('',#2185,#2186,#1320,.T.);
#3611=EDGE_CURVE('',#2391,#2395,#744,.T.);
#3615=EDGE_CURVE('',#2536,#2534,#748,.T.);
#3617=EDGE_CURVE('',#2534,#2538,#752,.T.);
#3619=EDGE_CURVE('',#2540,#2538,#756,.T.);
#3621=EDGE_CURVE('',#2536,#2540,#760,.T.);
#3632=EDGE_CURVE('',#2204,#2198,#776,.T.);
#3635=EDGE_CURVE('',#2185,#2137,#768,.T.);
#3637=EDGE_CURVE('',#2137,#2138,#1388,.T.);
#3639=EDGE_CURVE('',#2146,#2138,#1424,.T.);
#3641=EDGE_CURVE('',#2145,#2146,#1460,.T.);
#3652=EDGE_CURVE('',#2296,#2275,#792,.T.);
#3655=EDGE_CURVE('',#2190,#2196,#772,.T.);
#3668=EDGE_CURVE('',#2300,#2283,#832,.T.);
#3679=EDGE_CURVE('',#2292,#2279,#780,.T.);
#3681=EDGE_CURVE('',#2279,#2280,#784,.T.);
#3683=EDGE_CURVE('',#2280,#2291,#788,.T.);
#3696=EDGE_CURVE('',#2276,#2295,#800,.T.);
#3706=EDGE_CURVE('',#2218,#2222,#804,.T.);
#3708=EDGE_CURVE('',#2214,#2218,#808,.T.);
#3710=EDGE_CURVE('',#2214,#2287,#848,.T.);
#3712=EDGE_CURVE('',#2279,#2287,#876,.T.);
#3716=EDGE_CURVE('',#2222,#2209,#812,.T.);
#3726=EDGE_CURVE('',#2217,#2218,#816,.T.);
#3729=EDGE_CURVE('',#2221,#2222,#868,.T.);
#3731=EDGE_CURVE('',#2217,#2221,#852,.T.);
#3741=EDGE_CURVE('',#2213,#2214,#820,.T.);
#3745=EDGE_CURVE('',#2213,#2217,#864,.T.);
#3756=EDGE_CURVE('',#2284,#2213,#824,.T.);
#3761=EDGE_CURVE('',#2288,#2298,#840,.T.);
#3763=EDGE_CURVE('',#2287,#2288,#844,.T.);
#3775=EDGE_CURVE('',#2221,#2210,#856,.T.);
#3804=EDGE_CURVE('',#2280,#2288,#872,.T.);
#3821=EDGE_CURVE('',#2495,#2496,#880,.T.);
#3823=EDGE_CURVE('',#2496,#2500,#884,.T.);
#3825=EDGE_CURVE('',#2499,#2500,#888,.T.);
#3827=EDGE_CURVE('',#2495,#2499,#892,.T.);
#3838=EDGE_CURVE('',#2487,#2407,#897,.T.);
#3840=EDGE_CURVE('',#2407,#2408,#901,.T.);
#3842=EDGE_CURVE('',#2408,#2411,#906,.T.);
#3844=EDGE_CURVE('',#2411,#2412,#910,.T.);
#3846=EDGE_CURVE('',#2412,#2415,#915,.T.);
#3848=EDGE_CURVE('',#2415,#2416,#919,.T.);
#3850=EDGE_CURVE('',#2416,#2418,#924,.T.);
#3852=EDGE_CURVE('',#2418,#2420,#929,.T.);
#3854=EDGE_CURVE('',#2420,#2422,#933,.T.);
#3856=EDGE_CURVE('',#2422,#2424,#938,.T.);
#3858=EDGE_CURVE('',#2424,#2426,#942,.T.);
#3860=EDGE_CURVE('',#2426,#2428,#947,.T.);
#3862=EDGE_CURVE('',#2428,#2430,#951,.T.);
#3864=EDGE_CURVE('',#2430,#2432,#956,.T.);
#3866=EDGE_CURVE('',#2432,#2434,#961,.T.);
#3868=EDGE_CURVE('',#2434,#2436,#965,.T.);
#3870=EDGE_CURVE('',#2436,#2439,#970,.T.);
#3872=EDGE_CURVE('',#2439,#2440,#974,.T.);
#3874=EDGE_CURVE('',#2440,#2443,#979,.T.);
#3876=EDGE_CURVE('',#2443,#2444,#983,.T.);
#3878=EDGE_CURVE('',#2444,#2488,#988,.T.);
#3888=EDGE_CURVE('',#2532,#2527,#992,.T.);
#3890=EDGE_CURVE('',#2532,#2534,#996,.T.);
#3893=EDGE_CURVE('',#2536,#2527,#1000,.T.);
#3903=EDGE_CURVE('',#2572,#2567,#1004,.T.);
#3905=EDGE_CURVE('',#2572,#2496,#1008,.T.);
#3908=EDGE_CURVE('',#2495,#2567,#1012,.T.);
#3919=EDGE_CURVE('',#2491,#2447,#1108,.T.);
#3921=EDGE_CURVE('',#2407,#2447,#1212,.T.);
#3933=EDGE_CURVE('',#2484,#2492,#1017,.T.);
#3935=EDGE_CURVE('',#2483,#2484,#1021,.T.);
#3937=EDGE_CURVE('',#2480,#2483,#1026,.T.);
#3939=EDGE_CURVE('',#2479,#2480,#1030,.T.);
#3941=EDGE_CURVE('',#2476,#2479,#1035,.T.);
#3943=EDGE_CURVE('',#2474,#2476,#1039,.T.);
#3945=EDGE_CURVE('',#2472,#2474,#1044,.T.);
#3947=EDGE_CURVE('',#2470,#2472,#1049,.T.);
#3949=EDGE_CURVE('',#2468,#2470,#1053,.T.);
#3951=EDGE_CURVE('',#2466,#2468,#1058,.T.);
#3953=EDGE_CURVE('',#2464,#2466,#1062,.T.);
#3955=EDGE_CURVE('',#2462,#2464,#1067,.T.);
#3957=EDGE_CURVE('',#2460,#2462,#1071,.T.);
#3959=EDGE_CURVE('',#2458,#2460,#1076,.T.);
#3961=EDGE_CURVE('',#2456,#2458,#1081,.T.);
#3963=EDGE_CURVE('',#2455,#2456,#1085,.T.);
#3965=EDGE_CURVE('',#2452,#2455,#1090,.T.);
#3967=EDGE_CURVE('',#2451,#2452,#1094,.T.);
#3969=EDGE_CURVE('',#2448,#2451,#1099,.T.);
#3971=EDGE_CURVE('',#2447,#2448,#1103,.T.);
#3982=EDGE_CURVE('',#2524,#2519,#1112,.T.);
#3984=EDGE_CURVE('',#2540,#2524,#1116,.T.);
#3987=EDGE_CURVE('',#2519,#2538,#1120,.T.);
#3997=EDGE_CURVE('',#2564,#2559,#1124,.T.);
#3999=EDGE_CURVE('',#2499,#2564,#1128,.T.);
#4002=EDGE_CURVE('',#2559,#2500,#1132,.T.);
#4014=EDGE_CURVE('',#2444,#2484,#1136,.T.);
#4026=EDGE_CURVE('',#2443,#2483,#1140,.T.);
#4039=EDGE_CURVE('',#2440,#2480,#1144,.T.);
#4052=EDGE_CURVE('',#2439,#2479,#1148,.T.);
#4065=EDGE_CURVE('',#2436,#2476,#1152,.T.);
#4078=EDGE_CURVE('',#2434,#2474,#1156,.T.);
#4091=EDGE_CURVE('',#2432,#2472,#1160,.T.);
#4104=EDGE_CURVE('',#2430,#2470,#1164,.T.);
#4117=EDGE_CURVE('',#2428,#2468,#1168,.T.);
#4130=EDGE_CURVE('',#2426,#2466,#1172,.T.);
#4143=EDGE_CURVE('',#2424,#2464,#1176,.T.);
#4156=EDGE_CURVE('',#2422,#2462,#1180,.T.);
#4169=EDGE_CURVE('',#2420,#2460,#1184,.T.);
#4182=EDGE_CURVE('',#2418,#2458,#1188,.T.);
#4195=EDGE_CURVE('',#2416,#2456,#1192,.T.);
#4208=EDGE_CURVE('',#2415,#2455,#1196,.T.);
#4221=EDGE_CURVE('',#2412,#2452,#1200,.T.);
#4234=EDGE_CURVE('',#2411,#2451,#1204,.T.);
#4247=EDGE_CURVE('',#2408,#2448,#1208,.T.);
#4271=EDGE_CURVE('',#2519,#2520,#1216,.T.);
#4273=EDGE_CURVE('',#2522,#2520,#1244,.T.);
#4275=EDGE_CURVE('',#2522,#2524,#1232,.T.);
#4287=EDGE_CURVE('',#2532,#2519,#1228,.T.);
#4289=EDGE_CURVE('',#2530,#2532,#1220,.T.);
#4291=EDGE_CURVE('',#2530,#2520,#1224,.T.);
#4313=EDGE_CURVE('',#2527,#2528,#1236,.T.);
#4315=EDGE_CURVE('',#2530,#2528,#1248,.T.);
#4328=EDGE_CURVE('',#2528,#2522,#1252,.T.);
#4331=EDGE_CURVE('',#2527,#2524,#1240,.T.);
#4365=EDGE_CURVE('',#2559,#2560,#1256,.T.);
#4367=EDGE_CURVE('',#2562,#2560,#1284,.T.);
#4369=EDGE_CURVE('',#2562,#2564,#1272,.T.);
#4381=EDGE_CURVE('',#2572,#2559,#1268,.T.);
#4383=EDGE_CURVE('',#2570,#2572,#1260,.T.);
#4385=EDGE_CURVE('',#2570,#2560,#1264,.T.);
#4407=EDGE_CURVE('',#2567,#2568,#1276,.T.);
#4409=EDGE_CURVE('',#2570,#2568,#1288,.T.);
#4422=EDGE_CURVE('',#2568,#2562,#1292,.T.);
#4425=EDGE_CURVE('',#2567,#2564,#1280,.T.);
#4460=EDGE_CURVE('',#2189,#2182,#1296,.T.);
#4473=EDGE_CURVE('',#2194,#2181,#1300,.T.);
#4486=EDGE_CURVE('',#2193,#2202,#1308,.T.);
#4498=EDGE_CURVE('',#2206,#2200,#1304,.T.);
#4523=EDGE_CURVE('',#2186,#2133,#1324,.T.);
#4528=EDGE_CURVE('',#2141,#2142,#1452,.T.);
#4530=EDGE_CURVE('',#2142,#2134,#1316,.T.);
#4532=EDGE_CURVE('',#2133,#2134,#1392,.T.);
#4544=EDGE_CURVE('',#2104,#2133,#1328,.T.);
#4546=EDGE_CURVE('',#2103,#2104,#1332,.T.);
#4549=EDGE_CURVE('',#2126,#2111,#1340,.T.);
#4551=EDGE_CURVE('',#2111,#2112,#1344,.T.);
#4556=EDGE_CURVE('',#2124,#2240,#1360,.T.);
#4558=EDGE_CURVE('',#2128,#2240,#1364,.T.);
#4561=EDGE_CURVE('',#2107,#2108,#1372,.T.);
#4563=EDGE_CURVE('',#2137,#2108,#1376,.T.);
#4574=EDGE_CURVE('',#2229,#2230,#1380,.T.);
#4576=EDGE_CURVE('',#2138,#2230,#1384,.T.);
#4580=EDGE_CURVE('',#2108,#2095,#1508,.T.);
#4582=EDGE_CURVE('',#2087,#2095,#1488,.T.);
#4584=EDGE_CURVE('',#2104,#2087,#1468,.T.);
#4588=EDGE_CURVE('',#2233,#2134,#1396,.T.);
#4590=EDGE_CURVE('',#2233,#2234,#1400,.T.);
#4592=EDGE_CURVE('',#2234,#2229,#1404,.T.);
#4603=EDGE_CURVE('',#2229,#2225,#1408,.T.);
#4605=EDGE_CURVE('',#2225,#2237,#1432,.T.);
#4607=EDGE_CURVE('',#2230,#2237,#1428,.T.);
#4618=EDGE_CURVE('',#2234,#2226,#1412,.T.);
#4620=EDGE_CURVE('',#2225,#2226,#1436,.T.);
#4632=EDGE_CURVE('',#2233,#2238,#1420,.T.);
#4634=EDGE_CURVE('',#2238,#2226,#1440,.T.);
#4645=EDGE_CURVE('',#2237,#2238,#1416,.T.);
#4650=EDGE_CURVE('',#2146,#2142,#1444,.T.);
#4676=EDGE_CURVE('',#2090,#2142,#1456,.T.);
#4678=EDGE_CURVE('',#2088,#2090,#1476,.T.);
#4680=EDGE_CURVE('',#2088,#2096,#1448,.T.);
#4682=EDGE_CURVE('',#2096,#2098,#1500,.T.);
#4684=EDGE_CURVE('',#2146,#2098,#1464,.T.);
#4696=EDGE_CURVE('',#2090,#2092,#1480,.T.);
#4709=EDGE_CURVE('',#2098,#2100,#1496,.T.);
#4722=EDGE_CURVE('',#2087,#2088,#1472,.T.);
#4737=EDGE_CURVE('',#2095,#2096,#1504,.T.);
#4764=EDGE_CURVE('',#2122,#2130,#1524,.T.);
#4766=EDGE_CURVE('',#2111,#2130,#1532,.T.);
#4778=EDGE_CURVE('',#2244,#2242,#1512,.T.);
#4780=EDGE_CURVE('',#2116,#2244,#1516,.T.);
#4791=EDGE_CURVE('',#2130,#2120,#1520,.T.);
#4804=EDGE_CURVE('',#2240,#2244,#1528,.T.);
#4855=EDGE_CURVE('',#2511,#2508,#1548,.T.);
#4866=EDGE_CURVE('',#2512,#2506,#1560,.T.);
#4868=EDGE_CURVE('',#2511,#2512,#1544,.T.);
#4881=EDGE_CURVE('',#2514,#2512,#1556,.T.);
#4904=EDGE_CURVE('',#2543,#2544,#1564,.T.);
#4906=EDGE_CURVE('',#2546,#2544,#1592,.T.);
#4908=EDGE_CURVE('',#2546,#2548,#1580,.T.);
#4920=EDGE_CURVE('',#2556,#2543,#1576,.T.);
#4922=EDGE_CURVE('',#2554,#2556,#1568,.T.);
#4924=EDGE_CURVE('',#2554,#2544,#1572,.T.);
#4946=EDGE_CURVE('',#2551,#2552,#1584,.T.);
#4948=EDGE_CURVE('',#2554,#2552,#1596,.T.);
#4961=EDGE_CURVE('',#2552,#2546,#1600,.T.);
#4964=EDGE_CURVE('',#2551,#2548,#1588,.T.);
#4999=EDGE_CURVE('',#2260,#2254,#1604,.T.);
#5036=EDGE_CURVE('',#2576,#2587,#1608,.T.);
#5038=EDGE_CURVE('',#2587,#2588,#1612,.T.);
#5040=EDGE_CURVE('',#2588,#2591,#1617,.T.);
#5042=EDGE_CURVE('',#2591,#2592,#1621,.T.);
#5044=EDGE_CURVE('',#2592,#2595,#1626,.T.);
#5046=EDGE_CURVE('',#2595,#2596,#1630,.T.);
#5048=EDGE_CURVE('',#2596,#2598,#1634,.T.);
#5050=EDGE_CURVE('',#2598,#2600,#1639,.T.);
#5052=EDGE_CURVE('',#2600,#2602,#1643,.T.);
#5054=EDGE_CURVE('',#2602,#2604,#1647,.T.);
#5056=EDGE_CURVE('',#2604,#2606,#1651,.T.);
#5058=EDGE_CURVE('',#2606,#2608,#1656,.T.);
#5060=EDGE_CURVE('',#2608,#2610,#1660,.T.);
#5062=EDGE_CURVE('',#2610,#2612,#1664,.T.);
#5064=EDGE_CURVE('',#2612,#2615,#1669,.T.);
#5066=EDGE_CURVE('',#2615,#2616,#1673,.T.);
#5068=EDGE_CURVE('',#2616,#2583,#1678,.T.);
#5070=EDGE_CURVE('',#2583,#2584,#1682,.T.);
#5072=EDGE_CURVE('',#2584,#2575,#1686,.T.);
#5083=EDGE_CURVE('',#2580,#2623,#1768,.T.);
#5085=EDGE_CURVE('',#2587,#2623,#1840,.T.);
#5097=EDGE_CURVE('',#2620,#2579,#1690,.T.);
#5099=EDGE_CURVE('',#2619,#2620,#1694,.T.);
#5101=EDGE_CURVE('',#2652,#2619,#1699,.T.);
#5103=EDGE_CURVE('',#2651,#2652,#1703,.T.);
#5105=EDGE_CURVE('',#2648,#2651,#1708,.T.);
#5107=EDGE_CURVE('',#2646,#2648,#1712,.T.);
#5109=EDGE_CURVE('',#2644,#2646,#1716,.T.);
#5111=EDGE_CURVE('',#2642,#2644,#1721,.T.);
#5113=EDGE_CURVE('',#2640,#2642,#1725,.T.);
#5115=EDGE_CURVE('',#2638,#2640,#1729,.T.);
#5117=EDGE_CURVE('',#2636,#2638,#1733,.T.);
#5119=EDGE_CURVE('',#2634,#2636,#1738,.T.);
#5121=EDGE_CURVE('',#2632,#2634,#1742,.T.);
#5123=EDGE_CURVE('',#2631,#2632,#1746,.T.);
#5125=EDGE_CURVE('',#2628,#2631,#1751,.T.);
#5127=EDGE_CURVE('',#2627,#2628,#1755,.T.);
#5129=EDGE_CURVE('',#2624,#2627,#1760,.T.);
#5131=EDGE_CURVE('',#2623,#2624,#1764,.T.);
#5144=EDGE_CURVE('',#2584,#2620,#1772,.T.);
#5156=EDGE_CURVE('',#2583,#2619,#1776,.T.);
#5169=EDGE_CURVE('',#2616,#2652,#1780,.T.);
#5182=EDGE_CURVE('',#2615,#2651,#1784,.T.);
#5195=EDGE_CURVE('',#2612,#2648,#1788,.T.);
#5208=EDGE_CURVE('',#2610,#2646,#1792,.T.);
#5221=EDGE_CURVE('',#2608,#2644,#1796,.T.);
#5234=EDGE_CURVE('',#2606,#2642,#1800,.T.);
#5247=EDGE_CURVE('',#2604,#2640,#1804,.T.);
#5260=EDGE_CURVE('',#2602,#2638,#1808,.T.);
#5273=EDGE_CURVE('',#2600,#2636,#1812,.T.);
#5286=EDGE_CURVE('',#2598,#2634,#1816,.T.);
#5299=EDGE_CURVE('',#2596,#2632,#1820,.T.);
#5312=EDGE_CURVE('',#2595,#2631,#1824,.T.);
#5325=EDGE_CURVE('',#2592,#2628,#1828,.T.);
#5338=EDGE_CURVE('',#2591,#2627,#1832,.T.);
#5351=EDGE_CURVE('',#2588,#2624,#1836,.T.);
#5375=EDGE_CURVE('',#2656,#2726,#1844,.T.);
#5377=EDGE_CURVE('',#2655,#2656,#1848,.T.);
#5379=EDGE_CURVE('',#2688,#2655,#1853,.T.);
#5381=EDGE_CURVE('',#2687,#2688,#1857,.T.);
#5383=EDGE_CURVE('',#2684,#2687,#1862,.T.);
#5385=EDGE_CURVE('',#2682,#2684,#1866,.T.);
#5387=EDGE_CURVE('',#2680,#2682,#1870,.T.);
#5389=EDGE_CURVE('',#2678,#2680,#1875,.T.);
#5391=EDGE_CURVE('',#2676,#2678,#1879,.T.);
#5393=EDGE_CURVE('',#2674,#2676,#1883,.T.);
#5395=EDGE_CURVE('',#2672,#2674,#1887,.T.);
#5397=EDGE_CURVE('',#2670,#2672,#1892,.T.);
#5399=EDGE_CURVE('',#2668,#2670,#1896,.T.);
#5401=EDGE_CURVE('',#2667,#2668,#1900,.T.);
#5403=EDGE_CURVE('',#2664,#2667,#1905,.T.);
#5405=EDGE_CURVE('',#2663,#2664,#1909,.T.);
#5407=EDGE_CURVE('',#2660,#2663,#1914,.T.);
#5409=EDGE_CURVE('',#2659,#2660,#1918,.T.);
#5411=EDGE_CURVE('',#2728,#2659,#1922,.T.);
#5424=EDGE_CURVE('',#2692,#2730,#1930,.T.);
#5426=EDGE_CURVE('',#2656,#2692,#1926,.T.);
#5438=EDGE_CURVE('',#2732,#2695,#1934,.T.);
#5440=EDGE_CURVE('',#2695,#2696,#1938,.T.);
#5442=EDGE_CURVE('',#2696,#2699,#1943,.T.);
#5444=EDGE_CURVE('',#2699,#2700,#1947,.T.);
#5446=EDGE_CURVE('',#2700,#2703,#1952,.T.);
#5448=EDGE_CURVE('',#2703,#2704,#1956,.T.);
#5450=EDGE_CURVE('',#2704,#2706,#1960,.T.);
#5452=EDGE_CURVE('',#2706,#2708,#1965,.T.);
#5454=EDGE_CURVE('',#2708,#2710,#1969,.T.);
#5456=EDGE_CURVE('',#2710,#2712,#1973,.T.);
#5458=EDGE_CURVE('',#2712,#2714,#1977,.T.);
#5460=EDGE_CURVE('',#2714,#2716,#1982,.T.);
#5462=EDGE_CURVE('',#2716,#2718,#1986,.T.);
#5464=EDGE_CURVE('',#2718,#2720,#1990,.T.);
#5466=EDGE_CURVE('',#2720,#2723,#1995,.T.);
#5468=EDGE_CURVE('',#2723,#2724,#1999,.T.);
#5470=EDGE_CURVE('',#2724,#2691,#2004,.T.);
#5472=EDGE_CURVE('',#2691,#2692,#2008,.T.);
#5483=EDGE_CURVE('',#2659,#2695,#2012,.T.);
#5496=EDGE_CURVE('',#2660,#2696,#2016,.T.);
#5509=EDGE_CURVE('',#2663,#2699,#2020,.T.);
#5522=EDGE_CURVE('',#2664,#2700,#2024,.T.);
#5535=EDGE_CURVE('',#2667,#2703,#2028,.T.);
#5548=EDGE_CURVE('',#2668,#2704,#2032,.T.);
#5561=EDGE_CURVE('',#2670,#2706,#2036,.T.);
#5574=EDGE_CURVE('',#2672,#2708,#2040,.T.);
#5587=EDGE_CURVE('',#2674,#2710,#2044,.T.);
#5600=EDGE_CURVE('',#2676,#2712,#2048,.T.);
#5613=EDGE_CURVE('',#2678,#2714,#2052,.T.);
#5626=EDGE_CURVE('',#2680,#2716,#2056,.T.);
#5639=EDGE_CURVE('',#2682,#2718,#2060,.T.);
#5652=EDGE_CURVE('',#2684,#2720,#2064,.T.);
#5665=EDGE_CURVE('',#2687,#2723,#2068,.T.);
#5678=EDGE_CURVE('',#2688,#2724,#2072,.T.);
#5691=EDGE_CURVE('',#2655,#2691,#2076,.T.);
#5720=TRIMMED_CURVE('',#5719,(PARAMETER_VALUE(0.E0)),(PARAMETER_VALUE(1.E0)),
.T.,.UNSPECIFIED.);
#5721=COMPOSITE_CURVE_SEGMENT(.CONTINUOUS.,.T.,#5720);
#5726=TRIMMED_CURVE('',#5725,(PARAMETER_VALUE(0.E0)),(PARAMETER_VALUE(1.E0)),
.T.,.UNSPECIFIED.);
#5727=COMPOSITE_CURVE_SEGMENT(.CONTINUOUS.,.T.,#5726);
#5732=TRIMMED_CURVE('',#5731,(PARAMETER_VALUE(0.E0)),(PARAMETER_VALUE(1.E0)),
.T.,.UNSPECIFIED.);
#5733=COMPOSITE_CURVE_SEGMENT(.CONTINUOUS.,.T.,#5732);
#5738=TRIMMED_CURVE('',#5737,(PARAMETER_VALUE(0.E0)),(PARAMETER_VALUE(1.E0)),
.T.,.UNSPECIFIED.);
#5739=COMPOSITE_CURVE_SEGMENT(.CONTINUOUS.,.T.,#5738);
#5740=COMPOSITE_CURVE('',(#5721,#5727,#5733,#5739),.F.);
#5746=TRIMMED_CURVE('',#5745,(PARAMETER_VALUE(0.E0)),(PARAMETER_VALUE(1.E0)),
.T.,.UNSPECIFIED.);
#5747=COMPOSITE_CURVE_SEGMENT(.CONTINUOUS.,.T.,#5746);
#5752=TRIMMED_CURVE('',#5751,(PARAMETER_VALUE(0.E0)),(PARAMETER_VALUE(1.E0)),
.T.,.UNSPECIFIED.);
#5753=COMPOSITE_CURVE_SEGMENT(.CONTINUOUS.,.T.,#5752);
#5758=TRIMMED_CURVE('',#5757,(PARAMETER_VALUE(0.E0)),(PARAMETER_VALUE(1.E0)),
.T.,.UNSPECIFIED.);
#5759=COMPOSITE_CURVE_SEGMENT(.CONTINUOUS.,.T.,#5758);
#5764=TRIMMED_CURVE('',#5763,(PARAMETER_VALUE(0.E0)),(PARAMETER_VALUE(1.E0)),
.T.,.UNSPECIFIED.);
#5765=COMPOSITE_CURVE_SEGMENT(.CONTINUOUS.,.T.,#5764);
#5766=COMPOSITE_CURVE('',(#5747,#5753,#5759,#5765),.F.);
#5771=TRIMMED_CURVE('',#5770,(PARAMETER_VALUE(0.E0)),(PARAMETER_VALUE(1.E0)),
.T.,.UNSPECIFIED.);
#5772=COMPOSITE_CURVE_SEGMENT(.CONTINUOUS.,.T.,#5771);
#5777=TRIMMED_CURVE('',#5776,(PARAMETER_VALUE(0.E0)),(PARAMETER_VALUE(1.E0)),
.T.,.UNSPECIFIED.);
#5778=COMPOSITE_CURVE_SEGMENT(.CONTINUOUS.,.T.,#5777);
#5783=TRIMMED_CURVE('',#5782,(PARAMETER_VALUE(0.E0)),(PARAMETER_VALUE(1.E0)),
.T.,.UNSPECIFIED.);
#5784=COMPOSITE_CURVE_SEGMENT(.CONTINUOUS.,.T.,#5783);
#5789=TRIMMED_CURVE('',#5788,(PARAMETER_VALUE(0.E0)),(PARAMETER_VALUE(1.E0)),
.T.,.UNSPECIFIED.);
#5790=COMPOSITE_CURVE_SEGMENT(.CONTINUOUS.,.T.,#5789);
#5791=COMPOSITE_CURVE('',(#5772,#5778,#5784,#5790),.F.);
#5796=TRIMMED_CURVE('',#5795,(PARAMETER_VALUE(0.E0)),(PARAMETER_VALUE(1.E0)),
.T.,.UNSPECIFIED.);
#5797=COMPOSITE_CURVE_SEGMENT(.CONTINUOUS.,.T.,#5796);
#5802=TRIMMED_CURVE('',#5801,(PARAMETER_VALUE(0.E0)),(PARAMETER_VALUE(1.E0)),
.T.,.UNSPECIFIED.);
#5803=COMPOSITE_CURVE_SEGMENT(.CONTINUOUS.,.T.,#5802);
#5808=TRIMMED_CURVE('',#5807,(PARAMETER_VALUE(0.E0)),(PARAMETER_VALUE(1.E0)),
.T.,.UNSPECIFIED.);
#5809=COMPOSITE_CURVE_SEGMENT(.CONTINUOUS.,.T.,#5808);
#5814=TRIMMED_CURVE('',#5813,(PARAMETER_VALUE(0.E0)),(PARAMETER_VALUE(1.E0)),
.T.,.UNSPECIFIED.);
#5815=COMPOSITE_CURVE_SEGMENT(.CONTINUOUS.,.T.,#5814);
#5816=COMPOSITE_CURVE('',(#5797,#5803,#5809,#5815),.F.);
#5821=TRIMMED_CURVE('',#5820,(PARAMETER_VALUE(0.E0)),(PARAMETER_VALUE(1.E0)),
.T.,.UNSPECIFIED.);
#5822=COMPOSITE_CURVE_SEGMENT(.CONTINUOUS.,.T.,#5821);
#5827=TRIMMED_CURVE('',#5826,(PARAMETER_VALUE(0.E0)),(PARAMETER_VALUE(1.E0)),
.T.,.UNSPECIFIED.);
#5828=COMPOSITE_CURVE_SEGMENT(.CONTINUOUS.,.T.,#5827);
#5833=TRIMMED_CURVE('',#5832,(PARAMETER_VALUE(0.E0)),(PARAMETER_VALUE(1.E0)),
.T.,.UNSPECIFIED.);
#5834=COMPOSITE_CURVE_SEGMENT(.CONTINUOUS.,.T.,#5833);
#5839=TRIMMED_CURVE('',#5838,(PARAMETER_VALUE(0.E0)),(PARAMETER_VALUE(1.E0)),
.T.,.UNSPECIFIED.);
#5840=COMPOSITE_CURVE_SEGMENT(.CONTINUOUS.,.T.,#5839);
#5841=COMPOSITE_CURVE('',(#5822,#5828,#5834,#5840),.F.);
#5846=TRIMMED_CURVE('',#5845,(PARAMETER_VALUE(0.E0)),(PARAMETER_VALUE(1.E0)),
.T.,.UNSPECIFIED.);
#5847=COMPOSITE_CURVE_SEGMENT(.CONTINUOUS.,.T.,#5846);
#5852=TRIMMED_CURVE('',#5851,(PARAMETER_VALUE(0.E0)),(PARAMETER_VALUE(1.E0)),
.T.,.UNSPECIFIED.);
#5853=COMPOSITE_CURVE_SEGMENT(.CONTINUOUS.,.T.,#5852);
#5858=TRIMMED_CURVE('',#5857,(PARAMETER_VALUE(0.E0)),(PARAMETER_VALUE(1.E0)),
.T.,.UNSPECIFIED.);
#5859=COMPOSITE_CURVE_SEGMENT(.CONTINUOUS.,.T.,#5858);
#5864=TRIMMED_CURVE('',#5863,(PARAMETER_VALUE(0.E0)),(PARAMETER_VALUE(1.E0)),
.T.,.UNSPECIFIED.);
#5865=COMPOSITE_CURVE_SEGMENT(.CONTINUOUS.,.T.,#5864);
#5866=COMPOSITE_CURVE('',(#5847,#5853,#5859,#5865),.F.);
#5867=(LENGTH_UNIT()NAMED_UNIT(*)SI_UNIT(.MILLI.,.METRE.));
#5869=(NAMED_UNIT(*)PLANE_ANGLE_UNIT()SI_UNIT($,.RADIAN.));
#5872=(NAMED_UNIT(*)SI_UNIT($,.STERADIAN.)SOLID_ANGLE_UNIT());
#5875=ADVANCED_BREP_SHAPE_REPRESENTATION('',(#5711),#5874);
#5876=GEOMETRICALLY_BOUNDED_SURFACE_SHAPE_REPRESENTATION('',(#5741),#5874);
#5877=SHAPE_REPRESENTATION('',(#5715),#5874);
#5886=PRODUCT_DEFINITION('design','',#5885,#5882);
#5887=PRODUCT_DEFINITION_SHAPE('','SHAPE FOR 1054291204.',#5886);
#5888=SHAPE_DEFINITION_REPRESENTATION(#5887,#5877);
ENDSEC;
END-ISO-10303-21;
