ISO-10303-21;
HEADER;
FILE_DESCRIPTION (( 'STEP AP214' ),
    '1' );
FILE_NAME ('B3SL-1002P.STEP',
    '2024-09-05T07:38:35',
    ( '' ),
    ( '' ),
    'SwSTEP 2.0',
    'SolidWorks 2023',
    '' );
FILE_SCHEMA (( 'AUTOMOTIVE_DESIGN' ));
ENDSEC;

DATA;
#1 = CARTESIAN_POINT ( 'NONE',  ( -2.200000000000000178, 0.1000000000000000056, 1.649999999999999911 ) ) ;
#2 = LINE ( 'NONE', #1092, #1341 ) ;
#3 = DIRECTION ( 'NONE',  ( -1.000000000000000000, -7.228014483236700500E-16, 0.000000000000000000 ) ) ;
#4 = ORIENTED_EDGE ( 'NONE', *, *, #2791, .T. ) ;
#5 = CARTESIAN_POINT ( 'NONE',  ( 1.600000000000000089, 1.000000000000000000, -3.050000000000000266 ) ) ;
#6 = SURFACE_STYLE_USAGE ( .BOTH. , #1429 ) ;
#7 = EDGE_CURVE ( 'NONE', #387, #3061, #1863, .T. ) ;
#8 = LINE ( 'NONE', #2145, #1877 ) ;
#9 = EDGE_CURVE ( 'NONE', #504, #3145, #1587, .T. ) ;
#10 =( GEOMETRIC_REPRESENTATION_CONTEXT ( 3 ) GLOBAL_UNCERTAINTY_ASSIGNED_CONTEXT ( ( #968 ) ) GLOBAL_UNIT_ASSIGNED_CONTEXT ( ( #207, #3449, #2659 ) ) REPRESENTATION_CONTEXT ( 'NONE', 'WORKASPACE' ) );
#11 = VECTOR ( 'NONE', #3089, 1000.000000000000000 ) ;
#12 = PLANE ( 'NONE',  #1098 ) ;
#13 = DIRECTION ( 'NONE',  ( 0.000000000000000000, 0.000000000000000000, 1.000000000000000000 ) ) ;
#14 = CARTESIAN_POINT ( 'NONE',  ( 3.200000000000000178, 1.199999999999999956, 2.350000000000000089 ) ) ;
#15 = ORIENTED_EDGE ( 'NONE', *, *, #9, .F. ) ;
#16 = EDGE_CURVE ( 'NONE', #1187, #1450, #237, .T. ) ;
#17 = STYLED_ITEM ( 'NONE', ( #1696 ), #2279 ) ;
#18 = VECTOR ( 'NONE', #3, 1000.000000000000000 ) ;
#19 = DIRECTION ( 'NONE',  ( -1.000000000000000000, -1.219727444046191995E-16, 0.000000000000000000 ) ) ;
#20 = ORIENTED_EDGE ( 'NONE', *, *, #2864, .F. ) ;
#21 = LINE ( 'NONE', #233, #2157 ) ;
#22 = ORIENTED_EDGE ( 'NONE', *, *, #1736, .T. ) ;
#23 = ADVANCED_FACE ( 'NONE', ( #3190 ), #2935, .F. ) ;
#24 = CARTESIAN_POINT ( 'NONE',  ( -3.100000000000000089, 2.279999999999999805, 2.850000000000000089 ) ) ;
#25 = DIRECTION ( 'NONE',  ( 0.000000000000000000, -1.000000000000000000, 0.000000000000000000 ) ) ;
#26 = CARTESIAN_POINT ( 'NONE',  ( -2.899999999999999911, 2.500000000000000000, 2.850000000000000089 ) ) ;
#27 = DIRECTION ( 'NONE',  ( 0.000000000000000000, 0.000000000000000000, 1.000000000000000000 ) ) ;
#28 = CARTESIAN_POINT ( 'NONE',  ( 1.500000000000000000, 1.000000000000000000, -3.250000000000000000 ) ) ;
#29 = VECTOR ( 'NONE', #1409, 1000.000000000000000 ) ;
#30 = CARTESIAN_POINT ( 'NONE',  ( -1.600000000000000089, 2.500000000000000000, 3.050000000000000266 ) ) ;
#31 = AXIS2_PLACEMENT_3D ( 'NONE', #48, #1715, #1969 ) ;
#32 = LINE ( 'NONE', #1122, #2797 ) ;
#33 = ORIENTED_EDGE ( 'NONE', *, *, #3193, .T. ) ;
#34 = VECTOR ( 'NONE', #3083, 1000.000000000000000 ) ;
#35 = CARTESIAN_POINT ( 'NONE',  ( 3.500000000000000000, 1.199999999999999956, -2.350000000000000089 ) ) ;
#36 = DIRECTION ( 'NONE',  ( 0.000000000000000000, 0.000000000000000000, 1.000000000000000000 ) ) ;
#37 = ADVANCED_FACE ( 'NONE', ( #744 ), #2698, .T. ) ;
#38 = ORIENTED_EDGE ( 'NONE', *, *, #2472, .T. ) ;
#39 = DIRECTION ( 'NONE',  ( 1.000000000000000000, 0.000000000000000000, 0.000000000000000000 ) ) ;
#40 = ORIENTED_EDGE ( 'NONE', *, *, #425, .T. ) ;
#41 = LINE ( 'NONE', #1722, #2466 ) ;
#42 = DIRECTION ( 'NONE',  ( 1.000000000000000000, 0.000000000000000000, 0.000000000000000000 ) ) ;
#43 = DIRECTION ( 'NONE',  ( 1.000000000000000000, 0.000000000000000000, 0.000000000000000000 ) ) ;
#44 = COLOUR_RGB ( '',0.2509803921568627416, 0.2509803921568627416, 0.2509803921568627416 ) ;
#45 = DIRECTION ( 'NONE',  ( 1.000000000000000000, 0.000000000000000000, 0.000000000000000000 ) ) ;
#46 = DIRECTION ( 'NONE',  ( -1.000000000000000000, 0.000000000000000000, -1.495451272393800035E-16 ) ) ;
#47 = CARTESIAN_POINT ( 'NONE',  ( 2.899999999999999911, 2.500000000000000000, 3.050000000000000266 ) ) ;
#48 = CARTESIAN_POINT ( 'NONE',  ( 0.000000000000000000, 0.000000000000000000, 0.000000000000000000 ) ) ;
#49 = DIRECTION ( 'NONE',  ( 0.000000000000000000, 0.000000000000000000, -1.000000000000000000 ) ) ;
#50 = VERTEX_POINT ( 'NONE', #2425 ) ;
#51 = UNCERTAINTY_MEASURE_WITH_UNIT (LENGTH_MEASURE( 1.000000000000000082E-05 ), #3462, 'distance_accuracy_value', 'NONE');
#52 = DIRECTION ( 'NONE',  ( -1.000000000000000000, 0.000000000000000000, 0.000000000000000000 ) ) ;
#53 = PLANE ( 'NONE',  #1534 ) ;
#54 = EDGE_CURVE ( 'NONE', #278, #1895, #1601, .T. ) ;
#55 = ORIENTED_EDGE ( 'NONE', *, *, #964, .T. ) ;
#56 = CARTESIAN_POINT ( 'NONE',  ( 2.899999999999999911, 2.279999999999999805, -2.850000000000000089 ) ) ;
#57 = ORIENTED_EDGE ( 'NONE', *, *, #1686, .F. ) ;
#58 = EDGE_CURVE ( 'NONE', #2904, #820, #2445, .T. ) ;
#59 = VECTOR ( 'NONE', #2892, 1000.000000000000000 ) ;
#60 = DIRECTION ( 'NONE',  ( 0.000000000000000000, 0.000000000000000000, -1.000000000000000000 ) ) ;
#61 = CARTESIAN_POINT ( 'NONE',  ( 2.899999999999999911, 2.500000000000000000, -3.050000000000000266 ) ) ;
#62 = MECHANICAL_DESIGN_GEOMETRIC_PRESENTATION_REPRESENTATION (  '', ( #792 ), #962 ) ;
#63 = LINE ( 'NONE', #2211, #1347 ) ;
#64 = EDGE_CURVE ( 'NONE', #1200, #392, #1334, .T. ) ;
#65 = EDGE_CURVE ( 'NONE', #50, #1486, #2407, .T. ) ;
#66 = LINE ( 'NONE', #2723, #1153 ) ;
#67 =( GEOMETRIC_REPRESENTATION_CONTEXT ( 3 ) GLOBAL_UNCERTAINTY_ASSIGNED_CONTEXT ( ( #151 ) ) GLOBAL_UNIT_ASSIGNED_CONTEXT ( ( #1652, #2134, #535 ) ) REPRESENTATION_CONTEXT ( 'NONE', 'WORKASPACE' ) );
#68 = FILL_AREA_STYLE_COLOUR ( '', #637 ) ;
#69 = LINE ( 'NONE', #2529, #1060 ) ;
#70 = EDGE_LOOP ( 'NONE', ( #459, #1631, #738, #3454, #1472, #3223 ) ) ;
#71 = EDGE_LOOP ( 'NONE', ( #966, #1699, #3325, #2848 ) ) ;
#72 = VECTOR ( 'NONE', #2369, 1000.000000000000000 ) ;
#73 = MECHANICAL_DESIGN_GEOMETRIC_PRESENTATION_REPRESENTATION (  '', ( #2095 ), #10 ) ;
#74 = DIRECTION ( 'NONE',  ( 1.445602896647339903E-16, 1.000000000000000000, 0.000000000000000000 ) ) ;
#75 = EDGE_LOOP ( 'NONE', ( #1109, #2459, #2206, #1001, #2299, #266 ) ) ;
#76 = VECTOR ( 'NONE', #2083, 1000.000000000000000 ) ;
#77 = DIRECTION ( 'NONE',  ( -1.000000000000000000, 0.000000000000000000, -1.398970545142586048E-16 ) ) ;
#78 = CARTESIAN_POINT ( 'NONE',  ( -3.100000000000000089, 0.1000000000000000056, 2.850000000000000089 ) ) ;
#79 = FACE_OUTER_BOUND ( 'NONE', #3337, .T. ) ;
#80 = CARTESIAN_POINT ( 'NONE',  ( 3.100000000000000089, 2.500000000000000000, -2.850000000000000089 ) ) ;
#81 = EDGE_CURVE ( 'NONE', #3244, #3279, #804, .T. ) ;
#82 = DIRECTION ( 'NONE',  ( 0.7071067811865450192, 0.7071067811865500152, 0.000000000000000000 ) ) ;
#83 = FACE_OUTER_BOUND ( 'NONE', #245, .T. ) ;
#84 = ORIENTED_EDGE ( 'NONE', *, *, #2666, .T. ) ;
#85 = EDGE_LOOP ( 'NONE', ( #1284, #2937, #2761, #2521 ) ) ;
#86 = VECTOR ( 'NONE', #3100, 1000.000000000000000 ) ;
#87 = PRESENTATION_LAYER_ASSIGNMENT (  '', '', ( #2397 ) ) ;
#88 = CARTESIAN_POINT ( 'NONE',  ( 1.500000000000000000, 1.699999999999999956, -2.850000000000000089 ) ) ;
#89 = ORIENTED_EDGE ( 'NONE', *, *, #470, .T. ) ;
#90 = DIRECTION ( 'NONE',  ( 0.000000000000000000, -1.000000000000000000, 0.000000000000000000 ) ) ;
#91 =( LENGTH_UNIT ( ) NAMED_UNIT ( * ) SI_UNIT ( .MILLI., .METRE. ) );
#92 = CARTESIAN_POINT ( 'NONE',  ( -3.500000000000000000, 1.199999999999999956, -2.350000000000000089 ) ) ;
#93 = CARTESIAN_POINT ( 'NONE',  ( -2.899999999999999911, 2.279999999999999805, 2.850000000000000089 ) ) ;
#94 = EDGE_CURVE ( 'NONE', #3189, #3397, #1306, .T. ) ;
#95 = VECTOR ( 'NONE', #2035, 1000.000000000000000 ) ;
#96 = EDGE_CURVE ( 'NONE', #1717, #990, #2, .T. ) ;
#97 = COLOUR_RGB ( '',1.000000000000000000, 1.000000000000000000, 0.7529411764705882248 ) ;
#98 = CARTESIAN_POINT ( 'NONE',  ( -2.899999999999999911, 0.5000000000000000000, 3.050000000000000266 ) ) ;
#99 = LINE ( 'NONE', #2233, #1294 ) ;
#100 = EDGE_LOOP ( 'NONE', ( #2389, #705, #423, #208 ) ) ;
#101 = ORIENTED_EDGE ( 'NONE', *, *, #597, .F. ) ;
#102 = EDGE_CURVE ( 'NONE', #984, #818, #1572, .T. ) ;
#103 = PLANE ( 'NONE',  #2812 ) ;
#104 = CARTESIAN_POINT ( 'NONE',  ( -1.600000000000000089, 1.000000000000000000, -3.050000000000000266 ) ) ;
#105 = LINE ( 'NONE', #1190, #1999 ) ;
#106 = ADVANCED_FACE ( 'NONE', ( #2784 ), #1977, .T. ) ;
#107 = ORIENTED_EDGE ( 'NONE', *, *, #519, .T. ) ;
#108 = SURFACE_STYLE_FILL_AREA ( #2837 ) ;
#109 = LINE ( 'NONE', #78, #2088 ) ;
#110 = AXIS2_PLACEMENT_3D ( 'NONE', #1702, #2172, #3307 ) ;
#111 = COLOUR_RGB ( '',0.2509803921568627416, 0.2509803921568627416, 0.2509803921568627416 ) ;
#112 = DIRECTION ( 'NONE',  ( 1.000000000000000000, 0.000000000000000000, -1.398970545142586048E-16 ) ) ;
#113 = MECHANICAL_DESIGN_GEOMETRIC_PRESENTATION_REPRESENTATION (  '', ( #3381 ), #235 ) ;
#114 = CARTESIAN_POINT ( 'NONE',  ( -3.200000000000000178, 0.2999999999999999889, -2.350000000000000089 ) ) ;
#115 = EDGE_LOOP ( 'NONE', ( #1774, #3131, #192, #3171, #2253, #878, #55, #852, #2842, #1956, #489, #382 ) ) ;
#116 = ORIENTED_EDGE ( 'NONE', *, *, #865, .T. ) ;
#117 = LINE ( 'NONE', #2798, #2022 ) ;
#118 = EDGE_CURVE ( 'NONE', #3260, #267, #41, .T. ) ;
#119 = CARTESIAN_POINT ( 'NONE',  ( 2.200000000000000178, 0.000000000000000000, 2.350000000000000089 ) ) ;
#120 = VERTEX_POINT ( 'NONE', #1705 ) ;
#121 = LINE ( 'NONE', #3118, #1680 ) ;
#122 = DIRECTION ( 'NONE',  ( 4.818676322157800333E-16, -1.000000000000000000, 0.000000000000000000 ) ) ;
#123 = AXIS2_PLACEMENT_3D ( 'NONE', #2827, #411, #1500 ) ;
#124 = VECTOR ( 'NONE', #2228, 1000.000000000000000 ) ;
#125 = EDGE_CURVE ( 'NONE', #499, #2692, #372, .T. ) ;
#126 = DIRECTION ( 'NONE',  ( -1.000000000000000000, 4.336808689942015271E-16, 0.000000000000000000 ) ) ;
#127 = VERTEX_POINT ( 'NONE', #2192 ) ;
#128 = DIRECTION ( 'NONE',  ( -1.398970545142586048E-16, 0.000000000000000000, 1.000000000000000000 ) ) ;
#129 = DIRECTION ( 'NONE',  ( 0.000000000000000000, 1.000000000000000000, -6.195440985631460248E-16 ) ) ;
#130 = SURFACE_SIDE_STYLE ('',( #631 ) ) ;
#131 = ORIENTED_EDGE ( 'NONE', *, *, #2778, .F. ) ;
#132 = PLANE ( 'NONE',  #855 ) ;
#133 = DIRECTION ( 'NONE',  ( 0.000000000000000000, 0.000000000000000000, 1.000000000000000000 ) ) ;
#134 =( LENGTH_UNIT ( ) NAMED_UNIT ( * ) SI_UNIT ( .MILLI., .METRE. ) );
#135 = ORIENTED_EDGE ( 'NONE', *, *, #816, .T. ) ;
#136 = DIRECTION ( 'NONE',  ( -2.168404344971010101E-16, -1.000000000000000000, 0.000000000000000000 ) ) ;
#137 = EDGE_CURVE ( 'NONE', #1355, #801, #356, .T. ) ;
#138 = VECTOR ( 'NONE', #2630, 1000.000000000000000 ) ;
#139 = DIRECTION ( 'NONE',  ( 4.818676322157800333E-16, 1.000000000000000000, 0.000000000000000000 ) ) ;
#140 = SURFACE_STYLE_USAGE ( .BOTH. , #2011 ) ;
#141 = SURFACE_SIDE_STYLE ('',( #3365 ) ) ;
#142 = ORIENTED_EDGE ( 'NONE', *, *, #2926, .F. ) ;
#143 = DIRECTION ( 'NONE',  ( 0.000000000000000000, -1.000000000000000000, 0.000000000000000000 ) ) ;
#144 = VECTOR ( 'NONE', #685, 1000.000000000000000 ) ;
#145 = EDGE_CURVE ( 'NONE', #3208, #1909, #2769, .T. ) ;
#146 = DIRECTION ( 'NONE',  ( 0.000000000000000000, 0.000000000000000000, -1.000000000000000000 ) ) ;
#147 = AXIS2_PLACEMENT_3D ( 'NONE', #1403, #1610, #1105 ) ;
#148 = CARTESIAN_POINT ( 'NONE',  ( -3.100000000000000089, 2.500000000000000000, 2.850000000000000089 ) ) ;
#149 = ORIENTED_EDGE ( 'NONE', *, *, #1794, .F. ) ;
#150 = ORIENTED_EDGE ( 'NONE', *, *, #1540, .F. ) ;
#151 = UNCERTAINTY_MEASURE_WITH_UNIT (LENGTH_MEASURE( 1.000000000000000082E-05 ), #1652, 'distance_accuracy_value', 'NONE');
#152 = FILL_AREA_STYLE ('',( #2985 ) ) ;
#153 = AXIS2_PLACEMENT_3D ( 'NONE', #1903, #863, #43 ) ;
#154 = PLANE ( 'NONE',  #2872 ) ;
#155 = DIRECTION ( 'NONE',  ( 1.445602896647339903E-16, 1.000000000000000000, 0.000000000000000000 ) ) ;
#156 = VERTEX_POINT ( 'NONE', #3021 ) ;
#157 = CARTESIAN_POINT ( 'NONE',  ( 1.500000000000000000, 1.000000000000000000, 3.250000000000000000 ) ) ;
#158 = ADVANCED_FACE ( 'NONE', ( #2179 ), #891, .F. ) ;
#159 = CARTESIAN_POINT ( 'NONE',  ( 1.500000000000000000, 1.699999999999999956, -2.850000000000000089 ) ) ;
#160 = LINE ( 'NONE', #3154, #1602 ) ;
#161 = EDGE_LOOP ( 'NONE', ( #3229, #2520, #1404, #116 ) ) ;
#162 = FILL_AREA_STYLE ('',( #1459 ) ) ;
#163 = EDGE_LOOP ( 'NONE', ( #857, #1003, #462, #1371 ) ) ;
#164 = DIRECTION ( 'NONE',  ( 0.7071067811865500152, -0.7071067811865450192, 0.000000000000000000 ) ) ;
#165 = EDGE_CURVE ( 'NONE', #1200, #2462, #2990, .T. ) ;
#166 =( GEOMETRIC_REPRESENTATION_CONTEXT ( 3 ) GLOBAL_UNCERTAINTY_ASSIGNED_CONTEXT ( ( #2306 ) ) GLOBAL_UNIT_ASSIGNED_CONTEXT ( ( #1889, #1311, #1297 ) ) REPRESENTATION_CONTEXT ( 'NONE', 'WORKASPACE' ) );
#167 = MECHANICAL_DESIGN_GEOMETRIC_PRESENTATION_REPRESENTATION (  '', ( #1972 ), #3427 ) ;
#168 = CARTESIAN_POINT ( 'NONE',  ( -3.100000000000000089, 2.279999999999999805, 2.850000000000000089 ) ) ;
#169 = PLANE ( 'NONE',  #946 ) ;
#170 = VERTEX_POINT ( 'NONE', #1147 ) ;
#171 = ORIENTED_EDGE ( 'NONE', *, *, #789, .F. ) ;
#172 = VERTEX_POINT ( 'NONE', #2527 ) ;
#173 = DIRECTION ( 'NONE',  ( 0.000000000000000000, 0.000000000000000000, 1.000000000000000000 ) ) ;
#174 = CARTESIAN_POINT ( 'NONE',  ( 3.100000000000000089, 2.279999999999999805, 1.649999999999999911 ) ) ;
#175 = CARTESIAN_POINT ( 'NONE',  ( -3.100000000000000089, 2.279999999999999805, 2.850000000000000089 ) ) ;
#176 = CARTESIAN_POINT ( 'NONE',  ( -2.899999999999999911, 2.279999999999999805, -2.649999999999999911 ) ) ;
#177 = ORIENTED_EDGE ( 'NONE', *, *, #2386, .T. ) ;
#178 = VECTOR ( 'NONE', #2065, 1000.000000000000000 ) ;
#179 = CARTESIAN_POINT ( 'NONE',  ( 1.500000000000000000, 1.000000000000000000, -2.850000000000000089 ) ) ;
#180 =( LENGTH_UNIT ( ) NAMED_UNIT ( * ) SI_UNIT ( .MILLI., .METRE. ) );
#181 = LINE ( 'NONE', #285, #3217 ) ;
#182 = ORIENTED_EDGE ( 'NONE', *, *, #1163, .T. ) ;
#183 = CARTESIAN_POINT ( 'NONE',  ( 2.200000000000000178, 0.2999999999999999889, 2.350000000000000089 ) ) ;
#184 = VERTEX_POINT ( 'NONE', #1425 ) ;
#185 = VECTOR ( 'NONE', #1851, 1000.000000000000000 ) ;
#186 = SURFACE_STYLE_USAGE ( .BOTH. , #729 ) ;
#187 = AXIS2_PLACEMENT_3D ( 'NONE', #2934, #2883, #2069 ) ;
#188 = ORIENTED_EDGE ( 'NONE', *, *, #3350, .T. ) ;
#189 = PRESENTATION_LAYER_ASSIGNMENT (  '', '', ( #17 ) ) ;
#190 = COLOUR_RGB ( '',0.2509803921568627416, 0.2509803921568627416, 0.2509803921568627416 ) ;
#191 = EDGE_CURVE ( 'NONE', #975, #2673, #641, .T. ) ;
#192 = ORIENTED_EDGE ( 'NONE', *, *, #3252, .T. ) ;
#193 = FACE_OUTER_BOUND ( 'NONE', #3129, .T. ) ;
#194 = ORIENTED_EDGE ( 'NONE', *, *, #1252, .T. ) ;
#195 = ORIENTED_EDGE ( 'NONE', *, *, #318, .T. ) ;
#196 = VERTEX_POINT ( 'NONE', #1441 ) ;
#197 = FACE_OUTER_BOUND ( 'NONE', #3165, .T. ) ;
#198 = FILL_AREA_STYLE_COLOUR ( '', #111 ) ;
#199 = ORIENTED_EDGE ( 'NONE', *, *, #3158, .T. ) ;
#200 = DIRECTION ( 'NONE',  ( 0.000000000000000000, 0.000000000000000000, -1.000000000000000000 ) ) ;
#201 = SURFACE_STYLE_USAGE ( .BOTH. , #1303 ) ;
#202 = EDGE_LOOP ( 'NONE', ( #1594, #1580, #302, #1416 ) ) ;
#203 = LINE ( 'NONE', #1019, #76 ) ;
#204 = VECTOR ( 'NONE', #3360, 1000.000000000000000 ) ;
#205 = ORIENTED_EDGE ( 'NONE', *, *, #2079, .F. ) ;
#206 = ADVANCED_FACE ( 'NONE', ( #3281, #840 ), #3297, .F. ) ;
#207 =( LENGTH_UNIT ( ) NAMED_UNIT ( * ) SI_UNIT ( .MILLI., .METRE. ) );
#208 = ORIENTED_EDGE ( 'NONE', *, *, #1940, .T. ) ;
#209 = EDGE_CURVE ( 'NONE', #1895, #1172, #3159, .T. ) ;
#210 = ORIENTED_EDGE ( 'NONE', *, *, #209, .T. ) ;
#211 = FACE_OUTER_BOUND ( 'NONE', #648, .T. ) ;
#212 = DIRECTION ( 'NONE',  ( 0.000000000000000000, 0.000000000000000000, -1.000000000000000000 ) ) ;
#213 = LINE ( 'NONE', #2691, #1735 ) ;
#214 = ORIENTED_EDGE ( 'NONE', *, *, #2722, .F. ) ;
#215 = EDGE_CURVE ( 'NONE', #170, #608, #1394, .T. ) ;
#216 = VECTOR ( 'NONE', #3379, 1000.000000000000000 ) ;
#217 =( NAMED_UNIT ( * ) SI_UNIT ( $, .STERADIAN. ) SOLID_ANGLE_UNIT ( ) );
#218 = FACE_OUTER_BOUND ( 'NONE', #453, .T. ) ;
#219 = EDGE_CURVE ( 'NONE', #761, #2421, #1657, .T. ) ;
#220 = DIRECTION ( 'NONE',  ( 0.000000000000000000, 0.000000000000000000, -1.000000000000000000 ) ) ;
#221 = ORIENTED_EDGE ( 'NONE', *, *, #2195, .T. ) ;
#222 = ORIENTED_EDGE ( 'NONE', *, *, #865, .F. ) ;
#223 = ORIENTED_EDGE ( 'NONE', *, *, #1848, .F. ) ;
#224 = DIRECTION ( 'NONE',  ( -1.000000000000000000, 0.000000000000000000, 0.000000000000000000 ) ) ;
#225 = EDGE_LOOP ( 'NONE', ( #142, #2090, #3494, #1143 ) ) ;
#226 = EDGE_CURVE ( 'NONE', #3194, #996, #1129, .T. ) ;
#227 = PRESENTATION_LAYER_ASSIGNMENT (  '', '', ( #792 ) ) ;
#228 = FILL_AREA_STYLE_COLOUR ( '', #1269 ) ;
#229 = DIRECTION ( 'NONE',  ( 0.000000000000000000, -1.000000000000000000, 0.000000000000000000 ) ) ;
#230 = ORIENTED_EDGE ( 'NONE', *, *, #1329, .F. ) ;
#231 =( NAMED_UNIT ( * ) PLANE_ANGLE_UNIT ( ) SI_UNIT ( $, .RADIAN. ) );
#232 = ADVANCED_FACE ( 'NONE', ( #2242 ), #1674, .F. ) ;
#233 = CARTESIAN_POINT ( 'NONE',  ( 3.100000000000000089, 2.299999999999999822, -2.850000000000000089 ) ) ;
#234 = ORIENTED_EDGE ( 'NONE', *, *, #2085, .T. ) ;
#235 =( GEOMETRIC_REPRESENTATION_CONTEXT ( 3 ) GLOBAL_UNCERTAINTY_ASSIGNED_CONTEXT ( ( #1924 ) ) GLOBAL_UNIT_ASSIGNED_CONTEXT ( ( #91, #3298, #2280 ) ) REPRESENTATION_CONTEXT ( 'NONE', 'WORKASPACE' ) );
#236 = DIRECTION ( 'NONE',  ( 0.000000000000000000, 0.000000000000000000, 1.000000000000000000 ) ) ;
#237 = LINE ( 'NONE', #1375, #1289 ) ;
#238 = EDGE_CURVE ( 'NONE', #1846, #801, #625, .T. ) ;
#239 = ORIENTED_EDGE ( 'NONE', *, *, #2263, .F. ) ;
#240 = AXIS2_PLACEMENT_3D ( 'NONE', #275, #1359, #2575 ) ;
#241 = DIRECTION ( 'NONE',  ( 0.000000000000000000, 0.000000000000000000, -1.000000000000000000 ) ) ;
#242 = DIRECTION ( 'NONE',  ( 0.000000000000000000, 1.000000000000000000, 0.000000000000000000 ) ) ;
#243 = LINE ( 'NONE', #260, #3236 ) ;
#244 = CARTESIAN_POINT ( 'NONE',  ( 2.899999999999999911, 0.5000000000000000000, -2.850000000000000089 ) ) ;
#245 = EDGE_LOOP ( 'NONE', ( #569, #1569 ) ) ;
#246 =( LENGTH_UNIT ( ) NAMED_UNIT ( * ) SI_UNIT ( .MILLI., .METRE. ) );
#247 = LINE ( 'NONE', #1388, #1971 ) ;
#248 = DIRECTION ( 'NONE',  ( 1.000000000000000000, 0.000000000000000000, 0.000000000000000000 ) ) ;
#249 = EDGE_LOOP ( 'NONE', ( #606, #515, #1627, #463 ) ) ;
#250 = LINE ( 'NONE', #2405, #2772 ) ;
#251 = EDGE_CURVE ( 'NONE', #3062, #414, #3310, .T. ) ;
#252 = DIRECTION ( 'NONE',  ( 0.000000000000000000, -1.000000000000000000, 0.000000000000000000 ) ) ;
#253 = CARTESIAN_POINT ( 'NONE',  ( -2.899999999999999911, 2.500000000000000000, -2.850000000000000089 ) ) ;
#254 = ORIENTED_EDGE ( 'NONE', *, *, #3249, .F. ) ;
#255 = FILL_AREA_STYLE ('',( #692 ) ) ;
#256 = VECTOR ( 'NONE', #2750, 1000.000000000000000 ) ;
#257 = LINE ( 'NONE', #2641, #3055 ) ;
#258 = VECTOR ( 'NONE', #1229, 1000.000000000000000 ) ;
#259 = FACE_OUTER_BOUND ( 'NONE', #1199, .T. ) ;
#260 = CARTESIAN_POINT ( 'NONE',  ( 2.899999999999999911, 2.279999999999999805, 2.649999999999999911 ) ) ;
#261 = DIRECTION ( 'NONE',  ( 0.000000000000000000, 0.000000000000000000, 1.000000000000000000 ) ) ;
#262 = ORIENTED_EDGE ( 'NONE', *, *, #2464, .F. ) ;
#263 = FACE_OUTER_BOUND ( 'NONE', #2680, .T. ) ;
#264 = ORIENTED_EDGE ( 'NONE', *, *, #2414, .F. ) ;
#265 = CARTESIAN_POINT ( 'NONE',  ( -3.200000000000000178, 0.2999999999999999889, 1.649999999999999911 ) ) ;
#266 = ORIENTED_EDGE ( 'NONE', *, *, #2624, .F. ) ;
#267 = VERTEX_POINT ( 'NONE', #722 ) ;
#268 = LINE ( 'NONE', #2683, #2267 ) ;
#269 = DIRECTION ( 'NONE',  ( -1.000000000000000000, 0.000000000000000000, -1.398970545142586048E-16 ) ) ;
#270 = LINE ( 'NONE', #3008, #396 ) ;
#271 = VECTOR ( 'NONE', #325, 1000.000000000000000 ) ;
#272 = CARTESIAN_POINT ( 'NONE',  ( 3.100000000000000089, 2.279999999999999805, 2.850000000000000089 ) ) ;
#273 = CARTESIAN_POINT ( 'NONE',  ( -3.100000000000000089, 2.500000000000000000, 2.850000000000000089 ) ) ;
#274 = EDGE_CURVE ( 'NONE', #3061, #1493, #667, .T. ) ;
#275 = CARTESIAN_POINT ( 'NONE',  ( 3.200000000000000178, 0.2999999999999999889, 2.350000000000000089 ) ) ;
#276 = ADVANCED_FACE ( 'NONE', ( #1750 ), #2818, .F. ) ;
#277 = DIRECTION ( 'NONE',  ( -1.000000000000000000, 0.000000000000000000, 0.000000000000000000 ) ) ;
#278 = VERTEX_POINT ( 'NONE', #924 ) ;
#279 = VECTOR ( 'NONE', #52, 1000.000000000000000 ) ;
#280 = DIRECTION ( 'NONE',  ( -1.495451272393800035E-16, 0.000000000000000000, 1.000000000000000000 ) ) ;
#281 = FILL_AREA_STYLE ('',( #1330 ) ) ;
#282 = VECTOR ( 'NONE', #3378, 1000.000000000000000 ) ;
#283 = ORIENTED_EDGE ( 'NONE', *, *, #1102, .T. ) ;
#284 = EDGE_LOOP ( 'NONE', ( #283, #1301, #1146, #1481 ) ) ;
#285 = CARTESIAN_POINT ( 'NONE',  ( -3.100000000000000089, 2.500000000000000000, 2.850000000000000089 ) ) ;
#286 = VERTEX_POINT ( 'NONE', #2278 ) ;
#287 = DIRECTION ( 'NONE',  ( -1.000000000000000000, 0.000000000000000000, 0.000000000000000000 ) ) ;
#288 = CARTESIAN_POINT ( 'NONE',  ( -1.899999999999999911, 0.000000000000000000, -1.500000000000000000 ) ) ;
#289 = LINE ( 'NONE', #842, #2859 ) ;
#290 =( NAMED_UNIT ( * ) SI_UNIT ( $, .STERADIAN. ) SOLID_ANGLE_UNIT ( ) );
#291 = LINE ( 'NONE', #2979, #2266 ) ;
#292 = EDGE_CURVE ( 'NONE', #1992, #1374, #2064, .T. ) ;
#293 = COLOUR_RGB ( '',0.2509803921568627416, 0.2509803921568627416, 0.2509803921568627416 ) ;
#294 = SHAPE_DEFINITION_REPRESENTATION ( #3091, #3326 ) ;
#295 = CARTESIAN_POINT ( 'NONE',  ( -2.200000000000000178, -5.388267956818460133E-16, 1.649999999999999911 ) ) ;
#296 = ORIENTED_EDGE ( 'NONE', *, *, #2230, .T. ) ;
#297 = AXIS2_PLACEMENT_3D ( 'NONE', #849, #3235, #2184 ) ;
#298 = VECTOR ( 'NONE', #2086, 1000.000000000000000 ) ;
#299 = FACE_OUTER_BOUND ( 'NONE', #1671, .T. ) ;
#300 = VERTEX_POINT ( 'NONE', #2296 ) ;
#301 = CARTESIAN_POINT ( 'NONE',  ( 2.899999999999999911, 2.500000000000000000, 2.850000000000000089 ) ) ;
#302 = ORIENTED_EDGE ( 'NONE', *, *, #1285, .F. ) ;
#303 = DIRECTION ( 'NONE',  ( -1.000000000000000000, -6.505213034913019702E-16, 0.000000000000000000 ) ) ;
#304 = LINE ( 'NONE', #1883, #1085 ) ;
#305 = LINE ( 'NONE', #1396, #895 ) ;
#306 = LINE ( 'NONE', #2468, #2607 ) ;
#307 = DIRECTION ( 'NONE',  ( -1.000000000000000000, 0.000000000000000000, 0.000000000000000000 ) ) ;
#308 = VECTOR ( 'NONE', #1422, 1000.000000000000000 ) ;
#309 = DIRECTION ( 'NONE',  ( 0.000000000000000000, 0.000000000000000000, -1.000000000000000000 ) ) ;
#310 = VECTOR ( 'NONE', #252, 1000.000000000000000 ) ;
#311 = EDGE_CURVE ( 'NONE', #2967, #2127, #2845, .T. ) ;
#312 = VECTOR ( 'NONE', #2436, 1000.000000000000000 ) ;
#313 = FACE_OUTER_BOUND ( 'NONE', #2853, .T. ) ;
#314 = ORIENTED_EDGE ( 'NONE', *, *, #2174, .T. ) ;
#315 = VECTOR ( 'NONE', #1112, 1000.000000000000000 ) ;
#316 = LINE ( 'NONE', #2456, #2427 ) ;
#317 = CARTESIAN_POINT ( 'NONE',  ( 3.200000000000000178, 1.199999999999999956, -2.350000000000000089 ) ) ;
#318 = EDGE_CURVE ( 'NONE', #2444, #2178, #3343, .T. ) ;
#319 = ORIENTED_EDGE ( 'NONE', *, *, #2122, .F. ) ;
#320 = CARTESIAN_POINT ( 'NONE',  ( 2.899999999999999911, 0.5000000000000000000, 3.050000000000000266 ) ) ;
#321 = ORIENTED_EDGE ( 'NONE', *, *, #2249, .T. ) ;
#322 = DIRECTION ( 'NONE',  ( 0.7071067811865500152, -0.7071067811865450192, 0.000000000000000000 ) ) ;
#323 = FACE_OUTER_BOUND ( 'NONE', #481, .T. ) ;
#324 = MECHANICAL_DESIGN_GEOMETRIC_PRESENTATION_REPRESENTATION (  '', ( #2354 ), #3358 ) ;
#325 = DIRECTION ( 'NONE',  ( -2.168404344971010101E-16, -1.000000000000000000, 0.000000000000000000 ) ) ;
#326 = PRESENTATION_LAYER_ASSIGNMENT (  '', '', ( #2470 ) ) ;
#327 = FACE_OUTER_BOUND ( 'NONE', #3361, .T. ) ;
#328 = DIRECTION ( 'NONE',  ( -1.000000000000000000, 0.000000000000000000, -1.398970545142586048E-16 ) ) ;
#329 =( NAMED_UNIT ( * ) PLANE_ANGLE_UNIT ( ) SI_UNIT ( $, .RADIAN. ) );
#330 = EDGE_CURVE ( 'NONE', #349, #2118, #1994, .T. ) ;
#331 =( NAMED_UNIT ( * ) SI_UNIT ( $, .STERADIAN. ) SOLID_ANGLE_UNIT ( ) );
#332 = ORIENTED_EDGE ( 'NONE', *, *, #3019, .T. ) ;
#333 = ORIENTED_EDGE ( 'NONE', *, *, #2414, .T. ) ;
#334 =( NAMED_UNIT ( * ) SI_UNIT ( $, .STERADIAN. ) SOLID_ANGLE_UNIT ( ) );
#335 = EDGE_LOOP ( 'NONE', ( #2077, #2508, #2577, #2355, #2048, #654, #199, #2642 ) ) ;
#336 = LINE ( 'NONE', #1391, #2227 ) ;
#337 = ORIENTED_EDGE ( 'NONE', *, *, #778, .F. ) ;
#338 = AXIS2_PLACEMENT_3D ( 'NONE', #2006, #3080, #133 ) ;
#339 = DIRECTION ( 'NONE',  ( 1.000000000000000000, 0.000000000000000000, -1.398970545142586048E-16 ) ) ;
#340 = EDGE_CURVE ( 'NONE', #1178, #2643, #1789, .T. ) ;
#341 = LINE ( 'NONE', #3084, #3271 ) ;
#342 = DIRECTION ( 'NONE',  ( 0.000000000000000000, 0.000000000000000000, 1.000000000000000000 ) ) ;
#343 = EDGE_CURVE ( 'NONE', #2159, #2608, #3362, .T. ) ;
#344 = DIRECTION ( 'NONE',  ( 0.000000000000000000, -1.000000000000000000, 0.000000000000000000 ) ) ;
#345 = VECTOR ( 'NONE', #2243, 1000.000000000000000 ) ;
#346 = CARTESIAN_POINT ( 'NONE',  ( -3.100000000000000089, 0.1000000000000000056, -2.350000000000000089 ) ) ;
#347 = DIRECTION ( 'NONE',  ( 0.000000000000000000, 0.000000000000000000, -1.000000000000000000 ) ) ;
#348 = ORIENTED_EDGE ( 'NONE', *, *, #1104, .F. ) ;
#349 = VERTEX_POINT ( 'NONE', #1550 ) ;
#350 = VECTOR ( 'NONE', #1399, 1000.000000000000000 ) ;
#351 = PLANE ( 'NONE',  #1139 ) ;
#352 = MECHANICAL_DESIGN_GEOMETRIC_PRESENTATION_REPRESENTATION (  '', ( #920 ), #1205 ) ;
#353 = DIRECTION ( 'NONE',  ( 1.000000000000000000, 0.000000000000000000, 1.398970545142586048E-16 ) ) ;
#354 = ORIENTED_EDGE ( 'NONE', *, *, #2746, .T. ) ;
#355 = AXIS2_PLACEMENT_3D ( 'NONE', #2245, #1739, #2807 ) ;
#356 = LINE ( 'NONE', #1456, #938 ) ;
#357 = EDGE_CURVE ( 'NONE', #3185, #1946, #2045, .T. ) ;
#358 = EDGE_CURVE ( 'NONE', #3006, #1172, #121, .T. ) ;
#359 = ADVANCED_FACE ( 'NONE', ( #1474 ), #2876, .F. ) ;
#360 = DIRECTION ( 'NONE',  ( -0.000000000000000000, 1.000000000000000000, 0.000000000000000000 ) ) ;
#361 = SURFACE_STYLE_FILL_AREA ( #2284 ) ;
#362 = EDGE_CURVE ( 'NONE', #1009, #1754, #3139, .T. ) ;
#363 = LINE ( 'NONE', #98, #464 ) ;
#364 = CARTESIAN_POINT ( 'NONE',  ( 3.100000000000000089, 2.500000000000000000, -2.850000000000000089 ) ) ;
#365 = VERTEX_POINT ( 'NONE', #1267 ) ;
#366 = VERTEX_POINT ( 'NONE', #157 ) ;
#367 = VECTOR ( 'NONE', #212, 1000.000000000000000 ) ;
#368 = DIRECTION ( 'NONE',  ( 0.000000000000000000, 0.000000000000000000, -1.000000000000000000 ) ) ;
#369 = VECTOR ( 'NONE', #616, 1000.000000000000000 ) ;
#370 = DIRECTION ( 'NONE',  ( -1.000000000000000000, 7.228014483236700500E-16, 0.000000000000000000 ) ) ;
#371 = ORIENTED_EDGE ( 'NONE', *, *, #1558, .T. ) ;
#372 = LINE ( 'NONE', #3052, #487 ) ;
#373 = CARTESIAN_POINT ( 'NONE',  ( -1.600000000000000089, 2.279999999999999805, 2.850000000000000089 ) ) ;
#374 = EDGE_CURVE ( 'NONE', #504, #431, #956, .T. ) ;
#375 = CARTESIAN_POINT ( 'NONE',  ( 2.000000000000000000, 0.1000000000000000056, -1.500000000000000000 ) ) ;
#376 = EDGE_CURVE ( 'NONE', #3336, #2474, #1733, .T. ) ;
#377 = VECTOR ( 'NONE', #1219, 1000.000000000000000 ) ;
#378 = ADVANCED_FACE ( 'NONE', ( #2801 ), #1767, .F. ) ;
#379 = CARTESIAN_POINT ( 'NONE',  ( -3.100000000000000089, 2.500000000000000000, 2.850000000000000089 ) ) ;
#380 = DIRECTION ( 'NONE',  ( 0.000000000000000000, 0.000000000000000000, 1.000000000000000000 ) ) ;
#381 = VERTEX_POINT ( 'NONE', #2364 ) ;
#382 = ORIENTED_EDGE ( 'NONE', *, *, #1329, .T. ) ;
#383 = ADVANCED_FACE ( 'NONE', ( #1031 ), #1612, .F. ) ;
#384 = AXIS2_PLACEMENT_3D ( 'NONE', #3151, #995, #2062 ) ;
#385 = PLANE ( 'NONE',  #3314 ) ;
#386 = DIRECTION ( 'NONE',  ( -1.000000000000000000, 4.336808689942015271E-16, 0.000000000000000000 ) ) ;
#387 = VERTEX_POINT ( 'NONE', #2665 ) ;
#388 = FILL_AREA_STYLE_COLOUR ( '', #2116 ) ;
#389 = DIRECTION ( 'NONE',  ( 0.000000000000000000, 0.000000000000000000, -1.000000000000000000 ) ) ;
#390 = DIRECTION ( 'NONE',  ( 0.000000000000000000, 0.000000000000000000, 1.000000000000000000 ) ) ;
#391 = FACE_OUTER_BOUND ( 'NONE', #413, .T. ) ;
#392 = VERTEX_POINT ( 'NONE', #3436 ) ;
#393 = FACE_OUTER_BOUND ( 'NONE', #2781, .T. ) ;
#394 = VECTOR ( 'NONE', #3097, 1000.000000000000000 ) ;
#395 = CARTESIAN_POINT ( 'NONE',  ( -1.899999999999999911, 0.000000000000000000, 1.500000000000000000 ) ) ;
#396 = VECTOR ( 'NONE', #594, 1000.000000000000000 ) ;
#397 = SURFACE_STYLE_USAGE ( .BOTH. , #130 ) ;
#398 = EDGE_LOOP ( 'NONE', ( #3485, #2632, #670, #3014 ) ) ;
#399 = EDGE_CURVE ( 'NONE', #156, #300, #3186, .T. ) ;
#400 = ORIENTED_EDGE ( 'NONE', *, *, #740, .F. ) ;
#401 = PRESENTATION_STYLE_ASSIGNMENT (( #1764 ) ) ;
#402 = CARTESIAN_POINT ( 'NONE',  ( 1.500000000000000000, 1.699999999999999956, 2.850000000000000089 ) ) ;
#403 = DIRECTION ( 'NONE',  ( 0.000000000000000000, 0.000000000000000000, -1.000000000000000000 ) ) ;
#404 = ORIENTED_EDGE ( 'NONE', *, *, #3306, .F. ) ;
#405 = DIRECTION ( 'NONE',  ( -7.228014483236700500E-16, -1.000000000000000000, 0.000000000000000000 ) ) ;
#406 = PLANE ( 'NONE',  #516 ) ;
#407 = AXIS2_PLACEMENT_3D ( 'NONE', #3121, #1017, #2618 ) ;
#408 = VECTOR ( 'NONE', #3209, 1000.000000000000000 ) ;
#409 = ORIENTED_EDGE ( 'NONE', *, *, #660, .F. ) ;
#410 = FACE_BOUND ( 'NONE', #1543, .T. ) ;
#411 = DIRECTION ( 'NONE',  ( -1.000000000000000000, 0.000000000000000000, 0.000000000000000000 ) ) ;
#412 = SURFACE_STYLE_USAGE ( .BOTH. , #522 ) ;
#413 = EDGE_LOOP ( 'NONE', ( #205, #1295, #3305, #1271 ) ) ;
#414 = VERTEX_POINT ( 'NONE', #1859 ) ;
#415 = SURFACE_STYLE_USAGE ( .BOTH. , #3338 ) ;
#416 = PLANE ( 'NONE',  #338 ) ;
#417 = LINE ( 'NONE', #175, #1726 ) ;
#418 = ORIENTED_EDGE ( 'NONE', *, *, #970, .F. ) ;
#419 = SURFACE_SIDE_STYLE ('',( #108 ) ) ;
#420 = VECTOR ( 'NONE', #1013, 1000.000000000000000 ) ;
#421 = EDGE_CURVE ( 'NONE', #3397, #1040, #3153, .T. ) ;
#422 = LINE ( 'NONE', #2332, #2379 ) ;
#423 = ORIENTED_EDGE ( 'NONE', *, *, #1298, .T. ) ;
#424 = CARTESIAN_POINT ( 'NONE',  ( -1.500000000000000000, 1.699999999999999956, 2.850000000000000089 ) ) ;
#425 = EDGE_CURVE ( 'NONE', #726, #1701, #496, .T. ) ;
#426 = EDGE_LOOP ( 'NONE', ( #900, #574, #2591, #348 ) ) ;
#427 = VECTOR ( 'NONE', #2261, 1000.000000000000000 ) ;
#428 = LINE ( 'NONE', #3395, #2099 ) ;
#429 = VECTOR ( 'NONE', #49, 1000.000000000000000 ) ;
#430 = ORIENTED_EDGE ( 'NONE', *, *, #2347, .F. ) ;
#431 = VERTEX_POINT ( 'NONE', #2965 ) ;
#432 = UNCERTAINTY_MEASURE_WITH_UNIT (LENGTH_MEASURE( 1.000000000000000082E-05 ), #1886, 'distance_accuracy_value', 'NONE');
#433 = DIRECTION ( 'NONE',  ( -0.000000000000000000, 1.000000000000000000, 0.000000000000000000 ) ) ;
#434 =( GEOMETRIC_REPRESENTATION_CONTEXT ( 3 ) GLOBAL_UNCERTAINTY_ASSIGNED_CONTEXT ( ( #679 ) ) GLOBAL_UNIT_ASSIGNED_CONTEXT ( ( #987, #1849, #2919 ) ) REPRESENTATION_CONTEXT ( 'NONE', 'WORKASPACE' ) );
#435 = SURFACE_SIDE_STYLE ('',( #1784 ) ) ;
#436 = DIRECTION ( 'NONE',  ( 0.000000000000000000, -1.000000000000000000, 0.000000000000000000 ) ) ;
#437 = SURFACE_STYLE_USAGE ( .BOTH. , #1264 ) ;
#438 = ORIENTED_EDGE ( 'NONE', *, *, #2949, .F. ) ;
#439 = CARTESIAN_POINT ( 'NONE',  ( -3.200000000000000178, 0.2999999999999999889, 2.350000000000000089 ) ) ;
#440 = SURFACE_SIDE_STYLE ('',( #2650 ) ) ;
#441 = CARTESIAN_POINT ( 'NONE',  ( 1.600000000000000089, 2.500000000000000000, 3.050000000000000266 ) ) ;
#442 = ORIENTED_EDGE ( 'NONE', *, *, #2215, .F. ) ;
#443 = PLANE ( 'NONE',  #1628 ) ;
#444 = ADVANCED_FACE ( 'NONE', ( #263 ), #1595, .T. ) ;
#445 = VERTEX_POINT ( 'NONE', #2419 ) ;
#446 = ADVANCED_FACE ( 'NONE', ( #1084 ), #2152, .T. ) ;
#447 = STYLED_ITEM ( 'NONE', ( #1874 ), #383 ) ;
#448 = VECTOR ( 'NONE', #1608, 1000.000000000000000 ) ;
#449 = AXIS2_PLACEMENT_3D ( 'NONE', #2870, #1544, #454 ) ;
#450 = LINE ( 'NONE', #505, #185 ) ;
#451 = VERTEX_POINT ( 'NONE', #1015 ) ;
#452 = ORIENTED_EDGE ( 'NONE', *, *, #467, .T. ) ;
#453 = EDGE_LOOP ( 'NONE', ( #2964, #452, #1296, #1528, #195, #2695, #1385, #234 ) ) ;
#454 = DIRECTION ( 'NONE',  ( 1.000000000000000000, 0.000000000000000000, 0.000000000000000000 ) ) ;
#455 = VECTOR ( 'NONE', #2365, 1000.000000000000000 ) ;
#456 = DIRECTION ( 'NONE',  ( 1.000000000000000000, 0.000000000000000000, -1.398970545142586048E-16 ) ) ;
#457 = LINE ( 'NONE', #2569, #1619 ) ;
#458 = LINE ( 'NONE', #1547, #2977 ) ;
#459 = ORIENTED_EDGE ( 'NONE', *, *, #697, .T. ) ;
#460 = DIRECTION ( 'NONE',  ( -1.000000000000000000, 0.000000000000000000, 0.000000000000000000 ) ) ;
#461 = CARTESIAN_POINT ( 'NONE',  ( 2.200000000000000178, 0.2999999999999999889, 1.649999999999999911 ) ) ;
#462 = ORIENTED_EDGE ( 'NONE', *, *, #1463, .T. ) ;
#463 = ORIENTED_EDGE ( 'NONE', *, *, #1104, .T. ) ;
#464 = VECTOR ( 'NONE', #3075, 1000.000000000000000 ) ;
#465 = LINE ( 'NONE', #1038, #298 ) ;
#466 = MECHANICAL_DESIGN_GEOMETRIC_PRESENTATION_REPRESENTATION (  '', ( #2664 ), #2948 ) ;
#467 = EDGE_CURVE ( 'NONE', #887, #3149, #739, .T. ) ;
#468 = AXIS2_PLACEMENT_3D ( 'NONE', #2343, #2908, #3219 ) ;
#469 = AXIS2_PLACEMENT_3D ( 'NONE', #1021, #2656, #2316 ) ;
#470 = EDGE_CURVE ( 'NONE', #2186, #1729, #1158, .T. ) ;
#471 = DIRECTION ( 'NONE',  ( -2.168404344971010101E-16, 1.000000000000000000, 0.000000000000000000 ) ) ;
#472 = ORIENTED_EDGE ( 'NONE', *, *, #1900, .T. ) ;
#473 = ORIENTED_EDGE ( 'NONE', *, *, #673, .F. ) ;
#474 = EDGE_CURVE ( 'NONE', #3374, #1539, #316, .T. ) ;
#475 = DIRECTION ( 'NONE',  ( 1.445602896647339903E-16, -1.000000000000000000, 0.000000000000000000 ) ) ;
#476 = CARTESIAN_POINT ( 'NONE',  ( -1.600000000000000089, 2.500000000000000000, -3.050000000000000266 ) ) ;
#477 = CARTESIAN_POINT ( 'NONE',  ( -3.500000000000000000, 1.199999999999999956, 2.350000000000000089 ) ) ;
#478 = EDGE_LOOP ( 'NONE', ( #2621, #371, #2037, #3132, #1487, #2322, #757, #1687, #2378, #2113, #1227, #1654, #3137, #2559, #2697, #221, #2235, #2648, #182, #538 ) ) ;
#479 =( LENGTH_UNIT ( ) NAMED_UNIT ( * ) SI_UNIT ( .MILLI., .METRE. ) );
#480 = CARTESIAN_POINT ( 'NONE',  ( -3.100000000000000089, 0.1000000000000000056, 2.850000000000000089 ) ) ;
#481 = EDGE_LOOP ( 'NONE', ( #337, #690, #3451, #2637, #2530, #988 ) ) ;
#482 = SURFACE_STYLE_USAGE ( .BOTH. , #539 ) ;
#483 = VECTOR ( 'NONE', #3228, 1000.000000000000000 ) ;
#484 = VERTEX_POINT ( 'NONE', #1925 ) ;
#485 = FACE_OUTER_BOUND ( 'NONE', #1088, .T. ) ;
#486 = ADVANCED_FACE ( 'NONE', ( #2187 ), #351, .F. ) ;
#487 = VECTOR ( 'NONE', #303, 1000.000000000000000 ) ;
#488 = ORIENTED_EDGE ( 'NONE', *, *, #1938, .F. ) ;
#489 = ORIENTED_EDGE ( 'NONE', *, *, #740, .T. ) ;
#490 = EDGE_CURVE ( 'NONE', #445, #2150, #2491, .T. ) ;
#491 = CARTESIAN_POINT ( 'NONE',  ( -2.200000000000000178, 0.2999999999999999889, -1.649999999999999911 ) ) ;
#492 = DIRECTION ( 'NONE',  ( 1.445602896647339903E-16, -1.000000000000000000, 0.000000000000000000 ) ) ;
#493 = FACE_OUTER_BOUND ( 'NONE', #2441, .T. ) ;
#494 = ORIENTED_EDGE ( 'NONE', *, *, #2151, .F. ) ;
#495 =( GEOMETRIC_REPRESENTATION_CONTEXT ( 3 ) GLOBAL_UNCERTAINTY_ASSIGNED_CONTEXT ( ( #933 ) ) GLOBAL_UNIT_ASSIGNED_CONTEXT ( ( #1985, #2548, #2742 ) ) REPRESENTATION_CONTEXT ( 'NONE', 'WORKASPACE' ) );
#496 = LINE ( 'NONE', #2678, #1473 ) ;
#497 = PLANE ( 'NONE',  #2373 ) ;
#498 = LINE ( 'NONE', #1568, #993 ) ;
#499 = VERTEX_POINT ( 'NONE', #1173 ) ;
#500 = CARTESIAN_POINT ( 'NONE',  ( -1.600000000000000089, 1.000000000000000000, -2.850000000000000089 ) ) ;
#501 = ORIENTED_EDGE ( 'NONE', *, *, #399, .T. ) ;
#502 =( NAMED_UNIT ( * ) SI_UNIT ( $, .STERADIAN. ) SOLID_ANGLE_UNIT ( ) );
#503 = ORIENTED_EDGE ( 'NONE', *, *, #1407, .F. ) ;
#504 = VERTEX_POINT ( 'NONE', #2220 ) ;
#505 = CARTESIAN_POINT ( 'NONE',  ( -2.000000000000000000, 0.1000000000000000056, 1.500000000000000000 ) ) ;
#506 = VECTOR ( 'NONE', #1262, 1000.000000000000000 ) ;
#507 = AXIS2_PLACEMENT_3D ( 'NONE', #3377, #3114, #1746 ) ;
#508 = CARTESIAN_POINT ( 'NONE',  ( 1.500000000000000000, 1.699999999999999956, -3.250000000000000000 ) ) ;
#509 = EDGE_CURVE ( 'NONE', #1007, #2643, #1387, .T. ) ;
#510 = DIRECTION ( 'NONE',  ( -1.000000000000000000, 0.000000000000000000, 0.000000000000000000 ) ) ;
#511 = ORIENTED_EDGE ( 'NONE', *, *, #2087, .F. ) ;
#512 = DIRECTION ( 'NONE',  ( -1.398970545142586048E-16, 0.000000000000000000, 1.000000000000000000 ) ) ;
#513 = CARTESIAN_POINT ( 'NONE',  ( -2.200000000000000178, 0.2999999999999999889, 2.350000000000000089 ) ) ;
#514 = DIRECTION ( 'NONE',  ( 0.000000000000000000, 1.000000000000000000, 0.000000000000000000 ) ) ;
#515 = ORIENTED_EDGE ( 'NONE', *, *, #1035, .F. ) ;
#516 = AXIS2_PLACEMENT_3D ( 'NONE', #611, #1457, #1495 ) ;
#517 = FACE_OUTER_BOUND ( 'NONE', #2234, .T. ) ;
#518 = DIRECTION ( 'NONE',  ( -2.449212707644755009E-16, 1.000000000000000000, 0.000000000000000000 ) ) ;
#519 = EDGE_CURVE ( 'NONE', #3336, #3351, #3048, .T. ) ;
#520 = CARTESIAN_POINT ( 'NONE',  ( 3.100000000000000089, 2.279999999999999805, -2.850000000000000089 ) ) ;
#521 = VERTEX_POINT ( 'NONE', #3261 ) ;
#522 = SURFACE_SIDE_STYLE ('',( #676 ) ) ;
#523 = VECTOR ( 'NONE', #2196, 1000.000000000000000 ) ;
#524 = VECTOR ( 'NONE', #2486, 1000.000000000000000 ) ;
#525 = LINE ( 'NONE', #1607, #2947 ) ;
#526 = CIRCLE ( 'NONE', #355, 1.250000000000000000 ) ;
#527 = VERTEX_POINT ( 'NONE', #1419 ) ;
#528 = DIRECTION ( 'NONE',  ( -1.000000000000000000, 0.000000000000000000, -1.398970545142586048E-16 ) ) ;
#529 = EDGE_CURVE ( 'NONE', #1493, #527, #1438, .T. ) ;
#530 = CARTESIAN_POINT ( 'NONE',  ( -3.100000000000000089, 2.500000000000000000, -2.850000000000000089 ) ) ;
#531 = DIRECTION ( 'NONE',  ( 1.000000000000000000, 0.000000000000000000, -1.398970545142586048E-16 ) ) ;
#532 = ORIENTED_EDGE ( 'NONE', *, *, #1538, .T. ) ;
#533 =( NAMED_UNIT ( * ) PLANE_ANGLE_UNIT ( ) SI_UNIT ( $, .RADIAN. ) );
#534 = EDGE_CURVE ( 'NONE', #127, #2474, #2710, .T. ) ;
#535 =( NAMED_UNIT ( * ) SI_UNIT ( $, .STERADIAN. ) SOLID_ANGLE_UNIT ( ) );
#536 = ORIENTED_EDGE ( 'NONE', *, *, #1056, .F. ) ;
#537 = CARTESIAN_POINT ( 'NONE',  ( 3.200000000000000178, 1.199999999999999956, -2.350000000000000089 ) ) ;
#538 = ORIENTED_EDGE ( 'NONE', *, *, #94, .T. ) ;
#539 = SURFACE_SIDE_STYLE ('',( #1068 ) ) ;
#540 = CARTESIAN_POINT ( 'NONE',  ( 2.200000000000000178, 0.000000000000000000, 2.350000000000000089 ) ) ;
#541 = ADVANCED_FACE ( 'NONE', ( #299 ), #620, .T. ) ;
#542 = PLANE ( 'NONE',  #981 ) ;
#543 = COLOUR_RGB ( '',0.2509803921568627416, 0.2509803921568627416, 0.2509803921568627416 ) ;
#544 = ADVANCED_FACE ( 'NONE', ( #1973 ), #1910, .F. ) ;
#545 = DIRECTION ( 'NONE',  ( 1.000000000000000000, 0.000000000000000000, 0.000000000000000000 ) ) ;
#546 = FACE_OUTER_BOUND ( 'NONE', #1923, .T. ) ;
#547 = LINE ( 'NONE', #1609, #1052 ) ;
#548 = LINE ( 'NONE', #14, #429 ) ;
#549 = ORIENTED_EDGE ( 'NONE', *, *, #3147, .F. ) ;
#550 = DIRECTION ( 'NONE',  ( -1.000000000000000000, 2.168404344971010101E-16, 0.000000000000000000 ) ) ;
#551 = CARTESIAN_POINT ( 'NONE',  ( -1.600000000000000089, 1.000000000000000000, 2.850000000000000089 ) ) ;
#552 = VERTEX_POINT ( 'NONE', #35 ) ;
#553 = ORIENTED_EDGE ( 'NONE', *, *, #467, .F. ) ;
#554 = DIRECTION ( 'NONE',  ( 0.000000000000000000, -1.000000000000000000, 0.000000000000000000 ) ) ;
#555 = ORIENTED_EDGE ( 'NONE', *, *, #797, .F. ) ;
#556 = COLOUR_RGB ( '',0.2509803921568627416, 0.2509803921568627416, 0.2509803921568627416 ) ;
#557 = ORIENTED_EDGE ( 'NONE', *, *, #209, .F. ) ;
#558 = CARTESIAN_POINT ( 'NONE',  ( 3.200000000000000178, 1.199999999999999956, 1.649999999999999911 ) ) ;
#559 = PRESENTATION_LAYER_ASSIGNMENT (  '', '', ( #2071 ) ) ;
#560 = ADVANCED_FACE ( 'NONE', ( #3241 ), #831, .F. ) ;
#561 = DIRECTION ( 'NONE',  ( 0.000000000000000000, 0.000000000000000000, -1.000000000000000000 ) ) ;
#562 = LINE ( 'NONE', #1380, #1202 ) ;
#563 = CARTESIAN_POINT ( 'NONE',  ( -3.100000000000000089, 2.500000000000000000, 2.850000000000000089 ) ) ;
#564 = LINE ( 'NONE', #1647, #1958 ) ;
#565 = ORIENTED_EDGE ( 'NONE', *, *, #357, .T. ) ;
#566 = STYLED_ITEM ( 'NONE', ( #2832 ), #560 ) ;
#567 = CARTESIAN_POINT ( 'NONE',  ( 1.600000000000000089, 2.500000000000000000, -2.850000000000000089 ) ) ;
#568 = DIRECTION ( 'NONE',  ( -1.000000000000000000, 0.000000000000000000, 0.000000000000000000 ) ) ;
#569 = ORIENTED_EDGE ( 'NONE', *, *, #3285, .T. ) ;
#570 = ORIENTED_EDGE ( 'NONE', *, *, #2774, .F. ) ;
#571 = PRESENTATION_LAYER_ASSIGNMENT (  '', '', ( #1972 ) ) ;
#572 = CARTESIAN_POINT ( 'NONE',  ( -2.899999999999999911, 2.500000000000000000, -3.050000000000000266 ) ) ;
#573 = ORIENTED_EDGE ( 'NONE', *, *, #1940, .F. ) ;
#574 = ORIENTED_EDGE ( 'NONE', *, *, #534, .T. ) ;
#575 = DIRECTION ( 'NONE',  ( 1.000000000000000000, 0.000000000000000000, -1.495451272393800035E-16 ) ) ;
#576 = CARTESIAN_POINT ( 'NONE',  ( -3.100000000000000089, 0.2999999999999999889, 2.850000000000000089 ) ) ;
#577 = EDGE_CURVE ( 'NONE', #2677, #2525, #695, .T. ) ;
#578 = CARTESIAN_POINT ( 'NONE',  ( -2.899999999999999911, 0.5000000000000000000, 3.050000000000000266 ) ) ;
#579 = SURFACE_STYLE_FILL_AREA ( #2756 ) ;
#580 = ADVANCED_FACE ( 'NONE', ( #2041 ), #132, .F. ) ;
#581 = CARTESIAN_POINT ( 'NONE',  ( 3.200000000000000178, 1.199999999999999956, -1.649999999999999911 ) ) ;
#582 = EDGE_CURVE ( 'NONE', #3477, #2444, #3078, .T. ) ;
#583 = AXIS2_PLACEMENT_3D ( 'NONE', #657, #3484, #2704 ) ;
#584 =( LENGTH_UNIT ( ) NAMED_UNIT ( * ) SI_UNIT ( .MILLI., .METRE. ) );
#585 =( NAMED_UNIT ( * ) SI_UNIT ( $, .STERADIAN. ) SOLID_ANGLE_UNIT ( ) );
#586 = ORIENTED_EDGE ( 'NONE', *, *, #1974, .T. ) ;
#587 = VECTOR ( 'NONE', #129, 1000.000000000000000 ) ;
#588 = ADVANCED_FACE ( 'NONE', ( #664 ), #103, .T. ) ;
#589 = DIRECTION ( 'NONE',  ( 0.000000000000000000, 1.000000000000000000, 0.000000000000000000 ) ) ;
#590 = CARTESIAN_POINT ( 'NONE',  ( 2.000000000000000000, 0.1000000000000000056, -1.500000000000000000 ) ) ;
#591 = LINE ( 'NONE', #1439, #1677 ) ;
#592 = ORIENTED_EDGE ( 'NONE', *, *, #1760, .F. ) ;
#593 = DIRECTION ( 'NONE',  ( 0.000000000000000000, 0.000000000000000000, -1.000000000000000000 ) ) ;
#594 = DIRECTION ( 'NONE',  ( 0.000000000000000000, 0.000000000000000000, 1.000000000000000000 ) ) ;
#595 = CARTESIAN_POINT ( 'NONE',  ( -3.500000000000000000, -8.572244476756639821E-16, -2.350000000000000089 ) ) ;
#596 =( LENGTH_UNIT ( ) NAMED_UNIT ( * ) SI_UNIT ( .MILLI., .METRE. ) );
#597 = EDGE_CURVE ( 'NONE', #392, #1819, #3400, .T. ) ;
#598 = LINE ( 'NONE', #2958, #1430 ) ;
#599 = VECTOR ( 'NONE', #74, 1000.000000000000000 ) ;
#600 = CARTESIAN_POINT ( 'NONE',  ( -2.000000000000000000, 0.1000000000000000056, -1.500000000000000000 ) ) ;
#601 = LINE ( 'NONE', #2506, #2687 ) ;
#602 = VERTEX_POINT ( 'NONE', #2057 ) ;
#603 = EDGE_CURVE ( 'NONE', #1701, #1018, #635, .T. ) ;
#604 = STYLED_ITEM ( 'NONE', ( #2312 ), #378 ) ;
#605 = VERTEX_POINT ( 'NONE', #952 ) ;
#606 = ORIENTED_EDGE ( 'NONE', *, *, #3482, .F. ) ;
#607 = DIRECTION ( 'NONE',  ( -1.000000000000000000, 0.000000000000000000, -1.398970545142586048E-16 ) ) ;
#608 = VERTEX_POINT ( 'NONE', #2255 ) ;
#609 = ADVANCED_FACE ( 'NONE', ( #3063 ), #1801, .F. ) ;
#610 = CARTESIAN_POINT ( 'NONE',  ( -2.000000000000000000, 0.1000000000000000056, 2.850000000000000089 ) ) ;
#611 = CARTESIAN_POINT ( 'NONE',  ( 1.600000000000000089, 2.500000000000000000, -3.050000000000000266 ) ) ;
#612 = AXIS2_PLACEMENT_3D ( 'NONE', #3013, #1953, #347 ) ;
#613 = LINE ( 'NONE', #2754, #2241 ) ;
#614 = VECTOR ( 'NONE', #3009, 1000.000000000000000 ) ;
#615 = DIRECTION ( 'NONE',  ( 0.000000000000000000, -1.000000000000000000, 0.000000000000000000 ) ) ;
#616 = DIRECTION ( 'NONE',  ( 0.000000000000000000, 0.000000000000000000, 1.000000000000000000 ) ) ;
#617 = ORIENTED_EDGE ( 'NONE', *, *, #2406, .F. ) ;
#618 = EDGE_CURVE ( 'NONE', #3185, #1799, #3133, .T. ) ;
#619 = UNCERTAINTY_MEASURE_WITH_UNIT (LENGTH_MEASURE( 1.000000000000000082E-05 ), #596, 'distance_accuracy_value', 'NONE');
#620 = CYLINDRICAL_SURFACE ( 'NONE', #110, 1.250000000000000000 ) ;
#621 = ADVANCED_FACE ( 'NONE', ( #1300 ), #2852, .F. ) ;
#622 = LINE ( 'NONE', #1720, #599 ) ;
#623 = EDGE_LOOP ( 'NONE', ( #3212, #2323, #1554, #1041 ) ) ;
#624 = VECTOR ( 'NONE', #456, 1000.000000000000000 ) ;
#625 = LINE ( 'NONE', #1691, #770 ) ;
#626 = LINE ( 'NONE', #2819, #1816 ) ;
#627 = DIRECTION ( 'NONE',  ( 0.000000000000000000, 0.000000000000000000, 1.000000000000000000 ) ) ;
#628 = DIRECTION ( 'NONE',  ( 0.000000000000000000, 0.000000000000000000, 1.000000000000000000 ) ) ;
#629 = VECTOR ( 'NONE', #1860, 1000.000000000000000 ) ;
#630 = CARTESIAN_POINT ( 'NONE',  ( -3.500000000000000000, 1.199999999999999956, -1.649999999999999911 ) ) ;
#631 = SURFACE_STYLE_FILL_AREA ( #1170 ) ;
#632 = ORIENTED_EDGE ( 'NONE', *, *, #2877, .F. ) ;
#633 = VECTOR ( 'NONE', #3070, 1000.000000000000000 ) ;
#634 = PRESENTATION_LAYER_ASSIGNMENT (  '', '', ( #746 ) ) ;
#635 = LINE ( 'NONE', #1188, #394 ) ;
#636 = ADVANCED_FACE ( 'NONE', ( #493 ), #1839, .T. ) ;
#637 = COLOUR_RGB ( '',0.2509803921568627416, 0.2509803921568627416, 0.2509803921568627416 ) ;
#638 = DIRECTION ( 'NONE',  ( -2.168404344971010101E-16, 1.000000000000000000, 0.000000000000000000 ) ) ;
#639 = EDGE_LOOP ( 'NONE', ( #1510, #89, #967, #2860 ) ) ;
#640 = EDGE_CURVE ( 'NONE', #3342, #521, #2614, .T. ) ;
#641 = LINE ( 'NONE', #2224, #3469 ) ;
#642 = ADVANCED_FACE ( 'NONE', ( #3136 ), #1856, .T. ) ;
#643 = DIRECTION ( 'NONE',  ( 1.000000000000000000, 0.000000000000000000, 0.000000000000000000 ) ) ;
#644 = EDGE_CURVE ( 'NONE', #2867, #2337, #1565, .T. ) ;
#645 = CARTESIAN_POINT ( 'NONE',  ( 1.500000000000000000, 1.699999999999999956, 3.250000000000000000 ) ) ;
#646 = LINE ( 'NONE', #1449, #3079 ) ;
#647 = ORIENTED_EDGE ( 'NONE', *, *, #2531, .T. ) ;
#648 = EDGE_LOOP ( 'NONE', ( #1779, #2418, #787, #532 ) ) ;
#649 = VECTOR ( 'NONE', #1975, 1000.000000000000000 ) ;
#650 = UNCERTAINTY_MEASURE_WITH_UNIT (LENGTH_MEASURE( 1.000000000000000082E-05 ), #180, 'distance_accuracy_value', 'NONE');
#651 =( NAMED_UNIT ( * ) PLANE_ANGLE_UNIT ( ) SI_UNIT ( $, .RADIAN. ) );
#652 = DIRECTION ( 'NONE',  ( 1.000000000000000000, 0.000000000000000000, 0.000000000000000000 ) ) ;
#653 = CARTESIAN_POINT ( 'NONE',  ( 0.000000000000000000, 3.399999999999999911, 0.000000000000000000 ) ) ;
#654 = ORIENTED_EDGE ( 'NONE', *, *, #1794, .T. ) ;
#655 = CARTESIAN_POINT ( 'NONE',  ( 3.500000000000000000, 1.199999999999999956, -1.649999999999999911 ) ) ;
#656 = CARTESIAN_POINT ( 'NONE',  ( 2.200000000000000178, 0.000000000000000000, 1.649999999999999911 ) ) ;
#657 = CARTESIAN_POINT ( 'NONE',  ( -3.200000000000000178, 0.2999999999999999889, 2.350000000000000089 ) ) ;
#658 = ORIENTED_EDGE ( 'NONE', *, *, #3286, .T. ) ;
#659 = PLANE ( 'NONE',  #1433 ) ;
#660 = EDGE_CURVE ( 'NONE', #1615, #445, #2590, .T. ) ;
#661 = LINE ( 'NONE', #2792, #2546 ) ;
#662 = CARTESIAN_POINT ( 'NONE',  ( 2.899999999999999911, 2.279999999999999805, 2.850000000000000089 ) ) ;
#663 = ORIENTED_EDGE ( 'NONE', *, *, #64, .T. ) ;
#664 = FACE_OUTER_BOUND ( 'NONE', #249, .T. ) ;
#665 = CARTESIAN_POINT ( 'NONE',  ( 3.100000000000000089, 2.299999999999999822, -2.850000000000000089 ) ) ;
#666 = ORIENTED_EDGE ( 'NONE', *, *, #1645, .F. ) ;
#667 = LINE ( 'NONE', #1208, #3299 ) ;
#668 = LINE ( 'NONE', #656, #345 ) ;
#669 = PRESENTATION_STYLE_ASSIGNMENT (( #1792 ) ) ;
#670 = ORIENTED_EDGE ( 'NONE', *, *, #908, .T. ) ;
#671 = VECTOR ( 'NONE', #780, 1000.000000000000000 ) ;
#672 = DIRECTION ( 'NONE',  ( 1.000000000000000000, 0.000000000000000000, 1.398970545142586048E-16 ) ) ;
#673 = EDGE_CURVE ( 'NONE', #3366, #975, #737, .T. ) ;
#674 = CARTESIAN_POINT ( 'NONE',  ( 2.899999999999999911, 0.5000000000000000000, -3.050000000000000266 ) ) ;
#675 = AXIS2_PLACEMENT_3D ( 'NONE', #2080, #1768, #2594 ) ;
#676 = SURFACE_STYLE_FILL_AREA ( #255 ) ;
#677 = ORIENTED_EDGE ( 'NONE', *, *, #358, .T. ) ;
#678 = ORIENTED_EDGE ( 'NONE', *, *, #1665, .F. ) ;
#679 = UNCERTAINTY_MEASURE_WITH_UNIT (LENGTH_MEASURE( 1.000000000000000082E-05 ), #987, 'distance_accuracy_value', 'NONE');
#680 =( LENGTH_UNIT ( ) NAMED_UNIT ( * ) SI_UNIT ( .MILLI., .METRE. ) );
#681 = PLANE ( 'NONE',  #3041 ) ;
#682 = FILL_AREA_STYLE ('',( #936 ) ) ;
#683 = ADVANCED_FACE ( 'NONE', ( #2924 ), #1509, .T. ) ;
#684 = ORIENTED_EDGE ( 'NONE', *, *, #1463, .F. ) ;
#685 = DIRECTION ( 'NONE',  ( 1.000000000000000000, 0.000000000000000000, -1.398970545142586048E-16 ) ) ;
#686 = FILL_AREA_STYLE_COLOUR ( '', #3441 ) ;
#687 = AXIS2_PLACEMENT_3D ( 'NONE', #3180, #1005, #750 ) ;
#688 = STYLED_ITEM ( 'NONE', ( #2484 ), #1381 ) ;
#689 = DIRECTION ( 'NONE',  ( 0.000000000000000000, 0.000000000000000000, -1.000000000000000000 ) ) ;
#690 = ORIENTED_EDGE ( 'NONE', *, *, #3112, .F. ) ;
#691 = PLANE ( 'NONE',  #3391 ) ;
#692 = FILL_AREA_STYLE_COLOUR ( '', #44 ) ;
#693 = ORIENTED_EDGE ( 'NONE', *, *, #964, .F. ) ;
#694 = EDGE_LOOP ( 'NONE', ( #2005, #4, #2653, #721, #3489, #2795 ) ) ;
#695 = LINE ( 'NONE', #2307, #2931 ) ;
#696 = LINE ( 'NONE', #1240, #2485 ) ;
#697 = EDGE_CURVE ( 'NONE', #1548, #1846, #3418, .T. ) ;
#698 =( NAMED_UNIT ( * ) SI_UNIT ( $, .STERADIAN. ) SOLID_ANGLE_UNIT ( ) );
#699 = CARTESIAN_POINT ( 'NONE',  ( -1.899999999999999911, 0.000000000000000000, 1.500000000000000000 ) ) ;
#700 = ORIENTED_EDGE ( 'NONE', *, *, #577, .T. ) ;
#701 = DIRECTION ( 'NONE',  ( 1.445602896647339903E-16, -1.000000000000000000, 0.000000000000000000 ) ) ;
#702 = VECTOR ( 'NONE', #155, 1000.000000000000000 ) ;
#703 = FACE_OUTER_BOUND ( 'NONE', #1055, .T. ) ;
#704 = CARTESIAN_POINT ( 'NONE',  ( -2.200000000000000178, -5.388267956818460133E-16, -1.649999999999999911 ) ) ;
#705 = ORIENTED_EDGE ( 'NONE', *, *, #529, .F. ) ;
#706 = DIRECTION ( 'NONE',  ( 0.000000000000000000, 0.000000000000000000, -1.000000000000000000 ) ) ;
#707 = ORIENTED_EDGE ( 'NONE', *, *, #1591, .F. ) ;
#708 =( NAMED_UNIT ( * ) PLANE_ANGLE_UNIT ( ) SI_UNIT ( $, .RADIAN. ) );
#709 = ORIENTED_EDGE ( 'NONE', *, *, #2728, .F. ) ;
#710 = LINE ( 'NONE', #2865, #3387 ) ;
#711 = VECTOR ( 'NONE', #1340, 1000.000000000000000 ) ;
#712 = CARTESIAN_POINT ( 'NONE',  ( -2.000000000000000000, 0.1000000000000000056, -2.850000000000000089 ) ) ;
#713 = VERTEX_POINT ( 'NONE', #2631 ) ;
#714 = ORIENTED_EDGE ( 'NONE', *, *, #816, .F. ) ;
#715 = UNCERTAINTY_MEASURE_WITH_UNIT (LENGTH_MEASURE( 1.000000000000000082E-05 ), #2232, 'distance_accuracy_value', 'NONE');
#716 = CARTESIAN_POINT ( 'NONE',  ( -3.200000000000000178, 0.2999999999999999889, 2.350000000000000089 ) ) ;
#717 = COLOUR_RGB ( '',0.2509803921568627416, 0.2509803921568627416, 0.2509803921568627416 ) ;
#718 = DIRECTION ( 'NONE',  ( 1.000000000000000000, 0.000000000000000000, 0.000000000000000000 ) ) ;
#719 = PLANE ( 'NONE',  #2110 ) ;
#720 = FILL_AREA_STYLE ('',( #198 ) ) ;
#721 = ORIENTED_EDGE ( 'NONE', *, *, #2472, .F. ) ;
#722 = CARTESIAN_POINT ( 'NONE',  ( -2.899999999999999911, 2.500000000000000000, 2.850000000000000089 ) ) ;
#723 = EDGE_CURVE ( 'NONE', #2390, #2221, #3116, .T. ) ;
#724 = DIRECTION ( 'NONE',  ( 1.000000000000000000, 0.000000000000000000, 1.398970545142586048E-16 ) ) ;
#725 = CARTESIAN_POINT ( 'NONE',  ( -2.899999999999999911, 2.500000000000000000, 2.850000000000000089 ) ) ;
#726 = VERTEX_POINT ( 'NONE', #477 ) ;
#727 = CARTESIAN_POINT ( 'NONE',  ( -2.899999999999999911, 2.279999999999999805, 2.649999999999999911 ) ) ;
#728 = ORIENTED_EDGE ( 'NONE', *, *, #947, .T. ) ;
#729 = SURFACE_SIDE_STYLE ('',( #3146 ) ) ;
#730 = VECTOR ( 'NONE', #3340, 1000.000000000000000 ) ;
#731 = CARTESIAN_POINT ( 'NONE',  ( -3.500000000000000000, -8.572244476756639821E-16, -1.649999999999999911 ) ) ;
#732 = VERTEX_POINT ( 'NONE', #176 ) ;
#733 = EDGE_LOOP ( 'NONE', ( #1732, #3164, #2455, #214, #3111, #2208, #3032, #1899, #1350, #511, #1535, #2175 ) ) ;
#734 = AXIS2_PLACEMENT_3D ( 'NONE', #1603, #805, #2481 ) ;
#735 = DIRECTION ( 'NONE',  ( 0.000000000000000000, 1.000000000000000000, 0.000000000000000000 ) ) ;
#736 = CARTESIAN_POINT ( 'NONE',  ( -3.100000000000000089, 2.279999999999999805, -2.350000000000000089 ) ) ;
#737 = LINE ( 'NONE', #776, #1741 ) ;
#738 = ORIENTED_EDGE ( 'NONE', *, *, #2955, .T. ) ;
#739 = LINE ( 'NONE', #2895, #3372 ) ;
#740 = EDGE_CURVE ( 'NONE', #2178, #1486, #458, .T. ) ;
#741 = CARTESIAN_POINT ( 'NONE',  ( 3.100000000000000089, 2.500000000000000000, -2.850000000000000089 ) ) ;
#742 = ORIENTED_EDGE ( 'NONE', *, *, #2038, .F. ) ;
#743 = EDGE_CURVE ( 'NONE', #2495, #2608, #213, .T. ) ;
#744 = FACE_OUTER_BOUND ( 'NONE', #2936, .T. ) ;
#745 = CARTESIAN_POINT ( 'NONE',  ( 3.500000000000000000, 1.199999999999999956, 1.649999999999999911 ) ) ;
#746 = STYLED_ITEM ( 'NONE', ( #783 ), #1274 ) ;
#747 = ADVANCED_FACE ( 'NONE', ( #313 ), #1922, .F. ) ;
#748 = AXIS2_PLACEMENT_3D ( 'NONE', #1483, #1253, #3354 ) ;
#749 = AXIS2_PLACEMENT_3D ( 'NONE', #2638, #2353, #1307 ) ;
#750 = DIRECTION ( 'NONE',  ( 1.000000000000000000, 6.505213034913029562E-16, 0.000000000000000000 ) ) ;
#751 = EDGE_CURVE ( 'NONE', #1673, #890, #32, .T. ) ;
#752 = ORIENTED_EDGE ( 'NONE', *, *, #835, .F. ) ;
#753 = ORIENTED_EDGE ( 'NONE', *, *, #3112, .T. ) ;
#754 = LINE ( 'NONE', #2943, #448 ) ;
#755 = CARTESIAN_POINT ( 'NONE',  ( -3.200000000000000178, 1.199999999999999956, 2.350000000000000089 ) ) ;
#756 = CARTESIAN_POINT ( 'NONE',  ( 2.200000000000000178, 0.2999999999999999889, -2.350000000000000089 ) ) ;
#757 = ORIENTED_EDGE ( 'NONE', *, *, #2834, .F. ) ;
#758 =( NAMED_UNIT ( * ) PLANE_ANGLE_UNIT ( ) SI_UNIT ( $, .RADIAN. ) );
#759 =( LENGTH_UNIT ( ) NAMED_UNIT ( * ) SI_UNIT ( .MILLI., .METRE. ) );
#760 = PLANE ( 'NONE',  #1504 ) ;
#761 = VERTEX_POINT ( 'NONE', #851 ) ;
#762 = CARTESIAN_POINT ( 'NONE',  ( -1.600000000000000089, 1.000000000000000000, 2.850000000000000089 ) ) ;
#763 = AXIS2_PLACEMENT_3D ( 'NONE', #3207, #1352, #1316 ) ;
#764 = VERTEX_POINT ( 'NONE', #2437 ) ;
#765 = LINE ( 'NONE', #3160, #1884 ) ;
#766 = VECTOR ( 'NONE', #2684, 1000.000000000000000 ) ;
#767 = ORIENTED_EDGE ( 'NONE', *, *, #1366, .T. ) ;
#768 = MANIFOLD_SOLID_BREP ( 'NONE', #2058 ) ;
#769 = PRODUCT_DEFINITION_FORMATION_WITH_SPECIFIED_SOURCE ( 'ANY', '', #1217, .NOT_KNOWN. ) ;
#770 = VECTOR ( 'NONE', #339, 1000.000000000000000 ) ;
#771 = EDGE_CURVE ( 'NONE', #1111, #3149, #2661, .T. ) ;
#772 = CARTESIAN_POINT ( 'NONE',  ( 2.899999999999999911, 2.500000000000000000, 3.050000000000000266 ) ) ;
#773 = STYLED_ITEM ( 'NONE', ( #1485 ), #902 ) ;
#774 = DIRECTION ( 'NONE',  ( 0.000000000000000000, 1.000000000000000000, -6.195440985631460248E-16 ) ) ;
#775 = CARTESIAN_POINT ( 'NONE',  ( 3.100000000000000089, 2.500000000000000000, 2.850000000000000089 ) ) ;
#776 = CARTESIAN_POINT ( 'NONE',  ( -2.000000000000000000, 0.1000000000000000056, -1.500000000000000000 ) ) ;
#777 = ORIENTED_EDGE ( 'NONE', *, *, #1260, .F. ) ;
#778 = EDGE_CURVE ( 'NONE', #365, #3062, #2201, .T. ) ;
#779 = AXIS2_PLACEMENT_3D ( 'NONE', #2194, #1132, #1709 ) ;
#780 = DIRECTION ( 'NONE',  ( 1.000000000000000000, 0.000000000000000000, -1.398970545142586048E-16 ) ) ;
#781 = LINE ( 'NONE', #2420, #1368 ) ;
#782 = ORIENTED_EDGE ( 'NONE', *, *, #1223, .F. ) ;
#783 = PRESENTATION_STYLE_ASSIGNMENT (( #482 ) ) ;
#784 = VERTEX_POINT ( 'NONE', #1626 ) ;
#785 = DIRECTION ( 'NONE',  ( 1.000000000000000000, 0.000000000000000000, -1.398970545142586048E-16 ) ) ;
#786 = ORIENTED_EDGE ( 'NONE', *, *, #1210, .T. ) ;
#787 = ORIENTED_EDGE ( 'NONE', *, *, #723, .T. ) ;
#788 = CARTESIAN_POINT ( 'NONE',  ( 3.100000000000000089, 0.2999999999999999889, -2.350000000000000089 ) ) ;
#789 = EDGE_CURVE ( 'NONE', #3149, #3194, #1384, .T. ) ;
#790 = FACE_OUTER_BOUND ( 'NONE', #1843, .T. ) ;
#791 = EDGE_CURVE ( 'NONE', #3342, #1187, #548, .T. ) ;
#792 = STYLED_ITEM ( 'NONE', ( #2236 ), #541 ) ;
#793 = LINE ( 'NONE', #3415, #59 ) ;
#794 = DIRECTION ( 'NONE',  ( 0.000000000000000000, 0.000000000000000000, -1.000000000000000000 ) ) ;
#795 = FILL_AREA_STYLE_COLOUR ( '', #1458 ) ;
#796 = VERTEX_POINT ( 'NONE', #2170 ) ;
#797 = EDGE_CURVE ( 'NONE', #1805, #2118, #3238, .T. ) ;
#798 = SURFACE_STYLE_FILL_AREA ( #1826 ) ;
#799 = DIRECTION ( 'NONE',  ( 0.000000000000000000, 0.000000000000000000, 1.000000000000000000 ) ) ;
#800 = ORIENTED_EDGE ( 'NONE', *, *, #474, .F. ) ;
#801 = VERTEX_POINT ( 'NONE', #2131 ) ;
#802 = PRESENTATION_LAYER_ASSIGNMENT (  '', '', ( #862 ) ) ;
#803 = CARTESIAN_POINT ( 'NONE',  ( -3.100000000000000089, 2.279999999999999805, -2.850000000000000089 ) ) ;
#804 = LINE ( 'NONE', #540, #1222 ) ;
#805 = DIRECTION ( 'NONE',  ( 7.228014483236700500E-16, -1.000000000000000000, 0.000000000000000000 ) ) ;
#806 = EDGE_LOOP ( 'NONE', ( #2988, #1053, #3386, #1365 ) ) ;
#807 = SURFACE_SIDE_STYLE ('',( #2018 ) ) ;
#808 = VECTOR ( 'NONE', #3373, 1000.000000000000000 ) ;
#809 = VECTOR ( 'NONE', #143, 1000.000000000000000 ) ;
#810 = CARTESIAN_POINT ( 'NONE',  ( 2.899999999999999911, 2.299999999999999822, -2.850000000000000089 ) ) ;
#811 = LINE ( 'NONE', #2629, #2163 ) ;
#812 = PLANE ( 'NONE',  #1837 ) ;
#813 = SURFACE_STYLE_FILL_AREA ( #1593 ) ;
#814 = VERTEX_POINT ( 'NONE', #3259 ) ;
#815 = CARTESIAN_POINT ( 'NONE',  ( -2.000000000000000000, 0.1000000000000000056, 1.500000000000000000 ) ) ;
#816 = EDGE_CURVE ( 'NONE', #2766, #3082, #1908, .T. ) ;
#817 = ORIENTED_EDGE ( 'NONE', *, *, #942, .T. ) ;
#818 = VERTEX_POINT ( 'NONE', #295 ) ;
#819 = LINE ( 'NONE', #1897, #2176 ) ;
#820 = VERTEX_POINT ( 'NONE', #3200 ) ;
#821 = DIRECTION ( 'NONE',  ( 4.818676322157800333E-16, -1.000000000000000000, 0.000000000000000000 ) ) ;
#822 = PLANE ( 'NONE',  #2705 ) ;
#823 = DIRECTION ( 'NONE',  ( 0.7071067811865500152, -0.7071067811865450192, 0.000000000000000000 ) ) ;
#824 = DIRECTION ( 'NONE',  ( -1.000000000000000000, 0.000000000000000000, 0.000000000000000000 ) ) ;
#825 = VECTOR ( 'NONE', #2111, 1000.000000000000000 ) ;
#826 = DIRECTION ( 'NONE',  ( -1.398970545142586048E-16, 0.000000000000000000, -1.000000000000000000 ) ) ;
#827 = ORIENTED_EDGE ( 'NONE', *, *, #1320, .T. ) ;
#828 = CARTESIAN_POINT ( 'NONE',  ( -3.100000000000000089, 0.2999999999999999889, 1.649999999999999911 ) ) ;
#829 = SURFACE_STYLE_USAGE ( .BOTH. , #1667 ) ;
#830 = ORIENTED_EDGE ( 'NONE', *, *, #2774, .T. ) ;
#831 = PLANE ( 'NONE',  #507 ) ;
#832 = PLANE ( 'NONE',  #2030 ) ;
#833 = ORIENTED_EDGE ( 'NONE', *, *, #1618, .F. ) ;
#834 = PRESENTATION_STYLE_ASSIGNMENT (( #2177 ) ) ;
#835 = EDGE_CURVE ( 'NONE', #2904, #1503, #564, .T. ) ;
#836 = ORIENTED_EDGE ( 'NONE', *, *, #3399, .T. ) ;
#837 = ORIENTED_EDGE ( 'NONE', *, *, #971, .F. ) ;
#838 = PRESENTATION_LAYER_ASSIGNMENT (  '', '', ( #2354 ) ) ;
#839 = EDGE_CURVE ( 'NONE', #713, #365, #3273, .T. ) ;
#840 = FACE_OUTER_BOUND ( 'NONE', #115, .T. ) ;
#841 = DIRECTION ( 'NONE',  ( 1.000000000000000000, 0.000000000000000000, 0.000000000000000000 ) ) ;
#842 = CARTESIAN_POINT ( 'NONE',  ( 3.100000000000000089, 2.500000000000000000, -2.850000000000000089 ) ) ;
#843 = PRODUCT_RELATED_PRODUCT_CATEGORY ( 'part', '', ( #1217 ) ) ;
#844 = EDGE_CURVE ( 'NONE', #3189, #50, #1327, .T. ) ;
#845 = PRESENTATION_STYLE_ASSIGNMENT (( #3254 ) ) ;
#846 = AXIS2_PLACEMENT_3D ( 'NONE', #756, #1046, #1283 ) ;
#847 = EDGE_CURVE ( 'NONE', #3227, #1548, #2945, .T. ) ;
#848 = LINE ( 'NONE', #1939, #2442 ) ;
#849 = CARTESIAN_POINT ( 'NONE',  ( -3.200000000000000178, 1.199999999999999956, -2.350000000000000089 ) ) ;
#850 = APPLICATION_PROTOCOL_DEFINITION ( 'draft international standard', 'automotive_design', 1998, #3457 ) ;
#851 = CARTESIAN_POINT ( 'NONE',  ( -2.000000000000000000, 0.1000000000000000056, 2.850000000000000089 ) ) ;
#852 = ORIENTED_EDGE ( 'NONE', *, *, #3086, .T. ) ;
#853 =( NAMED_UNIT ( * ) PLANE_ANGLE_UNIT ( ) SI_UNIT ( $, .RADIAN. ) );
#854 = DIRECTION ( 'NONE',  ( 0.000000000000000000, 0.000000000000000000, 1.000000000000000000 ) ) ;
#855 = AXIS2_PLACEMENT_3D ( 'NONE', #1221, #433, #2585 ) ;
#856 = CARTESIAN_POINT ( 'NONE',  ( -1.500000000000000000, 1.699999999999999956, -2.850000000000000089 ) ) ;
#857 = ORIENTED_EDGE ( 'NONE', *, *, #1831, .F. ) ;
#858 = EDGE_CURVE ( 'NONE', #3006, #3366, #601, .T. ) ;
#859 = DIRECTION ( 'NONE',  ( 0.000000000000000000, 0.000000000000000000, -1.000000000000000000 ) ) ;
#860 = LINE ( 'NONE', #2408, #2502 ) ;
#861 = EDGE_CURVE ( 'NONE', #814, #2904, #69, .T. ) ;
#862 = STYLED_ITEM ( 'NONE', ( #2878 ), #1893 ) ;
#863 = DIRECTION ( 'NONE',  ( -0.000000000000000000, 1.000000000000000000, 0.000000000000000000 ) ) ;
#864 = CARTESIAN_POINT ( 'NONE',  ( 3.500000000000000000, 0.000000000000000000, -2.350000000000000089 ) ) ;
#865 = EDGE_CURVE ( 'NONE', #1729, #414, #3288, .T. ) ;
#866 = LINE ( 'NONE', #1118, #915 ) ;
#867 = ORIENTED_EDGE ( 'NONE', *, *, #3130, .T. ) ;
#868 = VECTOR ( 'NONE', #1231, 1000.000000000000000 ) ;
#869 = PRESENTATION_LAYER_ASSIGNMENT (  '', '', ( #2664 ) ) ;
#870 = SURFACE_STYLE_USAGE ( .BOTH. , #2487 ) ;
#871 = DIRECTION ( 'NONE',  ( 1.000000000000000000, 0.000000000000000000, 0.000000000000000000 ) ) ;
#872 = ORIENTED_EDGE ( 'NONE', *, *, #2000, .F. ) ;
#873 = UNCERTAINTY_MEASURE_WITH_UNIT (LENGTH_MEASURE( 1.000000000000000082E-05 ), #909, 'distance_accuracy_value', 'NONE');
#874 = FILL_AREA_STYLE_COLOUR ( '', #3092 ) ;
#875 = DIRECTION ( 'NONE',  ( -1.000000000000000000, -7.228014483236700500E-16, 0.000000000000000000 ) ) ;
#876 = ORIENTED_EDGE ( 'NONE', *, *, #844, .F. ) ;
#877 = CARTESIAN_POINT ( 'NONE',  ( 2.899999999999999911, 0.5000000000000000000, -3.050000000000000266 ) ) ;
#878 = ORIENTED_EDGE ( 'NONE', *, *, #3390, .T. ) ;
#879 = DIRECTION ( 'NONE',  ( -1.000000000000000000, 0.000000000000000000, 0.000000000000000000 ) ) ;
#880 = LINE ( 'NONE', #288, #2448 ) ;
#881 = PLANE ( 'NONE',  #1796 ) ;
#882 = LINE ( 'NONE', #273, #3163 ) ;
#883 = EDGE_CURVE ( 'NONE', #990, #278, #99, .T. ) ;
#884 = AXIS2_PLACEMENT_3D ( 'NONE', #1960, #3005, #353 ) ;
#885 = PLANE ( 'NONE',  #2775 ) ;
#886 = CARTESIAN_POINT ( 'NONE',  ( 0.000000000000000000, 3.399999999999999911, 0.000000000000000000 ) ) ;
#887 = VERTEX_POINT ( 'NONE', #1698 ) ;
#888 = AXIS2_PLACEMENT_3D ( 'NONE', #1529, #2593, #136 ) ;
#889 = LINE ( 'NONE', #903, #3466 ) ;
#890 = VERTEX_POINT ( 'NONE', #662 ) ;
#891 = PLANE ( 'NONE',  #2563 ) ;
#892 = LINE ( 'NONE', #1751, #2537 ) ;
#893 = MECHANICAL_DESIGN_GEOMETRIC_PRESENTATION_REPRESENTATION (  '', ( #2470 ), #2854 ) ;
#894 = FACE_BOUND ( 'NONE', #2615, .T. ) ;
#895 = VECTOR ( 'NONE', #627, 1000.000000000000000 ) ;
#896 = ADVANCED_FACE ( 'NONE', ( #3304 ), #1744, .T. ) ;
#897 = CARTESIAN_POINT ( 'NONE',  ( 2.899999999999999911, 2.299999999999999822, -2.649999999999999911 ) ) ;
#898 = DIRECTION ( 'NONE',  ( 1.000000000000000000, -4.818676322157800333E-16, 0.000000000000000000 ) ) ;
#899 = ORIENTED_EDGE ( 'NONE', *, *, #1736, .F. ) ;
#900 = ORIENTED_EDGE ( 'NONE', *, *, #1083, .T. ) ;
#901 = DIRECTION ( 'NONE',  ( -1.398970545142586048E-16, 0.000000000000000000, 1.000000000000000000 ) ) ;
#902 = ADVANCED_FACE ( 'NONE', ( #83 ), #2250, .T. ) ;
#903 = CARTESIAN_POINT ( 'NONE',  ( -3.200000000000000178, 1.199999999999999956, 1.649999999999999911 ) ) ;
#904 = ORIENTED_EDGE ( 'NONE', *, *, #3339, .T. ) ;
#905 = PRESENTATION_LAYER_ASSIGNMENT (  '', '', ( #1700 ) ) ;
#906 = CARTESIAN_POINT ( 'NONE',  ( -3.100000000000000089, 2.279999999999999805, -2.850000000000000089 ) ) ;
#907 = CARTESIAN_POINT ( 'NONE',  ( 3.500000000000000000, 1.199999999999999956, 2.350000000000000089 ) ) ;
#908 = EDGE_CURVE ( 'NONE', #2292, #1799, #929, .T. ) ;
#909 =( LENGTH_UNIT ( ) NAMED_UNIT ( * ) SI_UNIT ( .MILLI., .METRE. ) );
#910 = STYLED_ITEM ( 'NONE', ( #2911 ), #1890 ) ;
#911 = FACE_OUTER_BOUND ( 'NONE', #1392, .T. ) ;
#912 = FILL_AREA_STYLE_COLOUR ( '', #1180 ) ;
#913 = ORIENTED_EDGE ( 'NONE', *, *, #1706, .T. ) ;
#914 = VERTEX_POINT ( 'NONE', #364 ) ;
#915 = VECTOR ( 'NONE', #1919, 1000.000000000000000 ) ;
#916 = VECTOR ( 'NONE', #3424, 1000.000000000000000 ) ;
#917 = DIRECTION ( 'NONE',  ( 2.449212707644755009E-16, -1.000000000000000000, 0.000000000000000000 ) ) ;
#918 = ORIENTED_EDGE ( 'NONE', *, *, #421, .F. ) ;
#919 = LINE ( 'NONE', #1990, #3204 ) ;
#920 = STYLED_ITEM ( 'NONE', ( #1155 ), #2298 ) ;
#921 = LINE ( 'NONE', #572, #2055 ) ;
#922 = EDGE_LOOP ( 'NONE', ( #400, #2783, #3423, #2341 ) ) ;
#923 = VECTOR ( 'NONE', #3267, 1000.000000000000000 ) ;
#924 = CARTESIAN_POINT ( 'NONE',  ( 3.100000000000000089, 0.1000000000000000056, -2.350000000000000089 ) ) ;
#925 = EDGE_CURVE ( 'NONE', #2525, #2596, #646, .T. ) ;
#926 = PLANE ( 'NONE',  #583 ) ;
#927 =( LENGTH_UNIT ( ) NAMED_UNIT ( * ) SI_UNIT ( .MILLI., .METRE. ) );
#928 = FACE_OUTER_BOUND ( 'NONE', #3152, .T. ) ;
#929 = LINE ( 'NONE', #2759, #377 ) ;
#930 = VERTEX_POINT ( 'NONE', #3031 ) ;
#931 = ORIENTED_EDGE ( 'NONE', *, *, #1978, .T. ) ;
#932 = MECHANICAL_DESIGN_GEOMETRIC_PRESENTATION_REPRESENTATION (  '', ( #2732 ), #3234 ) ;
#933 = UNCERTAINTY_MEASURE_WITH_UNIT (LENGTH_MEASURE( 1.000000000000000082E-05 ), #1985, 'distance_accuracy_value', 'NONE');
#934 =( NAMED_UNIT ( * ) SI_UNIT ( $, .STERADIAN. ) SOLID_ANGLE_UNIT ( ) );
#935 = FACE_OUTER_BOUND ( 'NONE', #2273, .T. ) ;
#936 = FILL_AREA_STYLE_COLOUR ( '', #543 ) ;
#937 = ORIENTED_EDGE ( 'NONE', *, *, #771, .T. ) ;
#938 = VECTOR ( 'NONE', #2209, 1000.000000000000000 ) ;
#939 = CARTESIAN_POINT ( 'NONE',  ( -3.100000000000000089, 0.1000000000000000056, 2.350000000000000089 ) ) ;
#940 = DIRECTION ( 'NONE',  ( 1.000000000000000000, 0.000000000000000000, -1.398970545142586048E-16 ) ) ;
#941 = DIRECTION ( 'NONE',  ( -4.336808689942015271E-16, -1.000000000000000000, 0.000000000000000000 ) ) ;
#942 = EDGE_CURVE ( 'NONE', #3495, #156, #2793, .T. ) ;
#943 = FACE_OUTER_BOUND ( 'NONE', #75, .T. ) ;
#944 = ORIENTED_EDGE ( 'NONE', *, *, #2778, .T. ) ;
#945 = DIRECTION ( 'NONE',  ( -0.000000000000000000, 1.000000000000000000, 0.000000000000000000 ) ) ;
#946 = AXIS2_PLACEMENT_3D ( 'NONE', #3465, #1255, #1073 ) ;
#947 = EDGE_CURVE ( 'NONE', #521, #1450, #1415, .T. ) ;
#948 = CARTESIAN_POINT ( 'NONE',  ( -1.600000000000000089, 1.000000000000000000, -2.850000000000000089 ) ) ;
#949 = PLANE ( 'NONE',  #612 ) ;
#950 = ORIENTED_EDGE ( 'NONE', *, *, #330, .T. ) ;
#951 = ORIENTED_EDGE ( 'NONE', *, *, #618, .T. ) ;
#952 = CARTESIAN_POINT ( 'NONE',  ( -1.500000000000000000, 1.000000000000000000, -3.250000000000000000 ) ) ;
#953 = DIRECTION ( 'NONE',  ( 1.000000000000000000, 0.000000000000000000, 0.000000000000000000 ) ) ;
#954 = CARTESIAN_POINT ( 'NONE',  ( -3.200000000000000178, 0.2999999999999999889, 2.350000000000000089 ) ) ;
#955 = ORIENTED_EDGE ( 'NONE', *, *, #9, .T. ) ;
#956 = LINE ( 'NONE', #2330, #144 ) ;
#957 = PLANE ( 'NONE',  #407 ) ;
#958 = ADVANCED_FACE ( 'NONE', ( #3355 ), #949, .F. ) ;
#959 = DIRECTION ( 'NONE',  ( -1.445602896647339903E-16, -1.000000000000000000, 0.000000000000000000 ) ) ;
#960 = VECTOR ( 'NONE', #3002, 1000.000000000000000 ) ;
#961 = ORIENTED_EDGE ( 'NONE', *, *, #16, .F. ) ;
#962 =( GEOMETRIC_REPRESENTATION_CONTEXT ( 3 ) GLOBAL_UNCERTAINTY_ASSIGNED_CONTEXT ( ( #2056 ) ) GLOBAL_UNIT_ASSIGNED_CONTEXT ( ( #2509, #853, #334 ) ) REPRESENTATION_CONTEXT ( 'NONE', 'WORKASPACE' ) );
#963 = CARTESIAN_POINT ( 'NONE',  ( 3.200000000000000178, 0.2999999999999999889, 1.649999999999999911 ) ) ;
#964 = EDGE_CURVE ( 'NONE', #3155, #1976, #1435, .T. ) ;
#965 = CARTESIAN_POINT ( 'NONE',  ( -3.100000000000000089, 0.2999999999999999889, 2.350000000000000089 ) ) ;
#966 = ORIENTED_EDGE ( 'NONE', *, *, #1130, .T. ) ;
#967 = ORIENTED_EDGE ( 'NONE', *, *, #2722, .T. ) ;
#968 = UNCERTAINTY_MEASURE_WITH_UNIT (LENGTH_MEASURE( 1.000000000000000082E-05 ), #207, 'distance_accuracy_value', 'NONE');
#969 = SURFACE_STYLE_FILL_AREA ( #2849 ) ;
#970 = EDGE_CURVE ( 'NONE', #3145, #2749, #2956, .T. ) ;
#971 = EDGE_CURVE ( 'NONE', #3407, #349, #2410, .T. ) ;
#972 = CARTESIAN_POINT ( 'NONE',  ( 1.600000000000000089, 2.500000000000000000, 3.050000000000000266 ) ) ;
#973 = CARTESIAN_POINT ( 'NONE',  ( -2.899999999999999911, 2.500000000000000000, 3.050000000000000266 ) ) ;
#974 =( NAMED_UNIT ( * ) PLANE_ANGLE_UNIT ( ) SI_UNIT ( $, .RADIAN. ) );
#975 = VERTEX_POINT ( 'NONE', #712 ) ;
#976 = AXIS2_PLACEMENT_3D ( 'NONE', #563, #826, #2168 ) ;
#977 = AXIS2_PLACEMENT_3D ( 'NONE', #1905, #824, #2214 ) ;
#978 = CARTESIAN_POINT ( 'NONE',  ( -3.200000000000000178, 1.199999999999999956, 2.350000000000000089 ) ) ;
#979 = LINE ( 'NONE', #3438, #2764 ) ;
#980 = VECTOR ( 'NONE', #1496, 1000.000000000000000 ) ;
#981 = AXIS2_PLACEMENT_3D ( 'NONE', #1675, #1131, #841 ) ;
#982 = EDGE_LOOP ( 'NONE', ( #2953, #1389, #1944, #2599 ) ) ;
#983 = PRESENTATION_STYLE_ASSIGNMENT (( #1997 ) ) ;
#984 = VERTEX_POINT ( 'NONE', #1758 ) ;
#985 = DIRECTION ( 'NONE',  ( 0.000000000000000000, -1.000000000000000000, 0.000000000000000000 ) ) ;
#986 = EDGE_LOOP ( 'NONE', ( #3414, #1761, #2259, #84, #565, #1026, #40, #1248 ) ) ;
#987 =( LENGTH_UNIT ( ) NAMED_UNIT ( * ) SI_UNIT ( .MILLI., .METRE. ) );
#988 = ORIENTED_EDGE ( 'NONE', *, *, #3011, .F. ) ;
#989 = EDGE_CURVE ( 'NONE', #170, #3106, #3094, .T. ) ;
#990 = VERTEX_POINT ( 'NONE', #788 ) ;
#991 = DIRECTION ( 'NONE',  ( 0.000000000000000000, -1.000000000000000000, 0.000000000000000000 ) ) ;
#992 = FACE_OUTER_BOUND ( 'NONE', #1239, .T. ) ;
#993 = VECTOR ( 'NONE', #2158, 1000.000000000000000 ) ;
#994 = LINE ( 'NONE', #1492, #86 ) ;
#995 = DIRECTION ( 'NONE',  ( -1.000000000000000000, 0.000000000000000000, 0.000000000000000000 ) ) ;
#996 = VERTEX_POINT ( 'NONE', #3110 ) ;
#997 = DIRECTION ( 'NONE',  ( 1.000000000000000000, 0.000000000000000000, 0.000000000000000000 ) ) ;
#998 = CARTESIAN_POINT ( 'NONE',  ( -1.500000000000000000, 1.699999999999999956, 2.850000000000000089 ) ) ;
#999 = ADVANCED_FACE ( 'NONE', ( #1237 ), #169, .F. ) ;
#1000 = DIRECTION ( 'NONE',  ( 0.000000000000000000, -1.000000000000000000, 0.000000000000000000 ) ) ;
#1001 = ORIENTED_EDGE ( 'NONE', *, *, #3367, .T. ) ;
#1002 = DIRECTION ( 'NONE',  ( 1.000000000000000000, 0.000000000000000000, 0.000000000000000000 ) ) ;
#1003 = ORIENTED_EDGE ( 'NONE', *, *, #1538, .F. ) ;
#1004 = LINE ( 'NONE', #2104, #1713 ) ;
#1005 = DIRECTION ( 'NONE',  ( -6.505213034913029562E-16, 1.000000000000000000, 0.000000000000000000 ) ) ;
#1006 = STYLED_ITEM ( 'NONE', ( #3396 ), #1008 ) ;
#1007 = VERTEX_POINT ( 'NONE', #5 ) ;
#1008 = ADVANCED_FACE ( 'NONE', ( #2303 ), #1324, .F. ) ;
#1009 = VERTEX_POINT ( 'NONE', #2938 ) ;
#1010 = VECTOR ( 'NONE', #2449, 1000.000000000000000 ) ;
#1011 = ADVANCED_FACE ( 'NONE', ( #1606 ), #881, .F. ) ;
#1012 = DIRECTION ( 'NONE',  ( 0.000000000000000000, 0.000000000000000000, 1.000000000000000000 ) ) ;
#1013 = DIRECTION ( 'NONE',  ( 4.818676322157800333E-16, -1.000000000000000000, 0.000000000000000000 ) ) ;
#1014 = ORIENTED_EDGE ( 'NONE', *, *, #2406, .T. ) ;
#1015 = CARTESIAN_POINT ( 'NONE',  ( 2.200000000000000178, 0.1000000000000000056, -1.649999999999999911 ) ) ;
#1016 = ADVANCED_FACE ( 'NONE', ( #2975 ), #1966, .T. ) ;
#1017 = DIRECTION ( 'NONE',  ( -1.398970545142586048E-16, 0.000000000000000000, -1.000000000000000000 ) ) ;
#1018 = VERTEX_POINT ( 'NONE', #2993 ) ;
#1019 = CARTESIAN_POINT ( 'NONE',  ( -1.899999999999999911, 0.000000000000000000, -1.500000000000000000 ) ) ;
#1020 = ORIENTED_EDGE ( 'NONE', *, *, #1989, .F. ) ;
#1021 = CARTESIAN_POINT ( 'NONE',  ( -2.000000000000000000, 0.1000000000000000056, 1.500000000000000000 ) ) ;
#1022 = EDGE_CURVE ( 'NONE', #1586, #1835, #2738, .T. ) ;
#1023 = PRESENTATION_LAYER_ASSIGNMENT (  '', '', ( #566 ) ) ;
#1024 = PRESENTATION_LAYER_ASSIGNMENT (  '', '', ( #2431 ) ) ;
#1025 = LINE ( 'NONE', #3196, #2941 ) ;
#1026 = ORIENTED_EDGE ( 'NONE', *, *, #2623, .T. ) ;
#1027 = ORIENTED_EDGE ( 'NONE', *, *, #1578, .T. ) ;
#1028 = VECTOR ( 'NONE', #1209, 1000.000000000000000 ) ;
#1029 = CARTESIAN_POINT ( 'NONE',  ( 1.600000000000000089, 2.500000000000000000, -3.050000000000000266 ) ) ;
#1030 = VERTEX_POINT ( 'NONE', #1694 ) ;
#1031 = FACE_OUTER_BOUND ( 'NONE', #1857, .T. ) ;
#1032 = LINE ( 'NONE', #551, #629 ) ;
#1033 = ORIENTED_EDGE ( 'NONE', *, *, #3220, .F. ) ;
#1034 = CARTESIAN_POINT ( 'NONE',  ( -3.100000000000000089, 2.279999999999999805, -2.850000000000000089 ) ) ;
#1035 = EDGE_CURVE ( 'NONE', #392, #2554, #1949, .T. ) ;
#1036 = CARTESIAN_POINT ( 'NONE',  ( 2.899999999999999911, 2.500000000000000000, 3.050000000000000266 ) ) ;
#1037 = VECTOR ( 'NONE', #1270, 1000.000000000000000 ) ;
#1038 = CARTESIAN_POINT ( 'NONE',  ( 1.899999999999999911, 0.000000000000000000, 1.500000000000000000 ) ) ;
#1039 = AXIS2_PLACEMENT_3D ( 'NONE', #80, #128, #672 ) ;
#1040 = VERTEX_POINT ( 'NONE', #2166 ) ;
#1041 = ORIENTED_EDGE ( 'NONE', *, *, #791, .T. ) ;
#1042 = DIRECTION ( 'NONE',  ( -1.000000000000000000, -2.168404344971010101E-16, 0.000000000000000000 ) ) ;
#1043 = VERTEX_POINT ( 'NONE', #1115 ) ;
#1044 = DIRECTION ( 'NONE',  ( 0.000000000000000000, 0.000000000000000000, -1.000000000000000000 ) ) ;
#1045 = CARTESIAN_POINT ( 'NONE',  ( -2.200000000000000178, 0.2999999999999999889, 2.350000000000000089 ) ) ;
#1046 = DIRECTION ( 'NONE',  ( 4.336808689942015271E-16, 1.000000000000000000, 0.000000000000000000 ) ) ;
#1047 = ORIENTED_EDGE ( 'NONE', *, *, #908, .F. ) ;
#1048 = DIRECTION ( 'NONE',  ( 1.000000000000000000, 0.000000000000000000, 1.398970545142586048E-16 ) ) ;
#1049 = DIRECTION ( 'NONE',  ( -7.228014483236700500E-16, 1.000000000000000000, 0.000000000000000000 ) ) ;
#1050 = VERTEX_POINT ( 'NONE', #578 ) ;
#1051 = CARTESIAN_POINT ( 'NONE',  ( -1.899999999999999911, 0.000000000000000000, 1.500000000000000000 ) ) ;
#1052 = VECTOR ( 'NONE', #2092, 1000.000000000000000 ) ;
#1053 = ORIENTED_EDGE ( 'NONE', *, *, #2856, .F. ) ;
#1054 =( LENGTH_UNIT ( ) NAMED_UNIT ( * ) SI_UNIT ( .MILLI., .METRE. ) );
#1055 = EDGE_LOOP ( 'NONE', ( #3440, #3101, #684, #2049 ) ) ;
#1056 = EDGE_CURVE ( 'NONE', #3366, #2295, #3268, .T. ) ;
#1057 = DIRECTION ( 'NONE',  ( 0.000000000000000000, -1.000000000000000000, 0.000000000000000000 ) ) ;
#1058 = AXIS2_PLACEMENT_3D ( 'NONE', #2752, #2496, #2479 ) ;
#1059 = EDGE_CURVE ( 'NONE', #451, #1243, #1676, .T. ) ;
#1060 = VECTOR ( 'NONE', #380, 1000.000000000000000 ) ;
#1061 = LINE ( 'NONE', #736, #138 ) ;
#1062 = ORIENTED_EDGE ( 'NONE', *, *, #1596, .T. ) ;
#1063 = VECTOR ( 'NONE', #3300, 1000.000000000000000 ) ;
#1064 = CARTESIAN_POINT ( 'NONE',  ( -2.899999999999999911, 2.500000000000000000, -3.050000000000000266 ) ) ;
#1065 = CARTESIAN_POINT ( 'NONE',  ( 2.899999999999999911, 2.299999999999999822, -2.649999999999999911 ) ) ;
#1066 = FILL_AREA_STYLE_COLOUR ( '', #3016 ) ;
#1067 = ORIENTED_EDGE ( 'NONE', *, *, #215, .F. ) ;
#1068 = SURFACE_STYLE_FILL_AREA ( #3157 ) ;
#1069 = CARTESIAN_POINT ( 'NONE',  ( -2.899999999999999911, 2.500000000000000000, -2.850000000000000089 ) ) ;
#1070 = CARTESIAN_POINT ( 'NONE',  ( 2.200000000000000178, 0.000000000000000000, 2.350000000000000089 ) ) ;
#1071 = ORIENTED_EDGE ( 'NONE', *, *, #3490, .T. ) ;
#1072 = ORIENTED_EDGE ( 'NONE', *, *, #3416, .F. ) ;
#1073 = DIRECTION ( 'NONE',  ( -1.000000000000000000, 0.000000000000000000, 0.000000000000000000 ) ) ;
#1074 = FACE_OUTER_BOUND ( 'NONE', #161, .T. ) ;
#1075 = FACE_OUTER_BOUND ( 'NONE', #623, .T. ) ;
#1076 = AXIS2_PLACEMENT_3D ( 'NONE', #1064, #550, #1348 ) ;
#1077 = VECTOR ( 'NONE', #1012, 1000.000000000000000 ) ;
#1078 = ADVANCED_FACE ( 'NONE', ( #894, #2181 ), #2515, .F. ) ;
#1079 = DIRECTION ( 'NONE',  ( -1.000000000000000000, 0.000000000000000000, 0.000000000000000000 ) ) ;
#1080 = CARTESIAN_POINT ( 'NONE',  ( 3.500000000000000000, 0.000000000000000000, 1.649999999999999911 ) ) ;
#1081 = DIRECTION ( 'NONE',  ( -2.168404344971010101E-16, 1.000000000000000000, 0.000000000000000000 ) ) ;
#1082 = ORIENTED_EDGE ( 'NONE', *, *, #125, .T. ) ;
#1083 = EDGE_CURVE ( 'NONE', #1819, #127, #3251, .T. ) ;
#1084 = FACE_OUTER_BOUND ( 'NONE', #2918, .T. ) ;
#1085 = VECTOR ( 'NONE', #2954, 1000.000000000000000 ) ;
#1086 = LINE ( 'NONE', #2153, #3317 ) ;
#1087 = ORIENTED_EDGE ( 'NONE', *, *, #839, .F. ) ;
#1088 = EDGE_LOOP ( 'NONE', ( #3498, #904, #1561, #2019, #107, #899, #1216, #1605, #1632, #1332, #1156, #2604 ) ) ;
#1089 = CARTESIAN_POINT ( 'NONE',  ( -3.100000000000000089, 0.1000000000000000056, -2.850000000000000089 ) ) ;
#1090 = ORIENTED_EDGE ( 'NONE', *, *, #1186, .F. ) ;
#1091 = AXIS2_PLACEMENT_3D ( 'NONE', #2262, #3363, #1693 ) ;
#1092 = CARTESIAN_POINT ( 'NONE',  ( 2.200000000000000178, 0.2999999999999999889, -2.350000000000000089 ) ) ;
#1093 = CARTESIAN_POINT ( 'NONE',  ( 1.600000000000000089, 2.299999999999999822, -2.850000000000000089 ) ) ;
#1094 = ORIENTED_EDGE ( 'NONE', *, *, #1942, .T. ) ;
#1095 = PLANE ( 'NONE',  #153 ) ;
#1096 = COLOUR_RGB ( '',1.000000000000000000, 1.000000000000000000, 0.7529411764705882248 ) ;
#1097 = LINE ( 'NONE', #1695, #523 ) ;
#1098 = AXIS2_PLACEMENT_3D ( 'NONE', #30, #1120, #2725 ) ;
#1099 = CARTESIAN_POINT ( 'NONE',  ( 2.200000000000000178, 0.2999999999999999889, 1.649999999999999911 ) ) ;
#1100 =( GEOMETRIC_REPRESENTATION_CONTEXT ( 3 ) GLOBAL_UNCERTAINTY_ASSIGNED_CONTEXT ( ( #51 ) ) GLOBAL_UNIT_ASSIGNED_CONTEXT ( ( #3462, #708, #502 ) ) REPRESENTATION_CONTEXT ( 'NONE', 'WORKASPACE' ) );
#1101 = ORIENTED_EDGE ( 'NONE', *, *, #1989, .T. ) ;
#1102 = EDGE_CURVE ( 'NONE', #1018, #818, #1164, .T. ) ;
#1103 = FACE_OUTER_BOUND ( 'NONE', #2913, .T. ) ;
#1104 = EDGE_CURVE ( 'NONE', #1819, #2808, #305, .T. ) ;
#1105 = DIRECTION ( 'NONE',  ( -1.000000000000000000, 0.000000000000000000, 1.398970545142586048E-16 ) ) ;
#1106 = ORIENTED_EDGE ( 'NONE', *, *, #3069, .F. ) ;
#1107 = DIRECTION ( 'NONE',  ( 1.000000000000000000, 0.000000000000000000, 1.495451272393800035E-16 ) ) ;
#1108 = LINE ( 'NONE', #590, #1866 ) ;
#1109 = ORIENTED_EDGE ( 'NONE', *, *, #318, .F. ) ;
#1110 = LINE ( 'NONE', #2100, #3179 ) ;
#1111 = VERTEX_POINT ( 'NONE', #1443 ) ;
#1112 = DIRECTION ( 'NONE',  ( -1.000000000000000000, 0.000000000000000000, -1.398970545142586048E-16 ) ) ;
#1113 = ADVANCED_FACE ( 'NONE', ( #2467 ), #1095, .F. ) ;
#1114 = PLANE ( 'NONE',  #2260 ) ;
#1115 = CARTESIAN_POINT ( 'NONE',  ( -3.500000000000000000, 1.199999999999999956, 1.649999999999999911 ) ) ;
#1116 = VECTOR ( 'NONE', #638, 1000.000000000000000 ) ;
#1117 = SURFACE_STYLE_FILL_AREA ( #1937 ) ;
#1118 = CARTESIAN_POINT ( 'NONE',  ( 2.899999999999999911, 2.299999999999999822, 2.649999999999999911 ) ) ;
#1119 = VECTOR ( 'NONE', #322, 1000.000000000000000 ) ;
#1120 = DIRECTION ( 'NONE',  ( -1.000000000000000000, 1.445602896647339903E-16, 0.000000000000000000 ) ) ;
#1121 = EDGE_CURVE ( 'NONE', #914, #796, #289, .T. ) ;
#1122 = CARTESIAN_POINT ( 'NONE',  ( 2.899999999999999911, 2.500000000000000000, 2.850000000000000089 ) ) ;
#1123 = ORIENTED_EDGE ( 'NONE', *, *, #660, .T. ) ;
#1124 = SURFACE_SIDE_STYLE ('',( #1140 ) ) ;
#1125 = SURFACE_SIDE_STYLE ('',( #3243 ) ) ;
#1126 = ORIENTED_EDGE ( 'NONE', *, *, #2881, .T. ) ;
#1127 = PLANE ( 'NONE',  #3293 ) ;
#1128 = EDGE_LOOP ( 'NONE', ( #3309, #1656, #1185, #1777 ) ) ;
#1129 = LINE ( 'NONE', #3036, #1951 ) ;
#1130 = EDGE_CURVE ( 'NONE', #1043, #1018, #3232, .T. ) ;
#1131 = DIRECTION ( 'NONE',  ( -0.000000000000000000, 1.000000000000000000, 0.000000000000000000 ) ) ;
#1132 = DIRECTION ( 'NONE',  ( -1.000000000000000000, -4.818676322157800333E-16, 0.000000000000000000 ) ) ;
#1133 = EDGE_CURVE ( 'NONE', #1503, #2305, #1377, .T. ) ;
#1134 = PLANE ( 'NONE',  #2715 ) ;
#1135 = DIRECTION ( 'NONE',  ( 1.000000000000000000, 0.000000000000000000, 0.000000000000000000 ) ) ;
#1136 = DIRECTION ( 'NONE',  ( -2.168404344971010101E-16, 1.000000000000000000, 0.000000000000000000 ) ) ;
#1137 = DIRECTION ( 'NONE',  ( 0.000000000000000000, 0.000000000000000000, 1.000000000000000000 ) ) ;
#1138 = ORIENTED_EDGE ( 'NONE', *, *, #1558, .F. ) ;
#1139 = AXIS2_PLACEMENT_3D ( 'NONE', #3001, #901, #1650 ) ;
#1140 = SURFACE_STYLE_FILL_AREA ( #2439 ) ;
#1141 = CARTESIAN_POINT ( 'NONE',  ( -2.899999999999999911, 2.299999999999999822, -2.649999999999999911 ) ) ;
#1142 = VERTEX_POINT ( 'NONE', #1413 ) ;
#1143 = ORIENTED_EDGE ( 'NONE', *, *, #96, .T. ) ;
#1144 = PLANE ( 'NONE',  #884 ) ;
#1145 = ORIENTED_EDGE ( 'NONE', *, *, #3490, .F. ) ;
#1146 = ORIENTED_EDGE ( 'NONE', *, *, #1638, .F. ) ;
#1147 = CARTESIAN_POINT ( 'NONE',  ( -2.899999999999999911, 2.299999999999999822, 2.649999999999999911 ) ) ;
#1148 = DIRECTION ( 'NONE',  ( 1.000000000000000000, 2.168404344971010101E-16, 0.000000000000000000 ) ) ;
#1149 = STYLED_ITEM ( 'NONE', ( #1894 ), #1955 ) ;
#1150 = EDGE_CURVE ( 'NONE', #1717, #2511, #63, .T. ) ;
#1151 = CARTESIAN_POINT ( 'NONE',  ( -1.600000000000000089, 1.000000000000000000, 3.050000000000000266 ) ) ;
#1152 = PLANE ( 'NONE',  #1762 ) ;
#1153 = VECTOR ( 'NONE', #3270, 1000.000000000000000 ) ;
#1154 = COLOUR_RGB ( '',0.2509803921568627416, 0.2509803921568627416, 0.2509803921568627416 ) ;
#1155 = PRESENTATION_STYLE_ASSIGNMENT (( #2758 ) ) ;
#1156 = ORIENTED_EDGE ( 'NONE', *, *, #861, .F. ) ;
#1157 = ORIENTED_EDGE ( 'NONE', *, *, #2038, .T. ) ;
#1158 = LINE ( 'NONE', #567, #2247 ) ;
#1159 = LINE ( 'NONE', #1991, #29 ) ;
#1160 = EDGE_LOOP ( 'NONE', ( #1455, #1847, #2532, #472 ) ) ;
#1161 = DIRECTION ( 'NONE',  ( 0.000000000000000000, 0.000000000000000000, 1.000000000000000000 ) ) ;
#1162 = CARTESIAN_POINT ( 'NONE',  ( 2.000000000000000000, 0.1000000000000000056, 2.850000000000000089 ) ) ;
#1163 = EDGE_CURVE ( 'NONE', #2135, #3189, #613, .T. ) ;
#1164 = LINE ( 'NONE', #3024, #1063 ) ;
#1165 = PLANE ( 'NONE',  #1039 ) ;
#1166 = PRESENTATION_LAYER_ASSIGNMENT (  '', '', ( #2732 ) ) ;
#1167 = ADVANCED_FACE ( 'NONE', ( #79 ), #443, .T. ) ;
#1168 = CARTESIAN_POINT ( 'NONE',  ( 1.500000000000000000, 1.000000000000000000, -2.850000000000000089 ) ) ;
#1169 = LINE ( 'NONE', #2200, #2788 ) ;
#1170 = FILL_AREA_STYLE ('',( #912 ) ) ;
#1171 = ORIENTED_EDGE ( 'NONE', *, *, #1813, .T. ) ;
#1172 = VERTEX_POINT ( 'NONE', #3331 ) ;
#1173 = CARTESIAN_POINT ( 'NONE',  ( -3.100000000000000089, 0.2999999999999999889, -2.350000000000000089 ) ) ;
#1174 = ADVANCED_FACE ( 'NONE', ( #391 ), #1212, .T. ) ;
#1175 = ORIENTED_EDGE ( 'NONE', *, *, #2724, .F. ) ;
#1176 = ORIENTED_EDGE ( 'NONE', *, *, #844, .T. ) ;
#1177 = LINE ( 'NONE', #320, #1781 ) ;
#1178 = VERTEX_POINT ( 'NONE', #2861 ) ;
#1179 = CARTESIAN_POINT ( 'NONE',  ( -3.100000000000000089, 0.1000000000000000056, -2.850000000000000089 ) ) ;
#1180 = COLOUR_RGB ( '',1.000000000000000000, 1.000000000000000000, 0.7529411764705882248 ) ;
#1181 =( NAMED_UNIT ( * ) SI_UNIT ( $, .STERADIAN. ) SOLID_ANGLE_UNIT ( ) );
#1182 = LINE ( 'NONE', #2503, #11 ) ;
#1183 = CARTESIAN_POINT ( 'NONE',  ( -2.200000000000000178, 0.1000000000000000056, -1.649999999999999911 ) ) ;
#1184 = DIRECTION ( 'NONE',  ( 0.000000000000000000, -1.000000000000000000, 0.000000000000000000 ) ) ;
#1185 = ORIENTED_EDGE ( 'NONE', *, *, #2015, .T. ) ;
#1186 = EDGE_CURVE ( 'NONE', #996, #605, #1737, .T. ) ;
#1187 = VERTEX_POINT ( 'NONE', #2804 ) ;
#1188 = CARTESIAN_POINT ( 'NONE',  ( -3.500000000000000000, -8.572244476756639821E-16, 2.350000000000000089 ) ) ;
#1189 = LINE ( 'NONE', #402, #2757 ) ;
#1190 = CARTESIAN_POINT ( 'NONE',  ( 1.500000000000000000, 1.699999999999999956, 2.850000000000000089 ) ) ;
#1191 = EDGE_LOOP ( 'NONE', ( #1798, #1522, #549, #728 ) ) ;
#1192 = SURFACE_STYLE_USAGE ( .BOTH. , #419 ) ;
#1193 = FACE_OUTER_BOUND ( 'NONE', #3230, .T. ) ;
#1194 = VECTOR ( 'NONE', #3357, 1000.000000000000000 ) ;
#1195 = SURFACE_SIDE_STYLE ('',( #2027 ) ) ;
#1196 = PLANE ( 'NONE',  #1489 ) ;
#1197 = VECTOR ( 'NONE', #1658, 1000.000000000000000 ) ;
#1198 = DIRECTION ( 'NONE',  ( 0.000000000000000000, 0.000000000000000000, 1.000000000000000000 ) ) ;
#1199 = EDGE_LOOP ( 'NONE', ( #194, #709, #1067, #1878 ) ) ;
#1200 = VERTEX_POINT ( 'NONE', #92 ) ;
#1201 = AXIS2_PLACEMENT_3D ( 'NONE', #1293, #1590, #2356 ) ;
#1202 = VECTOR ( 'NONE', #3284, 1000.000000000000000 ) ;
#1203 = EDGE_CURVE ( 'NONE', #2150, #1273, #1771, .T. ) ;
#1204 = LINE ( 'NONE', #665, #3493 ) ;
#1205 =( GEOMETRIC_REPRESENTATION_CONTEXT ( 3 ) GLOBAL_UNCERTAINTY_ASSIGNED_CONTEXT ( ( #1649 ) ) GLOBAL_UNIT_ASSIGNED_CONTEXT ( ( #584, #3287, #1952 ) ) REPRESENTATION_CONTEXT ( 'NONE', 'WORKASPACE' ) );
#1206 = CARTESIAN_POINT ( 'NONE',  ( -1.600000000000000089, 1.000000000000000000, 3.050000000000000266 ) ) ;
#1207 = ORIENTED_EDGE ( 'NONE', *, *, #3393, .T. ) ;
#1208 = CARTESIAN_POINT ( 'NONE',  ( 1.600000000000000089, 2.500000000000000000, 3.050000000000000266 ) ) ;
#1209 = DIRECTION ( 'NONE',  ( 0.7071067811865480168, 0.7071067811865470176, 0.000000000000000000 ) ) ;
#1210 = EDGE_CURVE ( 'NONE', #2118, #3244, #2541, .T. ) ;
#1211 = DIRECTION ( 'NONE',  ( 0.000000000000000000, 1.000000000000000000, 0.000000000000000000 ) ) ;
#1212 = CYLINDRICAL_SURFACE ( 'NONE', #2380, 1.250000000000000000 ) ;
#1213 = ADVANCED_FACE ( 'NONE', ( #943 ), #2821, .T. ) ;
#1214 = EDGE_LOOP ( 'NONE', ( #937, #553, #3143, #1749 ) ) ;
#1215 = FILL_AREA_STYLE ('',( #2543 ) ) ;
#1216 = ORIENTED_EDGE ( 'NONE', *, *, #3053, .F. ) ;
#1217 = PRODUCT ( 'B3SL-1002P', 'B3SL-1002P', '', ( #2518 ) ) ;
#1218 = DIRECTION ( 'NONE',  ( 0.000000000000000000, 0.000000000000000000, 1.000000000000000000 ) ) ;
#1219 = DIRECTION ( 'NONE',  ( -1.000000000000000000, -6.505213034913019702E-16, 0.000000000000000000 ) ) ;
#1220 = VERTEX_POINT ( 'NONE', #2578 ) ;
#1221 = CARTESIAN_POINT ( 'NONE',  ( 1.500000000000000000, 1.000000000000000000, 2.850000000000000089 ) ) ;
#1222 = VECTOR ( 'NONE', #2103, 1000.000000000000000 ) ;
#1223 = EDGE_CURVE ( 'NONE', #3194, #2444, #2385, .T. ) ;
#1224 = VECTOR ( 'NONE', #3167, 1000.000000000000000 ) ;
#1225 = LINE ( 'NONE', #174, #2588 ) ;
#1226 = DIRECTION ( 'NONE',  ( 0.000000000000000000, 0.000000000000000000, -1.000000000000000000 ) ) ;
#1227 = ORIENTED_EDGE ( 'NONE', *, *, #3444, .T. ) ;
#1228 = AXIS2_PLACEMENT_3D ( 'NONE', #3103, #1806, #1512 ) ;
#1229 = DIRECTION ( 'NONE',  ( 0.000000000000000000, 0.000000000000000000, 1.000000000000000000 ) ) ;
#1230 = CARTESIAN_POINT ( 'NONE',  ( 1.500000000000000000, 1.000000000000000000, -2.850000000000000089 ) ) ;
#1231 = DIRECTION ( 'NONE',  ( -1.000000000000000000, 7.228014483236700500E-16, 0.000000000000000000 ) ) ;
#1232 = CARTESIAN_POINT ( 'NONE',  ( -1.600000000000000089, 2.500000000000000000, -3.050000000000000266 ) ) ;
#1233 = EDGE_CURVE ( 'NONE', #2390, #2421, #1272, .T. ) ;
#1234 = ORIENTED_EDGE ( 'NONE', *, *, #102, .T. ) ;
#1235 = FACE_OUTER_BOUND ( 'NONE', #478, .T. ) ;
#1236 = PLANE ( 'NONE',  #1660 ) ;
#1237 = FACE_OUTER_BOUND ( 'NONE', #1770, .T. ) ;
#1238 = EDGE_LOOP ( 'NONE', ( #2493, #1556, #2028, #2635 ) ) ;
#1239 = EDGE_LOOP ( 'NONE', ( #817, #3148, #918, #3375 ) ) ;
#1240 = CARTESIAN_POINT ( 'NONE',  ( -1.899999999999999911, 0.000000000000000000, -2.850000000000000089 ) ) ;
#1241 = LINE ( 'NONE', #1508, #1896 ) ;
#1242 = DIRECTION ( 'NONE',  ( 0.000000000000000000, -1.000000000000000000, 0.000000000000000000 ) ) ;
#1243 = VERTEX_POINT ( 'NONE', #2669 ) ;
#1244 = DIRECTION ( 'NONE',  ( 1.445602896647339903E-16, 1.000000000000000000, 0.000000000000000000 ) ) ;
#1245 = DIRECTION ( 'NONE',  ( 0.000000000000000000, 0.000000000000000000, 1.000000000000000000 ) ) ;
#1246 =( GEOMETRIC_REPRESENTATION_CONTEXT ( 3 ) GLOBAL_UNCERTAINTY_ASSIGNED_CONTEXT ( ( #2522 ) ) GLOBAL_UNIT_ASSIGNED_CONTEXT ( ( #246, #533, #3474 ) ) REPRESENTATION_CONTEXT ( 'NONE', 'WORKASPACE' ) );
#1247 = CARTESIAN_POINT ( 'NONE',  ( -3.200000000000000178, 1.199999999999999956, -1.649999999999999911 ) ) ;
#1248 = ORIENTED_EDGE ( 'NONE', *, *, #1638, .T. ) ;
#1249 = VECTOR ( 'NONE', #19, 1000.000000000000000 ) ;
#1250 = ORIENTED_EDGE ( 'NONE', *, *, #1022, .T. ) ;
#1251 = FILL_AREA_STYLE_COLOUR ( '', #3166 ) ;
#1252 = EDGE_CURVE ( 'NONE', #3106, #172, #1811, .T. ) ;
#1253 = DIRECTION ( 'NONE',  ( 0.000000000000000000, 0.000000000000000000, 1.000000000000000000 ) ) ;
#1254 = AXIS2_PLACEMENT_3D ( 'NONE', #513, #568, #799 ) ;
#1255 = DIRECTION ( 'NONE',  ( 0.000000000000000000, 6.195440985631460248E-16, -1.000000000000000000 ) ) ;
#1256 = ORIENTED_EDGE ( 'NONE', *, *, #125, .F. ) ;
#1257 = ORIENTED_EDGE ( 'NONE', *, *, #3019, .F. ) ;
#1258 = ORIENTED_EDGE ( 'NONE', *, *, #1186, .T. ) ;
#1259 = UNCERTAINTY_MEASURE_WITH_UNIT (LENGTH_MEASURE( 1.000000000000000082E-05 ), #2652, 'distance_accuracy_value', 'NONE');
#1260 = EDGE_CURVE ( 'NONE', #2295, #3113, #203, .T. ) ;
#1261 = CARTESIAN_POINT ( 'NONE',  ( -2.200000000000000178, -5.388267956818460133E-16, -2.350000000000000089 ) ) ;
#1262 = DIRECTION ( 'NONE',  ( 1.000000000000000000, 0.000000000000000000, -1.398970545142586048E-16 ) ) ;
#1263 = DIRECTION ( 'NONE',  ( 0.000000000000000000, 1.000000000000000000, 0.000000000000000000 ) ) ;
#1264 = SURFACE_SIDE_STYLE ('',( #2093 ) ) ;
#1265 = ORIENTED_EDGE ( 'NONE', *, *, #2826, .T. ) ;
#1266 = VECTOR ( 'NONE', #2595, 1000.000000000000000 ) ;
#1267 = CARTESIAN_POINT ( 'NONE',  ( 2.899999999999999911, 0.5000000000000000000, -2.850000000000000089 ) ) ;
#1268 =( NAMED_UNIT ( * ) SI_UNIT ( $, .STERADIAN. ) SOLID_ANGLE_UNIT ( ) );
#1269 = COLOUR_RGB ( '',0.2509803921568627416, 0.2509803921568627416, 0.2509803921568627416 ) ;
#1270 = DIRECTION ( 'NONE',  ( -2.168404344971010101E-16, -1.000000000000000000, 0.000000000000000000 ) ) ;
#1271 = ORIENTED_EDGE ( 'NONE', *, *, #2580, .T. ) ;
#1272 = LINE ( 'NONE', #1051, #2825 ) ;
#1273 = VERTEX_POINT ( 'NONE', #2102 ) ;
#1274 = ADVANCED_FACE ( 'NONE', ( #3442 ), #1305, .T. ) ;
#1275 = EDGE_CURVE ( 'NONE', #2314, #1030, #1290, .T. ) ;
#1276 = CARTESIAN_POINT ( 'NONE',  ( 2.200000000000000178, 0.000000000000000000, 2.350000000000000089 ) ) ;
#1277 = ORIENTED_EDGE ( 'NONE', *, *, #3033, .T. ) ;
#1278 = VERTEX_POINT ( 'NONE', #2620 ) ;
#1279 = ADVANCED_FACE ( 'NONE', ( #517 ), #1318, .F. ) ;
#1280 = LINE ( 'NONE', #508, #2141 ) ;
#1281 = VECTOR ( 'NONE', #436, 1000.000000000000000 ) ;
#1282 = FACE_OUTER_BOUND ( 'NONE', #335, .T. ) ;
#1283 = DIRECTION ( 'NONE',  ( 1.000000000000000000, -4.336808689942015271E-16, 0.000000000000000000 ) ) ;
#1284 = ORIENTED_EDGE ( 'NONE', *, *, #3252, .F. ) ;
#1285 = EDGE_CURVE ( 'NONE', #1880, #3342, #250, .T. ) ;
#1286 = DIRECTION ( 'NONE',  ( 0.000000000000000000, -1.000000000000000000, 0.000000000000000000 ) ) ;
#1287 = FACE_OUTER_BOUND ( 'NONE', #2682, .T. ) ;
#1288 = ORIENTED_EDGE ( 'NONE', *, *, #2826, .F. ) ;
#1289 = VECTOR ( 'NONE', #821, 1000.000000000000000 ) ;
#1290 = LINE ( 'NONE', #2598, #1323 ) ;
#1291 = ORIENTED_EDGE ( 'NONE', *, *, #1540, .T. ) ;
#1292 = PLANE ( 'NONE',  #749 ) ;
#1293 = CARTESIAN_POINT ( 'NONE',  ( 0.000000000000000000, 2.500000000000000000, 0.000000000000000000 ) ) ;
#1294 = VECTOR ( 'NONE', #1184, 1000.000000000000000 ) ;
#1295 = ORIENTED_EDGE ( 'NONE', *, *, #3285, .F. ) ;
#1296 = ORIENTED_EDGE ( 'NONE', *, *, #789, .T. ) ;
#1297 =( NAMED_UNIT ( * ) SI_UNIT ( $, .STERADIAN. ) SOLID_ANGLE_UNIT ( ) );
#1298 = EDGE_CURVE ( 'NONE', #1493, #3435, #2351, .T. ) ;
#1299 = LINE ( 'NONE', #3433, #3344 ) ;
#1300 = FACE_OUTER_BOUND ( 'NONE', #71, .T. ) ;
#1301 = ORIENTED_EDGE ( 'NONE', *, *, #102, .F. ) ;
#1302 = DIRECTION ( 'NONE',  ( 0.000000000000000000, -1.000000000000000000, 6.195440985631460248E-16 ) ) ;
#1303 = SURFACE_SIDE_STYLE ('',( #2348 ) ) ;
#1304 = ORIENTED_EDGE ( 'NONE', *, *, #1275, .F. ) ;
#1305 = PLANE ( 'NONE',  #187 ) ;
#1306 = LINE ( 'NONE', #1620, #3023 ) ;
#1307 = DIRECTION ( 'NONE',  ( 0.000000000000000000, 1.000000000000000000, 0.000000000000000000 ) ) ;
#1308 =( GEOMETRIC_REPRESENTATION_CONTEXT ( 3 ) GLOBAL_UNCERTAINTY_ASSIGNED_CONTEXT ( ( #3047 ) ) GLOBAL_UNIT_ASSIGNED_CONTEXT ( ( #680, #651, #934 ) ) REPRESENTATION_CONTEXT ( 'NONE', 'WORKASPACE' ) );
#1309 = SURFACE_STYLE_FILL_AREA ( #1559 ) ;
#1310 = ORIENTED_EDGE ( 'NONE', *, *, #1507, .T. ) ;
#1311 =( NAMED_UNIT ( * ) PLANE_ANGLE_UNIT ( ) SI_UNIT ( $, .RADIAN. ) );
#1312 = DIRECTION ( 'NONE',  ( 0.000000000000000000, 0.000000000000000000, -1.000000000000000000 ) ) ;
#1313 = DIRECTION ( 'NONE',  ( 1.000000000000000000, 0.000000000000000000, 0.000000000000000000 ) ) ;
#1314 = EDGE_LOOP ( 'NONE', ( #2863, #2640, #1234, #830 ) ) ;
#1315 = EDGE_CURVE ( 'NONE', #414, #2178, #2636, .T. ) ;
#1316 = DIRECTION ( 'NONE',  ( 0.000000000000000000, 1.000000000000000000, 0.000000000000000000 ) ) ;
#1317 = ORIENTED_EDGE ( 'NONE', *, *, #1942, .F. ) ;
#1318 = PLANE ( 'NONE',  #3218 ) ;
#1319 = DIRECTION ( 'NONE',  ( 1.000000000000000000, 2.449212707644755009E-16, 0.000000000000000000 ) ) ;
#1320 = EDGE_CURVE ( 'NONE', #2150, #1548, #3460, .T. ) ;
#1321 = PRESENTATION_LAYER_ASSIGNMENT (  '', '', ( #2095 ) ) ;
#1322 = CARTESIAN_POINT ( 'NONE',  ( -2.000000000000000000, 0.1000000000000000056, -2.850000000000000089 ) ) ;
#1323 = VECTOR ( 'NONE', #1555, 1000.000000000000000 ) ;
#1324 = PLANE ( 'NONE',  #2689 ) ;
#1325 = FILL_AREA_STYLE_COLOUR ( '', #1096 ) ;
#1326 = CARTESIAN_POINT ( 'NONE',  ( 3.500000000000000000, 0.000000000000000000, 2.350000000000000089 ) ) ;
#1327 = LINE ( 'NONE', #1872, #2572 ) ;
#1328 = ORIENTED_EDGE ( 'NONE', *, *, #1203, .T. ) ;
#1329 = EDGE_CURVE ( 'NONE', #1486, #814, #1845, .T. ) ;
#1330 = FILL_AREA_STYLE_COLOUR ( '', #2602 ) ;
#1331 = CARTESIAN_POINT ( 'NONE',  ( 3.100000000000000089, 2.299999999999999822, -2.850000000000000089 ) ) ;
#1332 = ORIENTED_EDGE ( 'NONE', *, *, #58, .F. ) ;
#1333 =( LENGTH_UNIT ( ) NAMED_UNIT ( * ) SI_UNIT ( .MILLI., .METRE. ) );
#1334 = LINE ( 'NONE', #2370, #2286 ) ;
#1335 = DIRECTION ( 'NONE',  ( -2.168404344971010101E-16, -1.000000000000000000, 0.000000000000000000 ) ) ;
#1336 = EDGE_CURVE ( 'NONE', #602, #732, #2952, .T. ) ;
#1337 = ORIENTED_EDGE ( 'NONE', *, *, #3074, .T. ) ;
#1338 = ORIENTED_EDGE ( 'NONE', *, *, #2106, .F. ) ;
#1339 = EDGE_CURVE ( 'NONE', #286, #1685, #268, .T. ) ;
#1340 = DIRECTION ( 'NONE',  ( 0.000000000000000000, 0.000000000000000000, -1.000000000000000000 ) ) ;
#1341 = VECTOR ( 'NONE', #2899, 1000.000000000000000 ) ;
#1342 = VECTOR ( 'NONE', #2963, 1000.000000000000000 ) ;
#1343 = LINE ( 'NONE', #2415, #2252 ) ;
#1344 = DIRECTION ( 'NONE',  ( 0.000000000000000000, 0.000000000000000000, 1.000000000000000000 ) ) ;
#1345 = DIRECTION ( 'NONE',  ( -2.168404344971010101E-16, 1.000000000000000000, 0.000000000000000000 ) ) ;
#1346 = VERTEX_POINT ( 'NONE', #1 ) ;
#1347 = VECTOR ( 'NONE', #3283, 1000.000000000000000 ) ;
#1348 = DIRECTION ( 'NONE',  ( 0.000000000000000000, 0.000000000000000000, 1.000000000000000000 ) ) ;
#1349 = ORIENTED_EDGE ( 'NONE', *, *, #96, .F. ) ;
#1350 = ORIENTED_EDGE ( 'NONE', *, *, #2230, .F. ) ;
#1351 = ORIENTED_EDGE ( 'NONE', *, *, #2989, .F. ) ;
#1352 = DIRECTION ( 'NONE',  ( 1.000000000000000000, 0.000000000000000000, 0.000000000000000000 ) ) ;
#1353 = VERTEX_POINT ( 'NONE', #1617 ) ;
#1354 = DIRECTION ( 'NONE',  ( -1.000000000000000000, -6.505213034913019702E-16, 0.000000000000000000 ) ) ;
#1355 = VERTEX_POINT ( 'NONE', #2424 ) ;
#1356 = CARTESIAN_POINT ( 'NONE',  ( 2.899999999999999911, 0.5000000000000000000, 2.850000000000000089 ) ) ;
#1357 =( LENGTH_UNIT ( ) NAMED_UNIT ( * ) SI_UNIT ( .MILLI., .METRE. ) );
#1358 = EDGE_CURVE ( 'NONE', #2749, #431, #1097, .T. ) ;
#1359 = DIRECTION ( 'NONE',  ( 1.000000000000000000, 4.818676322157800333E-16, 0.000000000000000000 ) ) ;
#1360 = AXIS2_PLACEMENT_3D ( 'NONE', #1582, #512, #1048 ) ;
#1361 = AXIS2_PLACEMENT_3D ( 'NONE', #972, #1802, #2042 ) ;
#1362 = CARTESIAN_POINT ( 'NONE',  ( 2.899999999999999911, 2.500000000000000000, -3.050000000000000266 ) ) ;
#1363 = DIRECTION ( 'NONE',  ( 0.000000000000000000, 0.000000000000000000, -1.000000000000000000 ) ) ;
#1364 = CARTESIAN_POINT ( 'NONE',  ( -1.500000000000000000, 1.699999999999999956, -2.850000000000000089 ) ) ;
#1365 = ORIENTED_EDGE ( 'NONE', *, *, #1358, .T. ) ;
#1366 = EDGE_CURVE ( 'NONE', #3411, #761, #3215, .T. ) ;
#1367 = DIRECTION ( 'NONE',  ( -1.000000000000000000, 0.000000000000000000, 0.000000000000000000 ) ) ;
#1368 = VECTOR ( 'NONE', #3492, 1000.000000000000000 ) ;
#1369 = SURFACE_STYLE_USAGE ( .BOTH. , #1125 ) ;
#1370 = ORIENTED_EDGE ( 'NONE', *, *, #858, .F. ) ;
#1371 = ORIENTED_EDGE ( 'NONE', *, *, #362, .T. ) ;
#1372 = ORIENTED_EDGE ( 'NONE', *, *, #490, .T. ) ;
#1373 = DIRECTION ( 'NONE',  ( 1.000000000000000000, 0.000000000000000000, -1.398970545142586048E-16 ) ) ;
#1374 = VERTEX_POINT ( 'NONE', #3269 ) ;
#1375 = CARTESIAN_POINT ( 'NONE',  ( 3.200000000000000178, 0.2999999999999999889, 1.649999999999999911 ) ) ;
#1376 = FACE_OUTER_BOUND ( 'NONE', #2951, .T. ) ;
#1377 = LINE ( 'NONE', #26, #271 ) ;
#1378 = VECTOR ( 'NONE', #1000, 1000.000000000000000 ) ;
#1379 = VECTOR ( 'NONE', #1918, 1000.000000000000000 ) ;
#1380 = CARTESIAN_POINT ( 'NONE',  ( 2.899999999999999911, 2.500000000000000000, -3.050000000000000266 ) ) ;
#1381 = ADVANCED_FACE ( 'NONE', ( #1640 ), #3025, .T. ) ;
#1382 = CARTESIAN_POINT ( 'NONE',  ( 3.100000000000000089, 2.500000000000000000, 2.850000000000000089 ) ) ;
#1383 = MECHANICAL_DESIGN_GEOMETRIC_PRESENTATION_REPRESENTATION (  '', ( #2269 ), #1100 ) ;
#1384 = LINE ( 'NONE', #2149, #1342 ) ;
#1385 = ORIENTED_EDGE ( 'NONE', *, *, #2877, .T. ) ;
#1386 = EDGE_CURVE ( 'NONE', #451, #1835, #306, .T. ) ;
#1387 = LINE ( 'NONE', #1669, #1867 ) ;
#1388 = CARTESIAN_POINT ( 'NONE',  ( 1.600000000000000089, 1.000000000000000000, -3.050000000000000266 ) ) ;
#1389 = ORIENTED_EDGE ( 'NONE', *, *, #1916, .F. ) ;
#1390 = ORIENTED_EDGE ( 'NONE', *, *, #1747, .F. ) ;
#1391 = CARTESIAN_POINT ( 'NONE',  ( 2.200000000000000178, 0.2999999999999999889, 2.350000000000000089 ) ) ;
#1392 = EDGE_LOOP ( 'NONE', ( #262, #1138, #2190, #501 ) ) ;
#1393 = ADVANCED_FACE ( 'NONE', ( #1074 ), #1134, .T. ) ;
#1394 = LINE ( 'NONE', #3248, #2907 ) ;
#1395 = CARTESIAN_POINT ( 'NONE',  ( -3.500000000000000000, -8.572244476756639821E-16, 2.350000000000000089 ) ) ;
#1396 = CARTESIAN_POINT ( 'NONE',  ( -2.200000000000000178, -5.388267956818460133E-16, -2.350000000000000089 ) ) ;
#1397 = VECTOR ( 'NONE', #3476, 1000.000000000000000 ) ;
#1398 =( GEOMETRIC_REPRESENTATION_CONTEXT ( 3 ) GLOBAL_UNCERTAINTY_ASSIGNED_CONTEXT ( ( #715 ) ) GLOBAL_UNIT_ASSIGNED_CONTEXT ( ( #2232, #3272, #331 ) ) REPRESENTATION_CONTEXT ( 'NONE', 'WORKASPACE' ) );
#1399 = DIRECTION ( 'NONE',  ( -1.000000000000000000, 4.336808689942015271E-16, 0.000000000000000000 ) ) ;
#1400 = VECTOR ( 'NONE', #460, 1000.000000000000000 ) ;
#1401 = LINE ( 'NONE', #47, #1983 ) ;
#1402 = DIRECTION ( 'NONE',  ( 0.000000000000000000, 0.000000000000000000, -1.000000000000000000 ) ) ;
#1403 = CARTESIAN_POINT ( 'NONE',  ( -3.100000000000000089, 2.500000000000000000, 2.850000000000000089 ) ) ;
#1404 = ORIENTED_EDGE ( 'NONE', *, *, #2066, .T. ) ;
#1405 = DIRECTION ( 'NONE',  ( 0.000000000000000000, 0.000000000000000000, 1.000000000000000000 ) ) ;
#1406 = CARTESIAN_POINT ( 'NONE',  ( 1.500000000000000000, 1.000000000000000000, 2.850000000000000089 ) ) ;
#1407 = EDGE_CURVE ( 'NONE', #3082, #2314, #562, .T. ) ;
#1408 = EDGE_LOOP ( 'NONE', ( #149, #678, #33, #3289 ) ) ;
#1409 = DIRECTION ( 'NONE',  ( 0.000000000000000000, 0.000000000000000000, -1.000000000000000000 ) ) ;
#1410 = ORIENTED_EDGE ( 'NONE', *, *, #697, .F. ) ;
#1411 = CARTESIAN_POINT ( 'NONE',  ( -2.200000000000000178, -5.388267956818460133E-16, 2.350000000000000089 ) ) ;
#1412 = DIRECTION ( 'NONE',  ( 0.000000000000000000, 0.000000000000000000, 1.000000000000000000 ) ) ;
#1413 = CARTESIAN_POINT ( 'NONE',  ( 1.500000000000000000, 1.000000000000000000, 2.850000000000000089 ) ) ;
#1414 = DIRECTION ( 'NONE',  ( -1.000000000000000000, 0.000000000000000000, 0.000000000000000000 ) ) ;
#1415 = LINE ( 'NONE', #2004, #1624 ) ;
#1416 = ORIENTED_EDGE ( 'NONE', *, *, #2246, .T. ) ;
#1417 = COLOUR_RGB ( '',0.2509803921568627416, 0.2509803921568627416, 0.2509803921568627416 ) ;
#1418 = ORIENTED_EDGE ( 'NONE', *, *, #1445, .T. ) ;
#1419 = CARTESIAN_POINT ( 'NONE',  ( 1.500000000000000000, 1.000000000000000000, 3.050000000000000266 ) ) ;
#1420 = EDGE_CURVE ( 'NONE', #1040, #156, #882, .T. ) ;
#1421 = ORIENTED_EDGE ( 'NONE', *, *, #1035, .T. ) ;
#1422 = DIRECTION ( 'NONE',  ( 0.000000000000000000, 0.000000000000000000, 1.000000000000000000 ) ) ;
#1423 = EDGE_LOOP ( 'NONE', ( #2036, #2428, #700, #2566 ) ) ;
#1424 = EDGE_CURVE ( 'NONE', #2596, #1992, #2143, .T. ) ;
#1425 = CARTESIAN_POINT ( 'NONE',  ( 3.200000000000000178, 1.199999999999999956, -2.350000000000000089 ) ) ;
#1426 = LINE ( 'NONE', #461, #1480 ) ;
#1427 = CARTESIAN_POINT ( 'NONE',  ( -2.200000000000000178, 0.2999999999999999889, -2.350000000000000089 ) ) ;
#1428 = ADVANCED_FACE ( 'NONE', ( #327 ), #2450, .F. ) ;
#1429 = SURFACE_SIDE_STYLE ('',( #579 ) ) ;
#1430 = VECTOR ( 'NONE', #46, 1000.000000000000000 ) ;
#1431 = VECTOR ( 'NONE', #27, 1000.000000000000000 ) ;
#1432 = VECTOR ( 'NONE', #3093, 1000.000000000000000 ) ;
#1433 = AXIS2_PLACEMENT_3D ( 'NONE', #2300, #1710, #1444 ) ;
#1434 = APPLICATION_PROTOCOL_DEFINITION ( 'draft international standard', 'automotive_design', 1998, #3315 ) ;
#1435 = LINE ( 'NONE', #272, #3478 ) ;
#1436 = ORIENTED_EDGE ( 'NONE', *, *, #847, .F. ) ;
#1437 = ORIENTED_EDGE ( 'NONE', *, *, #3242, .F. ) ;
#1438 = LINE ( 'NONE', #3275, #279 ) ;
#1439 = CARTESIAN_POINT ( 'NONE',  ( -2.899999999999999911, 2.279999999999999805, -2.649999999999999911 ) ) ;
#1440 = ORIENTED_EDGE ( 'NONE', *, *, #1904, .T. ) ;
#1441 = CARTESIAN_POINT ( 'NONE',  ( -1.600000000000000089, 2.500000000000000000, 2.850000000000000089 ) ) ;
#1442 = DIRECTION ( 'NONE',  ( 1.000000000000000000, 0.000000000000000000, 0.000000000000000000 ) ) ;
#1443 = CARTESIAN_POINT ( 'NONE',  ( -1.500000000000000000, 1.699999999999999956, -3.250000000000000000 ) ) ;
#1444 = DIRECTION ( 'NONE',  ( 0.000000000000000000, 0.000000000000000000, -1.000000000000000000 ) ) ;
#1445 = EDGE_CURVE ( 'NONE', #1685, #1278, #1182, .T. ) ;
#1446 = VECTOR ( 'NONE', #403, 1000.000000000000000 ) ;
#1447 = VECTOR ( 'NONE', #1402, 1000.000000000000000 ) ;
#1448 = PLANE ( 'NONE',  #1881 ) ;
#1449 = CARTESIAN_POINT ( 'NONE',  ( 2.200000000000000178, 0.000000000000000000, -2.350000000000000089 ) ) ;
#1450 = VERTEX_POINT ( 'NONE', #963 ) ;
#1451 = ORIENTED_EDGE ( 'NONE', *, *, #3177, .F. ) ;
#1452 = CARTESIAN_POINT ( 'NONE',  ( -2.200000000000000178, -5.388267956818460133E-16, -2.350000000000000089 ) ) ;
#1453 = CARTESIAN_POINT ( 'NONE',  ( 0.000000000000000000, 3.399999999999999911, -1.250000000000000000 ) ) ;
#1454 = CARTESIAN_POINT ( 'NONE',  ( -2.899999999999999911, 2.279999999999999805, 2.649999999999999911 ) ) ;
#1455 = ORIENTED_EDGE ( 'NONE', *, *, #292, .F. ) ;
#1456 = CARTESIAN_POINT ( 'NONE',  ( 1.600000000000000089, 2.500000000000000000, 2.850000000000000089 ) ) ;
#1457 = DIRECTION ( 'NONE',  ( -1.000000000000000000, -1.445602896647339903E-16, 0.000000000000000000 ) ) ;
#1458 = COLOUR_RGB ( '',0.7921568627450980005, 0.8196078431372548767, 0.9333333333333333481 ) ;
#1459 = FILL_AREA_STYLE_COLOUR ( '', #97 ) ;
#1460 = MECHANICAL_DESIGN_GEOMETRIC_PRESENTATION_REPRESENTATION (  '', ( #2071 ), #1690 ) ;
#1461 = LINE ( 'NONE', #1755, #809 ) ;
#1462 = ADVANCED_FACE ( 'NONE', ( #1967 ), #1165, .F. ) ;
#1463 = EDGE_CURVE ( 'NONE', #2221, #1009, #2029, .T. ) ;
#1464 = PLANE ( 'NONE',  #2446 ) ;
#1465 = CARTESIAN_POINT ( 'NONE',  ( -3.100000000000000089, 2.299999999999999822, -2.850000000000000089 ) ) ;
#1466 = ORIENTED_EDGE ( 'NONE', *, *, #65, .F. ) ;
#1467 = ORIENTED_EDGE ( 'NONE', *, *, #64, .F. ) ;
#1468 = EDGE_CURVE ( 'NONE', #2525, #1243, #1981, .T. ) ;
#1469 =( LENGTH_UNIT ( ) NAMED_UNIT ( * ) SI_UNIT ( .MILLI., .METRE. ) );
#1470 = FILL_AREA_STYLE ('',( #2021 ) ) ;
#1471 = CARTESIAN_POINT ( 'NONE',  ( 2.200000000000000178, 0.000000000000000000, 1.649999999999999911 ) ) ;
#1472 = ORIENTED_EDGE ( 'NONE', *, *, #3202, .F. ) ;
#1473 = VECTOR ( 'NONE', #3455, 1000.000000000000000 ) ;
#1474 = FACE_OUTER_BOUND ( 'NONE', #694, .T. ) ;
#1475 = SURFACE_STYLE_USAGE ( .BOTH. , #1707 ) ;
#1476 = DIRECTION ( 'NONE',  ( 0.000000000000000000, -1.000000000000000000, 0.000000000000000000 ) ) ;
#1477 = DIRECTION ( 'NONE',  ( 0.000000000000000000, 1.000000000000000000, 0.000000000000000000 ) ) ;
#1478 = ORIENTED_EDGE ( 'NONE', *, *, #2885, .F. ) ;
#1479 = PLANE ( 'NONE',  #469 ) ;
#1480 = VECTOR ( 'NONE', #2574, 1000.000000000000000 ) ;
#1481 = ORIENTED_EDGE ( 'NONE', *, *, #603, .T. ) ;
#1482 = ADVANCED_FACE ( 'NONE', ( #410, #1235 ), #1196, .T. ) ;
#1483 = CARTESIAN_POINT ( 'NONE',  ( -3.500000000000000000, 0.2999999999999999889, 1.649999999999999911 ) ) ;
#1484 = EDGE_CURVE ( 'NONE', #2127, #120, #1461, .T. ) ;
#1485 = PRESENTATION_STYLE_ASSIGNMENT (( #397 ) ) ;
#1486 = VERTEX_POINT ( 'NONE', #1499 ) ;
#1487 = ORIENTED_EDGE ( 'NONE', *, *, #2567, .T. ) ;
#1488 = VECTOR ( 'NONE', #1906, 1000.000000000000000 ) ;
#1489 = AXIS2_PLACEMENT_3D ( 'NONE', #1725, #945, #643 ) ;
#1490 = FACE_OUTER_BOUND ( 'NONE', #986, .T. ) ;
#1491 = ADVANCED_FACE ( 'NONE', ( #2265 ), #659, .F. ) ;
#1492 = CARTESIAN_POINT ( 'NONE',  ( -1.500000000000000000, 1.699999999999999956, 3.250000000000000000 ) ) ;
#1493 = VERTEX_POINT ( 'NONE', #2777 ) ;
#1494 = CARTESIAN_POINT ( 'NONE',  ( -1.600000000000000089, 2.500000000000000000, -2.850000000000000089 ) ) ;
#1495 = DIRECTION ( 'NONE',  ( -1.445602896647339903E-16, 1.000000000000000000, 0.000000000000000000 ) ) ;
#1496 = DIRECTION ( 'NONE',  ( 0.7071067811865480168, 0.7071067811865470176, 0.000000000000000000 ) ) ;
#1497 = CARTESIAN_POINT ( 'NONE',  ( 5.204170427930419706E-15, -1.899999999999999911, -1.500000000000000000 ) ) ;
#1498 = ORIENTED_EDGE ( 'NONE', *, *, #1484, .F. ) ;
#1499 = CARTESIAN_POINT ( 'NONE',  ( -2.899999999999999911, 2.279999999999999805, -2.850000000000000089 ) ) ;
#1500 = DIRECTION ( 'NONE',  ( 0.000000000000000000, 0.000000000000000000, 1.000000000000000000 ) ) ;
#1501 =( NAMED_UNIT ( * ) PLANE_ANGLE_UNIT ( ) SI_UNIT ( $, .RADIAN. ) );
#1502 = EDGE_LOOP ( 'NONE', ( #3127, #2627, #2708, #1337 ) ) ;
#1503 = VERTEX_POINT ( 'NONE', #93 ) ;
#1504 = AXIS2_PLACEMENT_3D ( 'NONE', #1089, #2422, #2950 ) ;
#1505 = UNCERTAINTY_MEASURE_WITH_UNIT (LENGTH_MEASURE( 1.000000000000000082E-05 ), #1054, 'distance_accuracy_value', 'NONE');
#1506 = DIRECTION ( 'NONE',  ( 0.000000000000000000, 1.000000000000000000, 0.000000000000000000 ) ) ;
#1507 = EDGE_CURVE ( 'NONE', #3370, #120, #526, .T. ) ;
#1508 = CARTESIAN_POINT ( 'NONE',  ( 2.899999999999999911, 2.279999999999999805, -2.649999999999999911 ) ) ;
#1509 = PLANE ( 'NONE',  #3253 ) ;
#1510 = ORIENTED_EDGE ( 'NONE', *, *, #2195, .F. ) ;
#1511 = AXIS2_PLACEMENT_3D ( 'NONE', #2512, #90, #593 ) ;
#1512 = DIRECTION ( 'NONE',  ( 0.000000000000000000, 0.000000000000000000, 1.000000000000000000 ) ) ;
#1513 = ADVANCED_FACE ( 'NONE', ( #393 ), #1479, .T. ) ;
#1514 = LINE ( 'NONE', #3140, #455 ) ;
#1515 = FACE_OUTER_BOUND ( 'NONE', #1191, .T. ) ;
#1516 = ORIENTED_EDGE ( 'NONE', *, *, #2087, .T. ) ;
#1517 = DIRECTION ( 'NONE',  ( 1.000000000000000000, -1.445602896647339903E-16, 0.000000000000000000 ) ) ;
#1518 = ORIENTED_EDGE ( 'NONE', *, *, #3468, .T. ) ;
#1519 = VECTOR ( 'NONE', #1345, 1000.000000000000000 ) ;
#1520 = CARTESIAN_POINT ( 'NONE',  ( 2.899999999999999911, 0.5000000000000000000, 2.850000000000000089 ) ) ;
#1521 = ORIENTED_EDGE ( 'NONE', *, *, #3437, .F. ) ;
#1522 = ORIENTED_EDGE ( 'NONE', *, *, #1962, .T. ) ;
#1523 = ORIENTED_EDGE ( 'NONE', *, *, #771, .F. ) ;
#1524 =( NAMED_UNIT ( * ) SI_UNIT ( $, .STERADIAN. ) SOLID_ANGLE_UNIT ( ) );
#1525 = CARTESIAN_POINT ( 'NONE',  ( -3.500000000000000000, 0.2999999999999999889, 2.350000000000000089 ) ) ;
#1526 = LINE ( 'NONE', #2023, #702 ) ;
#1527 = DIRECTION ( 'NONE',  ( 0.000000000000000000, 0.000000000000000000, -1.000000000000000000 ) ) ;
#1528 = ORIENTED_EDGE ( 'NONE', *, *, #1223, .T. ) ;
#1529 = CARTESIAN_POINT ( 'NONE',  ( -2.899999999999999911, 2.500000000000000000, 3.050000000000000266 ) ) ;
#1530 = EDGE_CURVE ( 'NONE', #3397, #3495, #1004, .T. ) ;
#1531 = LINE ( 'NONE', #3406, #1266 ) ;
#1532 = ORIENTED_EDGE ( 'NONE', *, *, #640, .T. ) ;
#1533 = EDGE_CURVE ( 'NONE', #2673, #764, #765, .T. ) ;
#1534 = AXIS2_PLACEMENT_3D ( 'NONE', #1141, #2205, #3276 ) ;
#1535 = ORIENTED_EDGE ( 'NONE', *, *, #2558, .F. ) ;
#1536 = COLOUR_RGB ( '',0.2509803921568627416, 0.2509803921568627416, 0.2509803921568627416 ) ;
#1537 = ORIENTED_EDGE ( 'NONE', *, *, #357, .F. ) ;
#1538 = EDGE_CURVE ( 'NONE', #2221, #1577, #465, .T. ) ;
#1539 = VERTEX_POINT ( 'NONE', #745 ) ;
#1540 = EDGE_CURVE ( 'NONE', #975, #3113, #1573, .T. ) ;
#1541 = ORIENTED_EDGE ( 'NONE', *, *, #274, .T. ) ;
#1542 = ORIENTED_EDGE ( 'NONE', *, *, #165, .F. ) ;
#1543 = EDGE_LOOP ( 'NONE', ( #3446, #2137 ) ) ;
#1544 = DIRECTION ( 'NONE',  ( 0.000000000000000000, 0.000000000000000000, 1.000000000000000000 ) ) ;
#1545 = LINE ( 'NONE', #3432, #1552 ) ;
#1546 = CARTESIAN_POINT ( 'NONE',  ( -1.600000000000000089, 1.000000000000000000, -3.050000000000000266 ) ) ;
#1547 = CARTESIAN_POINT ( 'NONE',  ( -3.100000000000000089, 2.279999999999999805, -2.850000000000000089 ) ) ;
#1548 = VERTEX_POINT ( 'NONE', #1557 ) ;
#1549 = AXIS2_PLACEMENT_3D ( 'NONE', #375, #3368, #2823 ) ;
#1550 = CARTESIAN_POINT ( 'NONE',  ( 3.100000000000000089, 0.1000000000000000056, 2.350000000000000089 ) ) ;
#1551 =( NAMED_UNIT ( * ) PLANE_ANGLE_UNIT ( ) SI_UNIT ( $, .RADIAN. ) );
#1552 = VECTOR ( 'NONE', #1044, 1000.000000000000000 ) ;
#1553 = VECTOR ( 'NONE', #42, 1000.000000000000000 ) ;
#1554 = ORIENTED_EDGE ( 'NONE', *, *, #640, .F. ) ;
#1555 = DIRECTION ( 'NONE',  ( -1.000000000000000000, 0.000000000000000000, 0.000000000000000000 ) ) ;
#1556 = ORIENTED_EDGE ( 'NONE', *, *, #1468, .F. ) ;
#1557 = CARTESIAN_POINT ( 'NONE',  ( -1.600000000000000089, 1.000000000000000000, 2.850000000000000089 ) ) ;
#1558 = EDGE_CURVE ( 'NONE', #1040, #267, #1830, .T. ) ;
#1559 = FILL_AREA_STYLE ('',( #1325 ) ) ;
#1560 = ORIENTED_EDGE ( 'NONE', *, *, #1692, .T. ) ;
#1561 = ORIENTED_EDGE ( 'NONE', *, *, #1686, .T. ) ;
#1562 = CARTESIAN_POINT ( 'NONE',  ( -3.100000000000000089, 2.299999999999999822, 2.850000000000000089 ) ) ;
#1563 = VECTOR ( 'NONE', #2238, 1000.000000000000000 ) ;
#1564 = CARTESIAN_POINT ( 'NONE',  ( -3.100000000000000089, 0.1000000000000000056, -1.649999999999999911 ) ) ;
#1565 = LINE ( 'NONE', #2345, #2805 ) ;
#1566 = ORIENTED_EDGE ( 'NONE', *, *, #1974, .F. ) ;
#1567 = PLANE ( 'NONE',  #675 ) ;
#1568 = CARTESIAN_POINT ( 'NONE',  ( 1.600000000000000089, 2.500000000000000000, -3.050000000000000266 ) ) ;
#1569 = ORIENTED_EDGE ( 'NONE', *, *, #311, .T. ) ;
#1570 = VECTOR ( 'NONE', #3266, 1000.000000000000000 ) ;
#1571 = CARTESIAN_POINT ( 'NONE',  ( 1.600000000000000089, 1.000000000000000000, 3.050000000000000266 ) ) ;
#1572 = LINE ( 'NONE', #1411, #1844 ) ;
#1573 = LINE ( 'NONE', #1322, #2776 ) ;
#1574 = ORIENTED_EDGE ( 'NONE', *, *, #2611, .T. ) ;
#1575 = CARTESIAN_POINT ( 'NONE',  ( 3.100000000000000089, 2.279999999999999805, 2.850000000000000089 ) ) ;
#1576 = VECTOR ( 'NONE', #3318, 1000.000000000000000 ) ;
#1577 = VERTEX_POINT ( 'NONE', #3175 ) ;
#1578 = EDGE_CURVE ( 'NONE', #349, #930, #1864, .T. ) ;
#1579 = ORIENTED_EDGE ( 'NONE', *, *, #191, .T. ) ;
#1580 = ORIENTED_EDGE ( 'NONE', *, *, #791, .F. ) ;
#1581 = ADVANCED_FACE ( 'NONE', ( #485 ), #1292, .F. ) ;
#1582 = CARTESIAN_POINT ( 'NONE',  ( -3.100000000000000089, 2.279999999999999805, -2.850000000000000089 ) ) ;
#1583 = FILL_AREA_STYLE_COLOUR ( '', #2817 ) ;
#1584 = ADVANCED_FACE ( 'NONE', ( #2371 ), #3445, .F. ) ;
#1585 = FACE_OUTER_BOUND ( 'NONE', #1128, .T. ) ;
#1586 = VERTEX_POINT ( 'NONE', #2465 ) ;
#1587 = LINE ( 'NONE', #2655, #2790 ) ;
#1588 = ORIENTED_EDGE ( 'NONE', *, *, #1706, .F. ) ;
#1589 = VECTOR ( 'NONE', #2927, 1000.000000000000000 ) ;
#1590 = DIRECTION ( 'NONE',  ( 0.000000000000000000, 1.000000000000000000, 0.000000000000000000 ) ) ;
#1591 = EDGE_CURVE ( 'NONE', #1539, #1187, #1948, .T. ) ;
#1592 = CARTESIAN_POINT ( 'NONE',  ( 1.899999999999999911, 0.000000000000000000, 1.500000000000000000 ) ) ;
#1593 = FILL_AREA_STYLE ('',( #795 ) ) ;
#1594 = ORIENTED_EDGE ( 'NONE', *, *, #1591, .T. ) ;
#1595 = PLANE ( 'NONE',  #1076 ) ;
#1596 = EDGE_CURVE ( 'NONE', #3244, #3430, #2164, .T. ) ;
#1597 = CARTESIAN_POINT ( 'NONE',  ( -3.100000000000000089, 2.279999999999999805, 2.850000000000000089 ) ) ;
#1598 = ORIENTED_EDGE ( 'NONE', *, *, #3147, .T. ) ;
#1599 = MECHANICAL_DESIGN_GEOMETRIC_PRESENTATION_REPRESENTATION (  '', ( #746 ), #1825 ) ;
#1600 =( NAMED_UNIT ( * ) SI_UNIT ( $, .STERADIAN. ) SOLID_ANGLE_UNIT ( ) );
#1601 = LINE ( 'NONE', #2670, #3347 ) ;
#1602 = VECTOR ( 'NONE', #2281, 1000.000000000000000 ) ;
#1603 = CARTESIAN_POINT ( 'NONE',  ( 3.200000000000000178, 1.199999999999999956, 2.350000000000000089 ) ) ;
#1604 = VECTOR ( 'NONE', #3172, 1000.000000000000000 ) ;
#1605 = ORIENTED_EDGE ( 'NONE', *, *, #743, .T. ) ;
#1606 = FACE_OUTER_BOUND ( 'NONE', #100, .T. ) ;
#1607 = CARTESIAN_POINT ( 'NONE',  ( -3.200000000000000178, 1.199999999999999956, -2.350000000000000089 ) ) ;
#1608 = DIRECTION ( 'NONE',  ( 0.000000000000000000, 0.000000000000000000, -1.000000000000000000 ) ) ;
#1609 = CARTESIAN_POINT ( 'NONE',  ( -3.100000000000000089, 2.279999999999999805, 2.850000000000000089 ) ) ;
#1610 = DIRECTION ( 'NONE',  ( -1.398970545142586048E-16, 0.000000000000000000, -1.000000000000000000 ) ) ;
#1611 = ORIENTED_EDGE ( 'NONE', *, *, #883, .T. ) ;
#1612 = PLANE ( 'NONE',  #1360 ) ;
#1613 = EDGE_LOOP ( 'NONE', ( #2082, #1176, #321, #1876 ) ) ;
#1614 = DIRECTION ( 'NONE',  ( 1.000000000000000000, 7.228014483236700500E-16, 0.000000000000000000 ) ) ;
#1615 = VERTEX_POINT ( 'NONE', #3250 ) ;
#1616 = ORIENTED_EDGE ( 'NONE', *, *, #673, .T. ) ;
#1617 = CARTESIAN_POINT ( 'NONE',  ( 1.899999999999999911, 0.000000000000000000, -1.500000000000000000 ) ) ;
#1618 = EDGE_CURVE ( 'NONE', #608, #2283, #860, .T. ) ;
#1619 = VECTOR ( 'NONE', #386, 1000.000000000000000 ) ;
#1620 = CARTESIAN_POINT ( 'NONE',  ( 3.100000000000000089, 2.500000000000000000, -2.850000000000000089 ) ) ;
#1621 = DIRECTION ( 'NONE',  ( 0.000000000000000000, 0.000000000000000000, -1.000000000000000000 ) ) ;
#1622 = ADVANCED_FACE ( 'NONE', ( #2193 ), #542, .F. ) ;
#1623 = CARTESIAN_POINT ( 'NONE',  ( 3.100000000000000089, 2.299999999999999822, -2.850000000000000089 ) ) ;
#1624 = VECTOR ( 'NONE', #2290, 1000.000000000000000 ) ;
#1625 = DIRECTION ( 'NONE',  ( 1.445602896647339903E-16, -1.000000000000000000, 0.000000000000000000 ) ) ;
#1626 = CARTESIAN_POINT ( 'NONE',  ( -3.200000000000000178, 1.199999999999999956, 1.649999999999999911 ) ) ;
#1627 = ORIENTED_EDGE ( 'NONE', *, *, #597, .T. ) ;
#1628 = AXIS2_PLACEMENT_3D ( 'NONE', #1497, #2787, #3087 ) ;
#1629 = CARTESIAN_POINT ( 'NONE',  ( 2.899999999999999911, 2.299999999999999822, -2.649999999999999911 ) ) ;
#1630 = CARTESIAN_POINT ( 'NONE',  ( 3.100000000000000089, 0.2999999999999999889, 2.850000000000000089 ) ) ;
#1631 = ORIENTED_EDGE ( 'NONE', *, *, #2765, .T. ) ;
#1632 = ORIENTED_EDGE ( 'NONE', *, *, #3464, .T. ) ;
#1633 = DIRECTION ( 'NONE',  ( 4.818676322157800333E-16, 1.000000000000000000, 0.000000000000000000 ) ) ;
#1634 = ORIENTED_EDGE ( 'NONE', *, *, #3376, .T. ) ;
#1635 = EDGE_CURVE ( 'NONE', #2295, #1353, #880, .T. ) ;
#1636 = CARTESIAN_POINT ( 'NONE',  ( -2.200000000000000178, -5.388267956818460133E-16, 2.350000000000000089 ) ) ;
#1637 = LINE ( 'NONE', #2447, #1963 ) ;
#1638 = EDGE_CURVE ( 'NONE', #1701, #984, #1915, .T. ) ;
#1639 = CARTESIAN_POINT ( 'NONE',  ( 2.200000000000000178, 0.2999999999999999889, -1.649999999999999911 ) ) ;
#1640 = FACE_OUTER_BOUND ( 'NONE', #3319, .T. ) ;
#1641 = EDGE_CURVE ( 'NONE', #2421, #1577, #1933, .T. ) ;
#1642 = CARTESIAN_POINT ( 'NONE',  ( -3.200000000000000178, 1.199999999999999956, 2.350000000000000089 ) ) ;
#1643 = AXIS2_PLACEMENT_3D ( 'NONE', #1629, #280, #1107 ) ;
#1644 = VECTOR ( 'NONE', #3168, 1000.000000000000000 ) ;
#1645 = EDGE_CURVE ( 'NONE', #2596, #552, #1637, .T. ) ;
#1646 = CARTESIAN_POINT ( 'NONE',  ( -3.100000000000000089, 0.1000000000000000056, 2.850000000000000089 ) ) ;
#1647 = CARTESIAN_POINT ( 'NONE',  ( -3.100000000000000089, 2.279999999999999805, 2.850000000000000089 ) ) ;
#1648 = ORIENTED_EDGE ( 'NONE', *, *, #2161, .F. ) ;
#1649 = UNCERTAINTY_MEASURE_WITH_UNIT (LENGTH_MEASURE( 1.000000000000000082E-05 ), #584, 'distance_accuracy_value', 'NONE');
#1650 = DIRECTION ( 'NONE',  ( 1.000000000000000000, 0.000000000000000000, 1.398970545142586048E-16 ) ) ;
#1651 = COLOUR_RGB ( '',0.2509803921568627416, 0.2509803921568627416, 0.2509803921568627416 ) ;
#1652 =( LENGTH_UNIT ( ) NAMED_UNIT ( * ) SI_UNIT ( .MILLI., .METRE. ) );
#1653 = ORIENTED_EDGE ( 'NONE', *, *, #2686, .F. ) ;
#1654 = ORIENTED_EDGE ( 'NONE', *, *, #1121, .T. ) ;
#1655 = CARTESIAN_POINT ( 'NONE',  ( 2.899999999999999911, 2.500000000000000000, 2.850000000000000089 ) ) ;
#1656 = ORIENTED_EDGE ( 'NONE', *, *, #1900, .F. ) ;
#1657 = LINE ( 'NONE', #610, #1119 ) ;
#1658 = DIRECTION ( 'NONE',  ( 0.000000000000000000, 0.000000000000000000, 1.000000000000000000 ) ) ;
#1659 = DIRECTION ( 'NONE',  ( 0.000000000000000000, 0.000000000000000000, 1.000000000000000000 ) ) ;
#1660 = AXIS2_PLACEMENT_3D ( 'NONE', #1520, #2581, #2779 ) ;
#1661 = PRESENTATION_LAYER_ASSIGNMENT (  '', '', ( #3389 ) ) ;
#1662 = FILL_AREA_STYLE_COLOUR ( '', #2320 ) ;
#1663 = MECHANICAL_DESIGN_GEOMETRIC_PRESENTATION_REPRESENTATION (  '', ( #17 ), #3332 ) ;
#1664 = DIRECTION ( 'NONE',  ( -1.000000000000000000, 0.000000000000000000, -1.398970545142586048E-16 ) ) ;
#1665 = EDGE_CURVE ( 'NONE', #184, #2847, #270, .T. ) ;
#1666 = SURFACE_SIDE_STYLE ('',( #2199 ) ) ;
#1667 = SURFACE_SIDE_STYLE ('',( #813 ) ) ;
#1668 = ORIENTED_EDGE ( 'NONE', *, *, #1233, .T. ) ;
#1669 = CARTESIAN_POINT ( 'NONE',  ( -1.600000000000000089, 1.000000000000000000, -3.050000000000000266 ) ) ;
#1670 = LINE ( 'NONE', #317, #2929 ) ;
#1671 = EDGE_LOOP ( 'NONE', ( #1759, #2277, #1310, #1498 ) ) ;
#1672 = LINE ( 'NONE', #88, #1563 ) ;
#1673 = VERTEX_POINT ( 'NONE', #1356 ) ;
#1674 = PLANE ( 'NONE',  #2289 ) ;
#1675 = CARTESIAN_POINT ( 'NONE',  ( 2.899999999999999911, 0.5000000000000000000, 3.050000000000000266 ) ) ;
#1676 = LINE ( 'NONE', #1639, #2980 ) ;
#1677 = VECTOR ( 'NONE', #3295, 1000.000000000000000 ) ;
#1678 =( NAMED_UNIT ( * ) PLANE_ANGLE_UNIT ( ) SI_UNIT ( $, .RADIAN. ) );
#1679 = FACE_OUTER_BOUND ( 'NONE', #922, .T. ) ;
#1680 = VECTOR ( 'NONE', #2855, 1000.000000000000000 ) ;
#1681 = ADVANCED_FACE ( 'NONE', ( #2736 ), #2718, .F. ) ;
#1682 = DIRECTION ( 'NONE',  ( 0.000000000000000000, 0.000000000000000000, -1.000000000000000000 ) ) ;
#1683 = ADVANCED_FACE ( 'NONE', ( #323 ), #822, .T. ) ;
#1684 = CARTESIAN_POINT ( 'NONE',  ( 1.600000000000000089, 2.500000000000000000, -2.850000000000000089 ) ) ;
#1685 = VERTEX_POINT ( 'NONE', #3231 ) ;
#1686 = EDGE_CURVE ( 'NONE', #499, #286, #2991, .T. ) ;
#1687 = ORIENTED_EDGE ( 'NONE', *, *, #7, .F. ) ;
#1688 = LINE ( 'NONE', #2207, #3067 ) ;
#1689 = ORIENTED_EDGE ( 'NONE', *, *, #3416, .T. ) ;
#1690 =( GEOMETRIC_REPRESENTATION_CONTEXT ( 3 ) GLOBAL_UNCERTAINTY_ASSIGNED_CONTEXT ( ( #2831 ) ) GLOBAL_UNIT_ASSIGNED_CONTEXT ( ( #2841, #2264, #1181 ) ) REPRESENTATION_CONTEXT ( 'NONE', 'WORKASPACE' ) );
#1691 = CARTESIAN_POINT ( 'NONE',  ( -3.100000000000000089, 2.279999999999999805, 2.850000000000000089 ) ) ;
#1692 = EDGE_CURVE ( 'NONE', #1976, #1895, #3282, .T. ) ;
#1693 = DIRECTION ( 'NONE',  ( 1.000000000000000000, 0.000000000000000000, 0.000000000000000000 ) ) ;
#1694 = CARTESIAN_POINT ( 'NONE',  ( 1.600000000000000089, 2.500000000000000000, -3.050000000000000266 ) ) ;
#1695 = CARTESIAN_POINT ( 'NONE',  ( 3.100000000000000089, 2.500000000000000000, 2.850000000000000089 ) ) ;
#1696 = PRESENTATION_STYLE_ASSIGNMENT (( #870 ) ) ;
#1697 = CARTESIAN_POINT ( 'NONE',  ( -3.100000000000000089, 2.299999999999999822, -2.850000000000000089 ) ) ;
#1698 = CARTESIAN_POINT ( 'NONE',  ( 1.500000000000000000, 1.699999999999999956, -2.850000000000000089 ) ) ;
#1699 = ORIENTED_EDGE ( 'NONE', *, *, #603, .F. ) ;
#1700 = STYLED_ITEM ( 'NONE', ( #2396 ), #2146 ) ;
#1701 = VERTEX_POINT ( 'NONE', #1395 ) ;
#1702 = CARTESIAN_POINT ( 'NONE',  ( 0.000000000000000000, 3.399999999999999911, 0.000000000000000000 ) ) ;
#1703 = CARTESIAN_POINT ( 'NONE',  ( 3.500000000000000000, 0.000000000000000000, 2.350000000000000089 ) ) ;
#1704 = ORIENTED_EDGE ( 'NONE', *, *, #1813, .F. ) ;
#1705 = CARTESIAN_POINT ( 'NONE',  ( 0.000000000000000000, 2.500000000000000000, -1.250000000000000000 ) ) ;
#1706 = EDGE_CURVE ( 'NONE', #1486, #713, #2699, .T. ) ;
#1707 = SURFACE_SIDE_STYLE ('',( #3311 ) ) ;
#1708 = PRESENTATION_LAYER_ASSIGNMENT (  '', '', ( #910 ) ) ;
#1709 = DIRECTION ( 'NONE',  ( -4.818676322157800333E-16, 1.000000000000000000, 0.000000000000000000 ) ) ;
#1710 = DIRECTION ( 'NONE',  ( 0.000000000000000000, -1.000000000000000000, 0.000000000000000000 ) ) ;
#1711 = VECTOR ( 'NONE', #1633, 1000.000000000000000 ) ;
#1712 = VECTOR ( 'NONE', #528, 1000.000000000000000 ) ;
#1713 = VECTOR ( 'NONE', #985, 1000.000000000000000 ) ;
#1714 = CARTESIAN_POINT ( 'NONE',  ( 3.500000000000000000, 1.199999999999999956, 2.350000000000000089 ) ) ;
#1715 = DIRECTION ( 'NONE',  ( 0.000000000000000000, 0.000000000000000000, 1.000000000000000000 ) ) ;
#1716 = CARTESIAN_POINT ( 'NONE',  ( -1.600000000000000089, 1.000000000000000000, 3.050000000000000266 ) ) ;
#1717 = VERTEX_POINT ( 'NONE', #2426 ) ;
#1718 = ORIENTED_EDGE ( 'NONE', *, *, #2106, .T. ) ;
#1719 = UNCERTAINTY_MEASURE_WITH_UNIT (LENGTH_MEASURE( 1.000000000000000082E-05 ), #927, 'distance_accuracy_value', 'NONE');
#1720 = CARTESIAN_POINT ( 'NONE',  ( -1.600000000000000089, 2.500000000000000000, -3.050000000000000266 ) ) ;
#1721 = EDGE_LOOP ( 'NONE', ( #2862, #1810, #1541, #3017, #2840, #3077, #3124, #1634, #177, #3169 ) ) ;
#1722 = CARTESIAN_POINT ( 'NONE',  ( -2.899999999999999911, 2.500000000000000000, 3.050000000000000266 ) ) ;
#1723 = CARTESIAN_POINT ( 'NONE',  ( -1.600000000000000089, 2.500000000000000000, 3.050000000000000266 ) ) ;
#1724 = FILL_AREA_STYLE_COLOUR ( '', #717 ) ;
#1725 = CARTESIAN_POINT ( 'NONE',  ( -3.100000000000000089, 2.500000000000000000, 2.850000000000000089 ) ) ;
#1726 = VECTOR ( 'NONE', #2553, 1000.000000000000000 ) ;
#1727 = CARTESIAN_POINT ( 'NONE',  ( 1.600000000000000089, 2.500000000000000000, 2.850000000000000089 ) ) ;
#1728 = DIRECTION ( 'NONE',  ( -4.818676322157800333E-16, -1.000000000000000000, 0.000000000000000000 ) ) ;
#1729 = VERTEX_POINT ( 'NONE', #1093 ) ;
#1730 = FACE_OUTER_BOUND ( 'NONE', #3459, .T. ) ;
#1731 = SURFACE_SIDE_STYLE ('',( #3417 ) ) ;
#1732 = ORIENTED_EDGE ( 'NONE', *, *, #942, .F. ) ;
#1733 = LINE ( 'NONE', #3404, #3353 ) ;
#1734 = LINE ( 'NONE', #1642, #1488 ) ;
#1735 = VECTOR ( 'NONE', #3472, 1000.000000000000000 ) ;
#1736 = EDGE_CURVE ( 'NONE', #2292, #3351, #304, .T. ) ;
#1737 = LINE ( 'NONE', #1753, #3450 ) ;
#1738 = ORIENTED_EDGE ( 'NONE', *, *, #81, .F. ) ;
#1739 = DIRECTION ( 'NONE',  ( 0.000000000000000000, 1.000000000000000000, 0.000000000000000000 ) ) ;
#1740 = ORIENTED_EDGE ( 'NONE', *, *, #1056, .T. ) ;
#1741 = VECTOR ( 'NONE', #1527, 1000.000000000000000 ) ;
#1742 = ADVANCED_FACE ( 'NONE', ( #1376 ), #1114, .F. ) ;
#1743 = CARTESIAN_POINT ( 'NONE',  ( -1.899999999999999911, 0.000000000000000000, 2.850000000000000089 ) ) ;
#1744 = PLANE ( 'NONE',  #3026 ) ;
#1745 = ORIENTED_EDGE ( 'NONE', *, *, #1203, .F. ) ;
#1746 = DIRECTION ( 'NONE',  ( 1.000000000000000000, 0.000000000000000000, 0.000000000000000000 ) ) ;
#1747 = EDGE_CURVE ( 'NONE', #1754, #3407, #109, .T. ) ;
#1748 = DIRECTION ( 'NONE',  ( 0.000000000000000000, 0.000000000000000000, -1.000000000000000000 ) ) ;
#1749 = ORIENTED_EDGE ( 'NONE', *, *, #2191, .T. ) ;
#1750 = FACE_OUTER_BOUND ( 'NONE', #2905, .T. ) ;
#1751 = CARTESIAN_POINT ( 'NONE',  ( 3.200000000000000178, 0.2999999999999999889, -1.649999999999999911 ) ) ;
#1752 =( NAMED_UNIT ( * ) PLANE_ANGLE_UNIT ( ) SI_UNIT ( $, .RADIAN. ) );
#1753 = CARTESIAN_POINT ( 'NONE',  ( -1.500000000000000000, 1.000000000000000000, -2.850000000000000089 ) ) ;
#1754 = VERTEX_POINT ( 'NONE', #1162 ) ;
#1755 = CARTESIAN_POINT ( 'NONE',  ( 0.000000000000000000, 3.399999999999999911, -1.250000000000000000 ) ) ;
#1756 = MECHANICAL_DESIGN_GEOMETRIC_PRESENTATION_REPRESENTATION (  '', ( #862 ), #2204 ) ;
#1757 = LINE ( 'NONE', #2844, #587 ) ;
#1758 = CARTESIAN_POINT ( 'NONE',  ( -2.200000000000000178, -5.388267956818460133E-16, 2.350000000000000089 ) ) ;
#1759 = ORIENTED_EDGE ( 'NONE', *, *, #311, .F. ) ;
#1760 = EDGE_CURVE ( 'NONE', #3279, #3374, #668, .T. ) ;
#1761 = ORIENTED_EDGE ( 'NONE', *, *, #343, .T. ) ;
#1762 = AXIS2_PLACEMENT_3D ( 'NONE', #1887, #390, #1135 ) ;
#1763 = VECTOR ( 'NONE', #3144, 1000.000000000000000 ) ;
#1764 = SURFACE_STYLE_USAGE ( .BOTH. , #2020 ) ;
#1765 = CARTESIAN_POINT ( 'NONE',  ( -1.600000000000000089, 2.500000000000000000, -3.050000000000000266 ) ) ;
#1766 = VERTEX_POINT ( 'NONE', #1723 ) ;
#1767 = PLANE ( 'NONE',  #3203 ) ;
#1768 = DIRECTION ( 'NONE',  ( 0.000000000000000000, 0.000000000000000000, -1.000000000000000000 ) ) ;
#1769 = LINE ( 'NONE', #741, #1378 ) ;
#1770 = EDGE_LOOP ( 'NONE', ( #3088, #1566, #264, #2811 ) ) ;
#1771 = LINE ( 'NONE', #424, #2545 ) ;
#1772 = ORIENTED_EDGE ( 'NONE', *, *, #274, .F. ) ;
#1773 =( NAMED_UNIT ( * ) PLANE_ANGLE_UNIT ( ) SI_UNIT ( $, .RADIAN. ) );
#1774 = ORIENTED_EDGE ( 'NONE', *, *, #861, .T. ) ;
#1775 = DIRECTION ( 'NONE',  ( -1.000000000000000000, 0.000000000000000000, 1.398970545142586048E-16 ) ) ;
#1776 = CARTESIAN_POINT ( 'NONE',  ( 3.100000000000000089, 0.1000000000000000056, 2.850000000000000089 ) ) ;
#1777 = ORIENTED_EDGE ( 'NONE', *, *, #1665, .T. ) ;
#1778 = EDGE_CURVE ( 'NONE', #3430, #1880, #3345, .T. ) ;
#1779 = ORIENTED_EDGE ( 'NONE', *, *, #1641, .F. ) ;
#1780 = ORIENTED_EDGE ( 'NONE', *, *, #1320, .F. ) ;
#1781 = VECTOR ( 'NONE', #39, 1000.000000000000000 ) ;
#1782 = UNCERTAINTY_MEASURE_WITH_UNIT (LENGTH_MEASURE( 1.000000000000000082E-05 ), #2067, 'distance_accuracy_value', 'NONE');
#1783 =( NAMED_UNIT ( * ) PLANE_ANGLE_UNIT ( ) SI_UNIT ( $, .RADIAN. ) );
#1784 = SURFACE_STYLE_FILL_AREA ( #1470 ) ;
#1785 = LINE ( 'NONE', #3065, #1446 ) ;
#1786 = DIRECTION ( 'NONE',  ( 1.000000000000000000, 0.000000000000000000, 0.000000000000000000 ) ) ;
#1787 = EDGE_LOOP ( 'NONE', ( #3173, #1928, #955, #442, #2712, #2240 ) ) ;
#1788 = VECTOR ( 'NONE', #1244, 1000.000000000000000 ) ;
#1789 = LINE ( 'NONE', #179, #3073 ) ;
#1790 = LINE ( 'NONE', #2081, #980 ) ;
#1791 = ORIENTED_EDGE ( 'NONE', *, *, #1980, .T. ) ;
#1792 = SURFACE_STYLE_USAGE ( .BOTH. , #1195 ) ;
#1793 = ORIENTED_EDGE ( 'NONE', *, *, #358, .F. ) ;
#1794 = EDGE_CURVE ( 'NONE', #2847, #2511, #892, .T. ) ;
#1795 = VECTOR ( 'NONE', #2707, 1000.000000000000000 ) ;
#1796 = AXIS2_PLACEMENT_3D ( 'NONE', #1151, #1917, #561 ) ;
#1797 = DIRECTION ( 'NONE',  ( -1.000000000000000000, 0.000000000000000000, 1.398970545142586048E-16 ) ) ;
#1798 = ORIENTED_EDGE ( 'NONE', *, *, #2628, .T. ) ;
#1799 = VERTEX_POINT ( 'NONE', #2513 ) ;
#1800 = ORIENTED_EDGE ( 'NONE', *, *, #2881, .F. ) ;
#1801 = PLANE ( 'NONE',  #449 ) ;
#1802 = DIRECTION ( 'NONE',  ( 1.000000000000000000, 1.445602896647339903E-16, 0.000000000000000000 ) ) ;
#1803 = CARTESIAN_POINT ( 'NONE',  ( 2.200000000000000178, 0.000000000000000000, -1.649999999999999911 ) ) ;
#1804 = CARTESIAN_POINT ( 'NONE',  ( -3.500000000000000000, 1.199999999999999956, 2.350000000000000089 ) ) ;
#1805 = VERTEX_POINT ( 'NONE', #2225 ) ;
#1806 = DIRECTION ( 'NONE',  ( 0.000000000000000000, 1.000000000000000000, 0.000000000000000000 ) ) ;
#1807 =( NAMED_UNIT ( * ) SI_UNIT ( $, .STERADIAN. ) SOLID_ANGLE_UNIT ( ) );
#1808 = MECHANICAL_DESIGN_GEOMETRIC_PRESENTATION_REPRESENTATION (  '', ( #604 ), #3491 ) ;
#1809 = PLANE ( 'NONE',  #3004 ) ;
#1810 = ORIENTED_EDGE ( 'NONE', *, *, #7, .T. ) ;
#1811 = LINE ( 'NONE', #727, #2887 ) ;
#1812 = VECTOR ( 'NONE', #475, 1000.000000000000000 ) ;
#1813 = EDGE_CURVE ( 'NONE', #2692, #1814, #341, .T. ) ;
#1814 = VERTEX_POINT ( 'NONE', #1965 ) ;
#1815 = PRESENTATION_STYLE_ASSIGNMENT (( #186 ) ) ;
#1816 = VECTOR ( 'NONE', #389, 1000.000000000000000 ) ;
#1817 = PRESENTATION_STYLE_ASSIGNMENT (( #3128 ) ) ;
#1818 = ORIENTED_EDGE ( 'NONE', *, *, #219, .F. ) ;
#1819 = VERTEX_POINT ( 'NONE', #2770 ) ;
#1820 = CARTESIAN_POINT ( 'NONE',  ( -1.500000000000000000, 1.000000000000000000, 2.850000000000000089 ) ) ;
#1821 = FACE_OUTER_BOUND ( 'NONE', #85, .T. ) ;
#1822 = DIRECTION ( 'NONE',  ( 0.000000000000000000, 0.000000000000000000, -1.000000000000000000 ) ) ;
#1823 = EDGE_LOOP ( 'NONE', ( #2094, #1828, #1537, #951 ) ) ;
#1824 = CIRCLE ( 'NONE', #1201, 1.250000000000000000 ) ;
#1825 =( GEOMETRIC_REPRESENTATION_CONTEXT ( 3 ) GLOBAL_UNCERTAINTY_ASSIGNED_CONTEXT ( ( #1988 ) ) GLOBAL_UNIT_ASSIGNED_CONTEXT ( ( #1333, #2117, #1600 ) ) REPRESENTATION_CONTEXT ( 'NONE', 'WORKASPACE' ) );
#1826 = FILL_AREA_STYLE ('',( #3170 ) ) ;
#1827 = LINE ( 'NONE', #480, #1935 ) ;
#1828 = ORIENTED_EDGE ( 'NONE', *, *, #3369, .F. ) ;
#1829 = DIRECTION ( 'NONE',  ( 0.000000000000000000, 0.000000000000000000, -1.000000000000000000 ) ) ;
#1830 = LINE ( 'NONE', #2900, #3225 ) ;
#1831 = EDGE_CURVE ( 'NONE', #1577, #1754, #1995, .T. ) ;
#1832 = EDGE_CURVE ( 'NONE', #1346, #3351, #3054, .T. ) ;
#1833 = CARTESIAN_POINT ( 'NONE',  ( -3.100000000000000089, 0.1000000000000000056, 2.350000000000000089 ) ) ;
#1834 = EDGE_LOOP ( 'NONE', ( #2315, #570, #3122, #2304, #3277, #2384, #1047, #22 ) ) ;
#1835 = VERTEX_POINT ( 'NONE', #2297 ) ;
#1836 = CARTESIAN_POINT ( 'NONE',  ( 3.100000000000000089, 2.299999999999999822, -2.850000000000000089 ) ) ;
#1837 = AXIS2_PLACEMENT_3D ( 'NONE', #2148, #1312, #2909 ) ;
#1838 = CARTESIAN_POINT ( 'NONE',  ( -2.899999999999999911, 2.299999999999999822, -2.649999999999999911 ) ) ;
#1839 = PLANE ( 'NONE',  #384 ) ;
#1840 = EDGE_LOOP ( 'NONE', ( #1157, #3176, #333, #2830, #354 ) ) ;
#1841 = CARTESIAN_POINT ( 'NONE',  ( -3.100000000000000089, 2.299999999999999822, 2.850000000000000089 ) ) ;
#1842 = LINE ( 'NONE', #265, #1711 ) ;
#1843 = EDGE_LOOP ( 'NONE', ( #57, #1082, #2751, #3398 ) ) ;
#1844 = VECTOR ( 'NONE', #2716, 1000.000000000000000 ) ;
#1845 = LINE ( 'NONE', #803, #2034 ) ;
#1846 = VERTEX_POINT ( 'NONE', #373 ) ;
#1847 = ORIENTED_EDGE ( 'NONE', *, *, #1424, .F. ) ;
#1848 = EDGE_CURVE ( 'NONE', #726, #1043, #626, .T. ) ;
#1849 =( NAMED_UNIT ( * ) PLANE_ANGLE_UNIT ( ) SI_UNIT ( $, .RADIAN. ) );
#1850 = MECHANICAL_DESIGN_GEOMETRIC_PRESENTATION_REPRESENTATION (  '', ( #1006 ), #434 ) ;
#1851 = DIRECTION ( 'NONE',  ( 0.7071067811865500152, -0.7071067811865450192, 0.000000000000000000 ) ) ;
#1852 = PRESENTATION_LAYER_ASSIGNMENT (  '', '', ( #1006 ) ) ;
#1853 = ADVANCED_FACE ( 'NONE', ( #1193 ), #406, .T. ) ;
#1854 = DIRECTION ( 'NONE',  ( 0.000000000000000000, 0.000000000000000000, 1.000000000000000000 ) ) ;
#1855 = LINE ( 'NONE', #3487, #2342 ) ;
#1856 = PLANE ( 'NONE',  #846 ) ;
#1857 = EDGE_LOOP ( 'NONE', ( #2672, #2072, #2489, #1560, #210, #1288, #319, #150, #1579, #1521, #230, #913 ) ) ;
#1858 = PRODUCT_DEFINITION ( 'UNKNOWN', '', #769, #2869 ) ;
#1859 = CARTESIAN_POINT ( 'NONE',  ( 1.600000000000000089, 2.279999999999999805, -2.850000000000000089 ) ) ;
#1860 = DIRECTION ( 'NONE',  ( -1.000000000000000000, 0.000000000000000000, 0.000000000000000000 ) ) ;
#1861 = PLANE ( 'NONE',  #3126 ) ;
#1862 = ORIENTED_EDGE ( 'NONE', *, *, #1962, .F. ) ;
#1863 = LINE ( 'NONE', #1036, #1902 ) ;
#1864 = LINE ( 'NONE', #2388, #2165 ) ;
#1865 = ORIENTED_EDGE ( 'NONE', *, *, #2834, .T. ) ;
#1866 = VECTOR ( 'NONE', #2173, 1000.000000000000000 ) ;
#1867 = VECTOR ( 'NONE', #2747, 1000.000000000000000 ) ;
#1868 = CARTESIAN_POINT ( 'NONE',  ( 3.200000000000000178, 0.2999999999999999889, -1.649999999999999911 ) ) ;
#1869 = CARTESIAN_POINT ( 'NONE',  ( -2.200000000000000178, 0.1000000000000000056, 2.350000000000000089 ) ) ;
#1870 = ADVANCED_FACE ( 'NONE', ( #2802 ), #2556, .F. ) ;
#1871 = CARTESIAN_POINT ( 'NONE',  ( 3.200000000000000178, 1.199999999999999956, 2.350000000000000089 ) ) ;
#1872 = CARTESIAN_POINT ( 'NONE',  ( -2.899999999999999911, 2.500000000000000000, -2.850000000000000089 ) ) ;
#1873 = ORIENTED_EDGE ( 'NONE', *, *, #1285, .T. ) ;
#1874 = PRESENTATION_STYLE_ASSIGNMENT (( #2133 ) ) ;
#1875 = FACE_OUTER_BOUND ( 'NONE', #1314, .T. ) ;
#1876 = ORIENTED_EDGE ( 'NONE', *, *, #1530, .F. ) ;
#1877 = VECTOR ( 'NONE', #2432, 1000.000000000000000 ) ;
#1878 = ORIENTED_EDGE ( 'NONE', *, *, #989, .T. ) ;
#1879 = DIRECTION ( 'NONE',  ( -1.000000000000000000, 0.000000000000000000, -1.398970545142586048E-16 ) ) ;
#1880 = VERTEX_POINT ( 'NONE', #2753 ) ;
#1881 = AXIS2_PLACEMENT_3D ( 'NONE', #379, #3042, #1775 ) ;
#1882 = EDGE_CURVE ( 'NONE', #1805, #3279, #1426, .T. ) ;
#1883 = CARTESIAN_POINT ( 'NONE',  ( -3.100000000000000089, 2.279999999999999805, 1.649999999999999911 ) ) ;
#1884 = VECTOR ( 'NONE', #3191, 1000.000000000000000 ) ;
#1885 = DIRECTION ( 'NONE',  ( 0.000000000000000000, 0.000000000000000000, -1.000000000000000000 ) ) ;
#1886 =( LENGTH_UNIT ( ) NAMED_UNIT ( * ) SI_UNIT ( .MILLI., .METRE. ) );
#1887 = CARTESIAN_POINT ( 'NONE',  ( 2.899999999999999911, 0.5000000000000000000, -2.850000000000000089 ) ) ;
#1888 = ORIENTED_EDGE ( 'NONE', *, *, #1916, .T. ) ;
#1889 =( LENGTH_UNIT ( ) NAMED_UNIT ( * ) SI_UNIT ( .MILLI., .METRE. ) );
#1890 = ADVANCED_FACE ( 'NONE', ( #218 ), #497, .F. ) ;
#1891 = CARTESIAN_POINT ( 'NONE',  ( 1.530757942277970094E-16, 2.500000000000000000, 1.250000000000000000 ) ) ;
#1892 = VERTEX_POINT ( 'NONE', #2046 ) ;
#1893 = ADVANCED_FACE ( 'NONE', ( #703 ), #1567, .T. ) ;
#1894 = PRESENTATION_STYLE_ASSIGNMENT (( #1369 ) ) ;
#1895 = VERTEX_POINT ( 'NONE', #2633 ) ;
#1896 = VECTOR ( 'NONE', #2873, 1000.000000000000000 ) ;
#1897 = CARTESIAN_POINT ( 'NONE',  ( 3.100000000000000089, 2.279999999999999805, -1.649999999999999911 ) ) ;
#1898 = ORIENTED_EDGE ( 'NONE', *, *, #238, .F. ) ;
#1899 = ORIENTED_EDGE ( 'NONE', *, *, #374, .F. ) ;
#1900 = EDGE_CURVE ( 'NONE', #552, #1374, #1514, .T. ) ;
#1901 = DIRECTION ( 'NONE',  ( -1.000000000000000000, 0.000000000000000000, 0.000000000000000000 ) ) ;
#1902 = VECTOR ( 'NONE', #287, 1000.000000000000000 ) ;
#1903 = CARTESIAN_POINT ( 'NONE',  ( 2.200000000000000178, 0.000000000000000000, 2.350000000000000089 ) ) ;
#1904 = EDGE_CURVE ( 'NONE', #2272, #887, #3119, .T. ) ;
#1905 = CARTESIAN_POINT ( 'NONE',  ( -1.500000000000000000, 1.699999999999999956, -2.850000000000000089 ) ) ;
#1906 = DIRECTION ( 'NONE',  ( -1.000000000000000000, 7.228014483236700500E-16, 0.000000000000000000 ) ) ;
#1907 = VECTOR ( 'NONE', #1786, 1000.000000000000000 ) ;
#1908 = LINE ( 'NONE', #2982, #2123 ) ;
#1909 = VERTEX_POINT ( 'NONE', #2331 ) ;
#1910 = PLANE ( 'NONE',  #1643 ) ;
#1911 = LINE ( 'NONE', #1630, #2433 ) ;
#1912 = ORIENTED_EDGE ( 'NONE', *, *, #2263, .T. ) ;
#1913 = EDGE_LOOP ( 'NONE', ( #742, #573, #2358, #1898, #1410, #1780, #1328, #1800 ) ) ;
#1914 = CARTESIAN_POINT ( 'NONE',  ( 1.500000000000000000, 1.699999999999999956, 3.250000000000000000 ) ) ;
#1915 = LINE ( 'NONE', #2671, #923 ) ;
#1916 = EDGE_CURVE ( 'NONE', #1353, #3265, #979, .T. ) ;
#1917 = DIRECTION ( 'NONE',  ( 0.000000000000000000, -1.000000000000000000, 0.000000000000000000 ) ) ;
#1918 = DIRECTION ( 'NONE',  ( 0.000000000000000000, 0.000000000000000000, 1.000000000000000000 ) ) ;
#1919 = DIRECTION ( 'NONE',  ( 0.000000000000000000, -1.000000000000000000, 0.000000000000000000 ) ) ;
#1920 = SURFACE_STYLE_FILL_AREA ( #2376 ) ;
#1921 = CARTESIAN_POINT ( 'NONE',  ( -1.600000000000000089, 1.000000000000000000, -3.050000000000000266 ) ) ;
#1922 = PLANE ( 'NONE',  #147 ) ;
#1923 = EDGE_LOOP ( 'NONE', ( #15, #2868, #2875, #418 ) ) ;
#1924 = UNCERTAINTY_MEASURE_WITH_UNIT (LENGTH_MEASURE( 1.000000000000000082E-05 ), #91, 'distance_accuracy_value', 'NONE');
#1925 = CARTESIAN_POINT ( 'NONE',  ( 2.899999999999999911, 0.5000000000000000000, 3.050000000000000266 ) ) ;
#1926 = MECHANICAL_DESIGN_GEOMETRIC_PRESENTATION_REPRESENTATION (  '', ( #910 ), #2597 ) ;
#1927 = CARTESIAN_POINT ( 'NONE',  ( 2.899999999999999911, 2.500000000000000000, -2.850000000000000089 ) ) ;
#1928 = ORIENTED_EDGE ( 'NONE', *, *, #3090, .T. ) ;
#1929 = EDGE_LOOP ( 'NONE', ( #3095, #1372, #827, #1436 ) ) ;
#1930 = CARTESIAN_POINT ( 'NONE',  ( 3.100000000000000089, 2.279999999999999805, 2.850000000000000089 ) ) ;
#1931 = ORIENTED_EDGE ( 'NONE', *, *, #343, .F. ) ;
#1932 = CARTESIAN_POINT ( 'NONE',  ( -3.500000000000000000, 1.199999999999999956, -2.350000000000000089 ) ) ;
#1933 = LINE ( 'NONE', #2685, #2891 ) ;
#1934 = DIRECTION ( 'NONE',  ( -1.000000000000000000, 0.000000000000000000, -1.398970545142586048E-16 ) ) ;
#1935 = VECTOR ( 'NONE', #2896, 1000.000000000000000 ) ;
#1936 = COLOUR_RGB ( '',0.2509803921568627416, 0.2509803921568627416, 0.2509803921568627416 ) ;
#1937 = FILL_AREA_STYLE ('',( #1662 ) ) ;
#1938 = EDGE_CURVE ( 'NONE', #1273, #1909, #2617, .T. ) ;
#1939 = CARTESIAN_POINT ( 'NONE',  ( 3.100000000000000089, 2.299999999999999822, -2.850000000000000089 ) ) ;
#1940 = EDGE_CURVE ( 'NONE', #3435, #1142, #1032, .T. ) ;
#1941 = EDGE_LOOP ( 'NONE', ( #1145, #2346, #1970, #473, #1370, #677, #557, #2714, #2101, #1954, #2333, #3410, #3479, #2395, #3003, #837, #1390, #2915, #1791, #767, #20, #2403, #1931, #2202, #3473, #3356, #2368, #2375 ) ) ;
#1942 = EDGE_CURVE ( 'NONE', #2283, #2743, #2476, .T. ) ;
#1943 = FACE_OUTER_BOUND ( 'NONE', #3201, .T. ) ;
#1944 = ORIENTED_EDGE ( 'NONE', *, *, #1635, .F. ) ;
#1945 = LINE ( 'NONE', #877, #308 ) ;
#1946 = VERTEX_POINT ( 'NONE', #2440 ) ;
#1947 = DIRECTION ( 'NONE',  ( 0.000000000000000000, -1.000000000000000000, 0.000000000000000000 ) ) ;
#1948 = LINE ( 'NONE', #558, #18 ) ;
#1949 = LINE ( 'NONE', #595, #2413 ) ;
#1950 = ADVANCED_FACE ( 'NONE', ( #1875 ), #2401, .F. ) ;
#1951 = VECTOR ( 'NONE', #859, 1000.000000000000000 ) ;
#1952 =( NAMED_UNIT ( * ) SI_UNIT ( $, .STERADIAN. ) SOLID_ANGLE_UNIT ( ) );
#1953 = DIRECTION ( 'NONE',  ( 0.000000000000000000, -1.000000000000000000, 0.000000000000000000 ) ) ;
#1954 = ORIENTED_EDGE ( 'NONE', *, *, #2412, .F. ) ;
#1955 = ADVANCED_FACE ( 'NONE', ( #2694 ), #832, .F. ) ;
#1956 = ORIENTED_EDGE ( 'NONE', *, *, #1315, .T. ) ;
#1957 = UNCERTAINTY_MEASURE_WITH_UNIT (LENGTH_MEASURE( 1.000000000000000082E-05 ), #479, 'distance_accuracy_value', 'NONE');
#1958 = VECTOR ( 'NONE', #531, 1000.000000000000000 ) ;
#1959 = ORIENTED_EDGE ( 'NONE', *, *, #2504, .F. ) ;
#1960 = CARTESIAN_POINT ( 'NONE',  ( 3.100000000000000089, 2.500000000000000000, -2.850000000000000089 ) ) ;
#1961 = ORIENTED_EDGE ( 'NONE', *, *, #2161, .T. ) ;
#1962 = EDGE_CURVE ( 'NONE', #381, #930, #1911, .T. ) ;
#1963 = VECTOR ( 'NONE', #3211, 1000.000000000000000 ) ;
#1964 = DIRECTION ( 'NONE',  ( -1.000000000000000000, 0.000000000000000000, 0.000000000000000000 ) ) ;
#1965 = CARTESIAN_POINT ( 'NONE',  ( -3.200000000000000178, 1.199999999999999956, -2.350000000000000089 ) ) ;
#1966 = PLANE ( 'NONE',  #779 ) ;
#1967 = FACE_OUTER_BOUND ( 'NONE', #1613, .T. ) ;
#1968 = DIRECTION ( 'NONE',  ( -1.000000000000000000, 0.000000000000000000, 0.000000000000000000 ) ) ;
#1969 = DIRECTION ( 'NONE',  ( 1.000000000000000000, 0.000000000000000000, 0.000000000000000000 ) ) ;
#1970 = ORIENTED_EDGE ( 'NONE', *, *, #191, .F. ) ;
#1971 = VECTOR ( 'NONE', #36, 1000.000000000000000 ) ;
#1972 = STYLED_ITEM ( 'NONE', ( #2647 ), #636 ) ;
#1973 = FACE_OUTER_BOUND ( 'NONE', #2139, .T. ) ;
#1974 = EDGE_CURVE ( 'NONE', #366, #1615, #781, .T. ) ;
#1975 = DIRECTION ( 'NONE',  ( 0.000000000000000000, 0.000000000000000000, -1.000000000000000000 ) ) ;
#1976 = VERTEX_POINT ( 'NONE', #2457 ) ;
#1977 = PLANE ( 'NONE',  #1058 ) ;
#1978 = EDGE_CURVE ( 'NONE', #996, #3477, #1086, .T. ) ;
#1979 = DIRECTION ( 'NONE',  ( 0.000000000000000000, -1.000000000000000000, 0.000000000000000000 ) ) ;
#1980 = EDGE_CURVE ( 'NONE', #1009, #3411, #3187, .T. ) ;
#1981 = LINE ( 'NONE', #2789, #1982 ) ;
#1982 = VECTOR ( 'NONE', #628, 1000.000000000000000 ) ;
#1983 = VECTOR ( 'NONE', #1136, 1000.000000000000000 ) ;
#1984 = DIRECTION ( 'NONE',  ( 0.000000000000000000, 0.000000000000000000, -1.000000000000000000 ) ) ;
#1985 =( LENGTH_UNIT ( ) NAMED_UNIT ( * ) SI_UNIT ( .MILLI., .METRE. ) );
#1986 = EDGE_LOOP ( 'NONE', ( #1014, #2760, #239, #1518 ) ) ;
#1987 = ORIENTED_EDGE ( 'NONE', *, *, #3249, .T. ) ;
#1988 = UNCERTAINTY_MEASURE_WITH_UNIT (LENGTH_MEASURE( 1.000000000000000082E-05 ), #1333, 'distance_accuracy_value', 'NONE');
#1989 = EDGE_CURVE ( 'NONE', #1007, #2053, #247, .T. ) ;
#1990 = CARTESIAN_POINT ( 'NONE',  ( -3.100000000000000089, 0.1000000000000000056, -2.350000000000000089 ) ) ;
#1991 = CARTESIAN_POINT ( 'NONE',  ( -3.100000000000000089, 0.2999999999999999889, 2.850000000000000089 ) ) ;
#1992 = VERTEX_POINT ( 'NONE', #2188 ) ;
#1993 = ADVANCED_FACE ( 'NONE', ( #2928 ), #2966, .F. ) ;
#1994 = LINE ( 'NONE', #939, #34 ) ;
#1995 = LINE ( 'NONE', #3068, #1028 ) ;
#1996 = CARTESIAN_POINT ( 'NONE',  ( 2.200000000000000178, 0.1000000000000000056, -2.350000000000000089 ) ) ;
#1997 = SURFACE_STYLE_USAGE ( .BOTH. , #141 ) ;
#1998 = EDGE_CURVE ( 'NONE', #2619, #796, #3475, .T. ) ;
#1999 = VECTOR ( 'NONE', #3324, 1000.000000000000000 ) ;
#2000 = EDGE_CURVE ( 'NONE', #1353, #3006, #1108, .T. ) ;
#2001 = AXIS2_PLACEMENT_3D ( 'NONE', #3210, #3461, #3443 ) ;
#2002 = FACE_OUTER_BOUND ( 'NONE', #1423, .T. ) ;
#2003 = PRESENTATION_LAYER_ASSIGNMENT (  '', '', ( #604 ) ) ;
#2004 = CARTESIAN_POINT ( 'NONE',  ( 3.200000000000000178, 0.2999999999999999889, 2.350000000000000089 ) ) ;
#2005 = ORIENTED_EDGE ( 'NONE', *, *, #2464, .T. ) ;
#2006 = CARTESIAN_POINT ( 'NONE',  ( -3.500000000000000000, 1.199999999999999956, -2.350000000000000089 ) ) ;
#2007 = SURFACE_STYLE_USAGE ( .BOTH. , #1731 ) ;
#2008 = ORIENTED_EDGE ( 'NONE', *, *, #2514, .F. ) ;
#2009 = DIRECTION ( 'NONE',  ( -1.000000000000000000, 7.228014483236700500E-16, 0.000000000000000000 ) ) ;
#2010 = DIRECTION ( 'NONE',  ( -1.000000000000000000, 0.000000000000000000, 0.000000000000000000 ) ) ;
#2011 = SURFACE_SIDE_STYLE ('',( #3141 ) ) ;
#2012 = VECTOR ( 'NONE', #261, 1000.000000000000000 ) ;
#2013 =( NAMED_UNIT ( * ) SI_UNIT ( $, .STERADIAN. ) SOLID_ANGLE_UNIT ( ) );
#2014 = EDGE_LOOP ( 'NONE', ( #1961, #3274, #188, #2983, #1772, #1865 ) ) ;
#2015 = EDGE_CURVE ( 'NONE', #552, #184, #1670, .T. ) ;
#2016 = ADVANCED_FACE ( 'NONE', ( #1943 ), #53, .F. ) ;
#2017 = LINE ( 'NONE', #2270, #2605 ) ;
#2018 = SURFACE_STYLE_FILL_AREA ( #3213 ) ;
#2019 = ORIENTED_EDGE ( 'NONE', *, *, #2174, .F. ) ;
#2020 = SURFACE_SIDE_STYLE ('',( #969 ) ) ;
#2021 = FILL_AREA_STYLE_COLOUR ( '', #1417 ) ;
#2022 = VECTOR ( 'NONE', #1748, 1000.000000000000000 ) ;
#2023 = CARTESIAN_POINT ( 'NONE',  ( -1.600000000000000089, 2.500000000000000000, 3.050000000000000266 ) ) ;
#2024 = ORIENTED_EDGE ( 'NONE', *, *, #58, .T. ) ;
#2025 = DIRECTION ( 'NONE',  ( 0.000000000000000000, 0.000000000000000000, -1.000000000000000000 ) ) ;
#2026 = CARTESIAN_POINT ( 'NONE',  ( 2.200000000000000178, 0.2999999999999999889, 2.350000000000000089 ) ) ;
#2027 = SURFACE_STYLE_FILL_AREA ( #3385 ) ;
#2028 = ORIENTED_EDGE ( 'NONE', *, *, #925, .T. ) ;
#2029 = LINE ( 'NONE', #3040, #124 ) ;
#2030 = AXIS2_PLACEMENT_3D ( 'NONE', #1406, #2711, #854 ) ;
#2031 = ORIENTED_EDGE ( 'NONE', *, *, #3399, .F. ) ;
#2032 = ADVANCED_FACE ( 'NONE', ( #1490 ), #681, .T. ) ;
#2033 = PLANE ( 'NONE',  #748 ) ;
#2034 = VECTOR ( 'NONE', #1879, 1000.000000000000000 ) ;
#2035 = DIRECTION ( 'NONE',  ( 0.000000000000000000, -1.000000000000000000, 0.000000000000000000 ) ) ;
#2036 = ORIENTED_EDGE ( 'NONE', *, *, #1059, .F. ) ;
#2037 = ORIENTED_EDGE ( 'NONE', *, *, #118, .F. ) ;
#2038 = EDGE_CURVE ( 'NONE', #1142, #1220, #1189, .T. ) ;
#2039 = MECHANICAL_DESIGN_GEOMETRIC_PRESENTATION_REPRESENTATION (  '', ( #3448 ), #2501 ) ;
#2040 = PRESENTATION_LAYER_ASSIGNMENT (  '', '', ( #2269 ) ) ;
#2041 = FACE_OUTER_BOUND ( 'NONE', #2438, .T. ) ;
#2042 = DIRECTION ( 'NONE',  ( -1.445602896647339903E-16, 1.000000000000000000, 0.000000000000000000 ) ) ;
#2043 = DIRECTION ( 'NONE',  ( 1.445602896647339903E-16, 1.000000000000000000, 0.000000000000000000 ) ) ;
#2044 = ORIENTED_EDGE ( 'NONE', *, *, #509, .T. ) ;
#2045 = LINE ( 'NONE', #439, #3181 ) ;
#2046 = CARTESIAN_POINT ( 'NONE',  ( -1.600000000000000089, 2.299999999999999822, 2.850000000000000089 ) ) ;
#2047 =( NAMED_UNIT ( * ) SI_UNIT ( $, .STERADIAN. ) SOLID_ANGLE_UNIT ( ) );
#2048 = ORIENTED_EDGE ( 'NONE', *, *, #2709, .T. ) ;
#2049 = ORIENTED_EDGE ( 'NONE', *, *, #723, .F. ) ;
#2050 = AXIS2_PLACEMENT_3D ( 'NONE', #653, #1263, #2327 ) ;
#2051 = ORIENTED_EDGE ( 'NONE', *, *, #1336, .T. ) ;
#2052 = FACE_OUTER_BOUND ( 'NONE', #1787, .T. ) ;
#2053 = VERTEX_POINT ( 'NONE', #3115 ) ;
#2054 = EDGE_LOOP ( 'NONE', ( #2156, #2668, #1171, #2727 ) ) ;
#2055 = VECTOR ( 'NONE', #3018, 1000.000000000000000 ) ;
#2056 = UNCERTAINTY_MEASURE_WITH_UNIT (LENGTH_MEASURE( 1.000000000000000082E-05 ), #2509, 'distance_accuracy_value', 'NONE');
#2057 = CARTESIAN_POINT ( 'NONE',  ( -2.899999999999999911, 2.299999999999999822, -2.649999999999999911 ) ) ;
#2058 = CLOSED_SHELL ( 'NONE', ( #378, #23, #2748, #621, #276, #2325, #896, #2097, #588, #2755, #1113, #2366, #1681, #683, #2972, #2970, #1016, #2480, #2921, #1279, #1950, #1893, #1167, #1742, #902, #3320, #1491, #2128, #37, #1381, #1274, #2279, #1513, #446, #2032, #2603, #1993, #2382, #3027, #3197, #2809, #609, #642, #2600, #106, #2930, #560, #2298, #1428, #2434, #1078, #2995, #158, #1870, #1174, #2108, #2453, #1213, #2703, #1462, #1683, #1853, #444, #486, #541, #2551, #359, #1622, #2706, #1393, #1890, #2815, #1581, #544, #2146, #383, #2257, #2016, #1584, #2460, #747, #3322, #1482, #232, #206, #2124, #2317, #958, #580, #1011, #2498, #636, #999, #1955, #1008 ) ) ;
#2059 = DIRECTION ( 'NONE',  ( 0.000000000000000000, 1.000000000000000000, 0.000000000000000000 ) ) ;
#2060 = EDGE_CURVE ( 'NONE', #2159, #1346, #117, .T. ) ;
#2061 = LINE ( 'NONE', #3135, #204 ) ;
#2062 = DIRECTION ( 'NONE',  ( 0.000000000000000000, 0.000000000000000000, 1.000000000000000000 ) ) ;
#2063 = VERTEX_POINT ( 'NONE', #1765 ) ;
#2064 = LINE ( 'NONE', #655, #427 ) ;
#2065 = DIRECTION ( 'NONE',  ( 0.000000000000000000, 0.000000000000000000, 1.000000000000000000 ) ) ;
#2066 = EDGE_CURVE ( 'NONE', #2619, #1729, #1204, .T. ) ;
#2067 =( LENGTH_UNIT ( ) NAMED_UNIT ( * ) SI_UNIT ( .MILLI., .METRE. ) );
#2068 = ORIENTED_EDGE ( 'NONE', *, *, #2864, .T. ) ;
#2069 = DIRECTION ( 'NONE',  ( 0.000000000000000000, 0.000000000000000000, -1.000000000000000000 ) ) ;
#2070 = ORIENTED_EDGE ( 'NONE', *, *, #1252, .F. ) ;
#2071 = STYLED_ITEM ( 'NONE', ( #983 ), #1174 ) ;
#2072 = ORIENTED_EDGE ( 'NONE', *, *, #778, .T. ) ;
#2073 = ORIENTED_EDGE ( 'NONE', *, *, #1760, .T. ) ;
#2074 = LINE ( 'NONE', #1562, #624 ) ;
#2075 = LINE ( 'NONE', #3471, #2336 ) ;
#2076 = DIRECTION ( 'NONE',  ( -1.000000000000000000, 0.000000000000000000, -1.398970545142586048E-16 ) ) ;
#2077 = ORIENTED_EDGE ( 'NONE', *, *, #1386, .F. ) ;
#2078 = SURFACE_SIDE_STYLE ('',( #798 ) ) ;
#2079 = EDGE_CURVE ( 'NONE', #2967, #3370, #3401, .T. ) ;
#2080 = CARTESIAN_POINT ( 'NONE',  ( 5.204170427930419706E-15, -1.899999999999999911, 1.500000000000000000 ) ) ;
#2081 = CARTESIAN_POINT ( 'NONE',  ( 2.000000000000000000, 0.1000000000000000056, -2.850000000000000089 ) ) ;
#2082 = ORIENTED_EDGE ( 'NONE', *, *, #94, .F. ) ;
#2083 = DIRECTION ( 'NONE',  ( 0.000000000000000000, 0.000000000000000000, -1.000000000000000000 ) ) ;
#2084 = DIRECTION ( 'NONE',  ( 0.000000000000000000, -1.000000000000000000, 0.000000000000000000 ) ) ;
#2085 = EDGE_CURVE ( 'NONE', #2053, #1178, #2523, .T. ) ;
#2086 = DIRECTION ( 'NONE',  ( 0.000000000000000000, 0.000000000000000000, 1.000000000000000000 ) ) ;
#2087 = EDGE_CURVE ( 'NONE', #1892, #1355, #3099, .T. ) ;
#2088 = VECTOR ( 'NONE', #940, 1000.000000000000000 ) ;
#2089 = EDGE_LOOP ( 'NONE', ( #2132, #1072, #2070, #1257 ) ) ;
#2090 = ORIENTED_EDGE ( 'NONE', *, *, #3158, .F. ) ;
#2091 = CARTESIAN_POINT ( 'NONE',  ( 1.600000000000000089, 2.500000000000000000, 2.850000000000000089 ) ) ;
#2092 = DIRECTION ( 'NONE',  ( 1.000000000000000000, 0.000000000000000000, -1.398970545142586048E-16 ) ) ;
#2093 = SURFACE_STYLE_FILL_AREA ( #720 ) ;
#2094 = ORIENTED_EDGE ( 'NONE', *, *, #2888, .T. ) ;
#2095 = STYLED_ITEM ( 'NONE', ( #1817 ), #2498 ) ;
#2096 = CARTESIAN_POINT ( 'NONE',  ( 1.500000000000000000, 1.699999999999999956, -3.250000000000000000 ) ) ;
#2097 = ADVANCED_FACE ( 'NONE', ( #935 ), #416, .T. ) ;
#2098 = DIRECTION ( 'NONE',  ( -1.398970545142586048E-16, 0.000000000000000000, 1.000000000000000000 ) ) ;
#2099 = VECTOR ( 'NONE', #1218, 1000.000000000000000 ) ;
#2100 = CARTESIAN_POINT ( 'NONE',  ( 3.100000000000000089, 0.2999999999999999889, 2.850000000000000089 ) ) ;
#2101 = ORIENTED_EDGE ( 'NONE', *, *, #2144, .F. ) ;
#2102 = CARTESIAN_POINT ( 'NONE',  ( -1.500000000000000000, 1.699999999999999956, 2.850000000000000089 ) ) ;
#2103 = DIRECTION ( 'NONE',  ( 0.000000000000000000, 0.000000000000000000, -1.000000000000000000 ) ) ;
#2104 = CARTESIAN_POINT ( 'NONE',  ( -3.100000000000000089, 2.500000000000000000, -2.850000000000000089 ) ) ;
#2105 = EDGE_LOOP ( 'NONE', ( #430, #3066, #296, #2910 ) ) ;
#2106 = EDGE_CURVE ( 'NONE', #1586, #381, #1225, .T. ) ;
#2107 = PLANE ( 'NONE',  #2824 ) ;
#2108 = ADVANCED_FACE ( 'NONE', ( #992 ), #154, .F. ) ;
#2109 = CARTESIAN_POINT ( 'NONE',  ( -3.200000000000000178, 1.199999999999999956, -2.350000000000000089 ) ) ;
#2110 = AXIS2_PLACEMENT_3D ( 'NONE', #1803, #1226, #3341 ) ;
#2111 = DIRECTION ( 'NONE',  ( 0.000000000000000000, 1.000000000000000000, 0.000000000000000000 ) ) ;
#2112 = CARTESIAN_POINT ( 'NONE',  ( 3.200000000000000178, 0.2999999999999999889, 2.350000000000000089 ) ) ;
#2113 = ORIENTED_EDGE ( 'NONE', *, *, #970, .T. ) ;
#2114 = FACE_OUTER_BOUND ( 'NONE', #1160, .T. ) ;
#2115 = ORIENTED_EDGE ( 'NONE', *, *, #215, .T. ) ;
#2116 = COLOUR_RGB ( '',0.2509803921568627416, 0.2509803921568627416, 0.2509803921568627416 ) ;
#2117 =( NAMED_UNIT ( * ) PLANE_ANGLE_UNIT ( ) SI_UNIT ( $, .RADIAN. ) );
#2118 = VERTEX_POINT ( 'NONE', #2871 ) ;
#2119 = SURFACE_STYLE_USAGE ( .BOTH. , #2622 ) ;
#2120 = EDGE_LOOP ( 'NONE', ( #1291, #777, #536, #1616 ) ) ;
#2121 = ORIENTED_EDGE ( 'NONE', *, *, #2611, .F. ) ;
#2122 = EDGE_CURVE ( 'NONE', #3113, #3265, #696, .T. ) ;
#2123 = VECTOR ( 'NONE', #871, 1000.000000000000000 ) ;
#2124 = ADVANCED_FACE ( 'NONE', ( #2534 ), #2308, .F. ) ;
#2125 = DIRECTION ( 'NONE',  ( 1.000000000000000000, 0.000000000000000000, 0.000000000000000000 ) ) ;
#2126 = AXIS2_PLACEMENT_3D ( 'NONE', #2500, #360, #2720 ) ;
#2127 = VERTEX_POINT ( 'NONE', #1453 ) ;
#2128 = ADVANCED_FACE ( 'NONE', ( #2256 ), #2552, .T. ) ;
#2129 = DIRECTION ( 'NONE',  ( -1.000000000000000000, 0.000000000000000000, 0.000000000000000000 ) ) ;
#2130 = LINE ( 'NONE', #476, #2561 ) ;
#2131 = CARTESIAN_POINT ( 'NONE',  ( 1.600000000000000089, 2.279999999999999805, 2.850000000000000089 ) ) ;
#2132 = ORIENTED_EDGE ( 'NONE', *, *, #3286, .F. ) ;
#2133 = SURFACE_STYLE_USAGE ( .BOTH. , #2078 ) ;
#2134 =( NAMED_UNIT ( * ) PLANE_ANGLE_UNIT ( ) SI_UNIT ( $, .RADIAN. ) );
#2135 = VERTEX_POINT ( 'NONE', #3323 ) ;
#2136 =( NAMED_UNIT ( * ) SI_UNIT ( $, .STERADIAN. ) SOLID_ANGLE_UNIT ( ) );
#2137 = ORIENTED_EDGE ( 'NONE', *, *, #1507, .F. ) ;
#2138 = DIRECTION ( 'NONE',  ( 0.000000000000000000, 1.000000000000000000, 0.000000000000000000 ) ) ;
#2139 = EDGE_LOOP ( 'NONE', ( #658, #3117, #1653, #1094 ) ) ;
#2140 = DIRECTION ( 'NONE',  ( 1.000000000000000000, 0.000000000000000000, 0.000000000000000000 ) ) ;
#2141 = VECTOR ( 'NONE', #1079, 1000.000000000000000 ) ;
#2142 = PRESENTATION_STYLE_ASSIGNMENT (( #412 ) ) ;
#2143 = LINE ( 'NONE', #864, #1431 ) ;
#2144 = EDGE_CURVE ( 'NONE', #2677, #278, #919, .T. ) ;
#2145 = CARTESIAN_POINT ( 'NONE',  ( -1.600000000000000089, 2.500000000000000000, -2.850000000000000089 ) ) ;
#2146 = ADVANCED_FACE ( 'NONE', ( #1730 ), #385, .F. ) ;
#2147 = PLANE ( 'NONE',  #468 ) ;
#2148 = CARTESIAN_POINT ( 'NONE',  ( 2.899999999999999911, 0.5000000000000000000, 2.850000000000000089 ) ) ;
#2149 = CARTESIAN_POINT ( 'NONE',  ( -1.500000000000000000, 1.699999999999999956, -2.850000000000000089 ) ) ;
#2150 = VERTEX_POINT ( 'NONE', #1820 ) ;
#2151 = EDGE_CURVE ( 'NONE', #1814, #1278, #2922, .T. ) ;
#2152 = PLANE ( 'NONE',  #3039 ) ;
#2153 = CARTESIAN_POINT ( 'NONE',  ( -1.600000000000000089, 1.000000000000000000, -3.050000000000000266 ) ) ;
#2154 = ORIENTED_EDGE ( 'NONE', *, *, #470, .F. ) ;
#2155 = ORIENTED_EDGE ( 'NONE', *, *, #1618, .T. ) ;
#2156 = ORIENTED_EDGE ( 'NONE', *, *, #1445, .F. ) ;
#2157 = VECTOR ( 'NONE', #2696, 1000.000000000000000 ) ;
#2158 = DIRECTION ( 'NONE',  ( 0.000000000000000000, 0.000000000000000000, 1.000000000000000000 ) ) ;
#2159 = VERTEX_POINT ( 'NONE', #1869 ) ;
#2160 = MECHANICAL_DESIGN_GEOMETRIC_PRESENTATION_REPRESENTATION (  '', ( #688 ), #2499 ) ;
#2161 = EDGE_CURVE ( 'NONE', #2423, #1355, #2360, .T. ) ;
#2162 = ORIENTED_EDGE ( 'NONE', *, *, #883, .F. ) ;
#2163 = VECTOR ( 'NONE', #774, 1000.000000000000000 ) ;
#2164 = LINE ( 'NONE', #1070, #1553 ) ;
#2165 = VECTOR ( 'NONE', #3125, 1000.000000000000000 ) ;
#2166 = CARTESIAN_POINT ( 'NONE',  ( -3.100000000000000089, 2.500000000000000000, 2.850000000000000089 ) ) ;
#2167 = FILL_AREA_STYLE_COLOUR ( '', #1154 ) ;
#2168 = DIRECTION ( 'NONE',  ( -1.000000000000000000, 0.000000000000000000, 1.398970545142586048E-16 ) ) ;
#2169 = PLANE ( 'NONE',  #297 ) ;
#2170 = CARTESIAN_POINT ( 'NONE',  ( 2.899999999999999911, 2.500000000000000000, -2.850000000000000089 ) ) ;
#2171 = ORIENTED_EDGE ( 'NONE', *, *, #2901, .T. ) ;
#2172 = DIRECTION ( 'NONE',  ( 0.000000000000000000, -1.000000000000000000, 0.000000000000000000 ) ) ;
#2173 = DIRECTION ( 'NONE',  ( 0.7071067811865480168, 0.7071067811865470176, 0.000000000000000000 ) ) ;
#2174 = EDGE_CURVE ( 'NONE', #3336, #286, #1343, .T. ) ;
#2175 = ORIENTED_EDGE ( 'NONE', *, *, #399, .F. ) ;
#2176 = VECTOR ( 'NONE', #554, 1000.000000000000000 ) ;
#2177 = SURFACE_STYLE_USAGE ( .BOTH. , #2367 ) ;
#2178 = VERTEX_POINT ( 'NONE', #3198 ) ;
#2179 = FACE_OUTER_BOUND ( 'NONE', #806, .T. ) ;
#2180 = FILL_AREA_STYLE_COLOUR ( '', #1651 ) ;
#2181 = FACE_OUTER_BOUND ( 'NONE', #733, .T. ) ;
#2182 = SURFACE_SIDE_STYLE ('',( #1117 ) ) ;
#2183 = LINE ( 'NONE', #2216, #2318 ) ;
#2184 = DIRECTION ( 'NONE',  ( 1.000000000000000000, -7.228014483236700500E-16, 0.000000000000000000 ) ) ;
#2185 = CARTESIAN_POINT ( 'NONE',  ( 2.200000000000000178, 0.1000000000000000056, -2.850000000000000089 ) ) ;
#2186 = VERTEX_POINT ( 'NONE', #3486 ) ;
#2187 = FACE_OUTER_BOUND ( 'NONE', #2971, .T. ) ;
#2188 = CARTESIAN_POINT ( 'NONE',  ( 3.500000000000000000, 0.000000000000000000, -1.649999999999999911 ) ) ;
#2189 = DIRECTION ( 'NONE',  ( 0.000000000000000000, -1.000000000000000000, 0.000000000000000000 ) ) ;
#2190 = ORIENTED_EDGE ( 'NONE', *, *, #1420, .T. ) ;
#2191 = EDGE_CURVE ( 'NONE', #2272, #1111, #1280, .T. ) ;
#2192 = CARTESIAN_POINT ( 'NONE',  ( -2.200000000000000178, 0.1000000000000000056, -2.350000000000000089 ) ) ;
#2193 = FACE_OUTER_BOUND ( 'NONE', #2400, .T. ) ;
#2194 = CARTESIAN_POINT ( 'NONE',  ( 3.200000000000000178, 0.2999999999999999889, -2.350000000000000089 ) ) ;
#2195 = EDGE_CURVE ( 'NONE', #2186, #2337, #793, .T. ) ;
#2196 = DIRECTION ( 'NONE',  ( 0.000000000000000000, -1.000000000000000000, 0.000000000000000000 ) ) ;
#2197 = PLANE ( 'NONE',  #976 ) ;
#2198 = PRESENTATION_LAYER_ASSIGNMENT (  '', '', ( #447 ) ) ;
#2199 = SURFACE_STYLE_FILL_AREA ( #3029 ) ;
#2200 = CARTESIAN_POINT ( 'NONE',  ( 1.500000000000000000, 1.000000000000000000, -3.250000000000000000 ) ) ;
#2201 = LINE ( 'NONE', #3488, #1519 ) ;
#2202 = ORIENTED_EDGE ( 'NONE', *, *, #2060, .T. ) ;
#2203 = SURFACE_STYLE_USAGE ( .BOTH. , #1124 ) ;
#2204 =( GEOMETRIC_REPRESENTATION_CONTEXT ( 3 ) GLOBAL_UNCERTAINTY_ASSIGNED_CONTEXT ( ( #2584 ) ) GLOBAL_UNIT_ASSIGNED_CONTEXT ( ( #759, #231, #1268 ) ) REPRESENTATION_CONTEXT ( 'NONE', 'WORKASPACE' ) );
#2205 = DIRECTION ( 'NONE',  ( 1.000000000000000000, 0.000000000000000000, 0.000000000000000000 ) ) ;
#2206 = ORIENTED_EDGE ( 'NONE', *, *, #3069, .T. ) ;
#2207 = CARTESIAN_POINT ( 'NONE',  ( -3.200000000000000178, 0.2999999999999999889, -2.350000000000000089 ) ) ;
#2208 = ORIENTED_EDGE ( 'NONE', *, *, #2901, .F. ) ;
#2209 = DIRECTION ( 'NONE',  ( 1.445602896647339903E-16, -1.000000000000000000, 0.000000000000000000 ) ) ;
#2210 = DIRECTION ( 'NONE',  ( -2.168404344971010101E-16, 1.000000000000000000, 0.000000000000000000 ) ) ;
#2211 = CARTESIAN_POINT ( 'NONE',  ( 3.200000000000000178, 0.2999999999999999889, -2.350000000000000089 ) ) ;
#2212 = VECTOR ( 'NONE', #1476, 1000.000000000000000 ) ;
#2213 = AXIS2_PLACEMENT_3D ( 'NONE', #1232, #1517, #959 ) ;
#2214 = DIRECTION ( 'NONE',  ( 0.000000000000000000, 0.000000000000000000, 1.000000000000000000 ) ) ;
#2215 = EDGE_CURVE ( 'NONE', #387, #3145, #754, .T. ) ;
#2216 = CARTESIAN_POINT ( 'NONE',  ( -1.600000000000000089, 1.000000000000000000, 3.050000000000000266 ) ) ;
#2217 = FACE_OUTER_BOUND ( 'NONE', #2120, .T. ) ;
#2218 = DIRECTION ( 'NONE',  ( 1.000000000000000000, 0.000000000000000000, 0.000000000000000000 ) ) ;
#2219 = ORIENTED_EDGE ( 'NONE', *, *, #1210, .F. ) ;
#2220 = CARTESIAN_POINT ( 'NONE',  ( 2.899999999999999911, 2.299999999999999822, 2.850000000000000089 ) ) ;
#2221 = VERTEX_POINT ( 'NONE', #1592 ) ;
#2222 = FACE_OUTER_BOUND ( 'NONE', #639, .T. ) ;
#2223 = ORIENTED_EDGE ( 'NONE', *, *, #2955, .F. ) ;
#2224 = CARTESIAN_POINT ( 'NONE',  ( -3.100000000000000089, 0.1000000000000000056, -2.850000000000000089 ) ) ;
#2225 = CARTESIAN_POINT ( 'NONE',  ( 2.200000000000000178, 0.1000000000000000056, 1.649999999999999911 ) ) ;
#2226 = CARTESIAN_POINT ( 'NONE',  ( -3.500000000000000000, 1.199999999999999956, 1.649999999999999911 ) ) ;
#2227 = VECTOR ( 'NONE', #2461, 1000.000000000000000 ) ;
#2228 = DIRECTION ( 'NONE',  ( 0.7071067811865480168, 0.7071067811865470176, 0.000000000000000000 ) ) ;
#2229 = VECTOR ( 'NONE', #879, 1000.000000000000000 ) ;
#2230 = EDGE_CURVE ( 'NONE', #1355, #504, #2074, .T. ) ;
#2231 = DIRECTION ( 'NONE',  ( 0.000000000000000000, 0.000000000000000000, -1.000000000000000000 ) ) ;
#2232 =( LENGTH_UNIT ( ) NAMED_UNIT ( * ) SI_UNIT ( .MILLI., .METRE. ) );
#2233 = CARTESIAN_POINT ( 'NONE',  ( 3.100000000000000089, 2.279999999999999805, -2.350000000000000089 ) ) ;
#2234 = EDGE_LOOP ( 'NONE', ( #555, #3045, #1738, #2219 ) ) ;
#2235 = ORIENTED_EDGE ( 'NONE', *, *, #3367, .F. ) ;
#2236 = PRESENTATION_STYLE_ASSIGNMENT (( #2203 ) ) ;
#2237 = VECTOR ( 'NONE', #2828, 1000.000000000000000 ) ;
#2238 = DIRECTION ( 'NONE',  ( 0.000000000000000000, -1.000000000000000000, 0.000000000000000000 ) ) ;
#2239 = EDGE_CURVE ( 'NONE', #2808, #2474, #3150, .T. ) ;
#2240 = ORIENTED_EDGE ( 'NONE', *, *, #3220, .T. ) ;
#2241 = VECTOR ( 'NONE', #342, 1000.000000000000000 ) ;
#2242 = FACE_OUTER_BOUND ( 'NONE', #1721, .T. ) ;
#2243 = DIRECTION ( 'NONE',  ( 1.000000000000000000, 0.000000000000000000, 0.000000000000000000 ) ) ;
#2244 = DIRECTION ( 'NONE',  ( 0.000000000000000000, 0.000000000000000000, -1.000000000000000000 ) ) ;
#2245 = CARTESIAN_POINT ( 'NONE',  ( 0.000000000000000000, 2.500000000000000000, 0.000000000000000000 ) ) ;
#2246 = EDGE_CURVE ( 'NONE', #1880, #1539, #1545, .T. ) ;
#2247 = VECTOR ( 'NONE', #3015, 1000.000000000000000 ) ;
#2248 = PLANE ( 'NONE',  #123 ) ;
#2249 = EDGE_CURVE ( 'NONE', #50, #3495, #2612, .T. ) ;
#2250 = PLANE ( 'NONE',  #3420 ) ;
#2251 = ORIENTED_EDGE ( 'NONE', *, *, #2144, .T. ) ;
#2252 = VECTOR ( 'NONE', #735, 1000.000000000000000 ) ;
#2253 = ORIENTED_EDGE ( 'NONE', *, *, #2347, .T. ) ;
#2254 = MECHANICAL_DESIGN_GEOMETRIC_PRESENTATION_REPRESENTATION (  '', ( #2431 ), #2702 ) ;
#2255 = CARTESIAN_POINT ( 'NONE',  ( 2.899999999999999911, 2.299999999999999822, 2.649999999999999911 ) ) ;
#2256 = FACE_OUTER_BOUND ( 'NONE', #2889, .T. ) ;
#2257 = ADVANCED_FACE ( 'NONE', ( #259 ), #2147, .F. ) ;
#2258 = CARTESIAN_POINT ( 'NONE',  ( 2.000000000000000000, 0.1000000000000000056, -1.500000000000000000 ) ) ;
#2259 = ORIENTED_EDGE ( 'NONE', *, *, #743, .F. ) ;
#2260 = AXIS2_PLACEMENT_3D ( 'NONE', #1230, #3022, #1442 ) ;
#2261 = DIRECTION ( 'NONE',  ( 0.000000000000000000, 1.000000000000000000, 0.000000000000000000 ) ) ;
#2262 = CARTESIAN_POINT ( 'NONE',  ( 2.899999999999999911, 0.5000000000000000000, -3.050000000000000266 ) ) ;
#2263 = EDGE_CURVE ( 'NONE', #2662, #2272, #811, .T. ) ;
#2264 =( NAMED_UNIT ( * ) PLANE_ANGLE_UNIT ( ) SI_UNIT ( $, .RADIAN. ) );
#2265 = FACE_OUTER_BOUND ( 'NONE', #1214, .T. ) ;
#2266 = VECTOR ( 'NONE', #1414, 1000.000000000000000 ) ;
#2267 = VECTOR ( 'NONE', #1354, 1000.000000000000000 ) ;
#2268 = VECTOR ( 'NONE', #112, 1000.000000000000000 ) ;
#2269 = STYLED_ITEM ( 'NONE', ( #1815 ), #1581 ) ;
#2270 = CARTESIAN_POINT ( 'NONE',  ( -2.899999999999999911, 2.500000000000000000, 2.850000000000000089 ) ) ;
#2271 = DIRECTION ( 'NONE',  ( 0.000000000000000000, 0.000000000000000000, 1.000000000000000000 ) ) ;
#2272 = VERTEX_POINT ( 'NONE', #3182 ) ;
#2273 = EDGE_LOOP ( 'NONE', ( #1451, #1542, #663, #1421 ) ) ;
#2274 = UNCERTAINTY_MEASURE_WITH_UNIT (LENGTH_MEASURE( 1.000000000000000082E-05 ), #3222, 'distance_accuracy_value', 'NONE');
#2275 = DIRECTION ( 'NONE',  ( -1.000000000000000000, 0.000000000000000000, -1.398970545142586048E-16 ) ) ;
#2276 = DIRECTION ( 'NONE',  ( -1.000000000000000000, 0.000000000000000000, 0.000000000000000000 ) ) ;
#2277 = ORIENTED_EDGE ( 'NONE', *, *, #2079, .T. ) ;
#2278 = CARTESIAN_POINT ( 'NONE',  ( -3.100000000000000089, 0.2999999999999999889, -1.649999999999999911 ) ) ;
#2279 = ADVANCED_FACE ( 'NONE', ( #211 ), #2644, .T. ) ;
#2280 =( NAMED_UNIT ( * ) SI_UNIT ( $, .STERADIAN. ) SOLID_ANGLE_UNIT ( ) );
#2281 = DIRECTION ( 'NONE',  ( 1.445602896647339903E-16, 1.000000000000000000, 0.000000000000000000 ) ) ;
#2282 = CARTESIAN_POINT ( 'NONE',  ( 2.200000000000000178, 0.2999999999999999889, 2.350000000000000089 ) ) ;
#2283 = VERTEX_POINT ( 'NONE', #897 ) ;
#2284 = FILL_AREA_STYLE ('',( #3313 ) ) ;
#2285 = AXIS2_PLACEMENT_3D ( 'NONE', #2923, #510, #13 ) ;
#2286 = VECTOR ( 'NONE', #2084, 1000.000000000000000 ) ;
#2287 = VECTOR ( 'NONE', #2505, 1000.000000000000000 ) ;
#2288 = LINE ( 'NONE', #645, #1432 ) ;
#2289 = AXIS2_PLACEMENT_3D ( 'NONE', #2735, #60, #1947 ) ;
#2290 = DIRECTION ( 'NONE',  ( 0.000000000000000000, 0.000000000000000000, -1.000000000000000000 ) ) ;
#2291 = ORIENTED_EDGE ( 'NONE', *, *, #2514, .T. ) ;
#2292 = VERTEX_POINT ( 'NONE', #828 ) ;
#2293 = DIRECTION ( 'NONE',  ( 0.000000000000000000, 0.000000000000000000, 1.000000000000000000 ) ) ;
#2294 =( NAMED_UNIT ( * ) PLANE_ANGLE_UNIT ( ) SI_UNIT ( $, .RADIAN. ) );
#2295 = VERTEX_POINT ( 'NONE', #2981 ) ;
#2296 = CARTESIAN_POINT ( 'NONE',  ( -2.899999999999999911, 2.299999999999999822, 2.850000000000000089 ) ) ;
#2297 = CARTESIAN_POINT ( 'NONE',  ( 3.100000000000000089, 0.1000000000000000056, -1.649999999999999911 ) ) ;
#2298 = ADVANCED_FACE ( 'NONE', ( #2217 ), #885, .F. ) ;
#2299 = ORIENTED_EDGE ( 'NONE', *, *, #644, .F. ) ;
#2300 = CARTESIAN_POINT ( 'NONE',  ( 1.500000000000000000, 1.699999999999999956, -2.850000000000000089 ) ) ;
#2301 = EDGE_CURVE ( 'NONE', #2643, #2662, #2435, .T. ) ;
#2302 = CARTESIAN_POINT ( 'NONE',  ( 2.200000000000000178, 0.000000000000000000, -1.649999999999999911 ) ) ;
#2303 = FACE_OUTER_BOUND ( 'NONE', #2334, .T. ) ;
#2304 = ORIENTED_EDGE ( 'NONE', *, *, #1130, .F. ) ;
#2305 = VERTEX_POINT ( 'NONE', #3303 ) ;
#2306 = UNCERTAINTY_MEASURE_WITH_UNIT (LENGTH_MEASURE( 1.000000000000000082E-05 ), #1889, 'distance_accuracy_value', 'NONE');
#2307 = CARTESIAN_POINT ( 'NONE',  ( 2.200000000000000178, 0.2999999999999999889, -2.350000000000000089 ) ) ;
#2308 = PLANE ( 'NONE',  #1361 ) ;
#2309 = PRESENTATION_STYLE_ASSIGNMENT (( #2007 ) ) ;
#2310 = CARTESIAN_POINT ( 'NONE',  ( -1.600000000000000089, 2.500000000000000000, 2.850000000000000089 ) ) ;
#2311 = ORIENTED_EDGE ( 'NONE', *, *, #1133, .F. ) ;
#2312 = PRESENTATION_STYLE_ASSIGNMENT (( #1192 ) ) ;
#2313 = FILL_AREA_STYLE_COLOUR ( '', #293 ) ;
#2314 = VERTEX_POINT ( 'NONE', #1362 ) ;
#2315 = ORIENTED_EDGE ( 'NONE', *, *, #1832, .F. ) ;
#2316 = DIRECTION ( 'NONE',  ( -0.7071067811865500152, 0.7071067811865450192, 0.000000000000000000 ) ) ;
#2317 = ADVANCED_FACE ( 'NONE', ( #2452 ), #12, .F. ) ;
#2318 = VECTOR ( 'NONE', #307, 1000.000000000000000 ) ;
#2319 = DIRECTION ( 'NONE',  ( 0.000000000000000000, -1.000000000000000000, 0.000000000000000000 ) ) ;
#2320 = COLOUR_RGB ( '',0.2509803921568627416, 0.2509803921568627416, 0.2509803921568627416 ) ;
#2321 = FILL_AREA_STYLE_COLOUR ( '', #556 ) ;
#2322 = ORIENTED_EDGE ( 'NONE', *, *, #2885, .T. ) ;
#2323 = ORIENTED_EDGE ( 'NONE', *, *, #947, .F. ) ;
#2324 = MECHANICAL_DESIGN_GEOMETRIC_PRESENTATION_REPRESENTATION (  '', ( #2719 ), #3392 ) ;
#2325 = ADVANCED_FACE ( 'NONE', ( #1103 ), #2169, .T. ) ;
#2326 = CARTESIAN_POINT ( 'NONE',  ( 1.530757942277970094E-16, 3.399999999999999911, 1.250000000000000000 ) ) ;
#2327 = DIRECTION ( 'NONE',  ( 0.000000000000000000, 0.000000000000000000, 1.000000000000000000 ) ) ;
#2328 =( LENGTH_UNIT ( ) NAMED_UNIT ( * ) SI_UNIT ( .MILLI., .METRE. ) );
#2329 = ORIENTED_EDGE ( 'NONE', *, *, #3074, .F. ) ;
#2330 = CARTESIAN_POINT ( 'NONE',  ( -3.100000000000000089, 2.299999999999999822, 2.850000000000000089 ) ) ;
#2331 = CARTESIAN_POINT ( 'NONE',  ( -1.500000000000000000, 1.699999999999999956, 3.250000000000000000 ) ) ;
#2332 = CARTESIAN_POINT ( 'NONE',  ( 1.600000000000000089, 2.500000000000000000, -2.850000000000000089 ) ) ;
#2333 = ORIENTED_EDGE ( 'NONE', *, *, #1386, .T. ) ;
#2334 = EDGE_LOOP ( 'NONE', ( #2357, #2917, #2884, #1126 ) ) ;
#2335 =( NAMED_UNIT ( * ) PLANE_ANGLE_UNIT ( ) SI_UNIT ( $, .RADIAN. ) );
#2336 = VECTOR ( 'NONE', #794, 1000.000000000000000 ) ;
#2337 = VERTEX_POINT ( 'NONE', #3256 ) ;
#2338 = DIRECTION ( 'NONE',  ( 1.000000000000000000, 0.000000000000000000, -1.398970545142586048E-16 ) ) ;
#2339 = ORIENTED_EDGE ( 'NONE', *, *, #81, .T. ) ;
#2340 = EDGE_CURVE ( 'NONE', #484, #387, #1401, .T. ) ;
#2341 = ORIENTED_EDGE ( 'NONE', *, *, #65, .T. ) ;
#2342 = VECTOR ( 'NONE', #229, 1000.000000000000000 ) ;
#2343 = CARTESIAN_POINT ( 'NONE',  ( -2.899999999999999911, 2.299999999999999822, 2.649999999999999911 ) ) ;
#2344 = PLANE ( 'NONE',  #2285 ) ;
#2345 = CARTESIAN_POINT ( 'NONE',  ( -1.600000000000000089, 2.500000000000000000, -2.850000000000000089 ) ) ;
#2346 = ORIENTED_EDGE ( 'NONE', *, *, #1533, .F. ) ;
#2347 = EDGE_CURVE ( 'NONE', #801, #890, #3060, .T. ) ;
#2348 = SURFACE_STYLE_FILL_AREA ( #2857 ) ;
#2349 = LINE ( 'NONE', #441, #3161 ) ;
#2350 = ORIENTED_EDGE ( 'NONE', *, *, #1882, .F. ) ;
#2351 = LINE ( 'NONE', #1571, #408 ) ;
#2352 = ORIENTED_EDGE ( 'NONE', *, *, #577, .F. ) ;
#2353 = DIRECTION ( 'NONE',  ( 1.000000000000000000, 0.000000000000000000, 0.000000000000000000 ) ) ;
#2354 = STYLED_ITEM ( 'NONE', ( #2142 ), #999 ) ;
#2355 = ORIENTED_EDGE ( 'NONE', *, *, #292, .T. ) ;
#2356 = DIRECTION ( 'NONE',  ( 0.000000000000000000, 0.000000000000000000, 1.000000000000000000 ) ) ;
#2357 = ORIENTED_EDGE ( 'NONE', *, *, #1938, .T. ) ;
#2358 = ORIENTED_EDGE ( 'NONE', *, *, #3350, .F. ) ;
#2359 = VECTOR ( 'NONE', #3453, 1000.000000000000000 ) ;
#2360 = LINE ( 'NONE', #2091, #1812 ) ;
#2361 = CARTESIAN_POINT ( 'NONE',  ( -3.100000000000000089, 0.1000000000000000056, 1.649999999999999911 ) ) ;
#2362 = DIRECTION ( 'NONE',  ( 0.000000000000000000, 1.000000000000000000, 0.000000000000000000 ) ) ;
#2363 = ORIENTED_EDGE ( 'NONE', *, *, #3447, .T. ) ;
#2364 = CARTESIAN_POINT ( 'NONE',  ( 3.100000000000000089, 0.2999999999999999889, 1.649999999999999911 ) ) ;
#2365 = DIRECTION ( 'NONE',  ( 0.000000000000000000, 0.000000000000000000, 1.000000000000000000 ) ) ;
#2366 = ADVANCED_FACE ( 'NONE', ( #3335 ), #1464, .F. ) ;
#2367 = SURFACE_SIDE_STYLE ('',( #3246 ) ) ;
#2368 = ORIENTED_EDGE ( 'NONE', *, *, #376, .T. ) ;
#2369 = DIRECTION ( 'NONE',  ( -1.000000000000000000, 0.000000000000000000, -1.398970545142586048E-16 ) ) ;
#2370 = CARTESIAN_POINT ( 'NONE',  ( -3.500000000000000000, 1.199999999999999956, -2.350000000000000089 ) ) ;
#2371 = FACE_OUTER_BOUND ( 'NONE', #2968, .T. ) ;
#2372 = ORIENTED_EDGE ( 'NONE', *, *, #2301, .T. ) ;
#2373 = AXIS2_PLACEMENT_3D ( 'NONE', #2838, #2098, #724 ) ;
#2374 = SURFACE_SIDE_STYLE ('',( #1309 ) ) ;
#2375 = ORIENTED_EDGE ( 'NONE', *, *, #534, .F. ) ;
#2376 = FILL_AREA_STYLE ('',( #228 ) ) ;
#2377 = LINE ( 'NONE', #1045, #825 ) ;
#2378 = ORIENTED_EDGE ( 'NONE', *, *, #2215, .T. ) ;
#2379 = VECTOR ( 'NONE', #2858, 1000.000000000000000 ) ;
#2380 = AXIS2_PLACEMENT_3D ( 'NONE', #3123, #1979, #706 ) ;
#2381 = DIRECTION ( 'NONE',  ( 0.000000000000000000, 6.195440985631460248E-16, 1.000000000000000000 ) ) ;
#2382 = ADVANCED_FACE ( 'NONE', ( #2517 ), #2033, .F. ) ;
#2383 = FACE_OUTER_BOUND ( 'NONE', #426, .T. ) ;
#2384 = ORIENTED_EDGE ( 'NONE', *, *, #2888, .F. ) ;
#2385 = LINE ( 'NONE', #500, #916 ) ;
#2386 = EDGE_CURVE ( 'NONE', #3260, #1050, #2547, .T. ) ;
#2387 = DIRECTION ( 'NONE',  ( -2.168404344971010101E-16, 1.000000000000000000, 0.000000000000000000 ) ) ;
#2388 = CARTESIAN_POINT ( 'NONE',  ( 3.100000000000000089, 2.279999999999999805, 2.350000000000000089 ) ) ;
#2389 = ORIENTED_EDGE ( 'NONE', *, *, #2746, .F. ) ;
#2390 = VERTEX_POINT ( 'NONE', #395 ) ;
#2391 = ORIENTED_EDGE ( 'NONE', *, *, #226, .F. ) ;
#2392 = CARTESIAN_POINT ( 'NONE',  ( 1.500000000000000000, 1.699999999999999956, 2.850000000000000089 ) ) ;
#2393 = EDGE_CURVE ( 'NONE', #2314, #796, #428, .T. ) ;
#2394 = CARTESIAN_POINT ( 'NONE',  ( 2.200000000000000178, 0.000000000000000000, -2.350000000000000089 ) ) ;
#2395 = ORIENTED_EDGE ( 'NONE', *, *, #797, .T. ) ;
#2396 = PRESENTATION_STYLE_ASSIGNMENT (( #2587 ) ) ;
#2397 = STYLED_ITEM ( 'NONE', ( #2309 ), #3320 ) ;
#2398 = LINE ( 'NONE', #775, #2961 ) ;
#2399 = DIRECTION ( 'NONE',  ( -2.168404344971010101E-16, -1.000000000000000000, 0.000000000000000000 ) ) ;
#2400 = EDGE_LOOP ( 'NONE', ( #836, #1033, #3499, #38 ) ) ;
#2401 = PLANE ( 'NONE',  #1254 ) ;
#2402 = LINE ( 'NONE', #2681, #1397 ) ;
#2403 = ORIENTED_EDGE ( 'NONE', *, *, #3464, .F. ) ;
#2404 = AXIS2_PLACEMENT_3D ( 'NONE', #978, #405, #2009 ) ;
#2405 = CARTESIAN_POINT ( 'NONE',  ( 3.200000000000000178, 1.199999999999999956, 2.350000000000000089 ) ) ;
#2406 = EDGE_CURVE ( 'NONE', #605, #1111, #1757, .T. ) ;
#2407 = LINE ( 'NONE', #1069, #766 ) ;
#2408 = CARTESIAN_POINT ( 'NONE',  ( 2.899999999999999911, 2.299999999999999822, 2.649999999999999911 ) ) ;
#2409 = ORIENTED_EDGE ( 'NONE', *, *, #3193, .F. ) ;
#2410 = LINE ( 'NONE', #1776, #711 ) ;
#2411 = VECTOR ( 'NONE', #2271, 1000.000000000000000 ) ;
#2412 = EDGE_CURVE ( 'NONE', #451, #2677, #661, .T. ) ;
#2413 = VECTOR ( 'NONE', #1659, 1000.000000000000000 ) ;
#2414 = EDGE_CURVE ( 'NONE', #3208, #366, #2288, .T. ) ;
#2415 = CARTESIAN_POINT ( 'NONE',  ( -3.100000000000000089, 2.279999999999999805, -1.649999999999999911 ) ) ;
#2416 = DIRECTION ( 'NONE',  ( 0.000000000000000000, 0.000000000000000000, -1.000000000000000000 ) ) ;
#2417 = PRESENTATION_STYLE_ASSIGNMENT (( #829 ) ) ;
#2418 = ORIENTED_EDGE ( 'NONE', *, *, #1233, .F. ) ;
#2419 = CARTESIAN_POINT ( 'NONE',  ( -1.500000000000000000, 1.000000000000000000, 3.050000000000000266 ) ) ;
#2420 = CARTESIAN_POINT ( 'NONE',  ( 1.500000000000000000, 1.000000000000000000, 3.250000000000000000 ) ) ;
#2421 = VERTEX_POINT ( 'NONE', #1743 ) ;
#2422 = DIRECTION ( 'NONE',  ( 0.000000000000000000, -1.000000000000000000, 0.000000000000000000 ) ) ;
#2423 = VERTEX_POINT ( 'NONE', #1727 ) ;
#2424 = CARTESIAN_POINT ( 'NONE',  ( 1.600000000000000089, 2.299999999999999822, 2.850000000000000089 ) ) ;
#2425 = CARTESIAN_POINT ( 'NONE',  ( -2.899999999999999911, 2.299999999999999822, -2.850000000000000089 ) ) ;
#2426 = CARTESIAN_POINT ( 'NONE',  ( 3.200000000000000178, 0.2999999999999999889, -2.350000000000000089 ) ) ;
#2427 = VECTOR ( 'NONE', #589, 1000.000000000000000 ) ;
#2428 = ORIENTED_EDGE ( 'NONE', *, *, #2412, .T. ) ;
#2429 = AXIS2_PLACEMENT_3D ( 'NONE', #104, #2850, #953 ) ;
#2430 =( NAMED_UNIT ( * ) SI_UNIT ( $, .STERADIAN. ) SOLID_ANGLE_UNIT ( ) );
#2431 = STYLED_ITEM ( 'NONE', ( #401 ), #580 ) ;
#2432 = DIRECTION ( 'NONE',  ( 1.445602896647339903E-16, 1.000000000000000000, 0.000000000000000000 ) ) ;
#2433 = VECTOR ( 'NONE', #2679, 1000.000000000000000 ) ;
#2434 = ADVANCED_FACE ( 'NONE', ( #928 ), #691, .T. ) ;
#2435 = LINE ( 'NONE', #1168, #2610 ) ;
#2436 = DIRECTION ( 'NONE',  ( 0.000000000000000000, 0.000000000000000000, 1.000000000000000000 ) ) ;
#2437 = CARTESIAN_POINT ( 'NONE',  ( -3.100000000000000089, 0.1000000000000000056, -2.350000000000000089 ) ) ;
#2438 = EDGE_LOOP ( 'NONE', ( #1123, #1959, #2657, #586 ) ) ;
#2439 = FILL_AREA_STYLE ('',( #874 ) ) ;
#2440 = CARTESIAN_POINT ( 'NONE',  ( -3.200000000000000178, 1.199999999999999956, 2.350000000000000089 ) ) ;
#2441 = EDGE_LOOP ( 'NONE', ( #1745, #2507, #409, #1437, #488 ) ) ;
#2442 = VECTOR ( 'NONE', #328, 1000.000000000000000 ) ;
#2443 = PLANE ( 'NONE',  #763 ) ;
#2444 = VERTEX_POINT ( 'NONE', #948 ) ;
#2445 = LINE ( 'NONE', #24, #310 ) ;
#2446 = AXIS2_PLACEMENT_3D ( 'NONE', #1714, #1968, #1198 ) ;
#2447 = CARTESIAN_POINT ( 'NONE',  ( 3.500000000000000000, 1.199999999999999956, -2.350000000000000089 ) ) ;
#2448 = VECTOR ( 'NONE', #3480, 1000.000000000000000 ) ;
#2449 = DIRECTION ( 'NONE',  ( 0.000000000000000000, 0.000000000000000000, -1.000000000000000000 ) ) ;
#2450 = PLANE ( 'NONE',  #1549 ) ;
#2451 = CARTESIAN_POINT ( 'NONE',  ( 1.500000000000000000, 1.000000000000000000, -3.050000000000000266 ) ) ;
#2452 = FACE_OUTER_BOUND ( 'NONE', #70, .T. ) ;
#2453 = ADVANCED_FACE ( 'NONE', ( #911 ), #1448, .F. ) ;
#2454 = CARTESIAN_POINT ( 'NONE',  ( 1.500000000000000000, 1.000000000000000000, 2.850000000000000089 ) ) ;
#2455 = ORIENTED_EDGE ( 'NONE', *, *, #2645, .F. ) ;
#2456 = CARTESIAN_POINT ( 'NONE',  ( 3.500000000000000000, 1.199999999999999956, 1.649999999999999911 ) ) ;
#2457 = CARTESIAN_POINT ( 'NONE',  ( 3.100000000000000089, 2.279999999999999805, -2.850000000000000089 ) ) ;
#2458 = VECTOR ( 'NONE', #2276, 1000.000000000000000 ) ;
#2459 = ORIENTED_EDGE ( 'NONE', *, *, #582, .F. ) ;
#2460 = ADVANCED_FACE ( 'NONE', ( #2528 ), #1236, .T. ) ;
#2461 = DIRECTION ( 'NONE',  ( -1.000000000000000000, 4.336808689942015271E-16, 0.000000000000000000 ) ) ;
#2462 = VERTEX_POINT ( 'NONE', #630 ) ;
#2463 = DIRECTION ( 'NONE',  ( 0.000000000000000000, 0.000000000000000000, -1.000000000000000000 ) ) ;
#2464 = EDGE_CURVE ( 'NONE', #267, #300, #2017, .T. ) ;
#2465 = CARTESIAN_POINT ( 'NONE',  ( 3.100000000000000089, 0.1000000000000000056, 1.649999999999999911 ) ) ;
#2466 = VECTOR ( 'NONE', #2463, 1000.000000000000000 ) ;
#2467 = FACE_OUTER_BOUND ( 'NONE', #3263, .T. ) ;
#2468 = CARTESIAN_POINT ( 'NONE',  ( -3.100000000000000089, 0.1000000000000000056, -1.649999999999999911 ) ) ;
#2469 = CARTESIAN_POINT ( 'NONE',  ( -3.100000000000000089, 0.1000000000000000056, -2.850000000000000089 ) ) ;
#2470 = STYLED_ITEM ( 'NONE', ( #2417 ), #768 ) ;
#2471 =( LENGTH_UNIT ( ) NAMED_UNIT ( * ) SI_UNIT ( .MILLI., .METRE. ) );
#2472 = EDGE_CURVE ( 'NONE', #1050, #2305, #363, .T. ) ;
#2473 = LINE ( 'NONE', #346, #2287 ) ;
#2474 = VERTEX_POINT ( 'NONE', #1183 ) ;
#2475 = DIRECTION ( 'NONE',  ( 0.000000000000000000, 0.000000000000000000, -1.000000000000000000 ) ) ;
#2476 = LINE ( 'NONE', #1065, #2658 ) ;
#2477 = CARTESIAN_POINT ( 'NONE',  ( 1.600000000000000089, 2.500000000000000000, 3.050000000000000266 ) ) ;
#2478 = ORIENTED_EDGE ( 'NONE', *, *, #165, .T. ) ;
#2479 = DIRECTION ( 'NONE',  ( 0.000000000000000000, -1.000000000000000000, 0.000000000000000000 ) ) ;
#2480 = ADVANCED_FACE ( 'NONE', ( #2002 ), #2248, .T. ) ;
#2481 = DIRECTION ( 'NONE',  ( 0.000000000000000000, 0.000000000000000000, -1.000000000000000000 ) ) ;
#2482 = DIRECTION ( 'NONE',  ( 0.000000000000000000, 1.000000000000000000, 0.000000000000000000 ) ) ;
#2483 = EDGE_CURVE ( 'NONE', #1243, #1992, #2562, .T. ) ;
#2484 = PRESENTATION_STYLE_ASSIGNMENT (( #6 ) ) ;
#2485 = VECTOR ( 'NONE', #718, 1000.000000000000000 ) ;
#2486 = DIRECTION ( 'NONE',  ( 0.000000000000000000, 0.000000000000000000, -1.000000000000000000 ) ) ;
#2487 = SURFACE_SIDE_STYLE ('',( #1920 ) ) ;
#2488 = DIRECTION ( 'NONE',  ( 0.000000000000000000, 0.000000000000000000, -1.000000000000000000 ) ) ;
#2489 = ORIENTED_EDGE ( 'NONE', *, *, #3086, .F. ) ;
#2490 = ORIENTED_EDGE ( 'NONE', *, *, #1747, .T. ) ;
#2491 = LINE ( 'NONE', #2730, #2700 ) ;
#2492 = VECTOR ( 'NONE', #25, 1000.000000000000000 ) ;
#2493 = ORIENTED_EDGE ( 'NONE', *, *, #2483, .F. ) ;
#2494 = FACE_OUTER_BOUND ( 'NONE', #2806, .T. ) ;
#2495 = VERTEX_POINT ( 'NONE', #965 ) ;
#2496 = DIRECTION ( 'NONE',  ( 0.000000000000000000, 0.000000000000000000, -1.000000000000000000 ) ) ;
#2497 = DIRECTION ( 'NONE',  ( 0.000000000000000000, 1.000000000000000000, 0.000000000000000000 ) ) ;
#2498 = ADVANCED_FACE ( 'NONE', ( #2920 ), #2606, .F. ) ;
#2499 =( GEOMETRIC_REPRESENTATION_CONTEXT ( 3 ) GLOBAL_UNCERTAINTY_ASSIGNED_CONTEXT ( ( #619 ) ) GLOBAL_UNIT_ASSIGNED_CONTEXT ( ( #596, #1678, #290 ) ) REPRESENTATION_CONTEXT ( 'NONE', 'WORKASPACE' ) );
#2500 = CARTESIAN_POINT ( 'NONE',  ( -3.100000000000000089, 2.299999999999999822, 2.850000000000000089 ) ) ;
#2501 =( GEOMETRIC_REPRESENTATION_CONTEXT ( 3 ) GLOBAL_UNCERTAINTY_ASSIGNED_CONTEXT ( ( #1782 ) ) GLOBAL_UNIT_ASSIGNED_CONTEXT ( ( #2067, #1752, #2047 ) ) REPRESENTATION_CONTEXT ( 'NONE', 'WORKASPACE' ) );
#2502 = VECTOR ( 'NONE', #1621, 1000.000000000000000 ) ;
#2503 = CARTESIAN_POINT ( 'NONE',  ( -3.200000000000000178, 0.2999999999999999889, -1.649999999999999911 ) ) ;
#2504 = EDGE_CURVE ( 'NONE', #527, #445, #1025, .T. ) ;
#2505 = DIRECTION ( 'NONE',  ( 1.000000000000000000, 0.000000000000000000, 0.000000000000000000 ) ) ;
#2506 = CARTESIAN_POINT ( 'NONE',  ( -2.000000000000000000, 0.1000000000000000056, -1.500000000000000000 ) ) ;
#2507 = ORIENTED_EDGE ( 'NONE', *, *, #490, .F. ) ;
#2508 = ORIENTED_EDGE ( 'NONE', *, *, #1059, .T. ) ;
#2509 =( LENGTH_UNIT ( ) NAMED_UNIT ( * ) SI_UNIT ( .MILLI., .METRE. ) );
#2510 = DIRECTION ( 'NONE',  ( 0.000000000000000000, 0.000000000000000000, -1.000000000000000000 ) ) ;
#2511 = VERTEX_POINT ( 'NONE', #1868 ) ;
#2512 = CARTESIAN_POINT ( 'NONE',  ( -3.100000000000000089, 2.279999999999999805, -2.850000000000000089 ) ) ;
#2513 = CARTESIAN_POINT ( 'NONE',  ( -3.200000000000000178, 0.2999999999999999889, 1.649999999999999911 ) ) ;
#2514 = EDGE_CURVE ( 'NONE', #1814, #1200, #525, .T. ) ;
#2515 = PLANE ( 'NONE',  #2126 ) ;
#2516 = SURFACE_SIDE_STYLE ('',( #361 ) ) ;
#2517 = FACE_OUTER_BOUND ( 'NONE', #1834, .T. ) ;
#2518 = PRODUCT_CONTEXT ( 'NONE', #3315, 'mechanical' ) ;
#2519 = DIRECTION ( 'NONE',  ( -1.000000000000000000, -1.219727444046191995E-16, 0.000000000000000000 ) ) ;
#2520 = ORIENTED_EDGE ( 'NONE', *, *, #3011, .T. ) ;
#2521 = ORIENTED_EDGE ( 'NONE', *, *, #2765, .F. ) ;
#2522 = UNCERTAINTY_MEASURE_WITH_UNIT (LENGTH_MEASURE( 1.000000000000000082E-05 ), #246, 'distance_accuracy_value', 'NONE');
#2523 = LINE ( 'NONE', #2833, #282 ) ;
#2524 = CARTESIAN_POINT ( 'NONE',  ( -1.899999999999999911, 0.000000000000000000, -2.850000000000000089 ) ) ;
#2525 = VERTEX_POINT ( 'NONE', #2394 ) ;
#2526 = VECTOR ( 'NONE', #823, 1000.000000000000000 ) ;
#2527 = CARTESIAN_POINT ( 'NONE',  ( 2.899999999999999911, 2.279999999999999805, 2.649999999999999911 ) ) ;
#2528 = FACE_OUTER_BOUND ( 'NONE', #2105, .T. ) ;
#2529 = CARTESIAN_POINT ( 'NONE',  ( -3.100000000000000089, 2.279999999999999805, 2.850000000000000089 ) ) ;
#2530 = ORIENTED_EDGE ( 'NONE', *, *, #1998, .F. ) ;
#2531 = EDGE_CURVE ( 'NONE', #3411, #2390, #450, .T. ) ;
#2532 = ORIENTED_EDGE ( 'NONE', *, *, #1645, .T. ) ;
#2533 = FILL_AREA_STYLE_COLOUR ( '', #1536 ) ;
#2534 = FACE_OUTER_BOUND ( 'NONE', #2014, .T. ) ;
#2535 = LINE ( 'NONE', #2589, #1281 ) ;
#2536 = ORIENTED_EDGE ( 'NONE', *, *, #3130, .F. ) ;
#2537 = VECTOR ( 'NONE', #122, 1000.000000000000000 ) ;
#2538 = CARTESIAN_POINT ( 'NONE',  ( 2.000000000000000000, 0.1000000000000000056, 1.500000000000000000 ) ) ;
#2539 = FILL_AREA_STYLE ('',( #2180 ) ) ;
#2540 = LINE ( 'NONE', #1247, #868 ) ;
#2541 = LINE ( 'NONE', #2282, #3280 ) ;
#2542 = ORIENTED_EDGE ( 'NONE', *, *, #2926, .T. ) ;
#2543 = FILL_AREA_STYLE_COLOUR ( '', #190 ) ;
#2544 = VECTOR ( 'NONE', #1211, 1000.000000000000000 ) ;
#2545 = VECTOR ( 'NONE', #1477, 1000.000000000000000 ) ;
#2546 = VECTOR ( 'NONE', #1984, 1000.000000000000000 ) ;
#2547 = LINE ( 'NONE', #2810, #2717 ) ;
#2548 =( NAMED_UNIT ( * ) PLANE_ANGLE_UNIT ( ) SI_UNIT ( $, .RADIAN. ) );
#2549 = VERTEX_POINT ( 'NONE', #2674 ) ;
#2550 = UNCERTAINTY_MEASURE_WITH_UNIT (LENGTH_MEASURE( 1.000000000000000082E-05 ), #1357, 'distance_accuracy_value', 'NONE');
#2551 = ADVANCED_FACE ( 'NONE', ( #2052 ), #3162, .F. ) ;
#2552 = PLANE ( 'NONE',  #2429 ) ;
#2553 = DIRECTION ( 'NONE',  ( 1.000000000000000000, 0.000000000000000000, -1.398970545142586048E-16 ) ) ;
#2554 = VERTEX_POINT ( 'NONE', #731 ) ;
#2555 = DIRECTION ( 'NONE',  ( 4.818676322157800333E-16, 1.000000000000000000, 0.000000000000000000 ) ) ;
#2556 = PLANE ( 'NONE',  #1091 ) ;
#2557 = CARTESIAN_POINT ( 'NONE',  ( -2.899999999999999911, 0.5000000000000000000, -3.050000000000000266 ) ) ;
#2558 = EDGE_CURVE ( 'NONE', #300, #1892, #257, .T. ) ;
#2559 = ORIENTED_EDGE ( 'NONE', *, *, #1275, .T. ) ;
#2560 = PRESENTATION_STYLE_ASSIGNMENT (( #3334 ) ) ;
#2561 = VECTOR ( 'NONE', #1344, 1000.000000000000000 ) ;
#2562 = LINE ( 'NONE', #2302, #808 ) ;
#2563 = AXIS2_PLACEMENT_3D ( 'NONE', #3007, #1964, #1161 ) ;
#2564 = SURFACE_STYLE_USAGE ( .BOTH. , #807 ) ;
#2565 = ORIENTED_EDGE ( 'NONE', *, *, #219, .T. ) ;
#2566 = ORIENTED_EDGE ( 'NONE', *, *, #1468, .T. ) ;
#2567 = EDGE_CURVE ( 'NONE', #1766, #196, #710, .T. ) ;
#2568 = CARTESIAN_POINT ( 'NONE',  ( -3.100000000000000089, 2.500000000000000000, -2.850000000000000089 ) ) ;
#2569 = CARTESIAN_POINT ( 'NONE',  ( 2.200000000000000178, 0.2999999999999999889, -1.649999999999999911 ) ) ;
#2570 = CARTESIAN_POINT ( 'NONE',  ( 2.200000000000000178, 0.000000000000000000, -2.350000000000000089 ) ) ;
#2571 = ORIENTED_EDGE ( 'NONE', *, *, #2239, .T. ) ;
#2572 = VECTOR ( 'NONE', #2399, 1000.000000000000000 ) ;
#2573 = CARTESIAN_POINT ( 'NONE',  ( -3.100000000000000089, 0.1000000000000000056, 2.350000000000000089 ) ) ;
#2574 = DIRECTION ( 'NONE',  ( 0.000000000000000000, -1.000000000000000000, 0.000000000000000000 ) ) ;
#2575 = DIRECTION ( 'NONE',  ( -4.818676322157800333E-16, 1.000000000000000000, 0.000000000000000000 ) ) ;
#2576 = PRESENTATION_LAYER_ASSIGNMENT (  '', '', ( #3422 ) ) ;
#2577 = ORIENTED_EDGE ( 'NONE', *, *, #2483, .T. ) ;
#2578 = CARTESIAN_POINT ( 'NONE',  ( 1.500000000000000000, 1.699999999999999956, 2.850000000000000089 ) ) ;
#2579 = ORIENTED_EDGE ( 'NONE', *, *, #971, .T. ) ;
#2580 = EDGE_CURVE ( 'NONE', #120, #3370, #1824, .T. ) ;
#2581 = DIRECTION ( 'NONE',  ( 0.000000000000000000, 0.000000000000000000, -1.000000000000000000 ) ) ;
#2582 = ORIENTED_EDGE ( 'NONE', *, *, #3339, .F. ) ;
#2583 = ORIENTED_EDGE ( 'NONE', *, *, #1831, .T. ) ;
#2584 = UNCERTAINTY_MEASURE_WITH_UNIT (LENGTH_MEASURE( 1.000000000000000082E-05 ), #759, 'distance_accuracy_value', 'NONE');
#2585 = DIRECTION ( 'NONE',  ( 1.000000000000000000, 0.000000000000000000, 0.000000000000000000 ) ) ;
#2586 = MECHANICAL_DESIGN_GEOMETRIC_PRESENTATION_REPRESENTATION (  '', ( #447 ), #1246 ) ;
#2587 = SURFACE_STYLE_USAGE ( .BOTH. , #435 ) ;
#2588 = VECTOR ( 'NONE', #1506, 1000.000000000000000 ) ;
#2589 = CARTESIAN_POINT ( 'NONE',  ( -3.500000000000000000, 1.199999999999999956, -1.649999999999999911 ) ) ;
#2590 = LINE ( 'NONE', #3184, #3258 ) ;
#2591 = ORIENTED_EDGE ( 'NONE', *, *, #2239, .F. ) ;
#2592 = VECTOR ( 'NONE', #173, 1000.000000000000000 ) ;
#2593 = DIRECTION ( 'NONE',  ( 1.000000000000000000, -2.168404344971010101E-16, 0.000000000000000000 ) ) ;
#2594 = DIRECTION ( 'NONE',  ( 0.000000000000000000, -1.000000000000000000, 0.000000000000000000 ) ) ;
#2595 = DIRECTION ( 'NONE',  ( -1.000000000000000000, 0.000000000000000000, 0.000000000000000000 ) ) ;
#2596 = VERTEX_POINT ( 'NONE', #3428 ) ;
#2597 =( GEOMETRIC_REPRESENTATION_CONTEXT ( 3 ) GLOBAL_UNCERTAINTY_ASSIGNED_CONTEXT ( ( #650 ) ) GLOBAL_UNIT_ASSIGNED_CONTEXT ( ( #180, #1551, #1807 ) ) REPRESENTATION_CONTEXT ( 'NONE', 'WORKASPACE' ) );
#2598 = CARTESIAN_POINT ( 'NONE',  ( 2.899999999999999911, 2.500000000000000000, -3.050000000000000266 ) ) ;
#2599 = ORIENTED_EDGE ( 'NONE', *, *, #1260, .T. ) ;
#2600 = ADVANCED_FACE ( 'NONE', ( #193 ), #2107, .T. ) ;
#2601 =( NAMED_UNIT ( * ) SI_UNIT ( $, .STERADIAN. ) SOLID_ANGLE_UNIT ( ) );
#2602 = COLOUR_RGB ( '',0.2509803921568627416, 0.2509803921568627416, 0.2509803921568627416 ) ;
#2603 = ADVANCED_FACE ( 'NONE', ( #790 ), #3412, .T. ) ;
#2604 = ORIENTED_EDGE ( 'NONE', *, *, #3437, .T. ) ;
#2605 = VECTOR ( 'NONE', #3316, 1000.000000000000000 ) ;
#2606 = PLANE ( 'NONE',  #3328 ) ;
#2607 = VECTOR ( 'NONE', #45, 1000.000000000000000 ) ;
#2608 = VERTEX_POINT ( 'NONE', #1833 ) ;
#2609 = ORIENTED_EDGE ( 'NONE', *, *, #582, .T. ) ;
#2610 = VECTOR ( 'NONE', #2231, 1000.000000000000000 ) ;
#2611 = EDGE_CURVE ( 'NONE', #3155, #3407, #2903, .T. ) ;
#2612 = LINE ( 'NONE', #1836, #1712 ) ;
#2613 = CARTESIAN_POINT ( 'NONE',  ( 1.899999999999999911, 0.000000000000000000, -2.850000000000000089 ) ) ;
#2614 = LINE ( 'NONE', #2112, #2359 ) ;
#2615 = EDGE_LOOP ( 'NONE', ( #2155, #2816, #2363, #2115 ) ) ;
#2616 = CARTESIAN_POINT ( 'NONE',  ( -3.500000000000000000, 0.2999999999999999889, -2.350000000000000089 ) ) ;
#2617 = LINE ( 'NONE', #998, #178 ) ;
#2618 = DIRECTION ( 'NONE',  ( -1.000000000000000000, 0.000000000000000000, 1.398970545142586048E-16 ) ) ;
#2619 = VERTEX_POINT ( 'NONE', #810 ) ;
#2620 = CARTESIAN_POINT ( 'NONE',  ( -3.200000000000000178, 1.199999999999999956, -1.649999999999999911 ) ) ;
#2621 = ORIENTED_EDGE ( 'NONE', *, *, #421, .T. ) ;
#2622 = SURFACE_SIDE_STYLE ('',( #3352 ) ) ;
#2623 = EDGE_CURVE ( 'NONE', #1946, #726, #1734, .T. ) ;
#2624 = EDGE_CURVE ( 'NONE', #2178, #2867, #8, .T. ) ;
#2625 = CARTESIAN_POINT ( 'NONE',  ( -3.100000000000000089, 2.279999999999999805, 2.850000000000000089 ) ) ;
#2626 = ORIENTED_EDGE ( 'NONE', *, *, #3447, .F. ) ;
#2627 = ORIENTED_EDGE ( 'NONE', *, *, #2246, .F. ) ;
#2628 = EDGE_CURVE ( 'NONE', #1450, #381, #2996, .T. ) ;
#2629 = CARTESIAN_POINT ( 'NONE',  ( 1.500000000000000000, 1.699999999999999956, -3.250000000000000000 ) ) ;
#2630 = DIRECTION ( 'NONE',  ( 0.000000000000000000, 1.000000000000000000, 0.000000000000000000 ) ) ;
#2631 = CARTESIAN_POINT ( 'NONE',  ( -2.899999999999999911, 0.5000000000000000000, -2.850000000000000089 ) ) ;
#2632 = ORIENTED_EDGE ( 'NONE', *, *, #3053, .T. ) ;
#2633 = CARTESIAN_POINT ( 'NONE',  ( 3.100000000000000089, 0.1000000000000000056, -2.850000000000000089 ) ) ;
#2634 = LINE ( 'NONE', #2969, #483 ) ;
#2635 = ORIENTED_EDGE ( 'NONE', *, *, #1424, .T. ) ;
#2636 = LINE ( 'NONE', #1034, #72 ) ;
#2637 = ORIENTED_EDGE ( 'NONE', *, *, #2393, .T. ) ;
#2638 = CARTESIAN_POINT ( 'NONE',  ( -3.100000000000000089, 2.279999999999999805, 2.850000000000000089 ) ) ;
#2639 = VECTOR ( 'NONE', #2488, 1000.000000000000000 ) ;
#2640 = ORIENTED_EDGE ( 'NONE', *, *, #3456, .F. ) ;
#2641 = CARTESIAN_POINT ( 'NONE',  ( -3.100000000000000089, 2.299999999999999822, 2.850000000000000089 ) ) ;
#2642 = ORIENTED_EDGE ( 'NONE', *, *, #2989, .T. ) ;
#2643 = VERTEX_POINT ( 'NONE', #2451 ) ;
#2644 = PLANE ( 'NONE',  #3224 ) ;
#2645 = EDGE_CURVE ( 'NONE', #2867, #50, #848, .T. ) ;
#2646 = CARTESIAN_POINT ( 'NONE',  ( -2.000000000000000000, 0.1000000000000000056, 1.500000000000000000 ) ) ;
#2647 = PRESENTATION_STYLE_ASSIGNMENT (( #437 ) ) ;
#2648 = ORIENTED_EDGE ( 'NONE', *, *, #2724, .T. ) ;
#2649 = CARTESIAN_POINT ( 'NONE',  ( -3.100000000000000089, 2.500000000000000000, -2.850000000000000089 ) ) ;
#2650 = SURFACE_STYLE_FILL_AREA ( #3421 ) ;
#2651 = VECTOR ( 'NONE', #2693, 1000.000000000000000 ) ;
#2652 =( LENGTH_UNIT ( ) NAMED_UNIT ( * ) SI_UNIT ( .MILLI., .METRE. ) );
#2653 = ORIENTED_EDGE ( 'NONE', *, *, #1133, .T. ) ;
#2654 = DIRECTION ( 'NONE',  ( 1.000000000000000000, 0.000000000000000000, -1.495451272393800035E-16 ) ) ;
#2655 = CARTESIAN_POINT ( 'NONE',  ( 2.899999999999999911, 2.500000000000000000, 2.850000000000000089 ) ) ;
#2656 = DIRECTION ( 'NONE',  ( -0.7071067811865450192, -0.7071067811865500152, 0.000000000000000000 ) ) ;
#2657 = ORIENTED_EDGE ( 'NONE', *, *, #3483, .F. ) ;
#2658 = VECTOR ( 'NONE', #2986, 1000.000000000000000 ) ;
#2659 =( NAMED_UNIT ( * ) SI_UNIT ( $, .STERADIAN. ) SOLID_ANGLE_UNIT ( ) );
#2660 = CARTESIAN_POINT ( 'NONE',  ( 2.899999999999999911, 0.5000000000000000000, 2.850000000000000089 ) ) ;
#2661 = LINE ( 'NONE', #1364, #2012 ) ;
#2662 = VERTEX_POINT ( 'NONE', #28 ) ;
#2663 = AXIS2_PLACEMENT_3D ( 'NONE', #772, #1042, #471 ) ;
#2664 = STYLED_ITEM ( 'NONE', ( #2560 ), #1491 ) ;
#2665 = CARTESIAN_POINT ( 'NONE',  ( 2.899999999999999911, 2.500000000000000000, 3.050000000000000266 ) ) ;
#2666 = EDGE_CURVE ( 'NONE', #2495, #3185, #66, .T. ) ;
#2667 = CARTESIAN_POINT ( 'NONE',  ( -2.200000000000000178, 0.2999999999999999889, 2.350000000000000089 ) ) ;
#2668 = ORIENTED_EDGE ( 'NONE', *, *, #3071, .F. ) ;
#2669 = CARTESIAN_POINT ( 'NONE',  ( 2.200000000000000178, 0.000000000000000000, -1.649999999999999911 ) ) ;
#2670 = CARTESIAN_POINT ( 'NONE',  ( 3.100000000000000089, 0.1000000000000000056, 2.850000000000000089 ) ) ;
#2671 = CARTESIAN_POINT ( 'NONE',  ( -2.200000000000000178, -5.388267956818460133E-16, 2.350000000000000089 ) ) ;
#2672 = ORIENTED_EDGE ( 'NONE', *, *, #839, .T. ) ;
#2673 = VERTEX_POINT ( 'NONE', #2469 ) ;
#2674 = CARTESIAN_POINT ( 'NONE',  ( 3.100000000000000089, 0.2999999999999999889, -1.649999999999999911 ) ) ;
#2675 = CIRCLE ( 'NONE', #2050, 1.250000000000000000 ) ;
#2676 = LINE ( 'NONE', #755, #367 ) ;
#2677 = VERTEX_POINT ( 'NONE', #1996 ) ;
#2678 = CARTESIAN_POINT ( 'NONE',  ( -3.500000000000000000, 1.199999999999999956, 2.350000000000000089 ) ) ;
#2679 = DIRECTION ( 'NONE',  ( 0.000000000000000000, 0.000000000000000000, 1.000000000000000000 ) ) ;
#2680 = EDGE_LOOP ( 'NONE', ( #876, #2734, #867, #2946, #1588, #1466 ) ) ;
#2681 = CARTESIAN_POINT ( 'NONE',  ( -3.100000000000000089, 0.1000000000000000056, 1.649999999999999911 ) ) ;
#2682 = EDGE_LOOP ( 'NONE', ( #3035, #2031, #2311, #752, #2024, #2068, #2565, #3000, #2583, #2490, #2121, #2987 ) ) ;
#2683 = CARTESIAN_POINT ( 'NONE',  ( -2.200000000000000178, 0.2999999999999999889, -1.649999999999999911 ) ) ;
#2684 = DIRECTION ( 'NONE',  ( -2.168404344971010101E-16, -1.000000000000000000, 0.000000000000000000 ) ) ;
#2685 = CARTESIAN_POINT ( 'NONE',  ( -1.899999999999999911, 0.000000000000000000, 2.850000000000000089 ) ) ;
#2686 = EDGE_CURVE ( 'NONE', #2283, #602, #598, .T. ) ;
#2687 = VECTOR ( 'NONE', #2519, 1000.000000000000000 ) ;
#2688 = PLANE ( 'NONE',  #240 ) ;
#2689 = AXIS2_PLACEMENT_3D ( 'NONE', #2392, #1057, #3195 ) ;
#2690 = LINE ( 'NONE', #1029, #2906 ) ;
#2691 = CARTESIAN_POINT ( 'NONE',  ( -3.100000000000000089, 2.279999999999999805, 2.350000000000000089 ) ) ;
#2692 = VERTEX_POINT ( 'NONE', #3010 ) ;
#2693 = DIRECTION ( 'NONE',  ( 0.000000000000000000, 0.000000000000000000, 1.000000000000000000 ) ) ;
#2694 = FACE_OUTER_BOUND ( 'NONE', #1840, .T. ) ;
#2695 = ORIENTED_EDGE ( 'NONE', *, *, #1315, .F. ) ;
#2696 = DIRECTION ( 'NONE',  ( -1.000000000000000000, 0.000000000000000000, -1.398970545142586048E-16 ) ) ;
#2697 = ORIENTED_EDGE ( 'NONE', *, *, #2949, .T. ) ;
#2698 = PLANE ( 'NONE',  #2001 ) ;
#2699 = LINE ( 'NONE', #253, #3156 ) ;
#2700 = VECTOR ( 'NONE', #2475, 1000.000000000000000 ) ;
#2701 = DIRECTION ( 'NONE',  ( 0.000000000000000000, -1.000000000000000000, 0.000000000000000000 ) ) ;
#2702 =( GEOMETRIC_REPRESENTATION_CONTEXT ( 3 ) GLOBAL_UNCERTAINTY_ASSIGNED_CONTEXT ( ( #2984 ) ) GLOBAL_UNIT_ASSIGNED_CONTEXT ( ( #1469, #1783, #1524 ) ) REPRESENTATION_CONTEXT ( 'NONE', 'WORKASPACE' ) );
#2703 = ADVANCED_FACE ( 'NONE', ( #546 ), #2197, .F. ) ;
#2704 = DIRECTION ( 'NONE',  ( 0.000000000000000000, 0.000000000000000000, 1.000000000000000000 ) ) ;
#2705 = AXIS2_PLACEMENT_3D ( 'NONE', #61, #1148, #2210 ) ;
#2706 = ADVANCED_FACE ( 'NONE', ( #1679 ), #1152, .T. ) ;
#2707 = DIRECTION ( 'NONE',  ( 1.000000000000000000, 0.000000000000000000, 0.000000000000000000 ) ) ;
#2708 = ORIENTED_EDGE ( 'NONE', *, *, #1778, .F. ) ;
#2709 = EDGE_CURVE ( 'NONE', #1374, #2847, #3233, .T. ) ;
#2710 = LINE ( 'NONE', #3292, #2651 ) ;
#2711 = DIRECTION ( 'NONE',  ( -1.000000000000000000, 0.000000000000000000, 0.000000000000000000 ) ) ;
#2712 = ORIENTED_EDGE ( 'NONE', *, *, #2340, .F. ) ;
#2713 = LINE ( 'NONE', #3308, #2785 ) ;
#2714 = ORIENTED_EDGE ( 'NONE', *, *, #54, .F. ) ;
#2715 = AXIS2_PLACEMENT_3D ( 'NONE', #2978, #2957, #545 ) ;
#2716 = DIRECTION ( 'NONE',  ( 0.000000000000000000, 0.000000000000000000, -1.000000000000000000 ) ) ;
#2717 = VECTOR ( 'NONE', #3109, 1000.000000000000000 ) ;
#2718 = PLANE ( 'NONE',  #734 ) ;
#2719 = STYLED_ITEM ( 'NONE', ( #3426 ), #1513 ) ;
#2720 = DIRECTION ( 'NONE',  ( 1.000000000000000000, 0.000000000000000000, 0.000000000000000000 ) ) ;
#2721 =( NAMED_UNIT ( * ) SI_UNIT ( $, .STERADIAN. ) SOLID_ANGLE_UNIT ( ) );
#2722 = EDGE_CURVE ( 'NONE', #1729, #2867, #2803, .T. ) ;
#2723 = CARTESIAN_POINT ( 'NONE',  ( -2.200000000000000178, 0.2999999999999999889, 2.350000000000000089 ) ) ;
#2724 = EDGE_CURVE ( 'NONE', #2063, #2135, #291, .T. ) ;
#2725 = DIRECTION ( 'NONE',  ( 0.000000000000000000, 0.000000000000000000, 1.000000000000000000 ) ) ;
#2726 = LINE ( 'NONE', #1646, #369 ) ;
#2727 = ORIENTED_EDGE ( 'NONE', *, *, #2151, .T. ) ;
#2728 = EDGE_CURVE ( 'NONE', #608, #172, #866, .T. ) ;
#2729 = UNCERTAINTY_MEASURE_WITH_UNIT (LENGTH_MEASURE( 1.000000000000000082E-05 ), #2471, 'distance_accuracy_value', 'NONE');
#2730 = CARTESIAN_POINT ( 'NONE',  ( -1.500000000000000000, 1.000000000000000000, 2.850000000000000089 ) ) ;
#2731 = DIRECTION ( 'NONE',  ( 0.000000000000000000, 0.000000000000000000, -1.000000000000000000 ) ) ;
#2732 = STYLED_ITEM ( 'NONE', ( #834 ), #2930 ) ;
#2733 = LINE ( 'NONE', #3050, #1116 ) ;
#2734 = ORIENTED_EDGE ( 'NONE', *, *, #1163, .F. ) ;
#2735 = CARTESIAN_POINT ( 'NONE',  ( 2.899999999999999911, 0.5000000000000000000, 3.050000000000000266 ) ) ;
#2736 = FACE_OUTER_BOUND ( 'NONE', #202, .T. ) ;
#2737 = VECTOR ( 'NONE', #3382, 1000.000000000000000 ) ;
#2738 = LINE ( 'NONE', #3038, #1010 ) ;
#2739 = CARTESIAN_POINT ( 'NONE',  ( -2.000000000000000000, 0.1000000000000000056, 1.500000000000000000 ) ) ;
#2740 = CARTESIAN_POINT ( 'NONE',  ( 1.500000000000000000, 1.000000000000000000, 2.850000000000000089 ) ) ;
#2741 = DIRECTION ( 'NONE',  ( 1.000000000000000000, 2.449212707644755009E-16, 0.000000000000000000 ) ) ;
#2742 =( NAMED_UNIT ( * ) SI_UNIT ( $, .STERADIAN. ) SOLID_ANGLE_UNIT ( ) );
#2743 = VERTEX_POINT ( 'NONE', #3216 ) ;
#2744 = EDGE_CURVE ( 'NONE', #445, #3227, #2183, .T. ) ;
#2745 = ORIENTED_EDGE ( 'NONE', *, *, #2623, .F. ) ;
#2746 = EDGE_CURVE ( 'NONE', #527, #1142, #3330, .T. ) ;
#2747 = DIRECTION ( 'NONE',  ( -1.000000000000000000, 0.000000000000000000, 0.000000000000000000 ) ) ;
#2748 = ADVANCED_FACE ( 'NONE', ( #3255 ), #926, .F. ) ;
#2749 = VERTEX_POINT ( 'NONE', #1382 ) ;
#2750 = DIRECTION ( 'NONE',  ( -2.168404344971010101E-16, 1.000000000000000000, 0.000000000000000000 ) ) ;
#2751 = ORIENTED_EDGE ( 'NONE', *, *, #3071, .T. ) ;
#2752 = CARTESIAN_POINT ( 'NONE',  ( 2.200000000000000178, 0.000000000000000000, -2.350000000000000089 ) ) ;
#2753 = CARTESIAN_POINT ( 'NONE',  ( 3.500000000000000000, 1.199999999999999956, 2.350000000000000089 ) ) ;
#2754 = CARTESIAN_POINT ( 'NONE',  ( -2.899999999999999911, 2.500000000000000000, -3.050000000000000266 ) ) ;
#2755 = ADVANCED_FACE ( 'NONE', ( #1075 ), #2688, .F. ) ;
#2756 = FILL_AREA_STYLE ('',( #2167 ) ) ;
#2757 = VECTOR ( 'NONE', #2059, 1000.000000000000000 ) ;
#2758 = SURFACE_STYLE_USAGE ( .BOTH. , #1666 ) ;
#2759 = CARTESIAN_POINT ( 'NONE',  ( -2.200000000000000178, 0.2999999999999999889, 1.649999999999999911 ) ) ;
#2760 = ORIENTED_EDGE ( 'NONE', *, *, #2191, .F. ) ;
#2761 = ORIENTED_EDGE ( 'NONE', *, *, #2558, .T. ) ;
#2762 = UNCERTAINTY_MEASURE_WITH_UNIT (LENGTH_MEASURE( 1.000000000000000082E-05 ), #134, 'distance_accuracy_value', 'NONE');
#2763 = CARTESIAN_POINT ( 'NONE',  ( -3.100000000000000089, 0.1000000000000000056, 2.850000000000000089 ) ) ;
#2764 = VECTOR ( 'NONE', #3405, 1000.000000000000000 ) ;
#2765 = EDGE_CURVE ( 'NONE', #1846, #1892, #160, .T. ) ;
#2766 = VERTEX_POINT ( 'NONE', #2557 ) ;
#2767 = CARTESIAN_POINT ( 'NONE',  ( 2.899999999999999911, 0.5000000000000000000, -3.050000000000000266 ) ) ;
#2768 = ORIENTED_EDGE ( 'NONE', *, *, #2301, .F. ) ;
#2769 = LINE ( 'NONE', #1914, #2229 ) ;
#2770 = CARTESIAN_POINT ( 'NONE',  ( -2.200000000000000178, -5.388267956818460133E-16, -2.350000000000000089 ) ) ;
#2771 = PRESENTATION_LAYER_ASSIGNMENT (  '', '', ( #3448 ) ) ;
#2772 = VECTOR ( 'NONE', #2898, 1000.000000000000000 ) ;
#2773 = CARTESIAN_POINT ( 'NONE',  ( -2.000000000000000000, 0.1000000000000000056, -1.500000000000000000 ) ) ;
#2774 = EDGE_CURVE ( 'NONE', #818, #1346, #2879, .T. ) ;
#2775 = AXIS2_PLACEMENT_3D ( 'NONE', #600, #82, #309 ) ;
#2776 = VECTOR ( 'NONE', #164, 1000.000000000000000 ) ;
#2777 = CARTESIAN_POINT ( 'NONE',  ( 1.600000000000000089, 1.000000000000000000, 3.050000000000000266 ) ) ;
#2778 = EDGE_CURVE ( 'NONE', #1278, #2462, #2540, .T. ) ;
#2779 = DIRECTION ( 'NONE',  ( 0.000000000000000000, -1.000000000000000000, 0.000000000000000000 ) ) ;
#2780 = DIRECTION ( 'NONE',  ( -1.000000000000000000, 0.000000000000000000, 0.000000000000000000 ) ) ;
#2781 = EDGE_LOOP ( 'NONE', ( #1818, #3247, #647, #1668 ) ) ;
#2782 = LINE ( 'NONE', #1655, #256 ) ;
#2783 = ORIENTED_EDGE ( 'NONE', *, *, #2624, .T. ) ;
#2784 = FACE_OUTER_BOUND ( 'NONE', #2836, .T. ) ;
#2785 = VECTOR ( 'NONE', #607, 1000.000000000000000 ) ;
#2786 = PRESENTATION_STYLE_ASSIGNMENT (( #1475 ) ) ;
#2787 = DIRECTION ( 'NONE',  ( 0.000000000000000000, 0.000000000000000000, 1.000000000000000000 ) ) ;
#2788 = VECTOR ( 'NONE', #2780, 1000.000000000000000 ) ;
#2789 = CARTESIAN_POINT ( 'NONE',  ( 2.200000000000000178, 0.000000000000000000, -2.350000000000000089 ) ) ;
#2790 = VECTOR ( 'NONE', #2387, 1000.000000000000000 ) ;
#2791 = EDGE_CURVE ( 'NONE', #300, #1503, #3346, .T. ) ;
#2792 = CARTESIAN_POINT ( 'NONE',  ( 2.200000000000000178, 0.1000000000000000056, -2.850000000000000089 ) ) ;
#2793 = LINE ( 'NONE', #1465, #2411 ) ;
#2794 = ORIENTED_EDGE ( 'NONE', *, *, #1978, .F. ) ;
#2795 = ORIENTED_EDGE ( 'NONE', *, *, #118, .T. ) ;
#2796 = SURFACE_STYLE_FILL_AREA ( #152 ) ;
#2797 = VECTOR ( 'NONE', #1081, 1000.000000000000000 ) ;
#2798 = CARTESIAN_POINT ( 'NONE',  ( -2.200000000000000178, 0.1000000000000000056, -2.850000000000000089 ) ) ;
#2799 = CARTESIAN_POINT ( 'NONE',  ( 1.500000000000000000, 1.699999999999999956, 3.250000000000000000 ) ) ;
#2800 = ORIENTED_EDGE ( 'NONE', *, *, #2856, .T. ) ;
#2801 = FACE_OUTER_BOUND ( 'NONE', #1986, .T. ) ;
#2802 = FACE_OUTER_BOUND ( 'NONE', #3174, .T. ) ;
#2803 = LINE ( 'NONE', #1623, #3107 ) ;
#2804 = CARTESIAN_POINT ( 'NONE',  ( 3.200000000000000178, 1.199999999999999956, 1.649999999999999911 ) ) ;
#2805 = VECTOR ( 'NONE', #2043, 1000.000000000000000 ) ;
#2806 = EDGE_LOOP ( 'NONE', ( #3178, #314, #3294, #1418, #944, #3192, #3481, #2571 ) ) ;
#2807 = DIRECTION ( 'NONE',  ( 0.000000000000000000, 0.000000000000000000, 1.000000000000000000 ) ) ;
#2808 = VERTEX_POINT ( 'NONE', #704 ) ;
#2809 = ADVANCED_FACE ( 'NONE', ( #1515 ), #1809, .F. ) ;
#2810 = CARTESIAN_POINT ( 'NONE',  ( -2.899999999999999911, 2.500000000000000000, 3.050000000000000266 ) ) ;
#2811 = ORIENTED_EDGE ( 'NONE', *, *, #145, .T. ) ;
#2812 = AXIS2_PLACEMENT_3D ( 'NONE', #1261, #917, #368 ) ;
#2813 = DIRECTION ( 'NONE',  ( 1.000000000000000000, 0.000000000000000000, 0.000000000000000000 ) ) ;
#2814 = LINE ( 'NONE', #3081, #420 ) ;
#2815 = ADVANCED_FACE ( 'NONE', ( #1287 ), #957, .F. ) ;
#2816 = ORIENTED_EDGE ( 'NONE', *, *, #2686, .T. ) ;
#2817 = COLOUR_RGB ( '',0.2509803921568627416, 0.2509803921568627416, 0.2509803921568627416 ) ;
#2818 = PLANE ( 'NONE',  #2404 ) ;
#2819 = CARTESIAN_POINT ( 'NONE',  ( -3.500000000000000000, 1.199999999999999956, 2.350000000000000089 ) ) ;
#2820 = CARTESIAN_POINT ( 'NONE',  ( 3.200000000000000178, 1.199999999999999956, -1.649999999999999911 ) ) ;
#2821 = PLANE ( 'NONE',  #2213 ) ;
#2822 = ORIENTED_EDGE ( 'NONE', *, *, #3098, .T. ) ;
#2823 = DIRECTION ( 'NONE',  ( 0.000000000000000000, 0.000000000000000000, 1.000000000000000000 ) ) ;
#2824 = AXIS2_PLACEMENT_3D ( 'NONE', #1276, #3467, #2125 ) ;
#2825 = VECTOR ( 'NONE', #236, 1000.000000000000000 ) ;
#2826 = EDGE_CURVE ( 'NONE', #3265, #1172, #1790, .T. ) ;
#2827 = CARTESIAN_POINT ( 'NONE',  ( 2.200000000000000178, 0.2999999999999999889, -2.350000000000000089 ) ) ;
#2828 = DIRECTION ( 'NONE',  ( 1.000000000000000000, 0.000000000000000000, -1.398970545142586048E-16 ) ) ;
#2829 = ORIENTED_EDGE ( 'NONE', *, *, #925, .F. ) ;
#2830 = ORIENTED_EDGE ( 'NONE', *, *, #3483, .T. ) ;
#2831 = UNCERTAINTY_MEASURE_WITH_UNIT (LENGTH_MEASURE( 1.000000000000000082E-05 ), #2841, 'distance_accuracy_value', 'NONE');
#2832 = PRESENTATION_STYLE_ASSIGNMENT (( #415 ) ) ;
#2833 = CARTESIAN_POINT ( 'NONE',  ( -1.600000000000000089, 1.000000000000000000, -2.850000000000000089 ) ) ;
#2834 = EDGE_CURVE ( 'NONE', #3061, #2423, #2349, .T. ) ;
#2835 = CARTESIAN_POINT ( 'NONE',  ( -2.899999999999999911, 2.500000000000000000, -2.850000000000000089 ) ) ;
#2836 = EDGE_LOOP ( 'NONE', ( #2352, #2251, #2162, #1349, #2409, #3096, #666, #2829 ) ) ;
#2837 = FILL_AREA_STYLE ('',( #388 ) ) ;
#2838 = CARTESIAN_POINT ( 'NONE',  ( -3.100000000000000089, 2.279999999999999805, -2.850000000000000089 ) ) ;
#2839 = CARTESIAN_POINT ( 'NONE',  ( -1.600000000000000089, 2.299999999999999822, -2.850000000000000089 ) ) ;
#2840 = ORIENTED_EDGE ( 'NONE', *, *, #2504, .T. ) ;
#2841 =( LENGTH_UNIT ( ) NAMED_UNIT ( * ) SI_UNIT ( .MILLI., .METRE. ) );
#2842 = ORIENTED_EDGE ( 'NONE', *, *, #251, .T. ) ;
#2843 = MECHANICAL_DESIGN_GEOMETRIC_PRESENTATION_REPRESENTATION (  '', ( #2397 ), #2959 ) ;
#2844 = CARTESIAN_POINT ( 'NONE',  ( -1.500000000000000000, 1.699999999999999956, -3.250000000000000000 ) ) ;
#2845 = CIRCLE ( 'NONE', #1228, 1.250000000000000000 ) ;
#2846 = CARTESIAN_POINT ( 'NONE',  ( -2.899999999999999911, 2.299999999999999822, 2.649999999999999911 ) ) ;
#2847 = VERTEX_POINT ( 'NONE', #2820 ) ;
#2848 = ORIENTED_EDGE ( 'NONE', *, *, #1848, .T. ) ;
#2849 = FILL_AREA_STYLE ('',( #2533 ) ) ;
#2850 = DIRECTION ( 'NONE',  ( -0.000000000000000000, 1.000000000000000000, 0.000000000000000000 ) ) ;
#2851 = LINE ( 'NONE', #1546, #2458 ) ;
#2852 = PLANE ( 'NONE',  #3496 ) ;
#2853 = EDGE_LOOP ( 'NONE', ( #2223, #1516, #1648, #1478 ) ) ;
#2854 =( GEOMETRIC_REPRESENTATION_CONTEXT ( 3 ) GLOBAL_UNCERTAINTY_ASSIGNED_CONTEXT ( ( #2274 ) ) GLOBAL_UNIT_ASSIGNED_CONTEXT ( ( #3222, #2999, #585 ) ) REPRESENTATION_CONTEXT ( 'NONE', 'WORKASPACE' ) );
#2855 = DIRECTION ( 'NONE',  ( 0.000000000000000000, 0.000000000000000000, -1.000000000000000000 ) ) ;
#2856 = EDGE_CURVE ( 'NONE', #914, #2973, #1769, .T. ) ;
#2857 = FILL_AREA_STYLE ('',( #686 ) ) ;
#2858 = DIRECTION ( 'NONE',  ( 1.445602896647339903E-16, -1.000000000000000000, 0.000000000000000000 ) ) ;
#2859 = VECTOR ( 'NONE', #1934, 1000.000000000000000 ) ;
#2860 = ORIENTED_EDGE ( 'NONE', *, *, #644, .T. ) ;
#2861 = CARTESIAN_POINT ( 'NONE',  ( 1.500000000000000000, 1.000000000000000000, -2.850000000000000089 ) ) ;
#2862 = ORIENTED_EDGE ( 'NONE', *, *, #2340, .T. ) ;
#2863 = ORIENTED_EDGE ( 'NONE', *, *, #2060, .F. ) ;
#2864 = EDGE_CURVE ( 'NONE', #820, #761, #1827, .T. ) ;
#2865 = CARTESIAN_POINT ( 'NONE',  ( -1.600000000000000089, 2.500000000000000000, 3.050000000000000266 ) ) ;
#2866 = ORIENTED_EDGE ( 'NONE', *, *, #858, .T. ) ;
#2867 = VERTEX_POINT ( 'NONE', #2839 ) ;
#2868 = ORIENTED_EDGE ( 'NONE', *, *, #374, .T. ) ;
#2869 = PRODUCT_DEFINITION_CONTEXT ( 'detailed design', #3457, 'design' ) ;
#2870 = CARTESIAN_POINT ( 'NONE',  ( 2.200000000000000178, 0.000000000000000000, 1.649999999999999911 ) ) ;
#2871 = CARTESIAN_POINT ( 'NONE',  ( 2.200000000000000178, 0.1000000000000000056, 2.350000000000000089 ) ) ;
#2872 = AXIS2_PLACEMENT_3D ( 'NONE', #2568, #2813, #3134 ) ;
#2873 = DIRECTION ( 'NONE',  ( -1.000000000000000000, 0.000000000000000000, -1.495451272393800035E-16 ) ) ;
#2874 = DIRECTION ( 'NONE',  ( 0.000000000000000000, 0.000000000000000000, -1.000000000000000000 ) ) ;
#2875 = ORIENTED_EDGE ( 'NONE', *, *, #1358, .F. ) ;
#2876 = PLANE ( 'NONE',  #888 ) ;
#2877 = EDGE_CURVE ( 'NONE', #414, #2053, #422, .T. ) ;
#2878 = PRESENTATION_STYLE_ASSIGNMENT (( #3383 ) ) ;
#2879 = LINE ( 'NONE', #3104, #2544 ) ;
#2880 = ORIENTED_EDGE ( 'NONE', *, *, #2000, .T. ) ;
#2881 = EDGE_CURVE ( 'NONE', #1220, #1273, #1531, .T. ) ;
#2882 = PRESENTATION_LAYER_ASSIGNMENT (  '', '', ( #1149 ) ) ;
#2883 = DIRECTION ( 'NONE',  ( 0.7071067811865470176, -0.7071067811865480168, 0.000000000000000000 ) ) ;
#2884 = ORIENTED_EDGE ( 'NONE', *, *, #3120, .F. ) ;
#2885 = EDGE_CURVE ( 'NONE', #196, #2423, #181, .T. ) ;
#2886 = DIRECTION ( 'NONE',  ( -1.000000000000000000, 7.228014483236700500E-16, 0.000000000000000000 ) ) ;
#2887 = VECTOR ( 'NONE', #2654, 1000.000000000000000 ) ;
#2888 = EDGE_CURVE ( 'NONE', #1799, #784, #1842, .T. ) ;
#2889 = EDGE_LOOP ( 'NONE', ( #2044, #2925, #3429, #1020 ) ) ;
#2890 = PRESENTATION_LAYER_ASSIGNMENT (  '', '', ( #920 ) ) ;
#2891 = VECTOR ( 'NONE', #2140, 1000.000000000000000 ) ;
#2892 = DIRECTION ( 'NONE',  ( -1.000000000000000000, 0.000000000000000000, -1.398970545142586048E-16 ) ) ;
#2893 = CARTESIAN_POINT ( 'NONE',  ( -2.000000000000000000, 0.1000000000000000056, -1.500000000000000000 ) ) ;
#2894 = ORIENTED_EDGE ( 'NONE', *, *, #1778, .T. ) ;
#2895 = CARTESIAN_POINT ( 'NONE',  ( 1.500000000000000000, 1.699999999999999956, -2.850000000000000089 ) ) ;
#2896 = DIRECTION ( 'NONE',  ( 1.000000000000000000, 0.000000000000000000, -1.398970545142586048E-16 ) ) ;
#2897 = ORIENTED_EDGE ( 'NONE', *, *, #3369, .T. ) ;
#2898 = DIRECTION ( 'NONE',  ( -1.000000000000000000, -7.228014483236700500E-16, 0.000000000000000000 ) ) ;
#2899 = DIRECTION ( 'NONE',  ( -1.000000000000000000, 4.336808689942015271E-16, 0.000000000000000000 ) ) ;
#2900 = CARTESIAN_POINT ( 'NONE',  ( -3.100000000000000089, 2.500000000000000000, 2.850000000000000089 ) ) ;
#2901 = EDGE_CURVE ( 'NONE', #2973, #2619, #21, .T. ) ;
#2902 = AXIS2_PLACEMENT_3D ( 'NONE', #537, #1049, #1614 ) ;
#2903 = LINE ( 'NONE', #1575, #2212 ) ;
#2904 = VERTEX_POINT ( 'NONE', #1597 ) ;
#2905 = EDGE_LOOP ( 'NONE', ( #2822, #223, #2745, #2897 ) ) ;
#2906 = VECTOR ( 'NONE', #1625, 1000.000000000000000 ) ;
#2907 = VECTOR ( 'NONE', #575, 1000.000000000000000 ) ;
#2908 = DIRECTION ( 'NONE',  ( -1.495451272393800035E-16, 0.000000000000000000, -1.000000000000000000 ) ) ;
#2909 = DIRECTION ( 'NONE',  ( 0.000000000000000000, -1.000000000000000000, 0.000000000000000000 ) ) ;
#2910 = ORIENTED_EDGE ( 'NONE', *, *, #3090, .F. ) ;
#2911 = PRESENTATION_STYLE_ASSIGNMENT (( #201 ) ) ;
#2912 =( NAMED_UNIT ( * ) PLANE_ANGLE_UNIT ( ) SI_UNIT ( $, .RADIAN. ) );
#2913 = EDGE_LOOP ( 'NONE', ( #131, #494, #2291, #2478 ) ) ;
#2914 = FILL_AREA_STYLE_COLOUR ( '', #3329 ) ;
#2915 = ORIENTED_EDGE ( 'NONE', *, *, #362, .F. ) ;
#2916 = MECHANICAL_DESIGN_GEOMETRIC_PRESENTATION_REPRESENTATION (  '', ( #773 ), #495 ) ;
#2917 = ORIENTED_EDGE ( 'NONE', *, *, #145, .F. ) ;
#2918 = EDGE_LOOP ( 'NONE', ( #2582, #1071, #3384, #101, #1467, #2008, #1704, #1256 ) ) ;
#2919 =( NAMED_UNIT ( * ) SI_UNIT ( $, .STERADIAN. ) SOLID_ANGLE_UNIT ( ) );
#2920 = FACE_OUTER_BOUND ( 'NONE', #1913, .T. ) ;
#2921 = ADVANCED_FACE ( 'NONE', ( #2383 ), #2443, .T. ) ;
#2922 = LINE ( 'NONE', #2109, #1077 ) ;
#2923 = CARTESIAN_POINT ( 'NONE',  ( 1.500000000000000000, 1.699999999999999956, -2.850000000000000089 ) ) ;
#2924 = FACE_OUTER_BOUND ( 'NONE', #1238, .T. ) ;
#2925 = ORIENTED_EDGE ( 'NONE', *, *, #340, .F. ) ;
#2926 = EDGE_CURVE ( 'NONE', #2549, #990, #1110, .T. ) ;
#2927 = DIRECTION ( 'NONE',  ( 0.000000000000000000, 0.000000000000000000, 1.000000000000000000 ) ) ;
#2928 = FACE_OUTER_BOUND ( 'NONE', #398, .T. ) ;
#2929 = VECTOR ( 'NONE', #875, 1000.000000000000000 ) ;
#2930 = ADVANCED_FACE ( 'NONE', ( #3188 ), #760, .T. ) ;
#2931 = VECTOR ( 'NONE', #991, 1000.000000000000000 ) ;
#2932 = CARTESIAN_POINT ( 'NONE',  ( 3.500000000000000000, 1.199999999999999956, -2.350000000000000089 ) ) ;
#2933 = ORIENTED_EDGE ( 'NONE', *, *, #3468, .F. ) ;
#2934 = CARTESIAN_POINT ( 'NONE',  ( 2.000000000000000000, 0.1000000000000000056, 1.500000000000000000 ) ) ;
#2935 = PLANE ( 'NONE',  #3240 ) ;
#2936 = EDGE_LOOP ( 'NONE', ( #3205, #931, #2609, #782 ) ) ;
#2937 = ORIENTED_EDGE ( 'NONE', *, *, #2791, .F. ) ;
#2938 = CARTESIAN_POINT ( 'NONE',  ( 2.000000000000000000, 0.1000000000000000056, 1.500000000000000000 ) ) ;
#2939 = VECTOR ( 'NONE', #2497, 1000.000000000000000 ) ;
#2940 = DIRECTION ( 'NONE',  ( -1.398970545142586048E-16, 0.000000000000000000, -1.000000000000000000 ) ) ;
#2941 = VECTOR ( 'NONE', #224, 1000.000000000000000 ) ;
#2942 = MECHANICAL_DESIGN_GEOMETRIC_PRESENTATION_REPRESENTATION (  '', ( #3389 ), #3056 ) ;
#2943 = CARTESIAN_POINT ( 'NONE',  ( 2.899999999999999911, 2.500000000000000000, 3.050000000000000266 ) ) ;
#2944 = CARTESIAN_POINT ( 'NONE',  ( 1.600000000000000089, 1.000000000000000000, 2.850000000000000089 ) ) ;
#2945 = LINE ( 'NONE', #1716, #2639 ) ;
#2946 = ORIENTED_EDGE ( 'NONE', *, *, #3306, .T. ) ;
#2947 = VECTOR ( 'NONE', #2886, 1000.000000000000000 ) ;
#2948 =( GEOMETRIC_REPRESENTATION_CONTEXT ( 3 ) GLOBAL_UNCERTAINTY_ASSIGNED_CONTEXT ( ( #873 ) ) GLOBAL_UNIT_ASSIGNED_CONTEXT ( ( #909, #1773, #3059 ) ) REPRESENTATION_CONTEXT ( 'NONE', 'WORKASPACE' ) );
#2949 = EDGE_CURVE ( 'NONE', #1030, #2186, #498, .T. ) ;
#2950 = DIRECTION ( 'NONE',  ( 0.000000000000000000, 0.000000000000000000, -1.000000000000000000 ) ) ;
#2951 = EDGE_LOOP ( 'NONE', ( #2768, #1987, #1258, #2933 ) ) ;
#2952 = LINE ( 'NONE', #3408, #1763 ) ;
#2953 = ORIENTED_EDGE ( 'NONE', *, *, #2122, .T. ) ;
#2954 = DIRECTION ( 'NONE',  ( 0.000000000000000000, -1.000000000000000000, 0.000000000000000000 ) ) ;
#2955 = EDGE_CURVE ( 'NONE', #1892, #196, #2634, .T. ) ;
#2956 = LINE ( 'NONE', #148, #2237 ) ;
#2957 = DIRECTION ( 'NONE',  ( 0.000000000000000000, 0.000000000000000000, 1.000000000000000000 ) ) ;
#2958 = CARTESIAN_POINT ( 'NONE',  ( 2.899999999999999911, 2.299999999999999822, -2.649999999999999911 ) ) ;
#2959 =( GEOMETRIC_REPRESENTATION_CONTEXT ( 3 ) GLOBAL_UNCERTAINTY_ASSIGNED_CONTEXT ( ( #2762 ) ) GLOBAL_UNIT_ASSIGNED_CONTEXT ( ( #134, #2294, #698 ) ) REPRESENTATION_CONTEXT ( 'NONE', 'WORKASPACE' ) );
#2960 = CARTESIAN_POINT ( 'NONE',  ( -1.899999999999999911, 0.000000000000000000, 1.500000000000000000 ) ) ;
#2961 = VECTOR ( 'NONE', #1363, 1000.000000000000000 ) ;
#2962 = CARTESIAN_POINT ( 'NONE',  ( 1.600000000000000089, 2.500000000000000000, 2.850000000000000089 ) ) ;
#2963 = DIRECTION ( 'NONE',  ( 0.000000000000000000, -1.000000000000000000, 0.000000000000000000 ) ) ;
#2964 = ORIENTED_EDGE ( 'NONE', *, *, #3033, .F. ) ;
#2965 = CARTESIAN_POINT ( 'NONE',  ( 3.100000000000000089, 2.299999999999999822, 2.850000000000000089 ) ) ;
#2966 = PLANE ( 'NONE',  #3371 ) ;
#2967 = VERTEX_POINT ( 'NONE', #3458 ) ;
#2968 = EDGE_LOOP ( 'NONE', ( #1689, #1317, #833, #3463 ) ) ;
#2969 = CARTESIAN_POINT ( 'NONE',  ( -1.600000000000000089, 2.500000000000000000, 2.850000000000000089 ) ) ;
#2970 = ADVANCED_FACE ( 'NONE', ( #1585 ), #3439, .T. ) ;
#2971 = EDGE_LOOP ( 'NONE', ( #2171, #3419, #3239, #2800 ) ) ;
#2972 = ADVANCED_FACE ( 'NONE', ( #2114 ), #1861, .T. ) ;
#2973 = VERTEX_POINT ( 'NONE', #1331 ) ;
#2974 = CARTESIAN_POINT ( 'NONE',  ( 2.899999999999999911, 2.299999999999999822, 2.649999999999999911 ) ) ;
#2975 = FACE_OUTER_BOUND ( 'NONE', #1408, .T. ) ;
#2976 = EDGE_CURVE ( 'NONE', #1586, #1805, #2402, .T. ) ;
#2977 = VECTOR ( 'NONE', #2076, 1000.000000000000000 ) ;
#2978 = CARTESIAN_POINT ( 'NONE',  ( 2.899999999999999911, 0.5000000000000000000, -2.850000000000000089 ) ) ;
#2979 = CARTESIAN_POINT ( 'NONE',  ( -1.600000000000000089, 2.500000000000000000, -3.050000000000000266 ) ) ;
#2980 = VECTOR ( 'NONE', #2701, 1000.000000000000000 ) ;
#2981 = CARTESIAN_POINT ( 'NONE',  ( -1.899999999999999911, 0.000000000000000000, -1.500000000000000000 ) ) ;
#2982 = CARTESIAN_POINT ( 'NONE',  ( 2.899999999999999911, 0.5000000000000000000, -3.050000000000000266 ) ) ;
#2983 = ORIENTED_EDGE ( 'NONE', *, *, #1298, .F. ) ;
#2984 = UNCERTAINTY_MEASURE_WITH_UNIT (LENGTH_MEASURE( 1.000000000000000082E-05 ), #1469, 'distance_accuracy_value', 'NONE');
#2985 = FILL_AREA_STYLE_COLOUR ( '', #2992 ) ;
#2986 = DIRECTION ( 'NONE',  ( 0.000000000000000000, -1.000000000000000000, 0.000000000000000000 ) ) ;
#2987 = ORIENTED_EDGE ( 'NONE', *, *, #3390, .F. ) ;
#2988 = ORIENTED_EDGE ( 'NONE', *, *, #3327, .T. ) ;
#2989 = EDGE_CURVE ( 'NONE', #2549, #1835, #819, .T. ) ;
#2990 = LINE ( 'NONE', #1932, #1570 ) ;
#2991 = LINE ( 'NONE', #576, #1197 ) ;
#2992 = COLOUR_RGB ( '',0.2509803921568627416, 0.2509803921568627416, 0.2509803921568627416 ) ;
#2993 = CARTESIAN_POINT ( 'NONE',  ( -3.500000000000000000, -8.572244476756639821E-16, 1.649999999999999911 ) ) ;
#2994 =( NAMED_UNIT ( * ) PLANE_ANGLE_UNIT ( ) SI_UNIT ( $, .RADIAN. ) );
#2995 = ADVANCED_FACE ( 'NONE', ( #2222 ), #1144, .F. ) ;
#2996 = LINE ( 'NONE', #1099, #350 ) ;
#2997 = VECTOR ( 'NONE', #2010, 1000.000000000000000 ) ;
#2998 = CARTESIAN_POINT ( 'NONE',  ( -2.200000000000000178, -5.388267956818460133E-16, -1.649999999999999911 ) ) ;
#2999 =( NAMED_UNIT ( * ) PLANE_ANGLE_UNIT ( ) SI_UNIT ( $, .RADIAN. ) );
#3000 = ORIENTED_EDGE ( 'NONE', *, *, #1641, .T. ) ;
#3001 = CARTESIAN_POINT ( 'NONE',  ( 3.100000000000000089, 2.500000000000000000, -2.850000000000000089 ) ) ;
#3002 = DIRECTION ( 'NONE',  ( -2.168404344971010101E-16, 1.000000000000000000, 0.000000000000000000 ) ) ;
#3003 = ORIENTED_EDGE ( 'NONE', *, *, #330, .F. ) ;
#3004 = AXIS2_PLACEMENT_3D ( 'NONE', #2026, #941, #126 ) ;
#3005 = DIRECTION ( 'NONE',  ( -1.398970545142586048E-16, 0.000000000000000000, 1.000000000000000000 ) ) ;
#3006 = VERTEX_POINT ( 'NONE', #2258 ) ;
#3007 = CARTESIAN_POINT ( 'NONE',  ( 3.100000000000000089, 2.500000000000000000, 2.850000000000000089 ) ) ;
#3008 = CARTESIAN_POINT ( 'NONE',  ( 3.200000000000000178, 1.199999999999999956, -2.350000000000000089 ) ) ;
#3009 = DIRECTION ( 'NONE',  ( 0.000000000000000000, -1.000000000000000000, 0.000000000000000000 ) ) ;
#3010 = CARTESIAN_POINT ( 'NONE',  ( -3.200000000000000178, 0.2999999999999999889, -2.350000000000000089 ) ) ;
#3011 = EDGE_CURVE ( 'NONE', #3062, #2619, #2733, .T. ) ;
#3012 =( NAMED_UNIT ( * ) SI_UNIT ( $, .STERADIAN. ) SOLID_ANGLE_UNIT ( ) );
#3013 = CARTESIAN_POINT ( 'NONE',  ( -1.600000000000000089, 1.000000000000000000, 3.050000000000000266 ) ) ;
#3014 = ORIENTED_EDGE ( 'NONE', *, *, #618, .F. ) ;
#3015 = DIRECTION ( 'NONE',  ( 1.445602896647339903E-16, -1.000000000000000000, 0.000000000000000000 ) ) ;
#3016 = COLOUR_RGB ( '',0.2509803921568627416, 0.2509803921568627416, 0.2509803921568627416 ) ;
#3017 = ORIENTED_EDGE ( 'NONE', *, *, #529, .T. ) ;
#3018 = DIRECTION ( 'NONE',  ( -2.168404344971010101E-16, -1.000000000000000000, 0.000000000000000000 ) ) ;
#3019 = EDGE_CURVE ( 'NONE', #732, #3106, #591, .T. ) ;
#3020 = ORIENTED_EDGE ( 'NONE', *, *, #1578, .F. ) ;
#3021 = CARTESIAN_POINT ( 'NONE',  ( -3.100000000000000089, 2.299999999999999822, 2.850000000000000089 ) ) ;
#3022 = DIRECTION ( 'NONE',  ( -0.000000000000000000, 1.000000000000000000, 0.000000000000000000 ) ) ;
#3023 = VECTOR ( 'NONE', #269, 1000.000000000000000 ) ;
#3024 = CARTESIAN_POINT ( 'NONE',  ( -2.200000000000000178, -5.388267956818460133E-16, 1.649999999999999911 ) ) ;
#3025 = PLANE ( 'NONE',  #977 ) ;
#3026 = AXIS2_PLACEMENT_3D ( 'NONE', #114, #898, #1728 ) ;
#3027 = ADVANCED_FACE ( 'NONE', ( #2494 ), #1127, .F. ) ;
#3028 = MECHANICAL_DESIGN_GEOMETRIC_PRESENTATION_REPRESENTATION (  '', ( #3422 ), #3142 ) ;
#3029 = FILL_AREA_STYLE ('',( #68 ) ) ;
#3030 = EDGE_CURVE ( 'NONE', #1050, #484, #1177, .T. ) ;
#3031 = CARTESIAN_POINT ( 'NONE',  ( 3.100000000000000089, 0.2999999999999999889, 2.350000000000000089 ) ) ;
#3032 = ORIENTED_EDGE ( 'NONE', *, *, #3327, .F. ) ;
#3033 = EDGE_CURVE ( 'NONE', #887, #1178, #1672, .T. ) ;
#3034 = CARTESIAN_POINT ( 'NONE',  ( -3.500000000000000000, 0.2999999999999999889, -1.649999999999999911 ) ) ;
#3035 = ORIENTED_EDGE ( 'NONE', *, *, #751, .F. ) ;
#3036 = CARTESIAN_POINT ( 'NONE',  ( -1.500000000000000000, 1.000000000000000000, -2.850000000000000089 ) ) ;
#3037 = CARTESIAN_POINT ( 'NONE',  ( -3.100000000000000089, 0.1000000000000000056, 1.649999999999999911 ) ) ;
#3038 = CARTESIAN_POINT ( 'NONE',  ( 3.100000000000000089, 0.1000000000000000056, 2.850000000000000089 ) ) ;
#3039 = AXIS2_PLACEMENT_3D ( 'NONE', #2616, #200, #1286 ) ;
#3040 = CARTESIAN_POINT ( 'NONE',  ( 2.000000000000000000, 0.1000000000000000056, 1.500000000000000000 ) ) ;
#3041 = AXIS2_PLACEMENT_3D ( 'NONE', #1525, #2293, #3064 ) ;
#3042 = DIRECTION ( 'NONE',  ( -1.398970545142586048E-16, 0.000000000000000000, -1.000000000000000000 ) ) ;
#3043 = MECHANICAL_DESIGN_GEOMETRIC_PRESENTATION_REPRESENTATION (  '', ( #1149 ), #67 ) ;
#3044 = DIRECTION ( 'NONE',  ( 1.000000000000000000, 0.000000000000000000, 0.000000000000000000 ) ) ;
#3045 = ORIENTED_EDGE ( 'NONE', *, *, #1882, .T. ) ;
#3046 = ORIENTED_EDGE ( 'NONE', *, *, #340, .T. ) ;
#3047 = UNCERTAINTY_MEASURE_WITH_UNIT (LENGTH_MEASURE( 1.000000000000000082E-05 ), #680, 'distance_accuracy_value', 'NONE');
#3048 = LINE ( 'NONE', #2763, #3312 ) ;
#3049 = MECHANICAL_DESIGN_GEOMETRIC_PRESENTATION_REPRESENTATION (  '', ( #1700 ), #166 ) ;
#3050 = CARTESIAN_POINT ( 'NONE',  ( 2.899999999999999911, 2.500000000000000000, -2.850000000000000089 ) ) ;
#3051 = ORIENTED_EDGE ( 'NONE', *, *, #1596, .F. ) ;
#3052 = CARTESIAN_POINT ( 'NONE',  ( -2.200000000000000178, 0.2999999999999999889, -2.350000000000000089 ) ) ;
#3053 = EDGE_CURVE ( 'NONE', #2495, #2292, #1159, .T. ) ;
#3054 = LINE ( 'NONE', #3037, #2997 ) ;
#3055 = VECTOR ( 'NONE', #2338, 1000.000000000000000 ) ;
#3056 =( GEOMETRIC_REPRESENTATION_CONTEXT ( 3 ) GLOBAL_UNCERTAINTY_ASSIGNED_CONTEXT ( ( #432 ) ) GLOBAL_UNIT_ASSIGNED_CONTEXT ( ( #1886, #2994, #2721 ) ) REPRESENTATION_CONTEXT ( 'NONE', 'WORKASPACE' ) );
#3057 = VECTOR ( 'NONE', #242, 1000.000000000000000 ) ;
#3058 = AXIS2_PLACEMENT_3D ( 'NONE', #2974, #1901, #1412 ) ;
#3059 =( NAMED_UNIT ( * ) SI_UNIT ( $, .STERADIAN. ) SOLID_ANGLE_UNIT ( ) );
#3060 = LINE ( 'NONE', #168, #2268 ) ;
#3061 = VERTEX_POINT ( 'NONE', #2477 ) ;
#3062 = VERTEX_POINT ( 'NONE', #56 ) ;
#3063 = FACE_OUTER_BOUND ( 'NONE', #3245, .T. ) ;
#3064 = DIRECTION ( 'NONE',  ( 1.000000000000000000, 0.000000000000000000, 0.000000000000000000 ) ) ;
#3065 = CARTESIAN_POINT ( 'NONE',  ( 2.899999999999999911, 0.5000000000000000000, 3.050000000000000266 ) ) ;
#3066 = ORIENTED_EDGE ( 'NONE', *, *, #137, .F. ) ;
#3067 = VECTOR ( 'NONE', #3264, 1000.000000000000000 ) ;
#3068 = CARTESIAN_POINT ( 'NONE',  ( 2.000000000000000000, 0.1000000000000000056, 2.850000000000000089 ) ) ;
#3069 = EDGE_CURVE ( 'NONE', #3477, #2063, #622, .T. ) ;
#3070 = DIRECTION ( 'NONE',  ( -1.000000000000000000, -7.228014483236700500E-16, 0.000000000000000000 ) ) ;
#3071 = EDGE_CURVE ( 'NONE', #2692, #1685, #1688, .T. ) ;
#3072 = ORIENTED_EDGE ( 'NONE', *, *, #1692, .F. ) ;
#3073 = VECTOR ( 'NONE', #2025, 1000.000000000000000 ) ;
#3074 = EDGE_CURVE ( 'NONE', #3430, #3374, #3278, .T. ) ;
#3075 = DIRECTION ( 'NONE',  ( 0.000000000000000000, 0.000000000000000000, -1.000000000000000000 ) ) ;
#3076 = DIRECTION ( 'NONE',  ( -0.000000000000000000, 1.000000000000000000, 0.000000000000000000 ) ) ;
#3077 = ORIENTED_EDGE ( 'NONE', *, *, #2744, .T. ) ;
#3078 = LINE ( 'NONE', #3321, #2592 ) ;
#3079 = VECTOR ( 'NONE', #2218, 1000.000000000000000 ) ;
#3080 = DIRECTION ( 'NONE',  ( -1.000000000000000000, 0.000000000000000000, 0.000000000000000000 ) ) ;
#3081 = CARTESIAN_POINT ( 'NONE',  ( 3.200000000000000178, 0.2999999999999999889, -2.350000000000000089 ) ) ;
#3082 = VERTEX_POINT ( 'NONE', #2767 ) ;
#3083 = DIRECTION ( 'NONE',  ( -1.000000000000000000, 0.000000000000000000, 0.000000000000000000 ) ) ;
#3084 = CARTESIAN_POINT ( 'NONE',  ( -3.200000000000000178, 0.2999999999999999889, -2.350000000000000089 ) ) ;
#3085 = PRESENTATION_STYLE_ASSIGNMENT (( #140 ) ) ;
#3086 = EDGE_CURVE ( 'NONE', #1976, #3062, #2713, .T. ) ;
#3087 = DIRECTION ( 'NONE',  ( 1.000000000000000000, 0.000000000000000000, 0.000000000000000000 ) ) ;
#3088 = ORIENTED_EDGE ( 'NONE', *, *, #3242, .T. ) ;
#3089 = DIRECTION ( 'NONE',  ( 4.818676322157800333E-16, 1.000000000000000000, 0.000000000000000000 ) ) ;
#3090 = EDGE_CURVE ( 'NONE', #890, #504, #2782, .T. ) ;
#3091 = PRODUCT_DEFINITION_SHAPE ( 'NONE', 'NONE',  #1858 ) ;
#3092 = COLOUR_RGB ( '',1.000000000000000000, 1.000000000000000000, 0.7529411764705882248 ) ;
#3093 = DIRECTION ( 'NONE',  ( 0.000000000000000000, -1.000000000000000000, -6.195440985631460248E-16 ) ) ;
#3094 = LINE ( 'NONE', #2846, #95 ) ;
#3095 = ORIENTED_EDGE ( 'NONE', *, *, #2744, .F. ) ;
#3096 = ORIENTED_EDGE ( 'NONE', *, *, #2015, .F. ) ;
#3097 = DIRECTION ( 'NONE',  ( 0.000000000000000000, 0.000000000000000000, -1.000000000000000000 ) ) ;
#3098 = EDGE_CURVE ( 'NONE', #784, #1043, #889, .T. ) ;
#3099 = LINE ( 'NONE', #3359, #506 ) ;
#3100 = DIRECTION ( 'NONE',  ( 0.000000000000000000, -1.000000000000000000, -6.195440985631460248E-16 ) ) ;
#3101 = ORIENTED_EDGE ( 'NONE', *, *, #1980, .F. ) ;
#3102 = VECTOR ( 'NONE', #1245, 1000.000000000000000 ) ;
#3103 = CARTESIAN_POINT ( 'NONE',  ( 0.000000000000000000, 3.399999999999999911, 0.000000000000000000 ) ) ;
#3104 = CARTESIAN_POINT ( 'NONE',  ( -2.200000000000000178, 0.2999999999999999889, 1.649999999999999911 ) ) ;
#3105 =( NAMED_UNIT ( * ) PLANE_ANGLE_UNIT ( ) SI_UNIT ( $, .RADIAN. ) );
#3106 = VERTEX_POINT ( 'NONE', #1454 ) ;
#3107 = VECTOR ( 'NONE', #1664, 1000.000000000000000 ) ;
#3108 = PRESENTATION_LAYER_ASSIGNMENT (  '', '', ( #688 ) ) ;
#3109 = DIRECTION ( 'NONE',  ( -2.168404344971010101E-16, -1.000000000000000000, 0.000000000000000000 ) ) ;
#3110 = CARTESIAN_POINT ( 'NONE',  ( -1.500000000000000000, 1.000000000000000000, -3.050000000000000266 ) ) ;
#3111 = ORIENTED_EDGE ( 'NONE', *, *, #2066, .F. ) ;
#3112 = EDGE_CURVE ( 'NONE', #3082, #365, #1945, .T. ) ;
#3113 = VERTEX_POINT ( 'NONE', #2524 ) ;
#3114 = DIRECTION ( 'NONE',  ( -0.000000000000000000, 1.000000000000000000, 0.000000000000000000 ) ) ;
#3115 = CARTESIAN_POINT ( 'NONE',  ( 1.600000000000000089, 1.000000000000000000, -2.850000000000000089 ) ) ;
#3116 = LINE ( 'NONE', #699, #1907 ) ;
#3117 = ORIENTED_EDGE ( 'NONE', *, *, #1336, .F. ) ;
#3118 = CARTESIAN_POINT ( 'NONE',  ( 2.000000000000000000, 0.1000000000000000056, -1.500000000000000000 ) ) ;
#3119 = LINE ( 'NONE', #159, #3102 ) ;
#3120 = EDGE_CURVE ( 'NONE', #1220, #3208, #105, .T. ) ;
#3121 = CARTESIAN_POINT ( 'NONE',  ( -3.100000000000000089, 2.279999999999999805, 2.850000000000000089 ) ) ;
#3122 = ORIENTED_EDGE ( 'NONE', *, *, #1102, .F. ) ;
#3123 = CARTESIAN_POINT ( 'NONE',  ( 0.000000000000000000, 3.399999999999999911, 0.000000000000000000 ) ) ;
#3124 = ORIENTED_EDGE ( 'NONE', *, *, #3202, .T. ) ;
#3125 = DIRECTION ( 'NONE',  ( 0.000000000000000000, 1.000000000000000000, 0.000000000000000000 ) ) ;
#3126 = AXIS2_PLACEMENT_3D ( 'NONE', #2932, #248, #514 ) ;
#3127 = ORIENTED_EDGE ( 'NONE', *, *, #474, .T. ) ;
#3128 = SURFACE_STYLE_USAGE ( .BOTH. , #2374 ) ;
#3129 = EDGE_LOOP ( 'NONE', ( #3020, #950, #786, #1062, #2894, #1873, #1532, #1598 ) ) ;
#3130 = EDGE_CURVE ( 'NONE', #2135, #2766, #921, .T. ) ;
#3131 = ORIENTED_EDGE ( 'NONE', *, *, #835, .T. ) ;
#3132 = ORIENTED_EDGE ( 'NONE', *, *, #3376, .F. ) ;
#3133 = LINE ( 'NONE', #716, #1644 ) ;
#3134 = DIRECTION ( 'NONE',  ( 0.000000000000000000, 1.000000000000000000, 0.000000000000000000 ) ) ;
#3135 = CARTESIAN_POINT ( 'NONE',  ( -2.899999999999999911, 0.5000000000000000000, -3.050000000000000266 ) ) ;
#3136 = FACE_OUTER_BOUND ( 'NONE', #225, .T. ) ;
#3137 = ORIENTED_EDGE ( 'NONE', *, *, #2393, .F. ) ;
#3138 = PRESENTATION_LAYER_ASSIGNMENT (  '', '', ( #773 ) ) ;
#3139 = LINE ( 'NONE', #2538, #258 ) ;
#3140 = CARTESIAN_POINT ( 'NONE',  ( 3.500000000000000000, 1.199999999999999956, -2.350000000000000089 ) ) ;
#3141 = SURFACE_STYLE_FILL_AREA ( #3364 ) ;
#3142 =( GEOMETRIC_REPRESENTATION_CONTEXT ( 3 ) GLOBAL_UNCERTAINTY_ASSIGNED_CONTEXT ( ( #1719 ) ) GLOBAL_UNIT_ASSIGNED_CONTEXT ( ( #927, #3105, #2013 ) ) REPRESENTATION_CONTEXT ( 'NONE', 'WORKASPACE' ) );
#3143 = ORIENTED_EDGE ( 'NONE', *, *, #1904, .F. ) ;
#3144 = DIRECTION ( 'NONE',  ( 0.000000000000000000, -1.000000000000000000, 0.000000000000000000 ) ) ;
#3145 = VERTEX_POINT ( 'NONE', #301 ) ;
#3146 = SURFACE_STYLE_FILL_AREA ( #3388 ) ;
#3147 = EDGE_CURVE ( 'NONE', #521, #930, #336, .T. ) ;
#3148 = ORIENTED_EDGE ( 'NONE', *, *, #1420, .F. ) ;
#3149 = VERTEX_POINT ( 'NONE', #856 ) ;
#3150 = LINE ( 'NONE', #491, #3057 ) ;
#3151 = CARTESIAN_POINT ( 'NONE',  ( -1.500000000000000000, 1.000000000000000000, 2.850000000000000089 ) ) ;
#3152 = EDGE_LOOP ( 'NONE', ( #1087, #404, #135, #753 ) ) ;
#3153 = LINE ( 'NONE', #2649, #1589 ) ;
#3154 = CARTESIAN_POINT ( 'NONE',  ( -1.600000000000000089, 2.500000000000000000, 2.850000000000000089 ) ) ;
#3155 = VERTEX_POINT ( 'NONE', #1930 ) ;
#3156 = VECTOR ( 'NONE', #1335, 1000.000000000000000 ) ;
#3157 = FILL_AREA_STYLE ('',( #2914 ) ) ;
#3158 = EDGE_CURVE ( 'NONE', #2511, #2549, #457, .T. ) ;
#3159 = LINE ( 'NONE', #1179, #315 ) ;
#3160 = CARTESIAN_POINT ( 'NONE',  ( -3.100000000000000089, 0.1000000000000000056, 2.850000000000000089 ) ) ;
#3161 = VECTOR ( 'NONE', #689, 1000.000000000000000 ) ;
#3162 = PLANE ( 'NONE',  #2663 ) ;
#3163 = VECTOR ( 'NONE', #344, 1000.000000000000000 ) ;
#3164 = ORIENTED_EDGE ( 'NONE', *, *, #2249, .F. ) ;
#3165 = EDGE_LOOP ( 'NONE', ( #1440, #1277, #3046, #2372, #1912 ) ) ;
#3166 = COLOUR_RGB ( '',0.2509803921568627416, 0.2509803921568627416, 0.2509803921568627416 ) ;
#3167 = DIRECTION ( 'NONE',  ( 1.000000000000000000, 0.000000000000000000, 0.000000000000000000 ) ) ;
#3168 = DIRECTION ( 'NONE',  ( 0.000000000000000000, 0.000000000000000000, -1.000000000000000000 ) ) ;
#3169 = ORIENTED_EDGE ( 'NONE', *, *, #3030, .T. ) ;
#3170 = FILL_AREA_STYLE_COLOUR ( '', #3206 ) ;
#3171 = ORIENTED_EDGE ( 'NONE', *, *, #238, .T. ) ;
#3172 = DIRECTION ( 'NONE',  ( -1.000000000000000000, 0.000000000000000000, 0.000000000000000000 ) ) ;
#3173 = ORIENTED_EDGE ( 'NONE', *, *, #751, .T. ) ;
#3174 = EDGE_LOOP ( 'NONE', ( #503, #714, #2536, #1175, #1106, #2794, #254, #3425, #3380, #1304 ) ) ;
#3175 = CARTESIAN_POINT ( 'NONE',  ( 1.899999999999999911, 0.000000000000000000, 2.850000000000000089 ) ) ;
#3176 = ORIENTED_EDGE ( 'NONE', *, *, #3120, .T. ) ;
#3177 = EDGE_CURVE ( 'NONE', #2462, #2554, #2535, .T. ) ;
#3178 = ORIENTED_EDGE ( 'NONE', *, *, #376, .F. ) ;
#3179 = VECTOR ( 'NONE', #220, 1000.000000000000000 ) ;
#3180 = CARTESIAN_POINT ( 'NONE',  ( -2.200000000000000178, 0.2999999999999999889, -2.350000000000000089 ) ) ;
#3181 = VECTOR ( 'NONE', #2555, 1000.000000000000000 ) ;
#3182 = CARTESIAN_POINT ( 'NONE',  ( 1.500000000000000000, 1.699999999999999956, -3.250000000000000000 ) ) ;
#3183 = LINE ( 'NONE', #2660, #1224 ) ;
#3184 = CARTESIAN_POINT ( 'NONE',  ( -1.500000000000000000, 1.000000000000000000, 2.850000000000000089 ) ) ;
#3185 = VERTEX_POINT ( 'NONE', #954 ) ;
#3186 = LINE ( 'NONE', #1841, #671 ) ;
#3187 = LINE ( 'NONE', #815, #1249 ) ;
#3188 = FACE_OUTER_BOUND ( 'NONE', #1941, .T. ) ;
#3189 = VERTEX_POINT ( 'NONE', #2835 ) ;
#3190 = FACE_OUTER_BOUND ( 'NONE', #284, .T. ) ;
#3191 = DIRECTION ( 'NONE',  ( 0.000000000000000000, 0.000000000000000000, 1.000000000000000000 ) ) ;
#3192 = ORIENTED_EDGE ( 'NONE', *, *, #3177, .T. ) ;
#3193 = EDGE_CURVE ( 'NONE', #184, #1717, #2814, .T. ) ;
#3194 = VERTEX_POINT ( 'NONE', #3402 ) ;
#3195 = DIRECTION ( 'NONE',  ( 0.000000000000000000, 0.000000000000000000, -1.000000000000000000 ) ) ;
#3196 = CARTESIAN_POINT ( 'NONE',  ( -1.600000000000000089, 1.000000000000000000, 3.050000000000000266 ) ) ;
#3197 = ADVANCED_FACE ( 'NONE', ( #1282 ), #719, .F. ) ;
#3198 = CARTESIAN_POINT ( 'NONE',  ( -1.600000000000000089, 2.279999999999999805, -2.850000000000000089 ) ) ;
#3199 = LINE ( 'NONE', #1838, #312 ) ;
#3200 = CARTESIAN_POINT ( 'NONE',  ( -3.100000000000000089, 0.1000000000000000056, 2.850000000000000089 ) ) ;
#3201 = EDGE_LOOP ( 'NONE', ( #332, #3290, #2626, #2051 ) ) ;
#3202 = EDGE_CURVE ( 'NONE', #3227, #1766, #1526, .T. ) ;
#3203 = AXIS2_PLACEMENT_3D ( 'NONE', #2096, #2381, #1302 ) ;
#3204 = VECTOR ( 'NONE', #652, 1000.000000000000000 ) ;
#3205 = ORIENTED_EDGE ( 'NONE', *, *, #226, .T. ) ;
#3206 = COLOUR_RGB ( '',0.2509803921568627416, 0.2509803921568627416, 0.2509803921568627416 ) ;
#3207 = CARTESIAN_POINT ( 'NONE',  ( -2.200000000000000178, 0.2999999999999999889, -2.350000000000000089 ) ) ;
#3208 = VERTEX_POINT ( 'NONE', #2799 ) ;
#3209 = DIRECTION ( 'NONE',  ( 0.000000000000000000, 0.000000000000000000, -1.000000000000000000 ) ) ;
#3210 = CARTESIAN_POINT ( 'NONE',  ( -1.600000000000000089, 1.000000000000000000, -3.050000000000000266 ) ) ;
#3211 = DIRECTION ( 'NONE',  ( 0.000000000000000000, 1.000000000000000000, 0.000000000000000000 ) ) ;
#3212 = ORIENTED_EDGE ( 'NONE', *, *, #16, .T. ) ;
#3213 = FILL_AREA_STYLE ('',( #2321 ) ) ;
#3214 = PRESENTATION_LAYER_ASSIGNMENT (  '', '', ( #3381 ) ) ;
#3215 = LINE ( 'NONE', #2739, #1379 ) ;
#3216 = CARTESIAN_POINT ( 'NONE',  ( 2.899999999999999911, 2.279999999999999805, -2.649999999999999911 ) ) ;
#3217 = VECTOR ( 'NONE', #1373, 1000.000000000000000 ) ;
#3218 = AXIS2_PLACEMENT_3D ( 'NONE', #183, #1002, #2138 ) ;
#3219 = DIRECTION ( 'NONE',  ( -1.000000000000000000, 0.000000000000000000, 1.495451272393800035E-16 ) ) ;
#3220 = EDGE_CURVE ( 'NONE', #484, #1673, #1785, .T. ) ;
#3221 = LINE ( 'NONE', #2962, #3409 ) ;
#3222 =( LENGTH_UNIT ( ) NAMED_UNIT ( * ) SI_UNIT ( .MILLI., .METRE. ) );
#3223 = ORIENTED_EDGE ( 'NONE', *, *, #847, .T. ) ;
#3224 = AXIS2_PLACEMENT_3D ( 'NONE', #2960, #615, #1682 ) ;
#3225 = VECTOR ( 'NONE', #785, 1000.000000000000000 ) ;
#3226 = DIRECTION ( 'NONE',  ( -1.000000000000000000, 0.000000000000000000, 0.000000000000000000 ) ) ;
#3227 = VERTEX_POINT ( 'NONE', #1206 ) ;
#3228 = DIRECTION ( 'NONE',  ( 1.445602896647339903E-16, 1.000000000000000000, 0.000000000000000000 ) ) ;
#3229 = ORIENTED_EDGE ( 'NONE', *, *, #251, .F. ) ;
#3230 = EDGE_LOOP ( 'NONE', ( #2154, #438, #1207, #1101, #632, #222 ) ) ;
#3231 = CARTESIAN_POINT ( 'NONE',  ( -3.200000000000000178, 0.2999999999999999889, -1.649999999999999911 ) ) ;
#3232 = LINE ( 'NONE', #2226, #614 ) ;
#3233 = LINE ( 'NONE', #581, #633 ) ;
#3234 =( GEOMETRIC_REPRESENTATION_CONTEXT ( 3 ) GLOBAL_UNCERTAINTY_ASSIGNED_CONTEXT ( ( #1259 ) ) GLOBAL_UNIT_ASSIGNED_CONTEXT ( ( #2652, #2912, #2136 ) ) REPRESENTATION_CONTEXT ( 'NONE', 'WORKASPACE' ) );
#3235 = DIRECTION ( 'NONE',  ( 7.228014483236700500E-16, 1.000000000000000000, 0.000000000000000000 ) ) ;
#3236 = VECTOR ( 'NONE', #2416, 1000.000000000000000 ) ;
#3237 = LINE ( 'NONE', #2998, #3349 ) ;
#3238 = LINE ( 'NONE', #2185, #3301 ) ;
#3239 = ORIENTED_EDGE ( 'NONE', *, *, #1121, .F. ) ;
#3240 = AXIS2_PLACEMENT_3D ( 'NONE', #1636, #518, #1319 ) ;
#3241 = FACE_OUTER_BOUND ( 'NONE', #982, .T. ) ;
#3242 = EDGE_CURVE ( 'NONE', #1909, #1615, #994, .T. ) ;
#3243 = SURFACE_STYLE_FILL_AREA ( #281 ) ;
#3244 = VERTEX_POINT ( 'NONE', #119 ) ;
#3245 = EDGE_LOOP ( 'NONE', ( #3403, #1718, #3394, #961, #707, #800, #592, #2350 ) ) ;
#3246 = SURFACE_STYLE_FILL_AREA ( #3497 ) ;
#3247 = ORIENTED_EDGE ( 'NONE', *, *, #1366, .F. ) ;
#3248 = CARTESIAN_POINT ( 'NONE',  ( -2.899999999999999911, 2.299999999999999822, 2.649999999999999911 ) ) ;
#3249 = EDGE_CURVE ( 'NONE', #2643, #996, #2851, .T. ) ;
#3250 = CARTESIAN_POINT ( 'NONE',  ( -1.500000000000000000, 1.000000000000000000, 3.250000000000000000 ) ) ;
#3251 = LINE ( 'NONE', #1427, #3302 ) ;
#3252 = EDGE_CURVE ( 'NONE', #1503, #1846, #417, .T. ) ;
#3253 = AXIS2_PLACEMENT_3D ( 'NONE', #2570, #1242, #1822 ) ;
#3254 = SURFACE_STYLE_USAGE ( .BOTH. , #2182 ) ;
#3255 = FACE_OUTER_BOUND ( 'NONE', #1823, .T. ) ;
#3256 = CARTESIAN_POINT ( 'NONE',  ( -1.600000000000000089, 2.500000000000000000, -2.850000000000000089 ) ) ;
#3257 = LINE ( 'NONE', #2454, #1447 ) ;
#3258 = VECTOR ( 'NONE', #2874, 1000.000000000000000 ) ;
#3259 = CARTESIAN_POINT ( 'NONE',  ( -3.100000000000000089, 2.279999999999999805, -2.850000000000000089 ) ) ;
#3260 = VERTEX_POINT ( 'NONE', #973 ) ;
#3261 = CARTESIAN_POINT ( 'NONE',  ( 3.200000000000000178, 0.2999999999999999889, 2.350000000000000089 ) ) ;
#3262 = DIRECTION ( 'NONE',  ( 6.505213034913029562E-16, -1.000000000000000000, 0.000000000000000000 ) ) ;
#3263 = EDGE_LOOP ( 'NONE', ( #2073, #2329, #3051, #2339 ) ) ;
#3264 = DIRECTION ( 'NONE',  ( 0.000000000000000000, 0.000000000000000000, 1.000000000000000000 ) ) ;
#3265 = VERTEX_POINT ( 'NONE', #2613 ) ;
#3266 = DIRECTION ( 'NONE',  ( 0.000000000000000000, 0.000000000000000000, 1.000000000000000000 ) ) ;
#3267 = DIRECTION ( 'NONE',  ( 1.000000000000000000, 2.449212707644755009E-16, 0.000000000000000000 ) ) ;
#3268 = LINE ( 'NONE', #2773, #2526 ) ;
#3269 = CARTESIAN_POINT ( 'NONE',  ( 3.500000000000000000, 1.199999999999999956, -1.649999999999999911 ) ) ;
#3270 = DIRECTION ( 'NONE',  ( -1.000000000000000000, -6.505213034913019702E-16, 0.000000000000000000 ) ) ;
#3271 = VECTOR ( 'NONE', #139, 1000.000000000000000 ) ;
#3272 =( NAMED_UNIT ( * ) PLANE_ANGLE_UNIT ( ) SI_UNIT ( $, .RADIAN. ) );
#3273 = LINE ( 'NONE', #244, #1795 ) ;
#3274 = ORIENTED_EDGE ( 'NONE', *, *, #137, .T. ) ;
#3275 = CARTESIAN_POINT ( 'NONE',  ( -1.600000000000000089, 1.000000000000000000, 3.050000000000000266 ) ) ;
#3276 = DIRECTION ( 'NONE',  ( 0.000000000000000000, 1.000000000000000000, 0.000000000000000000 ) ) ;
#3277 = ORIENTED_EDGE ( 'NONE', *, *, #3098, .F. ) ;
#3278 = LINE ( 'NONE', #1703, #649 ) ;
#3279 = VERTEX_POINT ( 'NONE', #1471 ) ;
#3280 = VECTOR ( 'NONE', #3348, 1000.000000000000000 ) ;
#3281 = FACE_BOUND ( 'NONE', #2089, .T. ) ;
#3282 = LINE ( 'NONE', #520, #2492 ) ;
#3283 = DIRECTION ( 'NONE',  ( 0.000000000000000000, 0.000000000000000000, 1.000000000000000000 ) ) ;
#3284 = DIRECTION ( 'NONE',  ( -2.168404344971010101E-16, 1.000000000000000000, 0.000000000000000000 ) ) ;
#3285 = EDGE_CURVE ( 'NONE', #2127, #2967, #2675, .T. ) ;
#3286 = EDGE_CURVE ( 'NONE', #2743, #732, #1241, .T. ) ;
#3287 =( NAMED_UNIT ( * ) PLANE_ANGLE_UNIT ( ) SI_UNIT ( $, .RADIAN. ) );
#3288 = LINE ( 'NONE', #1684, #1576 ) ;
#3289 = ORIENTED_EDGE ( 'NONE', *, *, #1150, .T. ) ;
#3290 = ORIENTED_EDGE ( 'NONE', *, *, #989, .F. ) ;
#3291 = UNCERTAINTY_MEASURE_WITH_UNIT (LENGTH_MEASURE( 1.000000000000000082E-05 ), #2328, 'distance_accuracy_value', 'NONE');
#3292 = CARTESIAN_POINT ( 'NONE',  ( -2.200000000000000178, 0.1000000000000000056, -2.850000000000000089 ) ) ;
#3293 = AXIS2_PLACEMENT_3D ( 'NONE', #3034, #2510, #2189 ) ;
#3294 = ORIENTED_EDGE ( 'NONE', *, *, #1339, .T. ) ;
#3295 = DIRECTION ( 'NONE',  ( 0.000000000000000000, 0.000000000000000000, 1.000000000000000000 ) ) ;
#3296 = ORIENTED_EDGE ( 'NONE', *, *, #1635, .T. ) ;
#3297 = PLANE ( 'NONE',  #1511 ) ;
#3298 =( NAMED_UNIT ( * ) PLANE_ANGLE_UNIT ( ) SI_UNIT ( $, .RADIAN. ) );
#3299 = VECTOR ( 'NONE', #701, 1000.000000000000000 ) ;
#3300 = DIRECTION ( 'NONE',  ( 1.000000000000000000, 2.449212707644755009E-16, 0.000000000000000000 ) ) ;
#3301 = VECTOR ( 'NONE', #1137, 1000.000000000000000 ) ;
#3302 = VECTOR ( 'NONE', #2482, 1000.000000000000000 ) ;
#3303 = CARTESIAN_POINT ( 'NONE',  ( -2.899999999999999911, 0.5000000000000000000, 2.850000000000000089 ) ) ;
#3304 = FACE_OUTER_BOUND ( 'NONE', #2054, .T. ) ;
#3305 = ORIENTED_EDGE ( 'NONE', *, *, #1484, .T. ) ;
#3306 = EDGE_CURVE ( 'NONE', #2766, #713, #2061, .T. ) ;
#3307 = DIRECTION ( 'NONE',  ( 0.000000000000000000, 0.000000000000000000, -1.000000000000000000 ) ) ;
#3308 = CARTESIAN_POINT ( 'NONE',  ( -3.100000000000000089, 2.279999999999999805, -2.850000000000000089 ) ) ;
#3309 = ORIENTED_EDGE ( 'NONE', *, *, #2709, .F. ) ;
#3310 = LINE ( 'NONE', #906, #2737 ) ;
#3311 = SURFACE_STYLE_FILL_AREA ( #2539 ) ;
#3312 = VECTOR ( 'NONE', #1405, 1000.000000000000000 ) ;
#3313 = FILL_AREA_STYLE_COLOUR ( '', #1936 ) ;
#3314 = AXIS2_PLACEMENT_3D ( 'NONE', #3470, #2129, #1854 ) ;
#3315 = APPLICATION_CONTEXT ( 'automotive_design' ) ;
#3316 = DIRECTION ( 'NONE',  ( -2.168404344971010101E-16, -1.000000000000000000, 0.000000000000000000 ) ) ;
#3317 = VECTOR ( 'NONE', #3226, 1000.000000000000000 ) ;
#3318 = DIRECTION ( 'NONE',  ( 1.445602896647339903E-16, -1.000000000000000000, 0.000000000000000000 ) ) ;
#3319 = EDGE_LOOP ( 'NONE', ( #1523, #617, #1090, #2391, #171 ) ) ;
#3320 = ADVANCED_FACE ( 'NONE', ( #197 ), #2344, .F. ) ;
#3321 = CARTESIAN_POINT ( 'NONE',  ( -1.600000000000000089, 1.000000000000000000, -3.050000000000000266 ) ) ;
#3322 = ADVANCED_FACE ( 'NONE', ( #1821 ), #812, .T. ) ;
#3323 = CARTESIAN_POINT ( 'NONE',  ( -2.899999999999999911, 2.500000000000000000, -3.050000000000000266 ) ) ;
#3324 = DIRECTION ( 'NONE',  ( 0.000000000000000000, 0.000000000000000000, 1.000000000000000000 ) ) ;
#3325 = ORIENTED_EDGE ( 'NONE', *, *, #425, .F. ) ;
#3326 = ADVANCED_BREP_SHAPE_REPRESENTATION ( 'B3SL-1002P', ( #768, #31 ), #1398 ) ;
#3327 = EDGE_CURVE ( 'NONE', #431, #2973, #2075, .T. ) ;
#3328 = AXIS2_PLACEMENT_3D ( 'NONE', #2625, #2940, #1797 ) ;
#3329 = COLOUR_RGB ( '',0.2509803921568627416, 0.2509803921568627416, 0.2509803921568627416 ) ;
#3330 = LINE ( 'NONE', #2740, #524 ) ;
#3331 = CARTESIAN_POINT ( 'NONE',  ( 2.000000000000000000, 0.1000000000000000056, -2.850000000000000089 ) ) ;
#3332 =( GEOMETRIC_REPRESENTATION_CONTEXT ( 3 ) GLOBAL_UNCERTAINTY_ASSIGNED_CONTEXT ( ( #2729 ) ) GLOBAL_UNIT_ASSIGNED_CONTEXT ( ( #2471, #329, #3012 ) ) REPRESENTATION_CONTEXT ( 'NONE', 'WORKASPACE' ) );
#3333 = PRESENTATION_LAYER_ASSIGNMENT (  '', '', ( #2719 ) ) ;
#3334 = SURFACE_STYLE_USAGE ( .BOTH. , #2516 ) ;
#3335 = FACE_OUTER_BOUND ( 'NONE', #1502, .T. ) ;
#3336 = VERTEX_POINT ( 'NONE', #1564 ) ;
#3337 = EDGE_LOOP ( 'NONE', ( #1740, #3296, #2880, #2866 ) ) ;
#3338 = SURFACE_SIDE_STYLE ('',( #2796 ) ) ;
#3339 = EDGE_CURVE ( 'NONE', #764, #499, #1061, .T. ) ;
#3340 = DIRECTION ( 'NONE',  ( 0.000000000000000000, -1.000000000000000000, 0.000000000000000000 ) ) ;
#3341 = DIRECTION ( 'NONE',  ( 0.000000000000000000, -1.000000000000000000, 0.000000000000000000 ) ) ;
#3342 = VERTEX_POINT ( 'NONE', #1871 ) ;
#3343 = LINE ( 'NONE', #1494, #1788 ) ;
#3344 = VECTOR ( 'NONE', #277, 1000.000000000000000 ) ;
#3345 = LINE ( 'NONE', #907, #2939 ) ;
#3346 = LINE ( 'NONE', #725, #1037 ) ;
#3347 = VECTOR ( 'NONE', #1829, 1000.000000000000000 ) ;
#3348 = DIRECTION ( 'NONE',  ( 0.000000000000000000, -1.000000000000000000, 0.000000000000000000 ) ) ;
#3349 = VECTOR ( 'NONE', #2741, 1000.000000000000000 ) ;
#3350 = EDGE_CURVE ( 'NONE', #801, #3435, #3221, .T. ) ;
#3351 = VERTEX_POINT ( 'NONE', #2361 ) ;
#3352 = SURFACE_STYLE_FILL_AREA ( #1215 ) ;
#3353 = VECTOR ( 'NONE', #997, 1000.000000000000000 ) ;
#3354 = DIRECTION ( 'NONE',  ( 1.000000000000000000, 0.000000000000000000, 0.000000000000000000 ) ) ;
#3355 = FACE_OUTER_BOUND ( 'NONE', #1929, .T. ) ;
#3356 = ORIENTED_EDGE ( 'NONE', *, *, #519, .F. ) ;
#3357 = DIRECTION ( 'NONE',  ( 1.000000000000000000, 2.449212707644755009E-16, 0.000000000000000000 ) ) ;
#3358 =( GEOMETRIC_REPRESENTATION_CONTEXT ( 3 ) GLOBAL_UNCERTAINTY_ASSIGNED_CONTEXT ( ( #2550 ) ) GLOBAL_UNIT_ASSIGNED_CONTEXT ( ( #1357, #1501, #2430 ) ) REPRESENTATION_CONTEXT ( 'NONE', 'WORKASPACE' ) );
#3359 = CARTESIAN_POINT ( 'NONE',  ( -3.100000000000000089, 2.299999999999999822, 2.850000000000000089 ) ) ;
#3360 = DIRECTION ( 'NONE',  ( 0.000000000000000000, 0.000000000000000000, 1.000000000000000000 ) ) ;
#3361 = EDGE_LOOP ( 'NONE', ( #1265, #1793, #872, #1888 ) ) ;
#3362 = LINE ( 'NONE', #2573, #1400 ) ;
#3363 = DIRECTION ( 'NONE',  ( 0.000000000000000000, 0.000000000000000000, 1.000000000000000000 ) ) ;
#3364 = FILL_AREA_STYLE ('',( #2313 ) ) ;
#3365 = SURFACE_STYLE_FILL_AREA ( #162 ) ;
#3366 = VERTEX_POINT ( 'NONE', #2893 ) ;
#3367 = EDGE_CURVE ( 'NONE', #2063, #2337, #2130, .T. ) ;
#3368 = DIRECTION ( 'NONE',  ( -0.7071067811865470176, 0.7071067811865480168, 0.000000000000000000 ) ) ;
#3369 = EDGE_CURVE ( 'NONE', #1946, #784, #2676, .T. ) ;
#3370 = VERTEX_POINT ( 'NONE', #1891 ) ;
#3371 = AXIS2_PLACEMENT_3D ( 'NONE', #2667, #3262, #2731 ) ;
#3372 = VECTOR ( 'NONE', #1367, 1000.000000000000000 ) ;
#3373 = DIRECTION ( 'NONE',  ( 1.000000000000000000, 0.000000000000000000, 0.000000000000000000 ) ) ;
#3374 = VERTEX_POINT ( 'NONE', #1080 ) ;
#3375 = ORIENTED_EDGE ( 'NONE', *, *, #1530, .T. ) ;
#3376 = EDGE_CURVE ( 'NONE', #1766, #3260, #1299, .T. ) ;
#3377 = CARTESIAN_POINT ( 'NONE',  ( -1.899999999999999911, 0.000000000000000000, -1.500000000000000000 ) ) ;
#3378 = DIRECTION ( 'NONE',  ( -1.000000000000000000, 0.000000000000000000, 0.000000000000000000 ) ) ;
#3379 = DIRECTION ( 'NONE',  ( 1.445602896647339903E-16, 1.000000000000000000, 0.000000000000000000 ) ) ;
#3380 = ORIENTED_EDGE ( 'NONE', *, *, #3393, .F. ) ;
#3381 = STYLED_ITEM ( 'NONE', ( #2786 ), #1742 ) ;
#3382 = DIRECTION ( 'NONE',  ( -1.000000000000000000, 0.000000000000000000, -1.398970545142586048E-16 ) ) ;
#3383 = SURFACE_STYLE_USAGE ( .BOTH. , #440 ) ;
#3384 = ORIENTED_EDGE ( 'NONE', *, *, #1083, .F. ) ;
#3385 = FILL_AREA_STYLE ('',( #1724 ) ) ;
#3386 = ORIENTED_EDGE ( 'NONE', *, *, #3444, .F. ) ;
#3387 = VECTOR ( 'NONE', #241, 1000.000000000000000 ) ;
#3388 = FILL_AREA_STYLE ('',( #1251 ) ) ;
#3389 = STYLED_ITEM ( 'NONE', ( #845 ), #1428 ) ;
#3390 = EDGE_CURVE ( 'NONE', #890, #3155, #547, .T. ) ;
#3391 = AXIS2_PLACEMENT_3D ( 'NONE', #674, #2319, #146 ) ;
#3392 =( GEOMETRIC_REPRESENTATION_CONTEXT ( 3 ) GLOBAL_UNCERTAINTY_ASSIGNED_CONTEXT ( ( #1505 ) ) GLOBAL_UNIT_ASSIGNED_CONTEXT ( ( #1054, #2335, #2601 ) ) REPRESENTATION_CONTEXT ( 'NONE', 'WORKASPACE' ) );
#3393 = EDGE_CURVE ( 'NONE', #1030, #1007, #2690, .T. ) ;
#3394 = ORIENTED_EDGE ( 'NONE', *, *, #2628, .F. ) ;
#3395 = CARTESIAN_POINT ( 'NONE',  ( 2.899999999999999911, 2.500000000000000000, -3.050000000000000266 ) ) ;
#3396 = PRESENTATION_STYLE_ASSIGNMENT (( #2564 ) ) ;
#3397 = VERTEX_POINT ( 'NONE', #530 ) ;
#3398 = ORIENTED_EDGE ( 'NONE', *, *, #1339, .F. ) ;
#3399 = EDGE_CURVE ( 'NONE', #2305, #1673, #3183, .T. ) ;
#3400 = LINE ( 'NONE', #1452, #1194 ) ;
#3401 = LINE ( 'NONE', #2326, #730 ) ;
#3402 = CARTESIAN_POINT ( 'NONE',  ( -1.500000000000000000, 1.000000000000000000, -2.850000000000000089 ) ) ;
#3403 = ORIENTED_EDGE ( 'NONE', *, *, #2976, .F. ) ;
#3404 = CARTESIAN_POINT ( 'NONE',  ( -3.100000000000000089, 0.1000000000000000056, -1.649999999999999911 ) ) ;
#3405 = DIRECTION ( 'NONE',  ( 0.000000000000000000, 0.000000000000000000, -1.000000000000000000 ) ) ;
#3406 = CARTESIAN_POINT ( 'NONE',  ( 1.500000000000000000, 1.699999999999999956, 2.850000000000000089 ) ) ;
#3407 = VERTEX_POINT ( 'NONE', #3452 ) ;
#3408 = CARTESIAN_POINT ( 'NONE',  ( -2.899999999999999911, 2.299999999999999822, -2.649999999999999911 ) ) ;
#3409 = VECTOR ( 'NONE', #492, 1000.000000000000000 ) ;
#3410 = ORIENTED_EDGE ( 'NONE', *, *, #1022, .F. ) ;
#3411 = VERTEX_POINT ( 'NONE', #2646 ) ;
#3412 = PLANE ( 'NONE',  #687 ) ;
#3413 = ORIENTED_EDGE ( 'NONE', *, *, #54, .T. ) ;
#3414 = ORIENTED_EDGE ( 'NONE', *, *, #3456, .T. ) ;
#3415 = CARTESIAN_POINT ( 'NONE',  ( 3.100000000000000089, 2.500000000000000000, -2.850000000000000089 ) ) ;
#3416 = EDGE_CURVE ( 'NONE', #172, #2743, #243, .T. ) ;
#3417 = SURFACE_STYLE_FILL_AREA ( #682 ) ;
#3418 = LINE ( 'NONE', #2310, #216 ) ;
#3419 = ORIENTED_EDGE ( 'NONE', *, *, #1998, .T. ) ;
#3420 = AXIS2_PLACEMENT_3D ( 'NONE', #886, #3076, #3044 ) ;
#3421 = FILL_AREA_STYLE ('',( #1583 ) ) ;
#3422 = STYLED_ITEM ( 'NONE', ( #669 ), #1167 ) ;
#3423 = ORIENTED_EDGE ( 'NONE', *, *, #2645, .T. ) ;
#3424 = DIRECTION ( 'NONE',  ( -1.000000000000000000, 0.000000000000000000, 0.000000000000000000 ) ) ;
#3425 = ORIENTED_EDGE ( 'NONE', *, *, #509, .F. ) ;
#3426 = PRESENTATION_STYLE_ASSIGNMENT (( #2119 ) ) ;
#3427 =( GEOMETRIC_REPRESENTATION_CONTEXT ( 3 ) GLOBAL_UNCERTAINTY_ASSIGNED_CONTEXT ( ( #3291 ) ) GLOBAL_UNIT_ASSIGNED_CONTEXT ( ( #2328, #974, #3434 ) ) REPRESENTATION_CONTEXT ( 'NONE', 'WORKASPACE' ) );
#3428 = CARTESIAN_POINT ( 'NONE',  ( 3.500000000000000000, 0.000000000000000000, -2.350000000000000089 ) ) ;
#3429 = ORIENTED_EDGE ( 'NONE', *, *, #2085, .F. ) ;
#3430 = VERTEX_POINT ( 'NONE', #1326 ) ;
#3431 = MECHANICAL_DESIGN_GEOMETRIC_PRESENTATION_REPRESENTATION (  '', ( #566 ), #1308 ) ;
#3432 = CARTESIAN_POINT ( 'NONE',  ( 3.500000000000000000, 1.199999999999999956, 2.350000000000000089 ) ) ;
#3433 = CARTESIAN_POINT ( 'NONE',  ( -1.600000000000000089, 2.500000000000000000, 3.050000000000000266 ) ) ;
#3434 =( NAMED_UNIT ( * ) SI_UNIT ( $, .STERADIAN. ) SOLID_ANGLE_UNIT ( ) );
#3435 = VERTEX_POINT ( 'NONE', #2944 ) ;
#3436 = CARTESIAN_POINT ( 'NONE',  ( -3.500000000000000000, -8.572244476756639821E-16, -2.350000000000000089 ) ) ;
#3437 = EDGE_CURVE ( 'NONE', #814, #2673, #1855, .T. ) ;
#3438 = CARTESIAN_POINT ( 'NONE',  ( 1.899999999999999911, 0.000000000000000000, -1.500000000000000000 ) ) ;
#3439 = PLANE ( 'NONE',  #2902 ) ;
#3440 = ORIENTED_EDGE ( 'NONE', *, *, #2531, .F. ) ;
#3441 = COLOUR_RGB ( '',1.000000000000000000, 1.000000000000000000, 0.7529411764705882248 ) ;
#3442 = FACE_OUTER_BOUND ( 'NONE', #163, .T. ) ;
#3443 = DIRECTION ( 'NONE',  ( 1.000000000000000000, 0.000000000000000000, 0.000000000000000000 ) ) ;
#3444 = EDGE_CURVE ( 'NONE', #2749, #914, #2398, .T. ) ;
#3445 = PLANE ( 'NONE',  #3058 ) ;
#3446 = ORIENTED_EDGE ( 'NONE', *, *, #2580, .F. ) ;
#3447 = EDGE_CURVE ( 'NONE', #602, #170, #3199, .T. ) ;
#3448 = STYLED_ITEM ( 'NONE', ( #3085 ), #2815 ) ;
#3449 =( NAMED_UNIT ( * ) PLANE_ANGLE_UNIT ( ) SI_UNIT ( $, .RADIAN. ) );
#3450 = VECTOR ( 'NONE', #2244, 1000.000000000000000 ) ;
#3451 = ORIENTED_EDGE ( 'NONE', *, *, #1407, .T. ) ;
#3452 = CARTESIAN_POINT ( 'NONE',  ( 3.100000000000000089, 0.1000000000000000056, 2.850000000000000089 ) ) ;
#3453 = DIRECTION ( 'NONE',  ( 4.818676322157800333E-16, -1.000000000000000000, 0.000000000000000000 ) ) ;
#3454 = ORIENTED_EDGE ( 'NONE', *, *, #2567, .F. ) ;
#3455 = DIRECTION ( 'NONE',  ( 0.000000000000000000, -1.000000000000000000, 0.000000000000000000 ) ) ;
#3456 = EDGE_CURVE ( 'NONE', #984, #2159, #2377, .T. ) ;
#3457 = APPLICATION_CONTEXT ( 'automotive_design' ) ;
#3458 = CARTESIAN_POINT ( 'NONE',  ( 1.530757942277970094E-16, 3.399999999999999911, 1.250000000000000000 ) ) ;
#3459 = EDGE_LOOP ( 'NONE', ( #2542, #1611, #3413, #3072, #693, #1574, #2579, #1027, #1862, #1338, #1250, #1351 ) ) ;
#3460 = LINE ( 'NONE', #762, #1604 ) ;
#3461 = DIRECTION ( 'NONE',  ( -0.000000000000000000, 1.000000000000000000, 0.000000000000000000 ) ) ;
#3462 =( LENGTH_UNIT ( ) NAMED_UNIT ( * ) SI_UNIT ( .MILLI., .METRE. ) );
#3463 = ORIENTED_EDGE ( 'NONE', *, *, #2728, .T. ) ;
#3464 = EDGE_CURVE ( 'NONE', #2608, #820, #2726, .T. ) ;
#3465 = CARTESIAN_POINT ( 'NONE',  ( 1.500000000000000000, 1.699999999999999956, 3.250000000000000000 ) ) ;
#3466 = VECTOR ( 'NONE', #370, 1000.000000000000000 ) ;
#3467 = DIRECTION ( 'NONE',  ( 0.000000000000000000, 0.000000000000000000, 1.000000000000000000 ) ) ;
#3468 = EDGE_CURVE ( 'NONE', #2662, #605, #1169, .T. ) ;
#3469 = VECTOR ( 'NONE', #77, 1000.000000000000000 ) ;
#3470 = CARTESIAN_POINT ( 'NONE',  ( 3.100000000000000089, 2.279999999999999805, 2.850000000000000089 ) ) ;
#3471 = CARTESIAN_POINT ( 'NONE',  ( 3.100000000000000089, 2.299999999999999822, 2.850000000000000089 ) ) ;
#3472 = DIRECTION ( 'NONE',  ( 0.000000000000000000, -1.000000000000000000, 0.000000000000000000 ) ) ;
#3473 = ORIENTED_EDGE ( 'NONE', *, *, #1832, .T. ) ;
#3474 =( NAMED_UNIT ( * ) SI_UNIT ( $, .STERADIAN. ) SOLID_ANGLE_UNIT ( ) );
#3475 = LINE ( 'NONE', #1927, #960 ) ;
#3476 = DIRECTION ( 'NONE',  ( -1.000000000000000000, 0.000000000000000000, 0.000000000000000000 ) ) ;
#3477 = VERTEX_POINT ( 'NONE', #1921 ) ;
#3478 = VECTOR ( 'NONE', #1885, 1000.000000000000000 ) ;
#3479 = ORIENTED_EDGE ( 'NONE', *, *, #2976, .T. ) ;
#3480 = DIRECTION ( 'NONE',  ( 1.000000000000000000, 0.000000000000000000, 0.000000000000000000 ) ) ;
#3481 = ORIENTED_EDGE ( 'NONE', *, *, #3482, .T. ) ;
#3482 = EDGE_CURVE ( 'NONE', #2554, #2808, #3237, .T. ) ;
#3483 = EDGE_CURVE ( 'NONE', #366, #527, #3257, .T. ) ;
#3484 = DIRECTION ( 'NONE',  ( -1.000000000000000000, 4.818676322157800333E-16, 0.000000000000000000 ) ) ;
#3485 = ORIENTED_EDGE ( 'NONE', *, *, #2666, .F. ) ;
#3486 = CARTESIAN_POINT ( 'NONE',  ( 1.600000000000000089, 2.500000000000000000, -2.850000000000000089 ) ) ;
#3487 = CARTESIAN_POINT ( 'NONE',  ( -3.100000000000000089, 2.279999999999999805, -2.850000000000000089 ) ) ;
#3488 = CARTESIAN_POINT ( 'NONE',  ( 2.899999999999999911, 2.500000000000000000, -2.850000000000000089 ) ) ;
#3489 = ORIENTED_EDGE ( 'NONE', *, *, #2386, .F. ) ;
#3490 = EDGE_CURVE ( 'NONE', #764, #127, #2473, .T. ) ;
#3491 =( GEOMETRIC_REPRESENTATION_CONTEXT ( 3 ) GLOBAL_UNCERTAINTY_ASSIGNED_CONTEXT ( ( #1957 ) ) GLOBAL_UNIT_ASSIGNED_CONTEXT ( ( #479, #758, #217 ) ) REPRESENTATION_CONTEXT ( 'NONE', 'WORKASPACE' ) );
#3492 = DIRECTION ( 'NONE',  ( -1.000000000000000000, 0.000000000000000000, 0.000000000000000000 ) ) ;
#3493 = VECTOR ( 'NONE', #2275, 1000.000000000000000 ) ;
#3494 = ORIENTED_EDGE ( 'NONE', *, *, #1150, .F. ) ;
#3495 = VERTEX_POINT ( 'NONE', #1697 ) ;
#3496 = AXIS2_PLACEMENT_3D ( 'NONE', #1804, #1313, #2362 ) ;
#3497 = FILL_AREA_STYLE ('',( #1066 ) ) ;
#3498 = ORIENTED_EDGE ( 'NONE', *, *, #1533, .T. ) ;
#3499 = ORIENTED_EDGE ( 'NONE', *, *, #3030, .F. ) ;
ENDSEC;
END-ISO-10303-21;
