ISO-10303-21;
HEADER;
FILE_DESCRIPTION(('KiCad electronic assembly'),'2;1');
FILE_NAME('Black Body Breakout Board.step','2025-10-18T22:05:51',(
    'Pcbnew'),('Kicad'),'Open CASCADE STEP processor 7.9',
  'KiCad to STEP converter','Unknown');
FILE_SCHEMA(('AUTOMOTIVE_DESIGN { 1 0 10303 214 1 1 1 1 }'));
ENDSEC;
DATA;
#1 = APPLICATION_PROTOCOL_DEFINITION('international standard',
  'automotive_design',2000,#2);
#2 = APPLICATION_CONTEXT(
  'core data for automotive mechanical design processes');
#3 = SHAPE_DEFINITION_REPRESENTATION(#4,#10);
#4 = PRODUCT_DEFINITION_SHAPE('','',#5);
#5 = PRODUCT_DEFINITION('design','',#6,#9);
#6 = PRODUCT_DEFINITION_FORMATION('','',#7);
#7 = PRODUCT('Black Body Breakout Board 1','Black Body Breakout Board 1'
  ,'',(#8));
#8 = PRODUCT_CONTEXT('',#2,'mechanical');
#9 = PRODUCT_DEFINITION_CONTEXT('part definition',#2,'design');
#10 = SHAPE_REPRESENTATION('',(#11,#15,#19),#23);
#11 = AXIS2_PLACEMENT_3D('',#12,#13,#14);
#12 = CARTESIAN_POINT('',(0.,0.,0.));
#13 = DIRECTION('',(0.,0.,1.));
#14 = DIRECTION('',(1.,0.,-0.));
#15 = AXIS2_PLACEMENT_3D('',#16,#17,#18);
#16 = CARTESIAN_POINT('',(128.25,-76.93,-8.5E-02));
#17 = DIRECTION('',(1.224646799147E-16,-1.359631073447E-32,-1.));
#18 = DIRECTION('',(1.,0.,1.224646799147E-16));
#19 = AXIS2_PLACEMENT_3D('',#20,#21,#22);
#20 = CARTESIAN_POINT('',(0.,0.,0.));
#21 = DIRECTION('',(0.,0.,1.));
#22 = DIRECTION('',(1.,0.,-0.));
#23 = ( GEOMETRIC_REPRESENTATION_CONTEXT(3) 
GLOBAL_UNCERTAINTY_ASSIGNED_CONTEXT((#27)) GLOBAL_UNIT_ASSIGNED_CONTEXT(
(#24,#25,#26)) REPRESENTATION_CONTEXT('Context #1',
  '3D Context with UNIT and UNCERTAINTY') );
#24 = ( LENGTH_UNIT() NAMED_UNIT(*) SI_UNIT(.MILLI.,.METRE.) );
#25 = ( NAMED_UNIT(*) PLANE_ANGLE_UNIT() SI_UNIT($,.RADIAN.) );
#26 = ( NAMED_UNIT(*) SI_UNIT($,.STERADIAN.) SOLID_ANGLE_UNIT() );
#27 = UNCERTAINTY_MEASURE_WITH_UNIT(LENGTH_MEASURE(5.E-07),#24,
  'distance_accuracy_value','confusion accuracy');
#28 = PRODUCT_RELATED_PRODUCT_CATEGORY('part',$,(#7));
#29 = SHAPE_DEFINITION_REPRESENTATION(#30,#36);
#30 = PRODUCT_DEFINITION_SHAPE('','',#31);
#31 = PRODUCT_DEFINITION('design','',#32,#35);
#32 = PRODUCT_DEFINITION_FORMATION('','',#33);
#33 = PRODUCT('1053131205','1053131205','',(#34));
#34 = PRODUCT_CONTEXT('',#2,'mechanical');
#35 = PRODUCT_DEFINITION_CONTEXT('part definition',#2,'design');
#36 = SHAPE_REPRESENTATION('',(#11,#37,#41),#45);
#37 = AXIS2_PLACEMENT_3D('',#38,#39,#40);
#38 = CARTESIAN_POINT('',(0.,0.,0.));
#39 = DIRECTION('',(0.,0.,1.));
#40 = DIRECTION('',(1.,0.,-0.));
#41 = AXIS2_PLACEMENT_3D('',#42,#43,#44);
#42 = CARTESIAN_POINT('',(0.,0.,0.));
#43 = DIRECTION('',(0.,0.,1.));
#44 = DIRECTION('',(1.,0.,-0.));
#45 = ( GEOMETRIC_REPRESENTATION_CONTEXT(3) 
GLOBAL_UNCERTAINTY_ASSIGNED_CONTEXT((#49)) GLOBAL_UNIT_ASSIGNED_CONTEXT(
(#46,#47,#48)) REPRESENTATION_CONTEXT('Context #1',
  '3D Context with UNIT and UNCERTAINTY') );
#46 = ( LENGTH_UNIT() NAMED_UNIT(*) SI_UNIT(.MILLI.,.METRE.) );
#47 = ( NAMED_UNIT(*) PLANE_ANGLE_UNIT() SI_UNIT($,.RADIAN.) );
#48 = ( NAMED_UNIT(*) SI_UNIT($,.STERADIAN.) SOLID_ANGLE_UNIT() );
#49 = UNCERTAINTY_MEASURE_WITH_UNIT(LENGTH_MEASURE(5.E-07),#46,
  'distance_accuracy_value','confusion accuracy');
#50 = CONTEXT_DEPENDENT_SHAPE_REPRESENTATION(#51,#53);
#51 = ( REPRESENTATION_RELATIONSHIP('','',#36,#10) 
REPRESENTATION_RELATIONSHIP_WITH_TRANSFORMATION(#52) 
SHAPE_REPRESENTATION_RELATIONSHIP() );
#52 = ITEM_DEFINED_TRANSFORMATION('','',#11,#15);
#53 = PRODUCT_DEFINITION_SHAPE('Placement','Placement of an item',#54);
#54 = NEXT_ASSEMBLY_USAGE_OCCURRENCE('3','J2','',#5,#31,$);
#55 = PRODUCT_RELATED_PRODUCT_CATEGORY('part',$,(#33));
#56 = SHAPE_DEFINITION_REPRESENTATION(#57,#63);
#57 = PRODUCT_DEFINITION_SHAPE('','',#58);
#58 = PRODUCT_DEFINITION('design','',#59,#62);
#59 = PRODUCT_DEFINITION_FORMATION('','',#60);
#60 = PRODUCT('SOLID','SOLID','',(#61));
#61 = PRODUCT_CONTEXT('',#2,'mechanical');
#62 = PRODUCT_DEFINITION_CONTEXT('part definition',#2,'design');
#63 = ADVANCED_BREP_SHAPE_REPRESENTATION('',(#11,#64),#6614);
#64 = MANIFOLD_SOLID_BREP('',#65);
#65 = CLOSED_SHELL('',(#66,#446,#500,#524,#548,#565,#605,#617,#662,#679,
    #696,#708,#953,#984,#1008,#1032,#1049,#1095,#1169,#1200,#1231,#1262,
    #1286,#1311,#1335,#1359,#1530,#1583,#1646,#1677,#1718,#1751,#1776,
    #1809,#1881,#1946,#1969,#2009,#2027,#2060,#2091,#2115,#2132,#2178,
    #2243,#2274,#2305,#2336,#2360,#2385,#2402,#2426,#2469,#2493,#2517,
    #2539,#2551,#2568,#2585,#2597,#2614,#2645,#2669,#2693,#2710,#2722,
    #2739,#2772,#2798,#2846,#2877,#2923,#2940,#2952,#2976,#3000,#3026,
    #3072,#3137,#3168,#3199,#3230,#3254,#3279,#3296,#3320,#3363,#3387,
    #3411,#3433,#3445,#3462,#3479,#3491,#3508,#3539,#3563,#3587,#3604,
    #3616,#3662,#3693,#3758,#3789,#3820,#3844,#3868,#3885,#3910,#3934,
    #3965,#3989,#4020,#4044,#4069,#4086,#4110,#4127,#4148,#4165,#4177,
    #4194,#4206,#4239,#4257,#4274,#4299,#4333,#4363,#4402,#4419,#4436,
    #4448,#4465,#4482,#4496,#4520,#4544,#4569,#4593,#4617,#4634,#4651,
    #4667,#4684,#4715,#4739,#4763,#4780,#4792,#4857,#4897,#4928,#4959,
    #4983,#5008,#5025,#5056,#5099,#5130,#5154,#5176,#5188,#5205,#5222,
    #5234,#5256,#5287,#5311,#5335,#5352,#5364,#5410,#5432,#5449,#5466,
    #5478,#5519,#5554,#5698,#5825,#5861,#5884,#5901,#5928,#5955,#5978,
    #5995,#6022,#6049,#6072,#6089,#6116,#6143,#6166,#6183,#6201,#6213,
    #6225,#6237,#6249,#6272,#6284,#6301,#6328,#6355,#6372,#6390,#6407,
    #6434,#6461,#6478,#6496,#6513,#6540,#6567,#6584,#6602));
#66 = ADVANCED_FACE('',(#67,#165,#303),#441,.F.);
#67 = FACE_BOUND('',#68,.F.);
#68 = EDGE_LOOP('',(#69,#79,#87,#95,#103,#111,#119,#127,#135,#143,#151,
    #159));
#69 = ORIENTED_EDGE('',*,*,#70,.T.);
#70 = EDGE_CURVE('',#71,#73,#75,.T.);
#71 = VERTEX_POINT('',#72);
#72 = CARTESIAN_POINT('',(-6.72,-1.74,-4.23));
#73 = VERTEX_POINT('',#74);
#74 = CARTESIAN_POINT('',(-6.72,-1.74,-2.73));
#75 = LINE('',#76,#77);
#76 = CARTESIAN_POINT('',(-6.72,-1.74,-4.23));
#77 = VECTOR('',#78,1.);
#78 = DIRECTION('',(0.,0.,1.));
#79 = ORIENTED_EDGE('',*,*,#80,.T.);
#80 = EDGE_CURVE('',#73,#81,#83,.T.);
#81 = VERTEX_POINT('',#82);
#82 = CARTESIAN_POINT('',(-6.12,-1.74,-2.73));
#83 = LINE('',#84,#85);
#84 = CARTESIAN_POINT('',(-6.72,-1.74,-2.73));
#85 = VECTOR('',#86,1.);
#86 = DIRECTION('',(1.,0.,0.));
#87 = ORIENTED_EDGE('',*,*,#88,.T.);
#88 = EDGE_CURVE('',#81,#89,#91,.T.);
#89 = VERTEX_POINT('',#90);
#90 = CARTESIAN_POINT('',(-6.12,-1.74,2.73));
#91 = LINE('',#92,#93);
#92 = CARTESIAN_POINT('',(-6.12,-1.74,-2.73));
#93 = VECTOR('',#94,1.);
#94 = DIRECTION('',(0.,0.,1.));
#95 = ORIENTED_EDGE('',*,*,#96,.F.);
#96 = EDGE_CURVE('',#97,#89,#99,.T.);
#97 = VERTEX_POINT('',#98);
#98 = CARTESIAN_POINT('',(-6.72,-1.74,2.73));
#99 = LINE('',#100,#101);
#100 = CARTESIAN_POINT('',(-6.72,-1.74,2.73));
#101 = VECTOR('',#102,1.);
#102 = DIRECTION('',(1.,0.,0.));
#103 = ORIENTED_EDGE('',*,*,#104,.T.);
#104 = EDGE_CURVE('',#97,#105,#107,.T.);
#105 = VERTEX_POINT('',#106);
#106 = CARTESIAN_POINT('',(-6.72,-1.74,4.23));
#107 = LINE('',#108,#109);
#108 = CARTESIAN_POINT('',(-6.72,-1.74,2.73));
#109 = VECTOR('',#110,1.);
#110 = DIRECTION('',(0.,0.,1.));
#111 = ORIENTED_EDGE('',*,*,#112,.T.);
#112 = EDGE_CURVE('',#105,#113,#115,.T.);
#113 = VERTEX_POINT('',#114);
#114 = CARTESIAN_POINT('',(6.72,-1.74,4.23));
#115 = LINE('',#116,#117);
#116 = CARTESIAN_POINT('',(-6.72,-1.74,4.23));
#117 = VECTOR('',#118,1.);
#118 = DIRECTION('',(1.,0.,0.));
#119 = ORIENTED_EDGE('',*,*,#120,.T.);
#120 = EDGE_CURVE('',#113,#121,#123,.T.);
#121 = VERTEX_POINT('',#122);
#122 = CARTESIAN_POINT('',(6.72,-1.74,2.73));
#123 = LINE('',#124,#125);
#124 = CARTESIAN_POINT('',(6.72,-1.74,4.23));
#125 = VECTOR('',#126,1.);
#126 = DIRECTION('',(0.,0.,-1.));
#127 = ORIENTED_EDGE('',*,*,#128,.T.);
#128 = EDGE_CURVE('',#121,#129,#131,.T.);
#129 = VERTEX_POINT('',#130);
#130 = CARTESIAN_POINT('',(6.12,-1.74,2.73));
#131 = LINE('',#132,#133);
#132 = CARTESIAN_POINT('',(6.72,-1.74,2.73));
#133 = VECTOR('',#134,1.);
#134 = DIRECTION('',(-1.,0.,0.));
#135 = ORIENTED_EDGE('',*,*,#136,.T.);
#136 = EDGE_CURVE('',#129,#137,#139,.T.);
#137 = VERTEX_POINT('',#138);
#138 = CARTESIAN_POINT('',(6.12,-1.74,-2.73));
#139 = LINE('',#140,#141);
#140 = CARTESIAN_POINT('',(6.12,-1.74,2.73));
#141 = VECTOR('',#142,1.);
#142 = DIRECTION('',(0.,0.,-1.));
#143 = ORIENTED_EDGE('',*,*,#144,.F.);
#144 = EDGE_CURVE('',#145,#137,#147,.T.);
#145 = VERTEX_POINT('',#146);
#146 = CARTESIAN_POINT('',(6.72,-1.74,-2.73));
#147 = LINE('',#148,#149);
#148 = CARTESIAN_POINT('',(6.72,-1.74,-2.73));
#149 = VECTOR('',#150,1.);
#150 = DIRECTION('',(-1.,0.,0.));
#151 = ORIENTED_EDGE('',*,*,#152,.T.);
#152 = EDGE_CURVE('',#145,#153,#155,.T.);
#153 = VERTEX_POINT('',#154);
#154 = CARTESIAN_POINT('',(6.72,-1.74,-4.23));
#155 = LINE('',#156,#157);
#156 = CARTESIAN_POINT('',(6.72,-1.74,-2.73));
#157 = VECTOR('',#158,1.);
#158 = DIRECTION('',(0.,0.,-1.));
#159 = ORIENTED_EDGE('',*,*,#160,.T.);
#160 = EDGE_CURVE('',#153,#71,#161,.T.);
#161 = LINE('',#162,#163);
#162 = CARTESIAN_POINT('',(6.72,-1.74,-4.23));
#163 = VECTOR('',#164,1.);
#164 = DIRECTION('',(-1.,0.,0.));
#165 = FACE_BOUND('',#166,.F.);
#166 = EDGE_LOOP('',(#167,#177,#186,#194,#203,#211,#220,#228,#237,#245,
    #254,#262,#271,#279,#288,#296));
#167 = ORIENTED_EDGE('',*,*,#168,.T.);
#168 = EDGE_CURVE('',#169,#171,#173,.T.);
#169 = VERTEX_POINT('',#170);
#170 = CARTESIAN_POINT('',(-5.2,-1.74,1.804596669241));
#171 = VERTEX_POINT('',#172);
#172 = CARTESIAN_POINT('',(-5.2,-1.74,1.43));
#173 = LINE('',#174,#175);
#174 = CARTESIAN_POINT('',(-5.2,-1.74,1.804596669241));
#175 = VECTOR('',#176,1.);
#176 = DIRECTION('',(0.,0.,-1.));
#177 = ORIENTED_EDGE('',*,*,#178,.F.);
#178 = EDGE_CURVE('',#179,#171,#181,.T.);
#179 = VERTEX_POINT('',#180);
#180 = CARTESIAN_POINT('',(-5.4,-1.74,1.23));
#181 = CIRCLE('',#182,0.2);
#182 = AXIS2_PLACEMENT_3D('',#183,#184,#185);
#183 = CARTESIAN_POINT('',(-5.4,-1.74,1.43));
#184 = DIRECTION('',(0.,-1.,0.));
#185 = DIRECTION('',(0.,0.,-1.));
#186 = ORIENTED_EDGE('',*,*,#187,.T.);
#187 = EDGE_CURVE('',#179,#188,#190,.T.);
#188 = VERTEX_POINT('',#189);
#189 = CARTESIAN_POINT('',(-5.774596669241,-1.74,1.23));
#190 = LINE('',#191,#192);
#191 = CARTESIAN_POINT('',(-5.4,-1.74,1.23));
#192 = VECTOR('',#193,1.);
#193 = DIRECTION('',(-1.,0.,0.));
#194 = ORIENTED_EDGE('',*,*,#195,.T.);
#195 = EDGE_CURVE('',#188,#196,#198,.T.);
#196 = VERTEX_POINT('',#197);
#197 = CARTESIAN_POINT('',(-5.774596669241,-1.74,0.83));
#198 = CIRCLE('',#199,0.8);
#199 = AXIS2_PLACEMENT_3D('',#200,#201,#202);
#200 = CARTESIAN_POINT('',(-5.,-1.74,1.03));
#201 = DIRECTION('',(0.,-1.,0.));
#202 = DIRECTION('',(-0.968245836552,0.,0.25));
#203 = ORIENTED_EDGE('',*,*,#204,.T.);
#204 = EDGE_CURVE('',#196,#205,#207,.T.);
#205 = VERTEX_POINT('',#206);
#206 = CARTESIAN_POINT('',(-5.4,-1.74,0.83));
#207 = LINE('',#208,#209);
#208 = CARTESIAN_POINT('',(-5.774596669241,-1.74,0.83));
#209 = VECTOR('',#210,1.);
#210 = DIRECTION('',(1.,0.,0.));
#211 = ORIENTED_EDGE('',*,*,#212,.F.);
#212 = EDGE_CURVE('',#213,#205,#215,.T.);
#213 = VERTEX_POINT('',#214);
#214 = CARTESIAN_POINT('',(-5.2,-1.74,0.63));
#215 = CIRCLE('',#216,0.2);
#216 = AXIS2_PLACEMENT_3D('',#217,#218,#219);
#217 = CARTESIAN_POINT('',(-5.4,-1.74,0.63));
#218 = DIRECTION('',(0.,-1.,0.));
#219 = DIRECTION('',(1.,0.,-3.10862446895E-14));
#220 = ORIENTED_EDGE('',*,*,#221,.T.);
#221 = EDGE_CURVE('',#213,#222,#224,.T.);
#222 = VERTEX_POINT('',#223);
#223 = CARTESIAN_POINT('',(-5.2,-1.74,0.255403330759));
#224 = LINE('',#225,#226);
#225 = CARTESIAN_POINT('',(-5.2,-1.74,0.63));
#226 = VECTOR('',#227,1.);
#227 = DIRECTION('',(0.,0.,-1.));
#228 = ORIENTED_EDGE('',*,*,#229,.T.);
#229 = EDGE_CURVE('',#222,#230,#232,.T.);
#230 = VERTEX_POINT('',#231);
#231 = CARTESIAN_POINT('',(-4.8,-1.74,0.255403330759));
#232 = CIRCLE('',#233,0.8);
#233 = AXIS2_PLACEMENT_3D('',#234,#235,#236);
#234 = CARTESIAN_POINT('',(-5.,-1.74,1.03));
#235 = DIRECTION('',(0.,-1.,0.));
#236 = DIRECTION('',(-0.25,-0.,-0.968245836552));
#237 = ORIENTED_EDGE('',*,*,#238,.T.);
#238 = EDGE_CURVE('',#230,#239,#241,.T.);
#239 = VERTEX_POINT('',#240);
#240 = CARTESIAN_POINT('',(-4.8,-1.74,0.63));
#241 = LINE('',#242,#243);
#242 = CARTESIAN_POINT('',(-4.8,-1.74,0.255403330759));
#243 = VECTOR('',#244,1.);
#244 = DIRECTION('',(0.,0.,1.));
#245 = ORIENTED_EDGE('',*,*,#246,.F.);
#246 = EDGE_CURVE('',#247,#239,#249,.T.);
#247 = VERTEX_POINT('',#248);
#248 = CARTESIAN_POINT('',(-4.6,-1.74,0.83));
#249 = CIRCLE('',#250,0.2);
#250 = AXIS2_PLACEMENT_3D('',#251,#252,#253);
#251 = CARTESIAN_POINT('',(-4.6,-1.74,0.63));
#252 = DIRECTION('',(0.,-1.,0.));
#253 = DIRECTION('',(1.33226762955E-14,0.,1.));
#254 = ORIENTED_EDGE('',*,*,#255,.T.);
#255 = EDGE_CURVE('',#247,#256,#258,.T.);
#256 = VERTEX_POINT('',#257);
#257 = CARTESIAN_POINT('',(-4.225403330759,-1.74,0.83));
#258 = LINE('',#259,#260);
#259 = CARTESIAN_POINT('',(-4.6,-1.74,0.83));
#260 = VECTOR('',#261,1.);
#261 = DIRECTION('',(1.,0.,0.));
#262 = ORIENTED_EDGE('',*,*,#263,.T.);
#263 = EDGE_CURVE('',#256,#264,#266,.T.);
#264 = VERTEX_POINT('',#265);
#265 = CARTESIAN_POINT('',(-4.225403330759,-1.74,1.23));
#266 = CIRCLE('',#267,0.8);
#267 = AXIS2_PLACEMENT_3D('',#268,#269,#270);
#268 = CARTESIAN_POINT('',(-5.,-1.74,1.03));
#269 = DIRECTION('',(0.,-1.,0.));
#270 = DIRECTION('',(0.968245836552,0.,-0.25));
#271 = ORIENTED_EDGE('',*,*,#272,.T.);
#272 = EDGE_CURVE('',#264,#273,#275,.T.);
#273 = VERTEX_POINT('',#274);
#274 = CARTESIAN_POINT('',(-4.6,-1.74,1.23));
#275 = LINE('',#276,#277);
#276 = CARTESIAN_POINT('',(-4.225403330759,-1.74,1.23));
#277 = VECTOR('',#278,1.);
#278 = DIRECTION('',(-1.,0.,0.));
#279 = ORIENTED_EDGE('',*,*,#280,.F.);
#280 = EDGE_CURVE('',#281,#273,#283,.T.);
#281 = VERTEX_POINT('',#282);
#282 = CARTESIAN_POINT('',(-4.8,-1.74,1.43));
#283 = CIRCLE('',#284,0.2);
#284 = AXIS2_PLACEMENT_3D('',#285,#286,#287);
#285 = CARTESIAN_POINT('',(-4.6,-1.74,1.43));
#286 = DIRECTION('',(0.,-1.,0.));
#287 = DIRECTION('',(-1.,0.,0.));
#288 = ORIENTED_EDGE('',*,*,#289,.T.);
#289 = EDGE_CURVE('',#281,#290,#292,.T.);
#290 = VERTEX_POINT('',#291);
#291 = CARTESIAN_POINT('',(-4.8,-1.74,1.804596669241));
#292 = LINE('',#293,#294);
#293 = CARTESIAN_POINT('',(-4.8,-1.74,1.43));
#294 = VECTOR('',#295,1.);
#295 = DIRECTION('',(0.,0.,1.));
#296 = ORIENTED_EDGE('',*,*,#297,.T.);
#297 = EDGE_CURVE('',#290,#169,#298,.T.);
#298 = CIRCLE('',#299,0.8);
#299 = AXIS2_PLACEMENT_3D('',#300,#301,#302);
#300 = CARTESIAN_POINT('',(-5.,-1.74,1.03));
#301 = DIRECTION('',(0.,-1.,0.));
#302 = DIRECTION('',(0.25,0.,0.968245836552));
#303 = FACE_BOUND('',#304,.F.);
#304 = EDGE_LOOP('',(#305,#316,#324,#333,#341,#350,#358,#367,#375,#384,
    #392,#401,#409,#418,#426,#435));
#305 = ORIENTED_EDGE('',*,*,#306,.T.);
#306 = EDGE_CURVE('',#307,#309,#311,.T.);
#307 = VERTEX_POINT('',#308);
#308 = CARTESIAN_POINT('',(5.2,-1.74,1.804596669241));
#309 = VERTEX_POINT('',#310);
#310 = CARTESIAN_POINT('',(4.8,-1.74,1.804596669241));
#311 = CIRCLE('',#312,0.8);
#312 = AXIS2_PLACEMENT_3D('',#313,#314,#315);
#313 = CARTESIAN_POINT('',(5.,-1.74,1.03));
#314 = DIRECTION('',(0.,-1.,0.));
#315 = DIRECTION('',(0.25,0.,0.968245836552));
#316 = ORIENTED_EDGE('',*,*,#317,.T.);
#317 = EDGE_CURVE('',#309,#318,#320,.T.);
#318 = VERTEX_POINT('',#319);
#319 = CARTESIAN_POINT('',(4.8,-1.74,1.43));
#320 = LINE('',#321,#322);
#321 = CARTESIAN_POINT('',(4.8,-1.74,1.804596669241));
#322 = VECTOR('',#323,1.);
#323 = DIRECTION('',(0.,0.,-1.));
#324 = ORIENTED_EDGE('',*,*,#325,.F.);
#325 = EDGE_CURVE('',#326,#318,#328,.T.);
#326 = VERTEX_POINT('',#327);
#327 = CARTESIAN_POINT('',(4.6,-1.74,1.23));
#328 = CIRCLE('',#329,0.2);
#329 = AXIS2_PLACEMENT_3D('',#330,#331,#332);
#330 = CARTESIAN_POINT('',(4.6,-1.74,1.43));
#331 = DIRECTION('',(0.,-1.,0.));
#332 = DIRECTION('',(0.,0.,-1.));
#333 = ORIENTED_EDGE('',*,*,#334,.T.);
#334 = EDGE_CURVE('',#326,#335,#337,.T.);
#335 = VERTEX_POINT('',#336);
#336 = CARTESIAN_POINT('',(4.225403330759,-1.74,1.23));
#337 = LINE('',#338,#339);
#338 = CARTESIAN_POINT('',(4.6,-1.74,1.23));
#339 = VECTOR('',#340,1.);
#340 = DIRECTION('',(-1.,0.,0.));
#341 = ORIENTED_EDGE('',*,*,#342,.T.);
#342 = EDGE_CURVE('',#335,#343,#345,.T.);
#343 = VERTEX_POINT('',#344);
#344 = CARTESIAN_POINT('',(4.225403330759,-1.74,0.83));
#345 = CIRCLE('',#346,0.8);
#346 = AXIS2_PLACEMENT_3D('',#347,#348,#349);
#347 = CARTESIAN_POINT('',(5.,-1.74,1.03));
#348 = DIRECTION('',(0.,-1.,0.));
#349 = DIRECTION('',(-0.968245836552,0.,0.25));
#350 = ORIENTED_EDGE('',*,*,#351,.T.);
#351 = EDGE_CURVE('',#343,#352,#354,.T.);
#352 = VERTEX_POINT('',#353);
#353 = CARTESIAN_POINT('',(4.6,-1.74,0.83));
#354 = LINE('',#355,#356);
#355 = CARTESIAN_POINT('',(4.225403330759,-1.74,0.83));
#356 = VECTOR('',#357,1.);
#357 = DIRECTION('',(1.,0.,0.));
#358 = ORIENTED_EDGE('',*,*,#359,.F.);
#359 = EDGE_CURVE('',#360,#352,#362,.T.);
#360 = VERTEX_POINT('',#361);
#361 = CARTESIAN_POINT('',(4.8,-1.74,0.63));
#362 = CIRCLE('',#363,0.2);
#363 = AXIS2_PLACEMENT_3D('',#364,#365,#366);
#364 = CARTESIAN_POINT('',(4.6,-1.74,0.63));
#365 = DIRECTION('',(0.,-1.,0.));
#366 = DIRECTION('',(1.,0.,0.));
#367 = ORIENTED_EDGE('',*,*,#368,.T.);
#368 = EDGE_CURVE('',#360,#369,#371,.T.);
#369 = VERTEX_POINT('',#370);
#370 = CARTESIAN_POINT('',(4.8,-1.74,0.255403330759));
#371 = LINE('',#372,#373);
#372 = CARTESIAN_POINT('',(4.8,-1.74,0.63));
#373 = VECTOR('',#374,1.);
#374 = DIRECTION('',(0.,0.,-1.));
#375 = ORIENTED_EDGE('',*,*,#376,.T.);
#376 = EDGE_CURVE('',#369,#377,#379,.T.);
#377 = VERTEX_POINT('',#378);
#378 = CARTESIAN_POINT('',(5.2,-1.74,0.255403330759));
#379 = CIRCLE('',#380,0.8);
#380 = AXIS2_PLACEMENT_3D('',#381,#382,#383);
#381 = CARTESIAN_POINT('',(5.,-1.74,1.03));
#382 = DIRECTION('',(0.,-1.,0.));
#383 = DIRECTION('',(-0.25,-0.,-0.968245836552));
#384 = ORIENTED_EDGE('',*,*,#385,.T.);
#385 = EDGE_CURVE('',#377,#386,#388,.T.);
#386 = VERTEX_POINT('',#387);
#387 = CARTESIAN_POINT('',(5.2,-1.74,0.63));
#388 = LINE('',#389,#390);
#389 = CARTESIAN_POINT('',(5.2,-1.74,0.255403330759));
#390 = VECTOR('',#391,1.);
#391 = DIRECTION('',(0.,0.,1.));
#392 = ORIENTED_EDGE('',*,*,#393,.F.);
#393 = EDGE_CURVE('',#394,#386,#396,.T.);
#394 = VERTEX_POINT('',#395);
#395 = CARTESIAN_POINT('',(5.4,-1.74,0.83));
#396 = CIRCLE('',#397,0.2);
#397 = AXIS2_PLACEMENT_3D('',#398,#399,#400);
#398 = CARTESIAN_POINT('',(5.4,-1.74,0.63));
#399 = DIRECTION('',(0.,-1.,0.));
#400 = DIRECTION('',(-2.22044604925E-14,0.,1.));
#401 = ORIENTED_EDGE('',*,*,#402,.T.);
#402 = EDGE_CURVE('',#394,#403,#405,.T.);
#403 = VERTEX_POINT('',#404);
#404 = CARTESIAN_POINT('',(5.774596669241,-1.74,0.83));
#405 = LINE('',#406,#407);
#406 = CARTESIAN_POINT('',(5.4,-1.74,0.83));
#407 = VECTOR('',#408,1.);
#408 = DIRECTION('',(1.,0.,0.));
#409 = ORIENTED_EDGE('',*,*,#410,.T.);
#410 = EDGE_CURVE('',#403,#411,#413,.T.);
#411 = VERTEX_POINT('',#412);
#412 = CARTESIAN_POINT('',(5.774596669241,-1.74,1.23));
#413 = CIRCLE('',#414,0.8);
#414 = AXIS2_PLACEMENT_3D('',#415,#416,#417);
#415 = CARTESIAN_POINT('',(5.,-1.74,1.03));
#416 = DIRECTION('',(0.,-1.,0.));
#417 = DIRECTION('',(0.968245836552,0.,-0.25));
#418 = ORIENTED_EDGE('',*,*,#419,.T.);
#419 = EDGE_CURVE('',#411,#420,#422,.T.);
#420 = VERTEX_POINT('',#421);
#421 = CARTESIAN_POINT('',(5.4,-1.74,1.23));
#422 = LINE('',#423,#424);
#423 = CARTESIAN_POINT('',(5.774596669241,-1.74,1.23));
#424 = VECTOR('',#425,1.);
#425 = DIRECTION('',(-1.,0.,0.));
#426 = ORIENTED_EDGE('',*,*,#427,.F.);
#427 = EDGE_CURVE('',#428,#420,#430,.T.);
#428 = VERTEX_POINT('',#429);
#429 = CARTESIAN_POINT('',(5.2,-1.74,1.43));
#430 = CIRCLE('',#431,0.2);
#431 = AXIS2_PLACEMENT_3D('',#432,#433,#434);
#432 = CARTESIAN_POINT('',(5.4,-1.74,1.43));
#433 = DIRECTION('',(0.,-1.,0.));
#434 = DIRECTION('',(-1.,-0.,-2.775557561563E-14));
#435 = ORIENTED_EDGE('',*,*,#436,.T.);
#436 = EDGE_CURVE('',#428,#307,#437,.T.);
#437 = LINE('',#438,#439);
#438 = CARTESIAN_POINT('',(5.2,-1.74,1.43));
#439 = VECTOR('',#440,1.);
#440 = DIRECTION('',(0.,0.,1.));
#441 = PLANE('',#442);
#442 = AXIS2_PLACEMENT_3D('',#443,#444,#445);
#443 = CARTESIAN_POINT('',(0.,-1.74,0.));
#444 = DIRECTION('',(0.,1.,0.));
#445 = DIRECTION('',(1.,0.,0.));
#446 = ADVANCED_FACE('',(#447),#495,.T.);
#447 = FACE_BOUND('',#448,.F.);
#448 = EDGE_LOOP('',(#449,#450,#458,#466,#472,#473,#481,#489));
#449 = ORIENTED_EDGE('',*,*,#104,.F.);
#450 = ORIENTED_EDGE('',*,*,#451,.T.);
#451 = EDGE_CURVE('',#97,#452,#454,.T.);
#452 = VERTEX_POINT('',#453);
#453 = CARTESIAN_POINT('',(-6.72,-2.04,2.73));
#454 = LINE('',#455,#456);
#455 = CARTESIAN_POINT('',(-6.72,-1.74,2.73));
#456 = VECTOR('',#457,1.);
#457 = DIRECTION('',(0.,-1.,0.));
#458 = ORIENTED_EDGE('',*,*,#459,.T.);
#459 = EDGE_CURVE('',#452,#460,#462,.T.);
#460 = VERTEX_POINT('',#461);
#461 = CARTESIAN_POINT('',(-6.72,-2.04,-2.73));
#462 = LINE('',#463,#464);
#463 = CARTESIAN_POINT('',(-6.72,-2.04,2.73));
#464 = VECTOR('',#465,1.);
#465 = DIRECTION('',(0.,0.,-1.));
#466 = ORIENTED_EDGE('',*,*,#467,.F.);
#467 = EDGE_CURVE('',#73,#460,#468,.T.);
#468 = LINE('',#469,#470);
#469 = CARTESIAN_POINT('',(-6.72,-1.74,-2.73));
#470 = VECTOR('',#471,1.);
#471 = DIRECTION('',(0.,-1.,0.));
#472 = ORIENTED_EDGE('',*,*,#70,.F.);
#473 = ORIENTED_EDGE('',*,*,#474,.T.);
#474 = EDGE_CURVE('',#71,#475,#477,.T.);
#475 = VERTEX_POINT('',#476);
#476 = CARTESIAN_POINT('',(-6.72,1.74,-4.23));
#477 = LINE('',#478,#479);
#478 = CARTESIAN_POINT('',(-6.72,-1.74,-4.23));
#479 = VECTOR('',#480,1.);
#480 = DIRECTION('',(0.,1.,0.));
#481 = ORIENTED_EDGE('',*,*,#482,.T.);
#482 = EDGE_CURVE('',#475,#483,#485,.T.);
#483 = VERTEX_POINT('',#484);
#484 = CARTESIAN_POINT('',(-6.72,1.74,4.23));
#485 = LINE('',#486,#487);
#486 = CARTESIAN_POINT('',(-6.72,1.74,-4.23));
#487 = VECTOR('',#488,1.);
#488 = DIRECTION('',(0.,0.,1.));
#489 = ORIENTED_EDGE('',*,*,#490,.F.);
#490 = EDGE_CURVE('',#105,#483,#491,.T.);
#491 = LINE('',#492,#493);
#492 = CARTESIAN_POINT('',(-6.72,-1.74,4.23));
#493 = VECTOR('',#494,1.);
#494 = DIRECTION('',(0.,1.,0.));
#495 = PLANE('',#496);
#496 = AXIS2_PLACEMENT_3D('',#497,#498,#499);
#497 = CARTESIAN_POINT('',(-6.72,-1.74,-4.23));
#498 = DIRECTION('',(-1.,0.,0.));
#499 = DIRECTION('',(0.,0.,1.));
#500 = ADVANCED_FACE('',(#501),#519,.T.);
#501 = FACE_BOUND('',#502,.F.);
#502 = EDGE_LOOP('',(#503,#511,#517,#518));
#503 = ORIENTED_EDGE('',*,*,#504,.T.);
#504 = EDGE_CURVE('',#89,#505,#507,.T.);
#505 = VERTEX_POINT('',#506);
#506 = CARTESIAN_POINT('',(-6.12,-2.04,2.73));
#507 = LINE('',#508,#509);
#508 = CARTESIAN_POINT('',(-6.12,-1.74,2.73));
#509 = VECTOR('',#510,1.);
#510 = DIRECTION('',(0.,-1.,0.));
#511 = ORIENTED_EDGE('',*,*,#512,.T.);
#512 = EDGE_CURVE('',#505,#452,#513,.T.);
#513 = LINE('',#514,#515);
#514 = CARTESIAN_POINT('',(-6.12,-2.04,2.73));
#515 = VECTOR('',#516,1.);
#516 = DIRECTION('',(-1.,0.,0.));
#517 = ORIENTED_EDGE('',*,*,#451,.F.);
#518 = ORIENTED_EDGE('',*,*,#96,.T.);
#519 = PLANE('',#520);
#520 = AXIS2_PLACEMENT_3D('',#521,#522,#523);
#521 = CARTESIAN_POINT('',(-6.12,-1.74,2.73));
#522 = DIRECTION('',(0.,0.,1.));
#523 = DIRECTION('',(-1.,0.,0.));
#524 = ADVANCED_FACE('',(#525),#543,.T.);
#525 = FACE_BOUND('',#526,.F.);
#526 = EDGE_LOOP('',(#527,#535,#541,#542));
#527 = ORIENTED_EDGE('',*,*,#528,.T.);
#528 = EDGE_CURVE('',#81,#529,#531,.T.);
#529 = VERTEX_POINT('',#530);
#530 = CARTESIAN_POINT('',(-6.12,-2.04,-2.73));
#531 = LINE('',#532,#533);
#532 = CARTESIAN_POINT('',(-6.12,-1.74,-2.73));
#533 = VECTOR('',#534,1.);
#534 = DIRECTION('',(0.,-1.,0.));
#535 = ORIENTED_EDGE('',*,*,#536,.T.);
#536 = EDGE_CURVE('',#529,#505,#537,.T.);
#537 = LINE('',#538,#539);
#538 = CARTESIAN_POINT('',(-6.12,-2.04,-2.73));
#539 = VECTOR('',#540,1.);
#540 = DIRECTION('',(0.,0.,1.));
#541 = ORIENTED_EDGE('',*,*,#504,.F.);
#542 = ORIENTED_EDGE('',*,*,#88,.F.);
#543 = PLANE('',#544);
#544 = AXIS2_PLACEMENT_3D('',#545,#546,#547);
#545 = CARTESIAN_POINT('',(-6.12,-1.74,-2.73));
#546 = DIRECTION('',(1.,0.,0.));
#547 = DIRECTION('',(0.,0.,1.));
#548 = ADVANCED_FACE('',(#549),#560,.T.);
#549 = FACE_BOUND('',#550,.F.);
#550 = EDGE_LOOP('',(#551,#552,#558,#559));
#551 = ORIENTED_EDGE('',*,*,#467,.T.);
#552 = ORIENTED_EDGE('',*,*,#553,.T.);
#553 = EDGE_CURVE('',#460,#529,#554,.T.);
#554 = LINE('',#555,#556);
#555 = CARTESIAN_POINT('',(-6.72,-2.04,-2.73));
#556 = VECTOR('',#557,1.);
#557 = DIRECTION('',(1.,0.,0.));
#558 = ORIENTED_EDGE('',*,*,#528,.F.);
#559 = ORIENTED_EDGE('',*,*,#80,.F.);
#560 = PLANE('',#561);
#561 = AXIS2_PLACEMENT_3D('',#562,#563,#564);
#562 = CARTESIAN_POINT('',(-6.72,-1.74,-2.73));
#563 = DIRECTION('',(0.,0.,-1.));
#564 = DIRECTION('',(1.,0.,0.));
#565 = ADVANCED_FACE('',(#566),#600,.T.);
#566 = FACE_BOUND('',#567,.F.);
#567 = EDGE_LOOP('',(#568,#578,#586,#594));
#568 = ORIENTED_EDGE('',*,*,#569,.F.);
#569 = EDGE_CURVE('',#570,#572,#574,.T.);
#570 = VERTEX_POINT('',#571);
#571 = CARTESIAN_POINT('',(6.72,-2.04,-2.73));
#572 = VERTEX_POINT('',#573);
#573 = CARTESIAN_POINT('',(6.72,-2.04,2.73));
#574 = LINE('',#575,#576);
#575 = CARTESIAN_POINT('',(6.72,-2.04,-2.73));
#576 = VECTOR('',#577,1.);
#577 = DIRECTION('',(0.,0.,1.));
#578 = ORIENTED_EDGE('',*,*,#579,.F.);
#579 = EDGE_CURVE('',#580,#570,#582,.T.);
#580 = VERTEX_POINT('',#581);
#581 = CARTESIAN_POINT('',(6.12,-2.04,-2.73));
#582 = LINE('',#583,#584);
#583 = CARTESIAN_POINT('',(6.12,-2.04,-2.73));
#584 = VECTOR('',#585,1.);
#585 = DIRECTION('',(1.,0.,0.));
#586 = ORIENTED_EDGE('',*,*,#587,.F.);
#587 = EDGE_CURVE('',#588,#580,#590,.T.);
#588 = VERTEX_POINT('',#589);
#589 = CARTESIAN_POINT('',(6.12,-2.04,2.73));
#590 = LINE('',#591,#592);
#591 = CARTESIAN_POINT('',(6.12,-2.04,2.73));
#592 = VECTOR('',#593,1.);
#593 = DIRECTION('',(0.,0.,-1.));
#594 = ORIENTED_EDGE('',*,*,#595,.F.);
#595 = EDGE_CURVE('',#572,#588,#596,.T.);
#596 = LINE('',#597,#598);
#597 = CARTESIAN_POINT('',(6.72,-2.04,2.73));
#598 = VECTOR('',#599,1.);
#599 = DIRECTION('',(-1.,0.,0.));
#600 = PLANE('',#601);
#601 = AXIS2_PLACEMENT_3D('',#602,#603,#604);
#602 = CARTESIAN_POINT('',(0.,-2.04,0.));
#603 = DIRECTION('',(0.,-1.,0.));
#604 = DIRECTION('',(-1.,0.,0.));
#605 = ADVANCED_FACE('',(#606),#612,.T.);
#606 = FACE_BOUND('',#607,.F.);
#607 = EDGE_LOOP('',(#608,#609,#610,#611));
#608 = ORIENTED_EDGE('',*,*,#553,.F.);
#609 = ORIENTED_EDGE('',*,*,#459,.F.);
#610 = ORIENTED_EDGE('',*,*,#512,.F.);
#611 = ORIENTED_EDGE('',*,*,#536,.F.);
#612 = PLANE('',#613);
#613 = AXIS2_PLACEMENT_3D('',#614,#615,#616);
#614 = CARTESIAN_POINT('',(0.,-2.04,0.));
#615 = DIRECTION('',(0.,-1.,0.));
#616 = DIRECTION('',(-1.,0.,0.));
#617 = ADVANCED_FACE('',(#618),#657,.T.);
#618 = FACE_BOUND('',#619,.F.);
#619 = EDGE_LOOP('',(#620,#621,#627,#628,#634,#635,#643,#651));
#620 = ORIENTED_EDGE('',*,*,#152,.F.);
#621 = ORIENTED_EDGE('',*,*,#622,.T.);
#622 = EDGE_CURVE('',#145,#570,#623,.T.);
#623 = LINE('',#624,#625);
#624 = CARTESIAN_POINT('',(6.72,-1.74,-2.73));
#625 = VECTOR('',#626,1.);
#626 = DIRECTION('',(0.,-1.,0.));
#627 = ORIENTED_EDGE('',*,*,#569,.T.);
#628 = ORIENTED_EDGE('',*,*,#629,.F.);
#629 = EDGE_CURVE('',#121,#572,#630,.T.);
#630 = LINE('',#631,#632);
#631 = CARTESIAN_POINT('',(6.72,-1.74,2.73));
#632 = VECTOR('',#633,1.);
#633 = DIRECTION('',(0.,-1.,0.));
#634 = ORIENTED_EDGE('',*,*,#120,.F.);
#635 = ORIENTED_EDGE('',*,*,#636,.T.);
#636 = EDGE_CURVE('',#113,#637,#639,.T.);
#637 = VERTEX_POINT('',#638);
#638 = CARTESIAN_POINT('',(6.72,1.74,4.23));
#639 = LINE('',#640,#641);
#640 = CARTESIAN_POINT('',(6.72,-1.74,4.23));
#641 = VECTOR('',#642,1.);
#642 = DIRECTION('',(0.,1.,0.));
#643 = ORIENTED_EDGE('',*,*,#644,.T.);
#644 = EDGE_CURVE('',#637,#645,#647,.T.);
#645 = VERTEX_POINT('',#646);
#646 = CARTESIAN_POINT('',(6.72,1.74,-4.23));
#647 = LINE('',#648,#649);
#648 = CARTESIAN_POINT('',(6.72,1.74,4.23));
#649 = VECTOR('',#650,1.);
#650 = DIRECTION('',(0.,0.,-1.));
#651 = ORIENTED_EDGE('',*,*,#652,.F.);
#652 = EDGE_CURVE('',#153,#645,#653,.T.);
#653 = LINE('',#654,#655);
#654 = CARTESIAN_POINT('',(6.72,-1.74,-4.23));
#655 = VECTOR('',#656,1.);
#656 = DIRECTION('',(0.,1.,0.));
#657 = PLANE('',#658);
#658 = AXIS2_PLACEMENT_3D('',#659,#660,#661);
#659 = CARTESIAN_POINT('',(6.72,-1.74,4.23));
#660 = DIRECTION('',(1.,0.,0.));
#661 = DIRECTION('',(0.,0.,-1.));
#662 = ADVANCED_FACE('',(#663),#674,.T.);
#663 = FACE_BOUND('',#664,.F.);
#664 = EDGE_LOOP('',(#665,#666,#667,#673));
#665 = ORIENTED_EDGE('',*,*,#622,.F.);
#666 = ORIENTED_EDGE('',*,*,#144,.T.);
#667 = ORIENTED_EDGE('',*,*,#668,.T.);
#668 = EDGE_CURVE('',#137,#580,#669,.T.);
#669 = LINE('',#670,#671);
#670 = CARTESIAN_POINT('',(6.12,-1.74,-2.73));
#671 = VECTOR('',#672,1.);
#672 = DIRECTION('',(0.,-1.,0.));
#673 = ORIENTED_EDGE('',*,*,#579,.T.);
#674 = PLANE('',#675);
#675 = AXIS2_PLACEMENT_3D('',#676,#677,#678);
#676 = CARTESIAN_POINT('',(6.12,-1.74,-2.73));
#677 = DIRECTION('',(0.,0.,-1.));
#678 = DIRECTION('',(1.,0.,0.));
#679 = ADVANCED_FACE('',(#680),#691,.T.);
#680 = FACE_BOUND('',#681,.F.);
#681 = EDGE_LOOP('',(#682,#688,#689,#690));
#682 = ORIENTED_EDGE('',*,*,#683,.T.);
#683 = EDGE_CURVE('',#129,#588,#684,.T.);
#684 = LINE('',#685,#686);
#685 = CARTESIAN_POINT('',(6.12,-1.74,2.73));
#686 = VECTOR('',#687,1.);
#687 = DIRECTION('',(0.,-1.,0.));
#688 = ORIENTED_EDGE('',*,*,#587,.T.);
#689 = ORIENTED_EDGE('',*,*,#668,.F.);
#690 = ORIENTED_EDGE('',*,*,#136,.F.);
#691 = PLANE('',#692);
#692 = AXIS2_PLACEMENT_3D('',#693,#694,#695);
#693 = CARTESIAN_POINT('',(6.12,-1.74,2.73));
#694 = DIRECTION('',(-1.,0.,0.));
#695 = DIRECTION('',(0.,0.,-1.));
#696 = ADVANCED_FACE('',(#697),#703,.T.);
#697 = FACE_BOUND('',#698,.F.);
#698 = EDGE_LOOP('',(#699,#700,#701,#702));
#699 = ORIENTED_EDGE('',*,*,#629,.T.);
#700 = ORIENTED_EDGE('',*,*,#595,.T.);
#701 = ORIENTED_EDGE('',*,*,#683,.F.);
#702 = ORIENTED_EDGE('',*,*,#128,.F.);
#703 = PLANE('',#704);
#704 = AXIS2_PLACEMENT_3D('',#705,#706,#707);
#705 = CARTESIAN_POINT('',(6.72,-1.74,2.73));
#706 = DIRECTION('',(0.,0.,1.));
#707 = DIRECTION('',(-1.,0.,0.));
#708 = ADVANCED_FACE('',(#709,#880,#914),#948,.T.);
#709 = FACE_BOUND('',#710,.F.);
#710 = EDGE_LOOP('',(#711,#721,#729,#737,#745,#753,#761,#769,#777,#785,
    #793,#801,#809,#817,#825,#833,#841,#849,#855,#856,#857,#858,#866,
    #874));
#711 = ORIENTED_EDGE('',*,*,#712,.T.);
#712 = EDGE_CURVE('',#713,#715,#717,.T.);
#713 = VERTEX_POINT('',#714);
#714 = CARTESIAN_POINT('',(-2.2,2.56,4.23));
#715 = VERTEX_POINT('',#716);
#716 = CARTESIAN_POINT('',(-2.2,1.095,4.23));
#717 = LINE('',#718,#719);
#718 = CARTESIAN_POINT('',(-2.2,2.56,4.23));
#719 = VECTOR('',#720,1.);
#720 = DIRECTION('',(0.,-1.,0.));
#721 = ORIENTED_EDGE('',*,*,#722,.T.);
#722 = EDGE_CURVE('',#715,#723,#725,.T.);
#723 = VERTEX_POINT('',#724);
#724 = CARTESIAN_POINT('',(-3.61,1.095,4.23));
#725 = LINE('',#726,#727);
#726 = CARTESIAN_POINT('',(-2.2,1.095,4.23));
#727 = VECTOR('',#728,1.);
#728 = DIRECTION('',(-1.,0.,0.));
#729 = ORIENTED_EDGE('',*,*,#730,.T.);
#730 = EDGE_CURVE('',#723,#731,#733,.T.);
#731 = VERTEX_POINT('',#732);
#732 = CARTESIAN_POINT('',(-3.61,-1.095,4.23));
#733 = LINE('',#734,#735);
#734 = CARTESIAN_POINT('',(-3.61,1.095,4.23));
#735 = VECTOR('',#736,1.);
#736 = DIRECTION('',(0.,-1.,0.));
#737 = ORIENTED_EDGE('',*,*,#738,.T.);
#738 = EDGE_CURVE('',#731,#739,#741,.T.);
#739 = VERTEX_POINT('',#740);
#740 = CARTESIAN_POINT('',(-1.39,-1.095,4.23));
#741 = LINE('',#742,#743);
#742 = CARTESIAN_POINT('',(-3.61,-1.095,4.23));
#743 = VECTOR('',#744,1.);
#744 = DIRECTION('',(1.,0.,0.));
#745 = ORIENTED_EDGE('',*,*,#746,.F.);
#746 = EDGE_CURVE('',#747,#739,#749,.T.);
#747 = VERTEX_POINT('',#748);
#748 = CARTESIAN_POINT('',(-1.39,1.37,4.23));
#749 = LINE('',#750,#751);
#750 = CARTESIAN_POINT('',(-1.39,1.37,4.23));
#751 = VECTOR('',#752,1.);
#752 = DIRECTION('',(0.,-1.,0.));
#753 = ORIENTED_EDGE('',*,*,#754,.T.);
#754 = EDGE_CURVE('',#747,#755,#757,.T.);
#755 = VERTEX_POINT('',#756);
#756 = CARTESIAN_POINT('',(1.39,1.37,4.23));
#757 = LINE('',#758,#759);
#758 = CARTESIAN_POINT('',(-1.39,1.37,4.23));
#759 = VECTOR('',#760,1.);
#760 = DIRECTION('',(1.,0.,0.));
#761 = ORIENTED_EDGE('',*,*,#762,.F.);
#762 = EDGE_CURVE('',#763,#755,#765,.T.);
#763 = VERTEX_POINT('',#764);
#764 = CARTESIAN_POINT('',(1.39,-1.095,4.23));
#765 = LINE('',#766,#767);
#766 = CARTESIAN_POINT('',(1.39,-1.095,4.23));
#767 = VECTOR('',#768,1.);
#768 = DIRECTION('',(0.,1.,0.));
#769 = ORIENTED_EDGE('',*,*,#770,.F.);
#770 = EDGE_CURVE('',#771,#763,#773,.T.);
#771 = VERTEX_POINT('',#772);
#772 = CARTESIAN_POINT('',(6.11,-1.095,4.23));
#773 = LINE('',#774,#775);
#774 = CARTESIAN_POINT('',(6.11,-1.095,4.23));
#775 = VECTOR('',#776,1.);
#776 = DIRECTION('',(-1.,0.,0.));
#777 = ORIENTED_EDGE('',*,*,#778,.T.);
#778 = EDGE_CURVE('',#771,#779,#781,.T.);
#779 = VERTEX_POINT('',#780);
#780 = CARTESIAN_POINT('',(6.11,1.095,4.23));
#781 = LINE('',#782,#783);
#782 = CARTESIAN_POINT('',(6.11,-1.095,4.23));
#783 = VECTOR('',#784,1.);
#784 = DIRECTION('',(0.,1.,0.));
#785 = ORIENTED_EDGE('',*,*,#786,.T.);
#786 = EDGE_CURVE('',#779,#787,#789,.T.);
#787 = VERTEX_POINT('',#788);
#788 = CARTESIAN_POINT('',(3.89,1.095,4.23));
#789 = LINE('',#790,#791);
#790 = CARTESIAN_POINT('',(6.11,1.095,4.23));
#791 = VECTOR('',#792,1.);
#792 = DIRECTION('',(-1.,0.,0.));
#793 = ORIENTED_EDGE('',*,*,#794,.T.);
#794 = EDGE_CURVE('',#787,#795,#797,.T.);
#795 = VERTEX_POINT('',#796);
#796 = CARTESIAN_POINT('',(3.89,0.215,4.23));
#797 = LINE('',#798,#799);
#798 = CARTESIAN_POINT('',(3.89,1.095,4.23));
#799 = VECTOR('',#800,1.);
#800 = DIRECTION('',(0.,-1.,0.));
#801 = ORIENTED_EDGE('',*,*,#802,.F.);
#802 = EDGE_CURVE('',#803,#795,#805,.T.);
#803 = VERTEX_POINT('',#804);
#804 = CARTESIAN_POINT('',(3.61,0.215,4.23));
#805 = LINE('',#806,#807);
#806 = CARTESIAN_POINT('',(3.61,0.215,4.23));
#807 = VECTOR('',#808,1.);
#808 = DIRECTION('',(1.,0.,0.));
#809 = ORIENTED_EDGE('',*,*,#810,.T.);
#810 = EDGE_CURVE('',#803,#811,#813,.T.);
#811 = VERTEX_POINT('',#812);
#812 = CARTESIAN_POINT('',(3.61,1.095,4.23));
#813 = LINE('',#814,#815);
#814 = CARTESIAN_POINT('',(3.61,0.215,4.23));
#815 = VECTOR('',#816,1.);
#816 = DIRECTION('',(0.,1.,0.));
#817 = ORIENTED_EDGE('',*,*,#818,.T.);
#818 = EDGE_CURVE('',#811,#819,#821,.T.);
#819 = VERTEX_POINT('',#820);
#820 = CARTESIAN_POINT('',(2.2,1.095,4.23));
#821 = LINE('',#822,#823);
#822 = CARTESIAN_POINT('',(3.61,1.095,4.23));
#823 = VECTOR('',#824,1.);
#824 = DIRECTION('',(-1.,0.,0.));
#825 = ORIENTED_EDGE('',*,*,#826,.F.);
#826 = EDGE_CURVE('',#827,#819,#829,.T.);
#827 = VERTEX_POINT('',#828);
#828 = CARTESIAN_POINT('',(2.2,2.56,4.23));
#829 = LINE('',#830,#831);
#830 = CARTESIAN_POINT('',(2.2,2.56,4.23));
#831 = VECTOR('',#832,1.);
#832 = DIRECTION('',(0.,-1.,0.));
#833 = ORIENTED_EDGE('',*,*,#834,.T.);
#834 = EDGE_CURVE('',#827,#835,#837,.T.);
#835 = VERTEX_POINT('',#836);
#836 = CARTESIAN_POINT('',(2.6,2.56,4.23));
#837 = LINE('',#838,#839);
#838 = CARTESIAN_POINT('',(2.2,2.56,4.23));
#839 = VECTOR('',#840,1.);
#840 = DIRECTION('',(1.,0.,0.));
#841 = ORIENTED_EDGE('',*,*,#842,.T.);
#842 = EDGE_CURVE('',#835,#843,#845,.T.);
#843 = VERTEX_POINT('',#844);
#844 = CARTESIAN_POINT('',(2.6,1.74,4.23));
#845 = LINE('',#846,#847);
#846 = CARTESIAN_POINT('',(2.6,2.56,4.23));
#847 = VECTOR('',#848,1.);
#848 = DIRECTION('',(0.,-1.,0.));
#849 = ORIENTED_EDGE('',*,*,#850,.T.);
#850 = EDGE_CURVE('',#843,#637,#851,.T.);
#851 = LINE('',#852,#853);
#852 = CARTESIAN_POINT('',(2.6,1.74,4.23));
#853 = VECTOR('',#854,1.);
#854 = DIRECTION('',(1.,0.,0.));
#855 = ORIENTED_EDGE('',*,*,#636,.F.);
#856 = ORIENTED_EDGE('',*,*,#112,.F.);
#857 = ORIENTED_EDGE('',*,*,#490,.T.);
#858 = ORIENTED_EDGE('',*,*,#859,.T.);
#859 = EDGE_CURVE('',#483,#860,#862,.T.);
#860 = VERTEX_POINT('',#861);
#861 = CARTESIAN_POINT('',(-2.6,1.74,4.23));
#862 = LINE('',#863,#864);
#863 = CARTESIAN_POINT('',(-6.72,1.74,4.23));
#864 = VECTOR('',#865,1.);
#865 = DIRECTION('',(1.,0.,0.));
#866 = ORIENTED_EDGE('',*,*,#867,.F.);
#867 = EDGE_CURVE('',#868,#860,#870,.T.);
#868 = VERTEX_POINT('',#869);
#869 = CARTESIAN_POINT('',(-2.6,2.56,4.23));
#870 = LINE('',#871,#872);
#871 = CARTESIAN_POINT('',(-2.6,2.56,4.23));
#872 = VECTOR('',#873,1.);
#873 = DIRECTION('',(0.,-1.,0.));
#874 = ORIENTED_EDGE('',*,*,#875,.T.);
#875 = EDGE_CURVE('',#868,#713,#876,.T.);
#876 = LINE('',#877,#878);
#877 = CARTESIAN_POINT('',(-2.6,2.56,4.23));
#878 = VECTOR('',#879,1.);
#879 = DIRECTION('',(1.,0.,0.));
#880 = FACE_BOUND('',#881,.F.);
#881 = EDGE_LOOP('',(#882,#892,#900,#908));
#882 = ORIENTED_EDGE('',*,*,#883,.T.);
#883 = EDGE_CURVE('',#884,#886,#888,.T.);
#884 = VERTEX_POINT('',#885);
#885 = CARTESIAN_POINT('',(-6.11,1.095,4.23));
#886 = VERTEX_POINT('',#887);
#887 = CARTESIAN_POINT('',(-6.11,-1.095,4.23));
#888 = LINE('',#889,#890);
#889 = CARTESIAN_POINT('',(-6.11,1.095,4.23));
#890 = VECTOR('',#891,1.);
#891 = DIRECTION('',(0.,-1.,0.));
#892 = ORIENTED_EDGE('',*,*,#893,.T.);
#893 = EDGE_CURVE('',#886,#894,#896,.T.);
#894 = VERTEX_POINT('',#895);
#895 = CARTESIAN_POINT('',(-3.89,-1.095,4.23));
#896 = LINE('',#897,#898);
#897 = CARTESIAN_POINT('',(-6.11,-1.095,4.23));
#898 = VECTOR('',#899,1.);
#899 = DIRECTION('',(1.,0.,0.));
#900 = ORIENTED_EDGE('',*,*,#901,.T.);
#901 = EDGE_CURVE('',#894,#902,#904,.T.);
#902 = VERTEX_POINT('',#903);
#903 = CARTESIAN_POINT('',(-3.89,1.095,4.23));
#904 = LINE('',#905,#906);
#905 = CARTESIAN_POINT('',(-3.89,-1.095,4.23));
#906 = VECTOR('',#907,1.);
#907 = DIRECTION('',(0.,1.,0.));
#908 = ORIENTED_EDGE('',*,*,#909,.T.);
#909 = EDGE_CURVE('',#902,#884,#910,.T.);
#910 = LINE('',#911,#912);
#911 = CARTESIAN_POINT('',(-3.89,1.095,4.23));
#912 = VECTOR('',#913,1.);
#913 = DIRECTION('',(-1.,0.,0.));
#914 = FACE_BOUND('',#915,.F.);
#915 = EDGE_LOOP('',(#916,#926,#934,#942));
#916 = ORIENTED_EDGE('',*,*,#917,.T.);
#917 = EDGE_CURVE('',#918,#920,#922,.T.);
#918 = VERTEX_POINT('',#919);
#919 = CARTESIAN_POINT('',(-1.11,1.095,4.23));
#920 = VERTEX_POINT('',#921);
#921 = CARTESIAN_POINT('',(-1.11,-1.095,4.23));
#922 = LINE('',#923,#924);
#923 = CARTESIAN_POINT('',(-1.11,1.095,4.23));
#924 = VECTOR('',#925,1.);
#925 = DIRECTION('',(0.,-1.,0.));
#926 = ORIENTED_EDGE('',*,*,#927,.T.);
#927 = EDGE_CURVE('',#920,#928,#930,.T.);
#928 = VERTEX_POINT('',#929);
#929 = CARTESIAN_POINT('',(1.11,-1.095,4.23));
#930 = LINE('',#931,#932);
#931 = CARTESIAN_POINT('',(-1.11,-1.095,4.23));
#932 = VECTOR('',#933,1.);
#933 = DIRECTION('',(1.,0.,0.));
#934 = ORIENTED_EDGE('',*,*,#935,.T.);
#935 = EDGE_CURVE('',#928,#936,#938,.T.);
#936 = VERTEX_POINT('',#937);
#937 = CARTESIAN_POINT('',(1.11,1.095,4.23));
#938 = LINE('',#939,#940);
#939 = CARTESIAN_POINT('',(1.11,-1.095,4.23));
#940 = VECTOR('',#941,1.);
#941 = DIRECTION('',(0.,1.,0.));
#942 = ORIENTED_EDGE('',*,*,#943,.T.);
#943 = EDGE_CURVE('',#936,#918,#944,.T.);
#944 = LINE('',#945,#946);
#945 = CARTESIAN_POINT('',(1.11,1.095,4.23));
#946 = VECTOR('',#947,1.);
#947 = DIRECTION('',(-1.,0.,0.));
#948 = PLANE('',#949);
#949 = AXIS2_PLACEMENT_3D('',#950,#951,#952);
#950 = CARTESIAN_POINT('',(-6.72,-1.74,4.23));
#951 = DIRECTION('',(0.,0.,1.));
#952 = DIRECTION('',(1.,0.,-0.));
#953 = ADVANCED_FACE('',(#954),#979,.F.);
#954 = FACE_BOUND('',#955,.F.);
#955 = EDGE_LOOP('',(#956,#957,#965,#973));
#956 = ORIENTED_EDGE('',*,*,#917,.F.);
#957 = ORIENTED_EDGE('',*,*,#958,.T.);
#958 = EDGE_CURVE('',#918,#959,#961,.T.);
#959 = VERTEX_POINT('',#960);
#960 = CARTESIAN_POINT('',(-1.11,1.095,-1.77));
#961 = LINE('',#962,#963);
#962 = CARTESIAN_POINT('',(-1.11,1.095,4.23));
#963 = VECTOR('',#964,1.);
#964 = DIRECTION('',(0.,0.,-1.));
#965 = ORIENTED_EDGE('',*,*,#966,.T.);
#966 = EDGE_CURVE('',#959,#967,#969,.T.);
#967 = VERTEX_POINT('',#968);
#968 = CARTESIAN_POINT('',(-1.11,-1.095,-1.77));
#969 = LINE('',#970,#971);
#970 = CARTESIAN_POINT('',(-1.11,1.095,-1.77));
#971 = VECTOR('',#972,1.);
#972 = DIRECTION('',(0.,-1.,0.));
#973 = ORIENTED_EDGE('',*,*,#974,.F.);
#974 = EDGE_CURVE('',#920,#967,#975,.T.);
#975 = LINE('',#976,#977);
#976 = CARTESIAN_POINT('',(-1.11,-1.095,4.23));
#977 = VECTOR('',#978,1.);
#978 = DIRECTION('',(0.,0.,-1.));
#979 = PLANE('',#980);
#980 = AXIS2_PLACEMENT_3D('',#981,#982,#983);
#981 = CARTESIAN_POINT('',(-1.11,1.095,4.23));
#982 = DIRECTION('',(-1.,0.,0.));
#983 = DIRECTION('',(0.,-1.,0.));
#984 = ADVANCED_FACE('',(#985),#1003,.F.);
#985 = FACE_BOUND('',#986,.F.);
#986 = EDGE_LOOP('',(#987,#988,#996,#1002));
#987 = ORIENTED_EDGE('',*,*,#943,.F.);
#988 = ORIENTED_EDGE('',*,*,#989,.T.);
#989 = EDGE_CURVE('',#936,#990,#992,.T.);
#990 = VERTEX_POINT('',#991);
#991 = CARTESIAN_POINT('',(1.11,1.095,-1.77));
#992 = LINE('',#993,#994);
#993 = CARTESIAN_POINT('',(1.11,1.095,4.23));
#994 = VECTOR('',#995,1.);
#995 = DIRECTION('',(0.,0.,-1.));
#996 = ORIENTED_EDGE('',*,*,#997,.T.);
#997 = EDGE_CURVE('',#990,#959,#998,.T.);
#998 = LINE('',#999,#1000);
#999 = CARTESIAN_POINT('',(1.11,1.095,-1.77));
#1000 = VECTOR('',#1001,1.);
#1001 = DIRECTION('',(-1.,0.,0.));
#1002 = ORIENTED_EDGE('',*,*,#958,.F.);
#1003 = PLANE('',#1004);
#1004 = AXIS2_PLACEMENT_3D('',#1005,#1006,#1007);
#1005 = CARTESIAN_POINT('',(1.11,1.095,4.23));
#1006 = DIRECTION('',(0.,1.,0.));
#1007 = DIRECTION('',(-1.,0.,0.));
#1008 = ADVANCED_FACE('',(#1009),#1027,.F.);
#1009 = FACE_BOUND('',#1010,.F.);
#1010 = EDGE_LOOP('',(#1011,#1012,#1020,#1026));
#1011 = ORIENTED_EDGE('',*,*,#935,.F.);
#1012 = ORIENTED_EDGE('',*,*,#1013,.T.);
#1013 = EDGE_CURVE('',#928,#1014,#1016,.T.);
#1014 = VERTEX_POINT('',#1015);
#1015 = CARTESIAN_POINT('',(1.11,-1.095,-1.77));
#1016 = LINE('',#1017,#1018);
#1017 = CARTESIAN_POINT('',(1.11,-1.095,4.23));
#1018 = VECTOR('',#1019,1.);
#1019 = DIRECTION('',(0.,0.,-1.));
#1020 = ORIENTED_EDGE('',*,*,#1021,.T.);
#1021 = EDGE_CURVE('',#1014,#990,#1022,.T.);
#1022 = LINE('',#1023,#1024);
#1023 = CARTESIAN_POINT('',(1.11,-1.095,-1.77));
#1024 = VECTOR('',#1025,1.);
#1025 = DIRECTION('',(0.,1.,0.));
#1026 = ORIENTED_EDGE('',*,*,#989,.F.);
#1027 = PLANE('',#1028);
#1028 = AXIS2_PLACEMENT_3D('',#1029,#1030,#1031);
#1029 = CARTESIAN_POINT('',(1.11,-1.095,4.23));
#1030 = DIRECTION('',(1.,0.,0.));
#1031 = DIRECTION('',(-0.,1.,0.));
#1032 = ADVANCED_FACE('',(#1033),#1044,.F.);
#1033 = FACE_BOUND('',#1034,.F.);
#1034 = EDGE_LOOP('',(#1035,#1036,#1037,#1043));
#1035 = ORIENTED_EDGE('',*,*,#927,.F.);
#1036 = ORIENTED_EDGE('',*,*,#974,.T.);
#1037 = ORIENTED_EDGE('',*,*,#1038,.T.);
#1038 = EDGE_CURVE('',#967,#1014,#1039,.T.);
#1039 = LINE('',#1040,#1041);
#1040 = CARTESIAN_POINT('',(-1.11,-1.095,-1.77));
#1041 = VECTOR('',#1042,1.);
#1042 = DIRECTION('',(1.,0.,0.));
#1043 = ORIENTED_EDGE('',*,*,#1013,.F.);
#1044 = PLANE('',#1045);
#1045 = AXIS2_PLACEMENT_3D('',#1046,#1047,#1048);
#1046 = CARTESIAN_POINT('',(-1.11,-1.095,4.23));
#1047 = DIRECTION('',(0.,-1.,0.));
#1048 = DIRECTION('',(1.,0.,0.));
#1049 = ADVANCED_FACE('',(#1050,#1056),#1090,.T.);
#1050 = FACE_BOUND('',#1051,.F.);
#1051 = EDGE_LOOP('',(#1052,#1053,#1054,#1055));
#1052 = ORIENTED_EDGE('',*,*,#966,.F.);
#1053 = ORIENTED_EDGE('',*,*,#997,.F.);
#1054 = ORIENTED_EDGE('',*,*,#1021,.F.);
#1055 = ORIENTED_EDGE('',*,*,#1038,.F.);
#1056 = FACE_BOUND('',#1057,.F.);
#1057 = EDGE_LOOP('',(#1058,#1068,#1076,#1084));
#1058 = ORIENTED_EDGE('',*,*,#1059,.F.);
#1059 = EDGE_CURVE('',#1060,#1062,#1064,.T.);
#1060 = VERTEX_POINT('',#1061);
#1061 = CARTESIAN_POINT('',(-0.3175,-0.3175,-1.77));
#1062 = VERTEX_POINT('',#1063);
#1063 = CARTESIAN_POINT('',(-0.3175,0.3175,-1.77));
#1064 = LINE('',#1065,#1066);
#1065 = CARTESIAN_POINT('',(-0.3175,-0.3175,-1.77));
#1066 = VECTOR('',#1067,1.);
#1067 = DIRECTION('',(0.,1.,0.));
#1068 = ORIENTED_EDGE('',*,*,#1069,.T.);
#1069 = EDGE_CURVE('',#1060,#1070,#1072,.T.);
#1070 = VERTEX_POINT('',#1071);
#1071 = CARTESIAN_POINT('',(0.3175,-0.3175,-1.77));
#1072 = LINE('',#1073,#1074);
#1073 = CARTESIAN_POINT('',(-0.3175,-0.3175,-1.77));
#1074 = VECTOR('',#1075,1.);
#1075 = DIRECTION('',(1.,0.,0.));
#1076 = ORIENTED_EDGE('',*,*,#1077,.T.);
#1077 = EDGE_CURVE('',#1070,#1078,#1080,.T.);
#1078 = VERTEX_POINT('',#1079);
#1079 = CARTESIAN_POINT('',(0.3175,0.3175,-1.77));
#1080 = LINE('',#1081,#1082);
#1081 = CARTESIAN_POINT('',(0.3175,-0.3175,-1.77));
#1082 = VECTOR('',#1083,1.);
#1083 = DIRECTION('',(0.,1.,0.));
#1084 = ORIENTED_EDGE('',*,*,#1085,.F.);
#1085 = EDGE_CURVE('',#1062,#1078,#1086,.T.);
#1086 = LINE('',#1087,#1088);
#1087 = CARTESIAN_POINT('',(-0.3175,0.3175,-1.77));
#1088 = VECTOR('',#1089,1.);
#1089 = DIRECTION('',(1.,0.,0.));
#1090 = PLANE('',#1091);
#1091 = AXIS2_PLACEMENT_3D('',#1092,#1093,#1094);
#1092 = CARTESIAN_POINT('',(0.,-1.74,-1.77));
#1093 = DIRECTION('',(0.,0.,1.));
#1094 = DIRECTION('',(1.,0.,-0.));
#1095 = ADVANCED_FACE('',(#1096),#1164,.F.);
#1096 = FACE_BOUND('',#1097,.F.);
#1097 = EDGE_LOOP('',(#1098,#1108,#1116,#1125,#1133,#1141,#1149,#1158));
#1098 = ORIENTED_EDGE('',*,*,#1099,.F.);
#1099 = EDGE_CURVE('',#1100,#1102,#1104,.T.);
#1100 = VERTEX_POINT('',#1101);
#1101 = CARTESIAN_POINT('',(-0.3175,-4.69,-6.4675));
#1102 = VERTEX_POINT('',#1103);
#1103 = CARTESIAN_POINT('',(-0.3175,-4.69,-5.8325));
#1104 = LINE('',#1105,#1106);
#1105 = CARTESIAN_POINT('',(-0.3175,-4.69,-6.4675));
#1106 = VECTOR('',#1107,1.);
#1107 = DIRECTION('',(0.,0.,1.));
#1108 = ORIENTED_EDGE('',*,*,#1109,.T.);
#1109 = EDGE_CURVE('',#1100,#1110,#1112,.T.);
#1110 = VERTEX_POINT('',#1111);
#1111 = CARTESIAN_POINT('',(-0.3175,-0.6175,-6.4675));
#1112 = LINE('',#1113,#1114);
#1113 = CARTESIAN_POINT('',(-0.3175,-4.69,-6.4675));
#1114 = VECTOR('',#1115,1.);
#1115 = DIRECTION('',(0.,1.,0.));
#1116 = ORIENTED_EDGE('',*,*,#1117,.T.);
#1117 = EDGE_CURVE('',#1110,#1118,#1120,.T.);
#1118 = VERTEX_POINT('',#1119);
#1119 = CARTESIAN_POINT('',(-0.3175,0.3175,-5.5325));
#1120 = CIRCLE('',#1121,0.935);
#1121 = AXIS2_PLACEMENT_3D('',#1122,#1123,#1124);
#1122 = CARTESIAN_POINT('',(-0.3175,-0.6175,-5.5325));
#1123 = DIRECTION('',(1.,0.,0.));
#1124 = DIRECTION('',(0.,0.,-1.));
#1125 = ORIENTED_EDGE('',*,*,#1126,.T.);
#1126 = EDGE_CURVE('',#1118,#1127,#1129,.T.);
#1127 = VERTEX_POINT('',#1128);
#1128 = CARTESIAN_POINT('',(-0.3175,0.3175,-4.23));
#1129 = LINE('',#1130,#1131);
#1130 = CARTESIAN_POINT('',(-0.3175,0.3175,-5.5325));
#1131 = VECTOR('',#1132,1.);
#1132 = DIRECTION('',(0.,0.,1.));
#1133 = ORIENTED_EDGE('',*,*,#1134,.F.);
#1134 = EDGE_CURVE('',#1135,#1127,#1137,.T.);
#1135 = VERTEX_POINT('',#1136);
#1136 = CARTESIAN_POINT('',(-0.3175,-0.3175,-4.23));
#1137 = LINE('',#1138,#1139);
#1138 = CARTESIAN_POINT('',(-0.3175,-0.3175,-4.23));
#1139 = VECTOR('',#1140,1.);
#1140 = DIRECTION('',(0.,1.,0.));
#1141 = ORIENTED_EDGE('',*,*,#1142,.T.);
#1142 = EDGE_CURVE('',#1135,#1143,#1145,.T.);
#1143 = VERTEX_POINT('',#1144);
#1144 = CARTESIAN_POINT('',(-0.3175,-0.3175,-5.5325));
#1145 = LINE('',#1146,#1147);
#1146 = CARTESIAN_POINT('',(-0.3175,-0.3175,-4.23));
#1147 = VECTOR('',#1148,1.);
#1148 = DIRECTION('',(0.,0.,-1.));
#1149 = ORIENTED_EDGE('',*,*,#1150,.T.);
#1150 = EDGE_CURVE('',#1143,#1151,#1153,.T.);
#1151 = VERTEX_POINT('',#1152);
#1152 = CARTESIAN_POINT('',(-0.3175,-0.6175,-5.8325));
#1153 = CIRCLE('',#1154,0.3);
#1154 = AXIS2_PLACEMENT_3D('',#1155,#1156,#1157);
#1155 = CARTESIAN_POINT('',(-0.3175,-0.6175,-5.5325));
#1156 = DIRECTION('',(-1.,0.,0.));
#1157 = DIRECTION('',(0.,1.,0.));
#1158 = ORIENTED_EDGE('',*,*,#1159,.T.);
#1159 = EDGE_CURVE('',#1151,#1102,#1160,.T.);
#1160 = LINE('',#1161,#1162);
#1161 = CARTESIAN_POINT('',(-0.3175,-0.6175,-5.8325));
#1162 = VECTOR('',#1163,1.);
#1163 = DIRECTION('',(0.,-1.,0.));
#1164 = PLANE('',#1165);
#1165 = AXIS2_PLACEMENT_3D('',#1166,#1167,#1168);
#1166 = CARTESIAN_POINT('',(-0.3175,-1.74,0.));
#1167 = DIRECTION('',(1.,0.,0.));
#1168 = DIRECTION('',(0.,0.,-1.));
#1169 = ADVANCED_FACE('',(#1170),#1195,.F.);
#1170 = FACE_BOUND('',#1171,.F.);
#1171 = EDGE_LOOP('',(#1172,#1182,#1188,#1189));
#1172 = ORIENTED_EDGE('',*,*,#1173,.F.);
#1173 = EDGE_CURVE('',#1174,#1176,#1178,.T.);
#1174 = VERTEX_POINT('',#1175);
#1175 = CARTESIAN_POINT('',(-0.3175,-0.3175,2.25));
#1176 = VERTEX_POINT('',#1177);
#1177 = CARTESIAN_POINT('',(-0.3175,0.3175,2.25));
#1178 = LINE('',#1179,#1180);
#1179 = CARTESIAN_POINT('',(-0.3175,-0.3175,2.25));
#1180 = VECTOR('',#1181,1.);
#1181 = DIRECTION('',(0.,1.,0.));
#1182 = ORIENTED_EDGE('',*,*,#1183,.T.);
#1183 = EDGE_CURVE('',#1174,#1060,#1184,.T.);
#1184 = LINE('',#1185,#1186);
#1185 = CARTESIAN_POINT('',(-0.3175,-0.3175,2.25));
#1186 = VECTOR('',#1187,1.);
#1187 = DIRECTION('',(0.,0.,-1.));
#1188 = ORIENTED_EDGE('',*,*,#1059,.T.);
#1189 = ORIENTED_EDGE('',*,*,#1190,.T.);
#1190 = EDGE_CURVE('',#1062,#1176,#1191,.T.);
#1191 = LINE('',#1192,#1193);
#1192 = CARTESIAN_POINT('',(-0.3175,0.3175,-1.77));
#1193 = VECTOR('',#1194,1.);
#1194 = DIRECTION('',(0.,0.,1.));
#1195 = PLANE('',#1196);
#1196 = AXIS2_PLACEMENT_3D('',#1197,#1198,#1199);
#1197 = CARTESIAN_POINT('',(-0.3175,-1.74,0.));
#1198 = DIRECTION('',(1.,0.,0.));
#1199 = DIRECTION('',(0.,0.,-1.));
#1200 = ADVANCED_FACE('',(#1201),#1226,.T.);
#1201 = FACE_BOUND('',#1202,.F.);
#1202 = EDGE_LOOP('',(#1203,#1211,#1219,#1225));
#1203 = ORIENTED_EDGE('',*,*,#1204,.F.);
#1204 = EDGE_CURVE('',#1205,#1102,#1207,.T.);
#1205 = VERTEX_POINT('',#1206);
#1206 = CARTESIAN_POINT('',(-0.1675,-5.24,-5.9825));
#1207 = LINE('',#1208,#1209);
#1208 = CARTESIAN_POINT('',(-0.1675,-5.24,-5.9825));
#1209 = VECTOR('',#1210,1.);
#1210 = DIRECTION('',(-0.254456678904,0.933007822648,0.254456678904));
#1211 = ORIENTED_EDGE('',*,*,#1212,.F.);
#1212 = EDGE_CURVE('',#1213,#1205,#1215,.T.);
#1213 = VERTEX_POINT('',#1214);
#1214 = CARTESIAN_POINT('',(-0.1675,-5.24,-6.3175));
#1215 = LINE('',#1216,#1217);
#1216 = CARTESIAN_POINT('',(-0.1675,-5.24,-6.3175));
#1217 = VECTOR('',#1218,1.);
#1218 = DIRECTION('',(0.,0.,1.));
#1219 = ORIENTED_EDGE('',*,*,#1220,.T.);
#1220 = EDGE_CURVE('',#1213,#1100,#1221,.T.);
#1221 = LINE('',#1222,#1223);
#1222 = CARTESIAN_POINT('',(-0.1675,-5.24,-6.3175));
#1223 = VECTOR('',#1224,1.);
#1224 = DIRECTION('',(-0.254456678904,0.933007822648,-0.254456678904));
#1225 = ORIENTED_EDGE('',*,*,#1099,.T.);
#1226 = PLANE('',#1227);
#1227 = AXIS2_PLACEMENT_3D('',#1228,#1229,#1230);
#1228 = CARTESIAN_POINT('',(-0.2425,-4.965,-6.15));
#1229 = DIRECTION('',(-0.964763821238,-0.263117405792,0.));
#1230 = DIRECTION('',(0.263117405792,-0.964763821238,0.));
#1231 = ADVANCED_FACE('',(#1232),#1257,.T.);
#1232 = FACE_BOUND('',#1233,.F.);
#1233 = EDGE_LOOP('',(#1234,#1235,#1243,#1251));
#1234 = ORIENTED_EDGE('',*,*,#1204,.T.);
#1235 = ORIENTED_EDGE('',*,*,#1236,.F.);
#1236 = EDGE_CURVE('',#1237,#1102,#1239,.T.);
#1237 = VERTEX_POINT('',#1238);
#1238 = CARTESIAN_POINT('',(0.3175,-4.69,-5.8325));
#1239 = LINE('',#1240,#1241);
#1240 = CARTESIAN_POINT('',(0.3175,-4.69,-5.8325));
#1241 = VECTOR('',#1242,1.);
#1242 = DIRECTION('',(-1.,0.,0.));
#1243 = ORIENTED_EDGE('',*,*,#1244,.F.);
#1244 = EDGE_CURVE('',#1245,#1237,#1247,.T.);
#1245 = VERTEX_POINT('',#1246);
#1246 = CARTESIAN_POINT('',(0.1675,-5.24,-5.9825));
#1247 = LINE('',#1248,#1249);
#1248 = CARTESIAN_POINT('',(0.1675,-5.24,-5.9825));
#1249 = VECTOR('',#1250,1.);
#1250 = DIRECTION('',(0.254456678904,0.933007822648,0.254456678904));
#1251 = ORIENTED_EDGE('',*,*,#1252,.T.);
#1252 = EDGE_CURVE('',#1245,#1205,#1253,.T.);
#1253 = LINE('',#1254,#1255);
#1254 = CARTESIAN_POINT('',(0.1675,-5.24,-5.9825));
#1255 = VECTOR('',#1256,1.);
#1256 = DIRECTION('',(-1.,0.,0.));
#1257 = PLANE('',#1258);
#1258 = AXIS2_PLACEMENT_3D('',#1259,#1260,#1261);
#1259 = CARTESIAN_POINT('',(0.,-4.965,-5.9075));
#1260 = DIRECTION('',(0.,-0.263117405792,0.964763821238));
#1261 = DIRECTION('',(0.,0.964763821238,0.263117405792));
#1262 = ADVANCED_FACE('',(#1263),#1281,.T.);
#1263 = FACE_BOUND('',#1264,.F.);
#1264 = EDGE_LOOP('',(#1265,#1266,#1267,#1275));
#1265 = ORIENTED_EDGE('',*,*,#1236,.T.);
#1266 = ORIENTED_EDGE('',*,*,#1159,.F.);
#1267 = ORIENTED_EDGE('',*,*,#1268,.T.);
#1268 = EDGE_CURVE('',#1151,#1269,#1271,.T.);
#1269 = VERTEX_POINT('',#1270);
#1270 = CARTESIAN_POINT('',(0.3175,-0.6175,-5.8325));
#1271 = LINE('',#1272,#1273);
#1272 = CARTESIAN_POINT('',(-0.3175,-0.6175,-5.8325));
#1273 = VECTOR('',#1274,1.);
#1274 = DIRECTION('',(1.,0.,0.));
#1275 = ORIENTED_EDGE('',*,*,#1276,.T.);
#1276 = EDGE_CURVE('',#1269,#1237,#1277,.T.);
#1277 = LINE('',#1278,#1279);
#1278 = CARTESIAN_POINT('',(0.3175,-0.6175,-5.8325));
#1279 = VECTOR('',#1280,1.);
#1280 = DIRECTION('',(0.,-1.,0.));
#1281 = PLANE('',#1282);
#1282 = AXIS2_PLACEMENT_3D('',#1283,#1284,#1285);
#1283 = CARTESIAN_POINT('',(-0.3175,-0.6175,-5.8325));
#1284 = DIRECTION('',(0.,0.,1.));
#1285 = DIRECTION('',(0.,-1.,0.));
#1286 = ADVANCED_FACE('',(#1287),#1306,.F.);
#1287 = FACE_BOUND('',#1288,.F.);
#1288 = EDGE_LOOP('',(#1289,#1290,#1298,#1305));
#1289 = ORIENTED_EDGE('',*,*,#1150,.F.);
#1290 = ORIENTED_EDGE('',*,*,#1291,.T.);
#1291 = EDGE_CURVE('',#1143,#1292,#1294,.T.);
#1292 = VERTEX_POINT('',#1293);
#1293 = CARTESIAN_POINT('',(0.3175,-0.3175,-5.5325));
#1294 = LINE('',#1295,#1296);
#1295 = CARTESIAN_POINT('',(-0.3175,-0.3175,-5.5325));
#1296 = VECTOR('',#1297,1.);
#1297 = DIRECTION('',(1.,0.,0.));
#1298 = ORIENTED_EDGE('',*,*,#1299,.T.);
#1299 = EDGE_CURVE('',#1292,#1269,#1300,.T.);
#1300 = CIRCLE('',#1301,0.3);
#1301 = AXIS2_PLACEMENT_3D('',#1302,#1303,#1304);
#1302 = CARTESIAN_POINT('',(0.3175,-0.6175,-5.5325));
#1303 = DIRECTION('',(-1.,0.,0.));
#1304 = DIRECTION('',(0.,1.,0.));
#1305 = ORIENTED_EDGE('',*,*,#1268,.F.);
#1306 = CYLINDRICAL_SURFACE('',#1307,0.3);
#1307 = AXIS2_PLACEMENT_3D('',#1308,#1309,#1310);
#1308 = CARTESIAN_POINT('',(-0.3175,-0.6175,-5.5325));
#1309 = DIRECTION('',(1.,0.,0.));
#1310 = DIRECTION('',(0.,0.,-1.));
#1311 = ADVANCED_FACE('',(#1312),#1330,.T.);
#1312 = FACE_BOUND('',#1313,.F.);
#1313 = EDGE_LOOP('',(#1314,#1322,#1328,#1329));
#1314 = ORIENTED_EDGE('',*,*,#1315,.T.);
#1315 = EDGE_CURVE('',#1135,#1316,#1318,.T.);
#1316 = VERTEX_POINT('',#1317);
#1317 = CARTESIAN_POINT('',(0.3175,-0.3175,-4.23));
#1318 = LINE('',#1319,#1320);
#1319 = CARTESIAN_POINT('',(-0.3175,-0.3175,-4.23));
#1320 = VECTOR('',#1321,1.);
#1321 = DIRECTION('',(1.,0.,0.));
#1322 = ORIENTED_EDGE('',*,*,#1323,.T.);
#1323 = EDGE_CURVE('',#1316,#1292,#1324,.T.);
#1324 = LINE('',#1325,#1326);
#1325 = CARTESIAN_POINT('',(0.3175,-0.3175,-4.23));
#1326 = VECTOR('',#1327,1.);
#1327 = DIRECTION('',(0.,0.,-1.));
#1328 = ORIENTED_EDGE('',*,*,#1291,.F.);
#1329 = ORIENTED_EDGE('',*,*,#1142,.F.);
#1330 = PLANE('',#1331);
#1331 = AXIS2_PLACEMENT_3D('',#1332,#1333,#1334);
#1332 = CARTESIAN_POINT('',(-0.3175,-0.3175,2.8));
#1333 = DIRECTION('',(0.,-1.,0.));
#1334 = DIRECTION('',(0.,0.,-1.));
#1335 = ADVANCED_FACE('',(#1336),#1354,.T.);
#1336 = FACE_BOUND('',#1337,.F.);
#1337 = EDGE_LOOP('',(#1338,#1346,#1352,#1353));
#1338 = ORIENTED_EDGE('',*,*,#1339,.F.);
#1339 = EDGE_CURVE('',#1340,#1174,#1342,.T.);
#1340 = VERTEX_POINT('',#1341);
#1341 = CARTESIAN_POINT('',(0.3175,-0.3175,2.25));
#1342 = LINE('',#1343,#1344);
#1343 = CARTESIAN_POINT('',(0.3175,-0.3175,2.25));
#1344 = VECTOR('',#1345,1.);
#1345 = DIRECTION('',(-1.,0.,0.));
#1346 = ORIENTED_EDGE('',*,*,#1347,.T.);
#1347 = EDGE_CURVE('',#1340,#1070,#1348,.T.);
#1348 = LINE('',#1349,#1350);
#1349 = CARTESIAN_POINT('',(0.3175,-0.3175,2.25));
#1350 = VECTOR('',#1351,1.);
#1351 = DIRECTION('',(0.,0.,-1.));
#1352 = ORIENTED_EDGE('',*,*,#1069,.F.);
#1353 = ORIENTED_EDGE('',*,*,#1183,.F.);
#1354 = PLANE('',#1355);
#1355 = AXIS2_PLACEMENT_3D('',#1356,#1357,#1358);
#1356 = CARTESIAN_POINT('',(-0.3175,-0.3175,2.8));
#1357 = DIRECTION('',(0.,-1.,0.));
#1358 = DIRECTION('',(0.,0.,-1.));
#1359 = ADVANCED_FACE('',(#1360,#1371,#1405,#1439,#1457,#1491),#1525,.T.
  );
#1360 = FACE_BOUND('',#1361,.F.);
#1361 = EDGE_LOOP('',(#1362,#1363,#1364,#1370));
#1362 = ORIENTED_EDGE('',*,*,#160,.F.);
#1363 = ORIENTED_EDGE('',*,*,#652,.T.);
#1364 = ORIENTED_EDGE('',*,*,#1365,.T.);
#1365 = EDGE_CURVE('',#645,#475,#1366,.T.);
#1366 = LINE('',#1367,#1368);
#1367 = CARTESIAN_POINT('',(6.72,1.74,-4.23));
#1368 = VECTOR('',#1369,1.);
#1369 = DIRECTION('',(-1.,0.,0.));
#1370 = ORIENTED_EDGE('',*,*,#474,.F.);
#1371 = FACE_BOUND('',#1372,.F.);
#1372 = EDGE_LOOP('',(#1373,#1383,#1391,#1399));
#1373 = ORIENTED_EDGE('',*,*,#1374,.T.);
#1374 = EDGE_CURVE('',#1375,#1377,#1379,.T.);
#1375 = VERTEX_POINT('',#1376);
#1376 = CARTESIAN_POINT('',(4.6825,-0.3175,-4.23));
#1377 = VERTEX_POINT('',#1378);
#1378 = CARTESIAN_POINT('',(4.6825,0.3175,-4.23));
#1379 = LINE('',#1380,#1381);
#1380 = CARTESIAN_POINT('',(4.6825,-0.3175,-4.23));
#1381 = VECTOR('',#1382,1.);
#1382 = DIRECTION('',(0.,1.,0.));
#1383 = ORIENTED_EDGE('',*,*,#1384,.T.);
#1384 = EDGE_CURVE('',#1377,#1385,#1387,.T.);
#1385 = VERTEX_POINT('',#1386);
#1386 = CARTESIAN_POINT('',(5.3175,0.3175,-4.23));
#1387 = LINE('',#1388,#1389);
#1388 = CARTESIAN_POINT('',(4.6825,0.3175,-4.23));
#1389 = VECTOR('',#1390,1.);
#1390 = DIRECTION('',(1.,0.,0.));
#1391 = ORIENTED_EDGE('',*,*,#1392,.F.);
#1392 = EDGE_CURVE('',#1393,#1385,#1395,.T.);
#1393 = VERTEX_POINT('',#1394);
#1394 = CARTESIAN_POINT('',(5.3175,-0.3175,-4.23));
#1395 = LINE('',#1396,#1397);
#1396 = CARTESIAN_POINT('',(5.3175,-0.3175,-4.23));
#1397 = VECTOR('',#1398,1.);
#1398 = DIRECTION('',(0.,1.,0.));
#1399 = ORIENTED_EDGE('',*,*,#1400,.F.);
#1400 = EDGE_CURVE('',#1375,#1393,#1401,.T.);
#1401 = LINE('',#1402,#1403);
#1402 = CARTESIAN_POINT('',(4.6825,-0.3175,-4.23));
#1403 = VECTOR('',#1404,1.);
#1404 = DIRECTION('',(1.,0.,0.));
#1405 = FACE_BOUND('',#1406,.F.);
#1406 = EDGE_LOOP('',(#1407,#1417,#1425,#1433));
#1407 = ORIENTED_EDGE('',*,*,#1408,.T.);
#1408 = EDGE_CURVE('',#1409,#1411,#1413,.T.);
#1409 = VERTEX_POINT('',#1410);
#1410 = CARTESIAN_POINT('',(2.1825,-0.3175,-4.23));
#1411 = VERTEX_POINT('',#1412);
#1412 = CARTESIAN_POINT('',(2.1825,0.3175,-4.23));
#1413 = LINE('',#1414,#1415);
#1414 = CARTESIAN_POINT('',(2.1825,-0.3175,-4.23));
#1415 = VECTOR('',#1416,1.);
#1416 = DIRECTION('',(0.,1.,0.));
#1417 = ORIENTED_EDGE('',*,*,#1418,.T.);
#1418 = EDGE_CURVE('',#1411,#1419,#1421,.T.);
#1419 = VERTEX_POINT('',#1420);
#1420 = CARTESIAN_POINT('',(2.8175,0.3175,-4.23));
#1421 = LINE('',#1422,#1423);
#1422 = CARTESIAN_POINT('',(2.1825,0.3175,-4.23));
#1423 = VECTOR('',#1424,1.);
#1424 = DIRECTION('',(1.,0.,0.));
#1425 = ORIENTED_EDGE('',*,*,#1426,.F.);
#1426 = EDGE_CURVE('',#1427,#1419,#1429,.T.);
#1427 = VERTEX_POINT('',#1428);
#1428 = CARTESIAN_POINT('',(2.8175,-0.3175,-4.23));
#1429 = LINE('',#1430,#1431);
#1430 = CARTESIAN_POINT('',(2.8175,-0.3175,-4.23));
#1431 = VECTOR('',#1432,1.);
#1432 = DIRECTION('',(0.,1.,0.));
#1433 = ORIENTED_EDGE('',*,*,#1434,.F.);
#1434 = EDGE_CURVE('',#1409,#1427,#1435,.T.);
#1435 = LINE('',#1436,#1437);
#1436 = CARTESIAN_POINT('',(2.1825,-0.3175,-4.23));
#1437 = VECTOR('',#1438,1.);
#1438 = DIRECTION('',(1.,0.,0.));
#1439 = FACE_BOUND('',#1440,.F.);
#1440 = EDGE_LOOP('',(#1441,#1442,#1450,#1456));
#1441 = ORIENTED_EDGE('',*,*,#1134,.T.);
#1442 = ORIENTED_EDGE('',*,*,#1443,.T.);
#1443 = EDGE_CURVE('',#1127,#1444,#1446,.T.);
#1444 = VERTEX_POINT('',#1445);
#1445 = CARTESIAN_POINT('',(0.3175,0.3175,-4.23));
#1446 = LINE('',#1447,#1448);
#1447 = CARTESIAN_POINT('',(-0.3175,0.3175,-4.23));
#1448 = VECTOR('',#1449,1.);
#1449 = DIRECTION('',(1.,0.,0.));
#1450 = ORIENTED_EDGE('',*,*,#1451,.F.);
#1451 = EDGE_CURVE('',#1316,#1444,#1452,.T.);
#1452 = LINE('',#1453,#1454);
#1453 = CARTESIAN_POINT('',(0.3175,-0.3175,-4.23));
#1454 = VECTOR('',#1455,1.);
#1455 = DIRECTION('',(0.,1.,0.));
#1456 = ORIENTED_EDGE('',*,*,#1315,.F.);
#1457 = FACE_BOUND('',#1458,.F.);
#1458 = EDGE_LOOP('',(#1459,#1469,#1477,#1485));
#1459 = ORIENTED_EDGE('',*,*,#1460,.T.);
#1460 = EDGE_CURVE('',#1461,#1463,#1465,.T.);
#1461 = VERTEX_POINT('',#1462);
#1462 = CARTESIAN_POINT('',(-2.8175,-0.3175,-4.23));
#1463 = VERTEX_POINT('',#1464);
#1464 = CARTESIAN_POINT('',(-2.8175,0.3175,-4.23));
#1465 = LINE('',#1466,#1467);
#1466 = CARTESIAN_POINT('',(-2.8175,-0.3175,-4.23));
#1467 = VECTOR('',#1468,1.);
#1468 = DIRECTION('',(0.,1.,0.));
#1469 = ORIENTED_EDGE('',*,*,#1470,.T.);
#1470 = EDGE_CURVE('',#1463,#1471,#1473,.T.);
#1471 = VERTEX_POINT('',#1472);
#1472 = CARTESIAN_POINT('',(-2.1825,0.3175,-4.23));
#1473 = LINE('',#1474,#1475);
#1474 = CARTESIAN_POINT('',(-2.8175,0.3175,-4.23));
#1475 = VECTOR('',#1476,1.);
#1476 = DIRECTION('',(1.,0.,0.));
#1477 = ORIENTED_EDGE('',*,*,#1478,.F.);
#1478 = EDGE_CURVE('',#1479,#1471,#1481,.T.);
#1479 = VERTEX_POINT('',#1480);
#1480 = CARTESIAN_POINT('',(-2.1825,-0.3175,-4.23));
#1481 = LINE('',#1482,#1483);
#1482 = CARTESIAN_POINT('',(-2.1825,-0.3175,-4.23));
#1483 = VECTOR('',#1484,1.);
#1484 = DIRECTION('',(0.,1.,0.));
#1485 = ORIENTED_EDGE('',*,*,#1486,.F.);
#1486 = EDGE_CURVE('',#1461,#1479,#1487,.T.);
#1487 = LINE('',#1488,#1489);
#1488 = CARTESIAN_POINT('',(-2.8175,-0.3175,-4.23));
#1489 = VECTOR('',#1490,1.);
#1490 = DIRECTION('',(1.,0.,0.));
#1491 = FACE_BOUND('',#1492,.F.);
#1492 = EDGE_LOOP('',(#1493,#1503,#1511,#1519));
#1493 = ORIENTED_EDGE('',*,*,#1494,.T.);
#1494 = EDGE_CURVE('',#1495,#1497,#1499,.T.);
#1495 = VERTEX_POINT('',#1496);
#1496 = CARTESIAN_POINT('',(-5.3175,-0.3175,-4.23));
#1497 = VERTEX_POINT('',#1498);
#1498 = CARTESIAN_POINT('',(-5.3175,0.3175,-4.23));
#1499 = LINE('',#1500,#1501);
#1500 = CARTESIAN_POINT('',(-5.3175,-0.3175,-4.23));
#1501 = VECTOR('',#1502,1.);
#1502 = DIRECTION('',(0.,1.,0.));
#1503 = ORIENTED_EDGE('',*,*,#1504,.T.);
#1504 = EDGE_CURVE('',#1497,#1505,#1507,.T.);
#1505 = VERTEX_POINT('',#1506);
#1506 = CARTESIAN_POINT('',(-4.6825,0.3175,-4.23));
#1507 = LINE('',#1508,#1509);
#1508 = CARTESIAN_POINT('',(-5.3175,0.3175,-4.23));
#1509 = VECTOR('',#1510,1.);
#1510 = DIRECTION('',(1.,0.,0.));
#1511 = ORIENTED_EDGE('',*,*,#1512,.F.);
#1512 = EDGE_CURVE('',#1513,#1505,#1515,.T.);
#1513 = VERTEX_POINT('',#1514);
#1514 = CARTESIAN_POINT('',(-4.6825,-0.3175,-4.23));
#1515 = LINE('',#1516,#1517);
#1516 = CARTESIAN_POINT('',(-4.6825,-0.3175,-4.23));
#1517 = VECTOR('',#1518,1.);
#1518 = DIRECTION('',(0.,1.,0.));
#1519 = ORIENTED_EDGE('',*,*,#1520,.F.);
#1520 = EDGE_CURVE('',#1495,#1513,#1521,.T.);
#1521 = LINE('',#1522,#1523);
#1522 = CARTESIAN_POINT('',(-5.3175,-0.3175,-4.23));
#1523 = VECTOR('',#1524,1.);
#1524 = DIRECTION('',(1.,0.,0.));
#1525 = PLANE('',#1526);
#1526 = AXIS2_PLACEMENT_3D('',#1527,#1528,#1529);
#1527 = CARTESIAN_POINT('',(6.72,-1.74,-4.23));
#1528 = DIRECTION('',(0.,0.,-1.));
#1529 = DIRECTION('',(-1.,0.,0.));
#1530 = ADVANCED_FACE('',(#1531),#1578,.T.);
#1531 = FACE_BOUND('',#1532,.F.);
#1532 = EDGE_LOOP('',(#1533,#1543,#1552,#1558,#1559,#1560,#1561,#1562,
    #1563,#1571));
#1533 = ORIENTED_EDGE('',*,*,#1534,.F.);
#1534 = EDGE_CURVE('',#1535,#1537,#1539,.T.);
#1535 = VERTEX_POINT('',#1536);
#1536 = CARTESIAN_POINT('',(-2.35,1.74,-0.77));
#1537 = VERTEX_POINT('',#1538);
#1538 = CARTESIAN_POINT('',(2.35,1.74,-0.77));
#1539 = LINE('',#1540,#1541);
#1540 = CARTESIAN_POINT('',(-2.35,1.74,-0.77));
#1541 = VECTOR('',#1542,1.);
#1542 = DIRECTION('',(1.,0.,0.));
#1543 = ORIENTED_EDGE('',*,*,#1544,.F.);
#1544 = EDGE_CURVE('',#1545,#1535,#1547,.T.);
#1545 = VERTEX_POINT('',#1546);
#1546 = CARTESIAN_POINT('',(-2.6,1.74,-0.52));
#1547 = CIRCLE('',#1548,0.25);
#1548 = AXIS2_PLACEMENT_3D('',#1549,#1550,#1551);
#1549 = CARTESIAN_POINT('',(-2.35,1.74,-0.52));
#1550 = DIRECTION('',(0.,-1.,0.));
#1551 = DIRECTION('',(-1.,0.,0.));
#1552 = ORIENTED_EDGE('',*,*,#1553,.F.);
#1553 = EDGE_CURVE('',#860,#1545,#1554,.T.);
#1554 = LINE('',#1555,#1556);
#1555 = CARTESIAN_POINT('',(-2.6,1.74,4.23));
#1556 = VECTOR('',#1557,1.);
#1557 = DIRECTION('',(0.,0.,-1.));
#1558 = ORIENTED_EDGE('',*,*,#859,.F.);
#1559 = ORIENTED_EDGE('',*,*,#482,.F.);
#1560 = ORIENTED_EDGE('',*,*,#1365,.F.);
#1561 = ORIENTED_EDGE('',*,*,#644,.F.);
#1562 = ORIENTED_EDGE('',*,*,#850,.F.);
#1563 = ORIENTED_EDGE('',*,*,#1564,.T.);
#1564 = EDGE_CURVE('',#843,#1565,#1567,.T.);
#1565 = VERTEX_POINT('',#1566);
#1566 = CARTESIAN_POINT('',(2.6,1.74,-0.52));
#1567 = LINE('',#1568,#1569);
#1568 = CARTESIAN_POINT('',(2.6,1.74,4.23));
#1569 = VECTOR('',#1570,1.);
#1570 = DIRECTION('',(0.,0.,-1.));
#1571 = ORIENTED_EDGE('',*,*,#1572,.F.);
#1572 = EDGE_CURVE('',#1537,#1565,#1573,.T.);
#1573 = CIRCLE('',#1574,0.25);
#1574 = AXIS2_PLACEMENT_3D('',#1575,#1576,#1577);
#1575 = CARTESIAN_POINT('',(2.35,1.74,-0.52));
#1576 = DIRECTION('',(0.,-1.,0.));
#1577 = DIRECTION('',(0.,0.,-1.));
#1578 = PLANE('',#1579);
#1579 = AXIS2_PLACEMENT_3D('',#1580,#1581,#1582);
#1580 = CARTESIAN_POINT('',(0.,1.74,0.));
#1581 = DIRECTION('',(0.,1.,0.));
#1582 = DIRECTION('',(1.,0.,0.));
#1583 = ADVANCED_FACE('',(#1584),#1641,.T.);
#1584 = FACE_BOUND('',#1585,.F.);
#1585 = EDGE_LOOP('',(#1586,#1596,#1604,#1612,#1618,#1619,#1627,#1635));
#1586 = ORIENTED_EDGE('',*,*,#1587,.T.);
#1587 = EDGE_CURVE('',#1588,#1590,#1592,.T.);
#1588 = VERTEX_POINT('',#1589);
#1589 = CARTESIAN_POINT('',(1.15,3.75,-0.77));
#1590 = VERTEX_POINT('',#1591);
#1591 = CARTESIAN_POINT('',(-1.15,3.75,-0.77));
#1592 = LINE('',#1593,#1594);
#1593 = CARTESIAN_POINT('',(1.15,3.75,-0.77));
#1594 = VECTOR('',#1595,1.);
#1595 = DIRECTION('',(-1.,0.,0.));
#1596 = ORIENTED_EDGE('',*,*,#1597,.F.);
#1597 = EDGE_CURVE('',#1598,#1590,#1600,.T.);
#1598 = VERTEX_POINT('',#1599);
#1599 = CARTESIAN_POINT('',(-1.15,4.35,-0.77));
#1600 = LINE('',#1601,#1602);
#1601 = CARTESIAN_POINT('',(-1.15,4.35,-0.77));
#1602 = VECTOR('',#1603,1.);
#1603 = DIRECTION('',(0.,-1.,0.));
#1604 = ORIENTED_EDGE('',*,*,#1605,.F.);
#1605 = EDGE_CURVE('',#1606,#1598,#1608,.T.);
#1606 = VERTEX_POINT('',#1607);
#1607 = CARTESIAN_POINT('',(-2.35,4.34999999935,-0.77));
#1608 = LINE('',#1609,#1610);
#1609 = CARTESIAN_POINT('',(-2.35,4.34999999935,-0.77));
#1610 = VECTOR('',#1611,1.);
#1611 = DIRECTION('',(1.,5.412766531284E-10,0.));
#1612 = ORIENTED_EDGE('',*,*,#1613,.T.);
#1613 = EDGE_CURVE('',#1606,#1535,#1614,.T.);
#1614 = LINE('',#1615,#1616);
#1615 = CARTESIAN_POINT('',(-2.35,4.34999999935,-0.77));
#1616 = VECTOR('',#1617,1.);
#1617 = DIRECTION('',(0.,-1.,0.));
#1618 = ORIENTED_EDGE('',*,*,#1534,.T.);
#1619 = ORIENTED_EDGE('',*,*,#1620,.T.);
#1620 = EDGE_CURVE('',#1537,#1621,#1623,.T.);
#1621 = VERTEX_POINT('',#1622);
#1622 = CARTESIAN_POINT('',(2.35,4.35,-0.77));
#1623 = LINE('',#1624,#1625);
#1624 = CARTESIAN_POINT('',(2.35,1.74,-0.77));
#1625 = VECTOR('',#1626,1.);
#1626 = DIRECTION('',(0.,1.,0.));
#1627 = ORIENTED_EDGE('',*,*,#1628,.F.);
#1628 = EDGE_CURVE('',#1629,#1621,#1631,.T.);
#1629 = VERTEX_POINT('',#1630);
#1630 = CARTESIAN_POINT('',(1.15,4.35,-0.77));
#1631 = LINE('',#1632,#1633);
#1632 = CARTESIAN_POINT('',(1.15,4.35,-0.77));
#1633 = VECTOR('',#1634,1.);
#1634 = DIRECTION('',(1.,-1.082531101796E-09,0.));
#1635 = ORIENTED_EDGE('',*,*,#1636,.T.);
#1636 = EDGE_CURVE('',#1629,#1588,#1637,.T.);
#1637 = LINE('',#1638,#1639);
#1638 = CARTESIAN_POINT('',(1.15,4.35,-0.77));
#1639 = VECTOR('',#1640,1.);
#1640 = DIRECTION('',(0.,-1.,0.));
#1641 = PLANE('',#1642);
#1642 = AXIS2_PLACEMENT_3D('',#1643,#1644,#1645);
#1643 = CARTESIAN_POINT('',(-2.6,1.74,-0.77));
#1644 = DIRECTION('',(0.,0.,-1.));
#1645 = DIRECTION('',(0.,1.,0.));
#1646 = ADVANCED_FACE('',(#1647),#1672,.T.);
#1647 = FACE_BOUND('',#1648,.F.);
#1648 = EDGE_LOOP('',(#1649,#1650,#1658,#1666));
#1649 = ORIENTED_EDGE('',*,*,#1587,.F.);
#1650 = ORIENTED_EDGE('',*,*,#1651,.F.);
#1651 = EDGE_CURVE('',#1652,#1588,#1654,.T.);
#1652 = VERTEX_POINT('',#1653);
#1653 = CARTESIAN_POINT('',(1.15,3.75,-0.31));
#1654 = LINE('',#1655,#1656);
#1655 = CARTESIAN_POINT('',(1.15,3.75,-0.31));
#1656 = VECTOR('',#1657,1.);
#1657 = DIRECTION('',(0.,0.,-1.));
#1658 = ORIENTED_EDGE('',*,*,#1659,.T.);
#1659 = EDGE_CURVE('',#1652,#1660,#1662,.T.);
#1660 = VERTEX_POINT('',#1661);
#1661 = CARTESIAN_POINT('',(-1.15,3.75,-0.31));
#1662 = LINE('',#1663,#1664);
#1663 = CARTESIAN_POINT('',(1.15,3.75,-0.31));
#1664 = VECTOR('',#1665,1.);
#1665 = DIRECTION('',(-1.,0.,0.));
#1666 = ORIENTED_EDGE('',*,*,#1667,.F.);
#1667 = EDGE_CURVE('',#1590,#1660,#1668,.T.);
#1668 = LINE('',#1669,#1670);
#1669 = CARTESIAN_POINT('',(-1.15,3.75,-0.77));
#1670 = VECTOR('',#1671,1.);
#1671 = DIRECTION('',(0.,0.,1.));
#1672 = PLANE('',#1673);
#1673 = AXIS2_PLACEMENT_3D('',#1674,#1675,#1676);
#1674 = CARTESIAN_POINT('',(2.2,3.75,5.69));
#1675 = DIRECTION('',(0.,1.,0.));
#1676 = DIRECTION('',(-1.,0.,0.));
#1677 = ADVANCED_FACE('',(#1678),#1713,.F.);
#1678 = FACE_BOUND('',#1679,.F.);
#1679 = EDGE_LOOP('',(#1680,#1681,#1690,#1698,#1706,#1712));
#1680 = ORIENTED_EDGE('',*,*,#1636,.F.);
#1681 = ORIENTED_EDGE('',*,*,#1682,.T.);
#1682 = EDGE_CURVE('',#1629,#1683,#1685,.T.);
#1683 = VERTEX_POINT('',#1684);
#1684 = CARTESIAN_POINT('',(1.15,4.6,-0.52));
#1685 = CIRCLE('',#1686,0.25);
#1686 = AXIS2_PLACEMENT_3D('',#1687,#1688,#1689);
#1687 = CARTESIAN_POINT('',(1.15,4.35,-0.52));
#1688 = DIRECTION('',(1.,0.,0.));
#1689 = DIRECTION('',(0.,0.,-1.));
#1690 = ORIENTED_EDGE('',*,*,#1691,.T.);
#1691 = EDGE_CURVE('',#1683,#1692,#1694,.T.);
#1692 = VERTEX_POINT('',#1693);
#1693 = CARTESIAN_POINT('',(1.15,4.6,4.09));
#1694 = LINE('',#1695,#1696);
#1695 = CARTESIAN_POINT('',(1.15,4.6,-0.52));
#1696 = VECTOR('',#1697,1.);
#1697 = DIRECTION('',(0.,0.,1.));
#1698 = ORIENTED_EDGE('',*,*,#1699,.T.);
#1699 = EDGE_CURVE('',#1692,#1700,#1702,.T.);
#1700 = VERTEX_POINT('',#1701);
#1701 = CARTESIAN_POINT('',(1.15,3.75,4.09));
#1702 = LINE('',#1703,#1704);
#1703 = CARTESIAN_POINT('',(1.15,4.6,4.09));
#1704 = VECTOR('',#1705,1.);
#1705 = DIRECTION('',(0.,-1.,0.));
#1706 = ORIENTED_EDGE('',*,*,#1707,.F.);
#1707 = EDGE_CURVE('',#1652,#1700,#1708,.T.);
#1708 = LINE('',#1709,#1710);
#1709 = CARTESIAN_POINT('',(1.15,3.75,-0.31));
#1710 = VECTOR('',#1711,1.);
#1711 = DIRECTION('',(0.,0.,1.));
#1712 = ORIENTED_EDGE('',*,*,#1651,.T.);
#1713 = PLANE('',#1714);
#1714 = AXIS2_PLACEMENT_3D('',#1715,#1716,#1717);
#1715 = CARTESIAN_POINT('',(1.15,4.6,4.09));
#1716 = DIRECTION('',(1.,0.,0.));
#1717 = DIRECTION('',(0.,0.,-1.));
#1718 = ADVANCED_FACE('',(#1719),#1746,.T.);
#1719 = FACE_BOUND('',#1720,.T.);
#1720 = EDGE_LOOP('',(#1721,#1722,#1731,#1739));
#1721 = ORIENTED_EDGE('',*,*,#1605,.F.);
#1722 = ORIENTED_EDGE('',*,*,#1723,.F.);
#1723 = EDGE_CURVE('',#1724,#1606,#1726,.T.);
#1724 = VERTEX_POINT('',#1725);
#1725 = CARTESIAN_POINT('',(-2.35,4.6,-0.52));
#1726 = CIRCLE('',#1727,0.25);
#1727 = AXIS2_PLACEMENT_3D('',#1728,#1729,#1730);
#1728 = CARTESIAN_POINT('',(-2.35,4.35,-0.52));
#1729 = DIRECTION('',(-1.,0.,0.));
#1730 = DIRECTION('',(0.,1.,0.));
#1731 = ORIENTED_EDGE('',*,*,#1732,.T.);
#1732 = EDGE_CURVE('',#1724,#1733,#1735,.T.);
#1733 = VERTEX_POINT('',#1734);
#1734 = CARTESIAN_POINT('',(-1.15,4.6,-0.52));
#1735 = LINE('',#1736,#1737);
#1736 = CARTESIAN_POINT('',(-2.35,4.6,-0.520000000575));
#1737 = VECTOR('',#1738,1.);
#1738 = DIRECTION('',(1.,0.,4.793513734095E-10));
#1739 = ORIENTED_EDGE('',*,*,#1740,.F.);
#1740 = EDGE_CURVE('',#1598,#1733,#1741,.T.);
#1741 = CIRCLE('',#1742,0.25);
#1742 = AXIS2_PLACEMENT_3D('',#1743,#1744,#1745);
#1743 = CARTESIAN_POINT('',(-1.15,4.35,-0.52));
#1744 = DIRECTION('',(1.,0.,0.));
#1745 = DIRECTION('',(0.,0.,-1.));
#1746 = CYLINDRICAL_SURFACE('',#1747,0.25);
#1747 = AXIS2_PLACEMENT_3D('',#1748,#1749,#1750);
#1748 = CARTESIAN_POINT('',(-2.6,4.35,-0.52));
#1749 = DIRECTION('',(1.,0.,0.));
#1750 = DIRECTION('',(0.,0.,-1.));
#1751 = ADVANCED_FACE('',(#1752),#1771,.T.);
#1752 = FACE_BOUND('',#1753,.T.);
#1753 = EDGE_LOOP('',(#1754,#1762,#1769,#1770));
#1754 = ORIENTED_EDGE('',*,*,#1755,.T.);
#1755 = EDGE_CURVE('',#1683,#1756,#1758,.T.);
#1756 = VERTEX_POINT('',#1757);
#1757 = CARTESIAN_POINT('',(2.35,4.6,-0.520000000288));
#1758 = LINE('',#1759,#1760);
#1759 = CARTESIAN_POINT('',(1.15,4.6,-0.52));
#1760 = VECTOR('',#1761,1.);
#1761 = DIRECTION('',(1.,0.,-2.396817004128E-10));
#1762 = ORIENTED_EDGE('',*,*,#1763,.F.);
#1763 = EDGE_CURVE('',#1621,#1756,#1764,.T.);
#1764 = CIRCLE('',#1765,0.25);
#1765 = AXIS2_PLACEMENT_3D('',#1766,#1767,#1768);
#1766 = CARTESIAN_POINT('',(2.35,4.35,-0.52));
#1767 = DIRECTION('',(1.,0.,0.));
#1768 = DIRECTION('',(0.,0.,-1.));
#1769 = ORIENTED_EDGE('',*,*,#1628,.F.);
#1770 = ORIENTED_EDGE('',*,*,#1682,.T.);
#1771 = CYLINDRICAL_SURFACE('',#1772,0.25);
#1772 = AXIS2_PLACEMENT_3D('',#1773,#1774,#1775);
#1773 = CARTESIAN_POINT('',(-2.6,4.35,-0.52));
#1774 = DIRECTION('',(1.,0.,0.));
#1775 = DIRECTION('',(0.,0.,-1.));
#1776 = ADVANCED_FACE('',(#1777),#1804,.F.);
#1777 = FACE_BOUND('',#1778,.F.);
#1778 = EDGE_LOOP('',(#1779,#1780,#1781,#1789,#1797,#1803));
#1779 = ORIENTED_EDGE('',*,*,#1597,.T.);
#1780 = ORIENTED_EDGE('',*,*,#1667,.T.);
#1781 = ORIENTED_EDGE('',*,*,#1782,.T.);
#1782 = EDGE_CURVE('',#1660,#1783,#1785,.T.);
#1783 = VERTEX_POINT('',#1784);
#1784 = CARTESIAN_POINT('',(-1.15,3.75,4.09));
#1785 = LINE('',#1786,#1787);
#1786 = CARTESIAN_POINT('',(-1.15,3.75,-0.31));
#1787 = VECTOR('',#1788,1.);
#1788 = DIRECTION('',(0.,0.,1.));
#1789 = ORIENTED_EDGE('',*,*,#1790,.F.);
#1790 = EDGE_CURVE('',#1791,#1783,#1793,.T.);
#1791 = VERTEX_POINT('',#1792);
#1792 = CARTESIAN_POINT('',(-1.15,4.6,4.09));
#1793 = LINE('',#1794,#1795);
#1794 = CARTESIAN_POINT('',(-1.15,4.6,4.09));
#1795 = VECTOR('',#1796,1.);
#1796 = DIRECTION('',(0.,-1.,0.));
#1797 = ORIENTED_EDGE('',*,*,#1798,.F.);
#1798 = EDGE_CURVE('',#1733,#1791,#1799,.T.);
#1799 = LINE('',#1800,#1801);
#1800 = CARTESIAN_POINT('',(-1.15,4.6,-0.52));
#1801 = VECTOR('',#1802,1.);
#1802 = DIRECTION('',(0.,0.,1.));
#1803 = ORIENTED_EDGE('',*,*,#1740,.F.);
#1804 = PLANE('',#1805);
#1805 = AXIS2_PLACEMENT_3D('',#1806,#1807,#1808);
#1806 = CARTESIAN_POINT('',(-1.15,4.6,-0.77));
#1807 = DIRECTION('',(-1.,0.,0.));
#1808 = DIRECTION('',(0.,0.,1.));
#1809 = ADVANCED_FACE('',(#1810),#1876,.F.);
#1810 = FACE_BOUND('',#1811,.F.);
#1811 = EDGE_LOOP('',(#1812,#1813,#1821,#1829,#1837,#1845,#1851,#1852,
    #1861,#1869));
#1812 = ORIENTED_EDGE('',*,*,#1782,.F.);
#1813 = ORIENTED_EDGE('',*,*,#1814,.T.);
#1814 = EDGE_CURVE('',#1660,#1815,#1817,.T.);
#1815 = VERTEX_POINT('',#1816);
#1816 = CARTESIAN_POINT('',(-2.2,3.75,-0.31));
#1817 = LINE('',#1818,#1819);
#1818 = CARTESIAN_POINT('',(-1.15,3.75,-0.31));
#1819 = VECTOR('',#1820,1.);
#1820 = DIRECTION('',(-1.,0.,0.));
#1821 = ORIENTED_EDGE('',*,*,#1822,.F.);
#1822 = EDGE_CURVE('',#1823,#1815,#1825,.T.);
#1823 = VERTEX_POINT('',#1824);
#1824 = CARTESIAN_POINT('',(-2.2,3.75,5.42));
#1825 = LINE('',#1826,#1827);
#1826 = CARTESIAN_POINT('',(-2.2,3.75,5.42));
#1827 = VECTOR('',#1828,1.);
#1828 = DIRECTION('',(0.,0.,-1.));
#1829 = ORIENTED_EDGE('',*,*,#1830,.F.);
#1830 = EDGE_CURVE('',#1831,#1823,#1833,.T.);
#1831 = VERTEX_POINT('',#1832);
#1832 = CARTESIAN_POINT('',(2.2,3.75,5.42));
#1833 = LINE('',#1834,#1835);
#1834 = CARTESIAN_POINT('',(2.2,3.75,5.42));
#1835 = VECTOR('',#1836,1.);
#1836 = DIRECTION('',(-1.,0.,0.));
#1837 = ORIENTED_EDGE('',*,*,#1838,.T.);
#1838 = EDGE_CURVE('',#1831,#1839,#1841,.T.);
#1839 = VERTEX_POINT('',#1840);
#1840 = CARTESIAN_POINT('',(2.2,3.75,-0.31));
#1841 = LINE('',#1842,#1843);
#1842 = CARTESIAN_POINT('',(2.2,3.75,5.42));
#1843 = VECTOR('',#1844,1.);
#1844 = DIRECTION('',(0.,0.,-1.));
#1845 = ORIENTED_EDGE('',*,*,#1846,.T.);
#1846 = EDGE_CURVE('',#1839,#1652,#1847,.T.);
#1847 = LINE('',#1848,#1849);
#1848 = CARTESIAN_POINT('',(2.2,3.75,-0.31));
#1849 = VECTOR('',#1850,1.);
#1850 = DIRECTION('',(-1.,0.,0.));
#1851 = ORIENTED_EDGE('',*,*,#1707,.T.);
#1852 = ORIENTED_EDGE('',*,*,#1853,.F.);
#1853 = EDGE_CURVE('',#1854,#1700,#1856,.T.);
#1854 = VERTEX_POINT('',#1855);
#1855 = CARTESIAN_POINT('',(0.85,3.75,4.39));
#1856 = CIRCLE('',#1857,0.3);
#1857 = AXIS2_PLACEMENT_3D('',#1858,#1859,#1860);
#1858 = CARTESIAN_POINT('',(0.85,3.75,4.09));
#1859 = DIRECTION('',(0.,1.,0.));
#1860 = DIRECTION('',(0.,-0.,1.));
#1861 = ORIENTED_EDGE('',*,*,#1862,.F.);
#1862 = EDGE_CURVE('',#1863,#1854,#1865,.T.);
#1863 = VERTEX_POINT('',#1864);
#1864 = CARTESIAN_POINT('',(-0.85,3.75,4.39));
#1865 = LINE('',#1866,#1867);
#1866 = CARTESIAN_POINT('',(-0.85,3.75,4.39));
#1867 = VECTOR('',#1868,1.);
#1868 = DIRECTION('',(1.,0.,0.));
#1869 = ORIENTED_EDGE('',*,*,#1870,.F.);
#1870 = EDGE_CURVE('',#1783,#1863,#1871,.T.);
#1871 = CIRCLE('',#1872,0.3);
#1872 = AXIS2_PLACEMENT_3D('',#1873,#1874,#1875);
#1873 = CARTESIAN_POINT('',(-0.85,3.75,4.09));
#1874 = DIRECTION('',(0.,1.,0.));
#1875 = DIRECTION('',(-1.,0.,0.));
#1876 = PLANE('',#1877);
#1877 = AXIS2_PLACEMENT_3D('',#1878,#1879,#1880);
#1878 = CARTESIAN_POINT('',(2.2,3.75,5.69));
#1879 = DIRECTION('',(0.,1.,0.));
#1880 = DIRECTION('',(-1.,0.,0.));
#1881 = ADVANCED_FACE('',(#1882),#1941,.T.);
#1882 = FACE_BOUND('',#1883,.F.);
#1883 = EDGE_LOOP('',(#1884,#1885,#1886,#1894,#1902,#1910,#1918,#1926,
    #1934,#1940));
#1884 = ORIENTED_EDGE('',*,*,#1659,.F.);
#1885 = ORIENTED_EDGE('',*,*,#1846,.F.);
#1886 = ORIENTED_EDGE('',*,*,#1887,.F.);
#1887 = EDGE_CURVE('',#1888,#1839,#1890,.T.);
#1888 = VERTEX_POINT('',#1889);
#1889 = CARTESIAN_POINT('',(2.2,1.095,-0.31));
#1890 = LINE('',#1891,#1892);
#1891 = CARTESIAN_POINT('',(2.2,1.095,-0.31));
#1892 = VECTOR('',#1893,1.);
#1893 = DIRECTION('',(0.,1.,0.));
#1894 = ORIENTED_EDGE('',*,*,#1895,.T.);
#1895 = EDGE_CURVE('',#1888,#1896,#1898,.T.);
#1896 = VERTEX_POINT('',#1897);
#1897 = CARTESIAN_POINT('',(1.39,1.095,-0.31));
#1898 = LINE('',#1899,#1900);
#1899 = CARTESIAN_POINT('',(2.2,1.095,-0.31));
#1900 = VECTOR('',#1901,1.);
#1901 = DIRECTION('',(-1.,0.,0.));
#1902 = ORIENTED_EDGE('',*,*,#1903,.F.);
#1903 = EDGE_CURVE('',#1904,#1896,#1906,.T.);
#1904 = VERTEX_POINT('',#1905);
#1905 = CARTESIAN_POINT('',(1.39,1.37,-0.31));
#1906 = LINE('',#1907,#1908);
#1907 = CARTESIAN_POINT('',(1.39,1.37,-0.31));
#1908 = VECTOR('',#1909,1.);
#1909 = DIRECTION('',(0.,-1.,0.));
#1910 = ORIENTED_EDGE('',*,*,#1911,.F.);
#1911 = EDGE_CURVE('',#1912,#1904,#1914,.T.);
#1912 = VERTEX_POINT('',#1913);
#1913 = CARTESIAN_POINT('',(-1.39,1.37,-0.31));
#1914 = LINE('',#1915,#1916);
#1915 = CARTESIAN_POINT('',(-1.39,1.37,-0.31));
#1916 = VECTOR('',#1917,1.);
#1917 = DIRECTION('',(1.,0.,0.));
#1918 = ORIENTED_EDGE('',*,*,#1919,.F.);
#1919 = EDGE_CURVE('',#1920,#1912,#1922,.T.);
#1920 = VERTEX_POINT('',#1921);
#1921 = CARTESIAN_POINT('',(-1.39,1.095,-0.31));
#1922 = LINE('',#1923,#1924);
#1923 = CARTESIAN_POINT('',(-1.39,1.095,-0.31));
#1924 = VECTOR('',#1925,1.);
#1925 = DIRECTION('',(0.,1.,0.));
#1926 = ORIENTED_EDGE('',*,*,#1927,.F.);
#1927 = EDGE_CURVE('',#1928,#1920,#1930,.T.);
#1928 = VERTEX_POINT('',#1929);
#1929 = CARTESIAN_POINT('',(-2.2,1.095,-0.31));
#1930 = LINE('',#1931,#1932);
#1931 = CARTESIAN_POINT('',(-2.2,1.095,-0.31));
#1932 = VECTOR('',#1933,1.);
#1933 = DIRECTION('',(1.,0.,0.));
#1934 = ORIENTED_EDGE('',*,*,#1935,.F.);
#1935 = EDGE_CURVE('',#1815,#1928,#1936,.T.);
#1936 = LINE('',#1937,#1938);
#1937 = CARTESIAN_POINT('',(-2.2,3.75,-0.31));
#1938 = VECTOR('',#1939,1.);
#1939 = DIRECTION('',(0.,-1.,0.));
#1940 = ORIENTED_EDGE('',*,*,#1814,.F.);
#1941 = PLANE('',#1942);
#1942 = AXIS2_PLACEMENT_3D('',#1943,#1944,#1945);
#1943 = CARTESIAN_POINT('',(-2.6,0.,-0.31));
#1944 = DIRECTION('',(0.,0.,1.));
#1945 = DIRECTION('',(1.,0.,-0.));
#1946 = ADVANCED_FACE('',(#1947),#1964,.F.);
#1947 = FACE_BOUND('',#1948,.F.);
#1948 = EDGE_LOOP('',(#1949,#1955,#1956,#1962,#1963));
#1949 = ORIENTED_EDGE('',*,*,#1950,.T.);
#1950 = EDGE_CURVE('',#1831,#827,#1951,.T.);
#1951 = LINE('',#1952,#1953);
#1952 = CARTESIAN_POINT('',(2.2,3.75,5.42));
#1953 = VECTOR('',#1954,1.);
#1954 = DIRECTION('',(0.,-0.707106781187,-0.707106781187));
#1955 = ORIENTED_EDGE('',*,*,#826,.T.);
#1956 = ORIENTED_EDGE('',*,*,#1957,.T.);
#1957 = EDGE_CURVE('',#819,#1888,#1958,.T.);
#1958 = LINE('',#1959,#1960);
#1959 = CARTESIAN_POINT('',(2.2,1.095,4.23));
#1960 = VECTOR('',#1961,1.);
#1961 = DIRECTION('',(0.,0.,-1.));
#1962 = ORIENTED_EDGE('',*,*,#1887,.T.);
#1963 = ORIENTED_EDGE('',*,*,#1838,.F.);
#1964 = PLANE('',#1965);
#1965 = AXIS2_PLACEMENT_3D('',#1966,#1967,#1968);
#1966 = CARTESIAN_POINT('',(2.2,1.095,5.69));
#1967 = DIRECTION('',(1.,0.,0.));
#1968 = DIRECTION('',(-0.,1.,0.));
#1969 = ADVANCED_FACE('',(#1970),#2004,.T.);
#1970 = FACE_BOUND('',#1971,.F.);
#1971 = EDGE_LOOP('',(#1972,#1978,#1979,#1987,#1995,#2001,#2002,#2003));
#1972 = ORIENTED_EDGE('',*,*,#1973,.T.);
#1973 = EDGE_CURVE('',#1823,#713,#1974,.T.);
#1974 = LINE('',#1975,#1976);
#1975 = CARTESIAN_POINT('',(-2.2,3.75,5.42));
#1976 = VECTOR('',#1977,1.);
#1977 = DIRECTION('',(0.,-0.707106781187,-0.707106781187));
#1978 = ORIENTED_EDGE('',*,*,#875,.F.);
#1979 = ORIENTED_EDGE('',*,*,#1980,.F.);
#1980 = EDGE_CURVE('',#1981,#868,#1983,.T.);
#1981 = VERTEX_POINT('',#1982);
#1982 = CARTESIAN_POINT('',(-2.6,4.02,5.69));
#1983 = LINE('',#1984,#1985);
#1984 = CARTESIAN_POINT('',(-2.6,4.02,5.69));
#1985 = VECTOR('',#1986,1.);
#1986 = DIRECTION('',(0.,-0.707106781187,-0.707106781187));
#1987 = ORIENTED_EDGE('',*,*,#1988,.T.);
#1988 = EDGE_CURVE('',#1981,#1989,#1991,.T.);
#1989 = VERTEX_POINT('',#1990);
#1990 = CARTESIAN_POINT('',(2.6,4.02,5.69));
#1991 = LINE('',#1992,#1993);
#1992 = CARTESIAN_POINT('',(-2.6,4.02,5.69));
#1993 = VECTOR('',#1994,1.);
#1994 = DIRECTION('',(1.,0.,0.));
#1995 = ORIENTED_EDGE('',*,*,#1996,.T.);
#1996 = EDGE_CURVE('',#1989,#835,#1997,.T.);
#1997 = LINE('',#1998,#1999);
#1998 = CARTESIAN_POINT('',(2.6,4.02,5.69));
#1999 = VECTOR('',#2000,1.);
#2000 = DIRECTION('',(0.,-0.707106781187,-0.707106781187));
#2001 = ORIENTED_EDGE('',*,*,#834,.F.);
#2002 = ORIENTED_EDGE('',*,*,#1950,.F.);
#2003 = ORIENTED_EDGE('',*,*,#1830,.T.);
#2004 = PLANE('',#2005);
#2005 = AXIS2_PLACEMENT_3D('',#2006,#2007,#2008);
#2006 = CARTESIAN_POINT('',(-2.6,4.02,5.69));
#2007 = DIRECTION('',(0.,-0.707106781187,0.707106781187));
#2008 = DIRECTION('',(0.,-0.707106781187,-0.707106781187));
#2009 = ADVANCED_FACE('',(#2010),#2022,.F.);
#2010 = FACE_BOUND('',#2011,.F.);
#2011 = EDGE_LOOP('',(#2012,#2013,#2014,#2015,#2021));
#2012 = ORIENTED_EDGE('',*,*,#1973,.F.);
#2013 = ORIENTED_EDGE('',*,*,#1822,.T.);
#2014 = ORIENTED_EDGE('',*,*,#1935,.T.);
#2015 = ORIENTED_EDGE('',*,*,#2016,.F.);
#2016 = EDGE_CURVE('',#715,#1928,#2017,.T.);
#2017 = LINE('',#2018,#2019);
#2018 = CARTESIAN_POINT('',(-2.2,1.095,4.23));
#2019 = VECTOR('',#2020,1.);
#2020 = DIRECTION('',(0.,0.,-1.));
#2021 = ORIENTED_EDGE('',*,*,#712,.F.);
#2022 = PLANE('',#2023);
#2023 = AXIS2_PLACEMENT_3D('',#2024,#2025,#2026);
#2024 = CARTESIAN_POINT('',(-2.2,3.75,5.69));
#2025 = DIRECTION('',(-1.,0.,0.));
#2026 = DIRECTION('',(0.,-1.,0.));
#2027 = ADVANCED_FACE('',(#2028),#2055,.F.);
#2028 = FACE_BOUND('',#2029,.F.);
#2029 = EDGE_LOOP('',(#2030,#2031,#2039,#2047,#2053,#2054));
#2030 = ORIENTED_EDGE('',*,*,#1927,.T.);
#2031 = ORIENTED_EDGE('',*,*,#2032,.T.);
#2032 = EDGE_CURVE('',#1920,#2033,#2035,.T.);
#2033 = VERTEX_POINT('',#2034);
#2034 = CARTESIAN_POINT('',(-1.39,1.095,-1.77));
#2035 = LINE('',#2036,#2037);
#2036 = CARTESIAN_POINT('',(-1.39,1.095,-0.31));
#2037 = VECTOR('',#2038,1.);
#2038 = DIRECTION('',(0.,0.,-1.));
#2039 = ORIENTED_EDGE('',*,*,#2040,.T.);
#2040 = EDGE_CURVE('',#2033,#2041,#2043,.T.);
#2041 = VERTEX_POINT('',#2042);
#2042 = CARTESIAN_POINT('',(-3.61,1.095,-1.77));
#2043 = LINE('',#2044,#2045);
#2044 = CARTESIAN_POINT('',(-1.39,1.095,-1.77));
#2045 = VECTOR('',#2046,1.);
#2046 = DIRECTION('',(-1.,0.,0.));
#2047 = ORIENTED_EDGE('',*,*,#2048,.F.);
#2048 = EDGE_CURVE('',#723,#2041,#2049,.T.);
#2049 = LINE('',#2050,#2051);
#2050 = CARTESIAN_POINT('',(-3.61,1.095,4.23));
#2051 = VECTOR('',#2052,1.);
#2052 = DIRECTION('',(0.,0.,-1.));
#2053 = ORIENTED_EDGE('',*,*,#722,.F.);
#2054 = ORIENTED_EDGE('',*,*,#2016,.T.);
#2055 = PLANE('',#2056);
#2056 = AXIS2_PLACEMENT_3D('',#2057,#2058,#2059);
#2057 = CARTESIAN_POINT('',(-1.39,1.095,4.23));
#2058 = DIRECTION('',(0.,1.,0.));
#2059 = DIRECTION('',(-1.,0.,0.));
#2060 = ADVANCED_FACE('',(#2061),#2086,.F.);
#2061 = FACE_BOUND('',#2062,.F.);
#2062 = EDGE_LOOP('',(#2063,#2064,#2072,#2078,#2079,#2080));
#2063 = ORIENTED_EDGE('',*,*,#746,.T.);
#2064 = ORIENTED_EDGE('',*,*,#2065,.T.);
#2065 = EDGE_CURVE('',#739,#2066,#2068,.T.);
#2066 = VERTEX_POINT('',#2067);
#2067 = CARTESIAN_POINT('',(-1.39,-1.095,-1.77));
#2068 = LINE('',#2069,#2070);
#2069 = CARTESIAN_POINT('',(-1.39,-1.095,4.23));
#2070 = VECTOR('',#2071,1.);
#2071 = DIRECTION('',(0.,0.,-1.));
#2072 = ORIENTED_EDGE('',*,*,#2073,.T.);
#2073 = EDGE_CURVE('',#2066,#2033,#2074,.T.);
#2074 = LINE('',#2075,#2076);
#2075 = CARTESIAN_POINT('',(-1.39,-1.095,-1.77));
#2076 = VECTOR('',#2077,1.);
#2077 = DIRECTION('',(0.,1.,0.));
#2078 = ORIENTED_EDGE('',*,*,#2032,.F.);
#2079 = ORIENTED_EDGE('',*,*,#1919,.T.);
#2080 = ORIENTED_EDGE('',*,*,#2081,.F.);
#2081 = EDGE_CURVE('',#747,#1912,#2082,.T.);
#2082 = LINE('',#2083,#2084);
#2083 = CARTESIAN_POINT('',(-1.39,1.37,4.23));
#2084 = VECTOR('',#2085,1.);
#2085 = DIRECTION('',(0.,0.,-1.));
#2086 = PLANE('',#2087);
#2087 = AXIS2_PLACEMENT_3D('',#2088,#2089,#2090);
#2088 = CARTESIAN_POINT('',(-1.39,1.095,5.69));
#2089 = DIRECTION('',(1.,0.,0.));
#2090 = DIRECTION('',(-0.,1.,0.));
#2091 = ADVANCED_FACE('',(#2092),#2110,.F.);
#2092 = FACE_BOUND('',#2093,.F.);
#2093 = EDGE_LOOP('',(#2094,#2095,#2103,#2109));
#2094 = ORIENTED_EDGE('',*,*,#738,.F.);
#2095 = ORIENTED_EDGE('',*,*,#2096,.T.);
#2096 = EDGE_CURVE('',#731,#2097,#2099,.T.);
#2097 = VERTEX_POINT('',#2098);
#2098 = CARTESIAN_POINT('',(-3.61,-1.095,-1.77));
#2099 = LINE('',#2100,#2101);
#2100 = CARTESIAN_POINT('',(-3.61,-1.095,4.23));
#2101 = VECTOR('',#2102,1.);
#2102 = DIRECTION('',(0.,0.,-1.));
#2103 = ORIENTED_EDGE('',*,*,#2104,.T.);
#2104 = EDGE_CURVE('',#2097,#2066,#2105,.T.);
#2105 = LINE('',#2106,#2107);
#2106 = CARTESIAN_POINT('',(-3.61,-1.095,-1.77));
#2107 = VECTOR('',#2108,1.);
#2108 = DIRECTION('',(1.,0.,0.));
#2109 = ORIENTED_EDGE('',*,*,#2065,.F.);
#2110 = PLANE('',#2111);
#2111 = AXIS2_PLACEMENT_3D('',#2112,#2113,#2114);
#2112 = CARTESIAN_POINT('',(-3.61,-1.095,4.23));
#2113 = DIRECTION('',(0.,-1.,0.));
#2114 = DIRECTION('',(1.,0.,0.));
#2115 = ADVANCED_FACE('',(#2116),#2127,.F.);
#2116 = FACE_BOUND('',#2117,.F.);
#2117 = EDGE_LOOP('',(#2118,#2119,#2120,#2126));
#2118 = ORIENTED_EDGE('',*,*,#730,.F.);
#2119 = ORIENTED_EDGE('',*,*,#2048,.T.);
#2120 = ORIENTED_EDGE('',*,*,#2121,.T.);
#2121 = EDGE_CURVE('',#2041,#2097,#2122,.T.);
#2122 = LINE('',#2123,#2124);
#2123 = CARTESIAN_POINT('',(-3.61,1.095,-1.77));
#2124 = VECTOR('',#2125,1.);
#2125 = DIRECTION('',(0.,-1.,0.));
#2126 = ORIENTED_EDGE('',*,*,#2096,.F.);
#2127 = PLANE('',#2128);
#2128 = AXIS2_PLACEMENT_3D('',#2129,#2130,#2131);
#2129 = CARTESIAN_POINT('',(-3.61,1.095,4.23));
#2130 = DIRECTION('',(-1.,0.,0.));
#2131 = DIRECTION('',(0.,-1.,0.));
#2132 = ADVANCED_FACE('',(#2133,#2139),#2173,.T.);
#2133 = FACE_BOUND('',#2134,.F.);
#2134 = EDGE_LOOP('',(#2135,#2136,#2137,#2138));
#2135 = ORIENTED_EDGE('',*,*,#2121,.F.);
#2136 = ORIENTED_EDGE('',*,*,#2040,.F.);
#2137 = ORIENTED_EDGE('',*,*,#2073,.F.);
#2138 = ORIENTED_EDGE('',*,*,#2104,.F.);
#2139 = FACE_BOUND('',#2140,.F.);
#2140 = EDGE_LOOP('',(#2141,#2151,#2159,#2167));
#2141 = ORIENTED_EDGE('',*,*,#2142,.F.);
#2142 = EDGE_CURVE('',#2143,#2145,#2147,.T.);
#2143 = VERTEX_POINT('',#2144);
#2144 = CARTESIAN_POINT('',(-2.8175,-0.3175,-1.77));
#2145 = VERTEX_POINT('',#2146);
#2146 = CARTESIAN_POINT('',(-2.8175,0.3175,-1.77));
#2147 = LINE('',#2148,#2149);
#2148 = CARTESIAN_POINT('',(-2.8175,-0.3175,-1.77));
#2149 = VECTOR('',#2150,1.);
#2150 = DIRECTION('',(0.,1.,0.));
#2151 = ORIENTED_EDGE('',*,*,#2152,.T.);
#2152 = EDGE_CURVE('',#2143,#2153,#2155,.T.);
#2153 = VERTEX_POINT('',#2154);
#2154 = CARTESIAN_POINT('',(-2.1825,-0.3175,-1.77));
#2155 = LINE('',#2156,#2157);
#2156 = CARTESIAN_POINT('',(-2.8175,-0.3175,-1.77));
#2157 = VECTOR('',#2158,1.);
#2158 = DIRECTION('',(1.,0.,0.));
#2159 = ORIENTED_EDGE('',*,*,#2160,.T.);
#2160 = EDGE_CURVE('',#2153,#2161,#2163,.T.);
#2161 = VERTEX_POINT('',#2162);
#2162 = CARTESIAN_POINT('',(-2.1825,0.3175,-1.77));
#2163 = LINE('',#2164,#2165);
#2164 = CARTESIAN_POINT('',(-2.1825,-0.3175,-1.77));
#2165 = VECTOR('',#2166,1.);
#2166 = DIRECTION('',(0.,1.,0.));
#2167 = ORIENTED_EDGE('',*,*,#2168,.F.);
#2168 = EDGE_CURVE('',#2145,#2161,#2169,.T.);
#2169 = LINE('',#2170,#2171);
#2170 = CARTESIAN_POINT('',(-2.8175,0.3175,-1.77));
#2171 = VECTOR('',#2172,1.);
#2172 = DIRECTION('',(1.,0.,0.));
#2173 = PLANE('',#2174);
#2174 = AXIS2_PLACEMENT_3D('',#2175,#2176,#2177);
#2175 = CARTESIAN_POINT('',(0.,-1.74,-1.77));
#2176 = DIRECTION('',(0.,0.,1.));
#2177 = DIRECTION('',(1.,0.,-0.));
#2178 = ADVANCED_FACE('',(#2179),#2238,.F.);
#2179 = FACE_BOUND('',#2180,.F.);
#2180 = EDGE_LOOP('',(#2181,#2191,#2199,#2208,#2214,#2215,#2223,#2232));
#2181 = ORIENTED_EDGE('',*,*,#2182,.F.);
#2182 = EDGE_CURVE('',#2183,#2185,#2187,.T.);
#2183 = VERTEX_POINT('',#2184);
#2184 = CARTESIAN_POINT('',(-2.8175,-4.69,-6.4675));
#2185 = VERTEX_POINT('',#2186);
#2186 = CARTESIAN_POINT('',(-2.8175,-4.69,-5.8325));
#2187 = LINE('',#2188,#2189);
#2188 = CARTESIAN_POINT('',(-2.8175,-4.69,-6.4675));
#2189 = VECTOR('',#2190,1.);
#2190 = DIRECTION('',(0.,0.,1.));
#2191 = ORIENTED_EDGE('',*,*,#2192,.T.);
#2192 = EDGE_CURVE('',#2183,#2193,#2195,.T.);
#2193 = VERTEX_POINT('',#2194);
#2194 = CARTESIAN_POINT('',(-2.8175,-0.6175,-6.4675));
#2195 = LINE('',#2196,#2197);
#2196 = CARTESIAN_POINT('',(-2.8175,-4.69,-6.4675));
#2197 = VECTOR('',#2198,1.);
#2198 = DIRECTION('',(0.,1.,0.));
#2199 = ORIENTED_EDGE('',*,*,#2200,.T.);
#2200 = EDGE_CURVE('',#2193,#2201,#2203,.T.);
#2201 = VERTEX_POINT('',#2202);
#2202 = CARTESIAN_POINT('',(-2.8175,0.3175,-5.5325));
#2203 = CIRCLE('',#2204,0.935);
#2204 = AXIS2_PLACEMENT_3D('',#2205,#2206,#2207);
#2205 = CARTESIAN_POINT('',(-2.8175,-0.6175,-5.5325));
#2206 = DIRECTION('',(1.,0.,0.));
#2207 = DIRECTION('',(0.,0.,-1.));
#2208 = ORIENTED_EDGE('',*,*,#2209,.T.);
#2209 = EDGE_CURVE('',#2201,#1463,#2210,.T.);
#2210 = LINE('',#2211,#2212);
#2211 = CARTESIAN_POINT('',(-2.8175,0.3175,-5.5325));
#2212 = VECTOR('',#2213,1.);
#2213 = DIRECTION('',(0.,0.,1.));
#2214 = ORIENTED_EDGE('',*,*,#1460,.F.);
#2215 = ORIENTED_EDGE('',*,*,#2216,.T.);
#2216 = EDGE_CURVE('',#1461,#2217,#2219,.T.);
#2217 = VERTEX_POINT('',#2218);
#2218 = CARTESIAN_POINT('',(-2.8175,-0.3175,-5.5325));
#2219 = LINE('',#2220,#2221);
#2220 = CARTESIAN_POINT('',(-2.8175,-0.3175,-4.23));
#2221 = VECTOR('',#2222,1.);
#2222 = DIRECTION('',(0.,0.,-1.));
#2223 = ORIENTED_EDGE('',*,*,#2224,.T.);
#2224 = EDGE_CURVE('',#2217,#2225,#2227,.T.);
#2225 = VERTEX_POINT('',#2226);
#2226 = CARTESIAN_POINT('',(-2.8175,-0.6175,-5.8325));
#2227 = CIRCLE('',#2228,0.3);
#2228 = AXIS2_PLACEMENT_3D('',#2229,#2230,#2231);
#2229 = CARTESIAN_POINT('',(-2.8175,-0.6175,-5.5325));
#2230 = DIRECTION('',(-1.,0.,0.));
#2231 = DIRECTION('',(0.,1.,0.));
#2232 = ORIENTED_EDGE('',*,*,#2233,.T.);
#2233 = EDGE_CURVE('',#2225,#2185,#2234,.T.);
#2234 = LINE('',#2235,#2236);
#2235 = CARTESIAN_POINT('',(-2.8175,-0.6175,-5.8325));
#2236 = VECTOR('',#2237,1.);
#2237 = DIRECTION('',(0.,-1.,0.));
#2238 = PLANE('',#2239);
#2239 = AXIS2_PLACEMENT_3D('',#2240,#2241,#2242);
#2240 = CARTESIAN_POINT('',(-2.8175,-1.74,0.));
#2241 = DIRECTION('',(1.,0.,0.));
#2242 = DIRECTION('',(0.,0.,-1.));
#2243 = ADVANCED_FACE('',(#2244),#2269,.F.);
#2244 = FACE_BOUND('',#2245,.F.);
#2245 = EDGE_LOOP('',(#2246,#2256,#2262,#2263));
#2246 = ORIENTED_EDGE('',*,*,#2247,.F.);
#2247 = EDGE_CURVE('',#2248,#2250,#2252,.T.);
#2248 = VERTEX_POINT('',#2249);
#2249 = CARTESIAN_POINT('',(-2.8175,-0.3175,2.25));
#2250 = VERTEX_POINT('',#2251);
#2251 = CARTESIAN_POINT('',(-2.8175,0.3175,2.25));
#2252 = LINE('',#2253,#2254);
#2253 = CARTESIAN_POINT('',(-2.8175,-0.3175,2.25));
#2254 = VECTOR('',#2255,1.);
#2255 = DIRECTION('',(0.,1.,0.));
#2256 = ORIENTED_EDGE('',*,*,#2257,.T.);
#2257 = EDGE_CURVE('',#2248,#2143,#2258,.T.);
#2258 = LINE('',#2259,#2260);
#2259 = CARTESIAN_POINT('',(-2.8175,-0.3175,2.25));
#2260 = VECTOR('',#2261,1.);
#2261 = DIRECTION('',(0.,0.,-1.));
#2262 = ORIENTED_EDGE('',*,*,#2142,.T.);
#2263 = ORIENTED_EDGE('',*,*,#2264,.T.);
#2264 = EDGE_CURVE('',#2145,#2250,#2265,.T.);
#2265 = LINE('',#2266,#2267);
#2266 = CARTESIAN_POINT('',(-2.8175,0.3175,-1.77));
#2267 = VECTOR('',#2268,1.);
#2268 = DIRECTION('',(0.,0.,1.));
#2269 = PLANE('',#2270);
#2270 = AXIS2_PLACEMENT_3D('',#2271,#2272,#2273);
#2271 = CARTESIAN_POINT('',(-2.8175,-1.74,0.));
#2272 = DIRECTION('',(1.,0.,0.));
#2273 = DIRECTION('',(0.,0.,-1.));
#2274 = ADVANCED_FACE('',(#2275),#2300,.T.);
#2275 = FACE_BOUND('',#2276,.F.);
#2276 = EDGE_LOOP('',(#2277,#2285,#2293,#2299));
#2277 = ORIENTED_EDGE('',*,*,#2278,.F.);
#2278 = EDGE_CURVE('',#2279,#2185,#2281,.T.);
#2279 = VERTEX_POINT('',#2280);
#2280 = CARTESIAN_POINT('',(-2.6675,-5.24,-5.9825));
#2281 = LINE('',#2282,#2283);
#2282 = CARTESIAN_POINT('',(-2.6675,-5.24,-5.9825));
#2283 = VECTOR('',#2284,1.);
#2284 = DIRECTION('',(-0.254456678904,0.933007822648,0.254456678904));
#2285 = ORIENTED_EDGE('',*,*,#2286,.F.);
#2286 = EDGE_CURVE('',#2287,#2279,#2289,.T.);
#2287 = VERTEX_POINT('',#2288);
#2288 = CARTESIAN_POINT('',(-2.6675,-5.24,-6.3175));
#2289 = LINE('',#2290,#2291);
#2290 = CARTESIAN_POINT('',(-2.6675,-5.24,-6.3175));
#2291 = VECTOR('',#2292,1.);
#2292 = DIRECTION('',(0.,0.,1.));
#2293 = ORIENTED_EDGE('',*,*,#2294,.T.);
#2294 = EDGE_CURVE('',#2287,#2183,#2295,.T.);
#2295 = LINE('',#2296,#2297);
#2296 = CARTESIAN_POINT('',(-2.6675,-5.24,-6.3175));
#2297 = VECTOR('',#2298,1.);
#2298 = DIRECTION('',(-0.254456678904,0.933007822648,-0.254456678904));
#2299 = ORIENTED_EDGE('',*,*,#2182,.T.);
#2300 = PLANE('',#2301);
#2301 = AXIS2_PLACEMENT_3D('',#2302,#2303,#2304);
#2302 = CARTESIAN_POINT('',(-2.7425,-4.965,-6.15));
#2303 = DIRECTION('',(-0.964763821238,-0.263117405792,0.));
#2304 = DIRECTION('',(0.263117405792,-0.964763821238,0.));
#2305 = ADVANCED_FACE('',(#2306),#2331,.T.);
#2306 = FACE_BOUND('',#2307,.F.);
#2307 = EDGE_LOOP('',(#2308,#2309,#2317,#2325));
#2308 = ORIENTED_EDGE('',*,*,#2278,.T.);
#2309 = ORIENTED_EDGE('',*,*,#2310,.F.);
#2310 = EDGE_CURVE('',#2311,#2185,#2313,.T.);
#2311 = VERTEX_POINT('',#2312);
#2312 = CARTESIAN_POINT('',(-2.1825,-4.69,-5.8325));
#2313 = LINE('',#2314,#2315);
#2314 = CARTESIAN_POINT('',(-2.1825,-4.69,-5.8325));
#2315 = VECTOR('',#2316,1.);
#2316 = DIRECTION('',(-1.,0.,0.));
#2317 = ORIENTED_EDGE('',*,*,#2318,.F.);
#2318 = EDGE_CURVE('',#2319,#2311,#2321,.T.);
#2319 = VERTEX_POINT('',#2320);
#2320 = CARTESIAN_POINT('',(-2.3325,-5.24,-5.9825));
#2321 = LINE('',#2322,#2323);
#2322 = CARTESIAN_POINT('',(-2.3325,-5.24,-5.9825));
#2323 = VECTOR('',#2324,1.);
#2324 = DIRECTION('',(0.254456678904,0.933007822648,0.254456678904));
#2325 = ORIENTED_EDGE('',*,*,#2326,.T.);
#2326 = EDGE_CURVE('',#2319,#2279,#2327,.T.);
#2327 = LINE('',#2328,#2329);
#2328 = CARTESIAN_POINT('',(-2.3325,-5.24,-5.9825));
#2329 = VECTOR('',#2330,1.);
#2330 = DIRECTION('',(-1.,0.,0.));
#2331 = PLANE('',#2332);
#2332 = AXIS2_PLACEMENT_3D('',#2333,#2334,#2335);
#2333 = CARTESIAN_POINT('',(-2.5,-4.965,-5.9075));
#2334 = DIRECTION('',(0.,-0.263117405792,0.964763821238));
#2335 = DIRECTION('',(0.,0.964763821238,0.263117405792));
#2336 = ADVANCED_FACE('',(#2337),#2355,.T.);
#2337 = FACE_BOUND('',#2338,.F.);
#2338 = EDGE_LOOP('',(#2339,#2340,#2341,#2349));
#2339 = ORIENTED_EDGE('',*,*,#2310,.T.);
#2340 = ORIENTED_EDGE('',*,*,#2233,.F.);
#2341 = ORIENTED_EDGE('',*,*,#2342,.T.);
#2342 = EDGE_CURVE('',#2225,#2343,#2345,.T.);
#2343 = VERTEX_POINT('',#2344);
#2344 = CARTESIAN_POINT('',(-2.1825,-0.6175,-5.8325));
#2345 = LINE('',#2346,#2347);
#2346 = CARTESIAN_POINT('',(-2.8175,-0.6175,-5.8325));
#2347 = VECTOR('',#2348,1.);
#2348 = DIRECTION('',(1.,0.,0.));
#2349 = ORIENTED_EDGE('',*,*,#2350,.T.);
#2350 = EDGE_CURVE('',#2343,#2311,#2351,.T.);
#2351 = LINE('',#2352,#2353);
#2352 = CARTESIAN_POINT('',(-2.1825,-0.6175,-5.8325));
#2353 = VECTOR('',#2354,1.);
#2354 = DIRECTION('',(0.,-1.,0.));
#2355 = PLANE('',#2356);
#2356 = AXIS2_PLACEMENT_3D('',#2357,#2358,#2359);
#2357 = CARTESIAN_POINT('',(-2.8175,-0.6175,-5.8325));
#2358 = DIRECTION('',(0.,0.,1.));
#2359 = DIRECTION('',(0.,-1.,0.));
#2360 = ADVANCED_FACE('',(#2361),#2380,.F.);
#2361 = FACE_BOUND('',#2362,.F.);
#2362 = EDGE_LOOP('',(#2363,#2364,#2372,#2379));
#2363 = ORIENTED_EDGE('',*,*,#2224,.F.);
#2364 = ORIENTED_EDGE('',*,*,#2365,.T.);
#2365 = EDGE_CURVE('',#2217,#2366,#2368,.T.);
#2366 = VERTEX_POINT('',#2367);
#2367 = CARTESIAN_POINT('',(-2.1825,-0.3175,-5.5325));
#2368 = LINE('',#2369,#2370);
#2369 = CARTESIAN_POINT('',(-2.8175,-0.3175,-5.5325));
#2370 = VECTOR('',#2371,1.);
#2371 = DIRECTION('',(1.,0.,0.));
#2372 = ORIENTED_EDGE('',*,*,#2373,.T.);
#2373 = EDGE_CURVE('',#2366,#2343,#2374,.T.);
#2374 = CIRCLE('',#2375,0.3);
#2375 = AXIS2_PLACEMENT_3D('',#2376,#2377,#2378);
#2376 = CARTESIAN_POINT('',(-2.1825,-0.6175,-5.5325));
#2377 = DIRECTION('',(-1.,0.,0.));
#2378 = DIRECTION('',(0.,1.,0.));
#2379 = ORIENTED_EDGE('',*,*,#2342,.F.);
#2380 = CYLINDRICAL_SURFACE('',#2381,0.3);
#2381 = AXIS2_PLACEMENT_3D('',#2382,#2383,#2384);
#2382 = CARTESIAN_POINT('',(-2.8175,-0.6175,-5.5325));
#2383 = DIRECTION('',(1.,0.,0.));
#2384 = DIRECTION('',(0.,0.,-1.));
#2385 = ADVANCED_FACE('',(#2386),#2397,.T.);
#2386 = FACE_BOUND('',#2387,.F.);
#2387 = EDGE_LOOP('',(#2388,#2389,#2395,#2396));
#2388 = ORIENTED_EDGE('',*,*,#1486,.T.);
#2389 = ORIENTED_EDGE('',*,*,#2390,.T.);
#2390 = EDGE_CURVE('',#1479,#2366,#2391,.T.);
#2391 = LINE('',#2392,#2393);
#2392 = CARTESIAN_POINT('',(-2.1825,-0.3175,-4.23));
#2393 = VECTOR('',#2394,1.);
#2394 = DIRECTION('',(0.,0.,-1.));
#2395 = ORIENTED_EDGE('',*,*,#2365,.F.);
#2396 = ORIENTED_EDGE('',*,*,#2216,.F.);
#2397 = PLANE('',#2398);
#2398 = AXIS2_PLACEMENT_3D('',#2399,#2400,#2401);
#2399 = CARTESIAN_POINT('',(-2.8175,-0.3175,2.8));
#2400 = DIRECTION('',(0.,-1.,0.));
#2401 = DIRECTION('',(0.,0.,-1.));
#2402 = ADVANCED_FACE('',(#2403),#2421,.T.);
#2403 = FACE_BOUND('',#2404,.F.);
#2404 = EDGE_LOOP('',(#2405,#2413,#2419,#2420));
#2405 = ORIENTED_EDGE('',*,*,#2406,.F.);
#2406 = EDGE_CURVE('',#2407,#2248,#2409,.T.);
#2407 = VERTEX_POINT('',#2408);
#2408 = CARTESIAN_POINT('',(-2.1825,-0.3175,2.25));
#2409 = LINE('',#2410,#2411);
#2410 = CARTESIAN_POINT('',(-2.1825,-0.3175,2.25));
#2411 = VECTOR('',#2412,1.);
#2412 = DIRECTION('',(-1.,0.,0.));
#2413 = ORIENTED_EDGE('',*,*,#2414,.T.);
#2414 = EDGE_CURVE('',#2407,#2153,#2415,.T.);
#2415 = LINE('',#2416,#2417);
#2416 = CARTESIAN_POINT('',(-2.1825,-0.3175,2.25));
#2417 = VECTOR('',#2418,1.);
#2418 = DIRECTION('',(0.,0.,-1.));
#2419 = ORIENTED_EDGE('',*,*,#2152,.F.);
#2420 = ORIENTED_EDGE('',*,*,#2257,.F.);
#2421 = PLANE('',#2422);
#2422 = AXIS2_PLACEMENT_3D('',#2423,#2424,#2425);
#2423 = CARTESIAN_POINT('',(-2.8175,-0.3175,2.8));
#2424 = DIRECTION('',(0.,-1.,0.));
#2425 = DIRECTION('',(0.,0.,-1.));
#2426 = ADVANCED_FACE('',(#2427),#2464,.T.);
#2427 = FACE_BOUND('',#2428,.F.);
#2428 = EDGE_LOOP('',(#2429,#2437,#2438,#2439,#2440,#2441,#2449,#2458));
#2429 = ORIENTED_EDGE('',*,*,#2430,.F.);
#2430 = EDGE_CURVE('',#2311,#2431,#2433,.T.);
#2431 = VERTEX_POINT('',#2432);
#2432 = CARTESIAN_POINT('',(-2.1825,-4.69,-6.4675));
#2433 = LINE('',#2434,#2435);
#2434 = CARTESIAN_POINT('',(-2.1825,-4.69,-5.8325));
#2435 = VECTOR('',#2436,1.);
#2436 = DIRECTION('',(0.,0.,-1.));
#2437 = ORIENTED_EDGE('',*,*,#2350,.F.);
#2438 = ORIENTED_EDGE('',*,*,#2373,.F.);
#2439 = ORIENTED_EDGE('',*,*,#2390,.F.);
#2440 = ORIENTED_EDGE('',*,*,#1478,.T.);
#2441 = ORIENTED_EDGE('',*,*,#2442,.F.);
#2442 = EDGE_CURVE('',#2443,#1471,#2445,.T.);
#2443 = VERTEX_POINT('',#2444);
#2444 = CARTESIAN_POINT('',(-2.1825,0.3175,-5.5325));
#2445 = LINE('',#2446,#2447);
#2446 = CARTESIAN_POINT('',(-2.1825,0.3175,-5.5325));
#2447 = VECTOR('',#2448,1.);
#2448 = DIRECTION('',(0.,0.,1.));
#2449 = ORIENTED_EDGE('',*,*,#2450,.F.);
#2450 = EDGE_CURVE('',#2451,#2443,#2453,.T.);
#2451 = VERTEX_POINT('',#2452);
#2452 = CARTESIAN_POINT('',(-2.1825,-0.6175,-6.4675));
#2453 = CIRCLE('',#2454,0.935);
#2454 = AXIS2_PLACEMENT_3D('',#2455,#2456,#2457);
#2455 = CARTESIAN_POINT('',(-2.1825,-0.6175,-5.5325));
#2456 = DIRECTION('',(1.,0.,0.));
#2457 = DIRECTION('',(0.,0.,-1.));
#2458 = ORIENTED_EDGE('',*,*,#2459,.F.);
#2459 = EDGE_CURVE('',#2431,#2451,#2460,.T.);
#2460 = LINE('',#2461,#2462);
#2461 = CARTESIAN_POINT('',(-2.1825,-4.69,-6.4675));
#2462 = VECTOR('',#2463,1.);
#2463 = DIRECTION('',(0.,1.,0.));
#2464 = PLANE('',#2465);
#2465 = AXIS2_PLACEMENT_3D('',#2466,#2467,#2468);
#2466 = CARTESIAN_POINT('',(-2.1825,-1.74,0.));
#2467 = DIRECTION('',(1.,0.,0.));
#2468 = DIRECTION('',(0.,0.,-1.));
#2469 = ADVANCED_FACE('',(#2470),#2488,.T.);
#2470 = FACE_BOUND('',#2471,.F.);
#2471 = EDGE_LOOP('',(#2472,#2480,#2486,#2487));
#2472 = ORIENTED_EDGE('',*,*,#2473,.F.);
#2473 = EDGE_CURVE('',#2474,#2407,#2476,.T.);
#2474 = VERTEX_POINT('',#2475);
#2475 = CARTESIAN_POINT('',(-2.1825,0.3175,2.25));
#2476 = LINE('',#2477,#2478);
#2477 = CARTESIAN_POINT('',(-2.1825,0.3175,2.25));
#2478 = VECTOR('',#2479,1.);
#2479 = DIRECTION('',(0.,-1.,0.));
#2480 = ORIENTED_EDGE('',*,*,#2481,.F.);
#2481 = EDGE_CURVE('',#2161,#2474,#2482,.T.);
#2482 = LINE('',#2483,#2484);
#2483 = CARTESIAN_POINT('',(-2.1825,0.3175,-1.77));
#2484 = VECTOR('',#2485,1.);
#2485 = DIRECTION('',(0.,0.,1.));
#2486 = ORIENTED_EDGE('',*,*,#2160,.F.);
#2487 = ORIENTED_EDGE('',*,*,#2414,.F.);
#2488 = PLANE('',#2489);
#2489 = AXIS2_PLACEMENT_3D('',#2490,#2491,#2492);
#2490 = CARTESIAN_POINT('',(-2.1825,-1.74,0.));
#2491 = DIRECTION('',(1.,0.,0.));
#2492 = DIRECTION('',(0.,0.,-1.));
#2493 = ADVANCED_FACE('',(#2494),#2512,.T.);
#2494 = FACE_BOUND('',#2495,.F.);
#2495 = EDGE_LOOP('',(#2496,#2497,#2498,#2506));
#2496 = ORIENTED_EDGE('',*,*,#2318,.T.);
#2497 = ORIENTED_EDGE('',*,*,#2430,.T.);
#2498 = ORIENTED_EDGE('',*,*,#2499,.T.);
#2499 = EDGE_CURVE('',#2431,#2500,#2502,.T.);
#2500 = VERTEX_POINT('',#2501);
#2501 = CARTESIAN_POINT('',(-2.3325,-5.24,-6.3175));
#2502 = LINE('',#2503,#2504);
#2503 = CARTESIAN_POINT('',(-2.1825,-4.69,-6.4675));
#2504 = VECTOR('',#2505,1.);
#2505 = DIRECTION('',(-0.254456678904,-0.933007822648,0.254456678904));
#2506 = ORIENTED_EDGE('',*,*,#2507,.F.);
#2507 = EDGE_CURVE('',#2319,#2500,#2508,.T.);
#2508 = LINE('',#2509,#2510);
#2509 = CARTESIAN_POINT('',(-2.3325,-5.24,-5.9825));
#2510 = VECTOR('',#2511,1.);
#2511 = DIRECTION('',(0.,0.,-1.));
#2512 = PLANE('',#2513);
#2513 = AXIS2_PLACEMENT_3D('',#2514,#2515,#2516);
#2514 = CARTESIAN_POINT('',(-2.2575,-4.965,-6.15));
#2515 = DIRECTION('',(0.964763821238,-0.263117405792,0.));
#2516 = DIRECTION('',(-0.263117405792,-0.964763821238,0.));
#2517 = ADVANCED_FACE('',(#2518),#2534,.T.);
#2518 = FACE_BOUND('',#2519,.F.);
#2519 = EDGE_LOOP('',(#2520,#2521,#2527,#2528));
#2520 = ORIENTED_EDGE('',*,*,#2294,.F.);
#2521 = ORIENTED_EDGE('',*,*,#2522,.F.);
#2522 = EDGE_CURVE('',#2500,#2287,#2523,.T.);
#2523 = LINE('',#2524,#2525);
#2524 = CARTESIAN_POINT('',(-2.3325,-5.24,-6.3175));
#2525 = VECTOR('',#2526,1.);
#2526 = DIRECTION('',(-1.,0.,0.));
#2527 = ORIENTED_EDGE('',*,*,#2499,.F.);
#2528 = ORIENTED_EDGE('',*,*,#2529,.T.);
#2529 = EDGE_CURVE('',#2431,#2183,#2530,.T.);
#2530 = LINE('',#2531,#2532);
#2531 = CARTESIAN_POINT('',(-2.1825,-4.69,-6.4675));
#2532 = VECTOR('',#2533,1.);
#2533 = DIRECTION('',(-1.,0.,0.));
#2534 = PLANE('',#2535);
#2535 = AXIS2_PLACEMENT_3D('',#2536,#2537,#2538);
#2536 = CARTESIAN_POINT('',(-2.5,-4.965,-6.3925));
#2537 = DIRECTION('',(0.,-0.263117405792,-0.964763821238));
#2538 = DIRECTION('',(0.,-0.964763821238,0.263117405792));
#2539 = ADVANCED_FACE('',(#2540),#2546,.T.);
#2540 = FACE_BOUND('',#2541,.F.);
#2541 = EDGE_LOOP('',(#2542,#2543,#2544,#2545));
#2542 = ORIENTED_EDGE('',*,*,#2522,.T.);
#2543 = ORIENTED_EDGE('',*,*,#2286,.T.);
#2544 = ORIENTED_EDGE('',*,*,#2326,.F.);
#2545 = ORIENTED_EDGE('',*,*,#2507,.T.);
#2546 = PLANE('',#2547);
#2547 = AXIS2_PLACEMENT_3D('',#2548,#2549,#2550);
#2548 = CARTESIAN_POINT('',(-2.8175,-5.24,-5.8325));
#2549 = DIRECTION('',(0.,-1.,0.));
#2550 = DIRECTION('',(0.,0.,-1.));
#2551 = ADVANCED_FACE('',(#2552),#2563,.T.);
#2552 = FACE_BOUND('',#2553,.F.);
#2553 = EDGE_LOOP('',(#2554,#2555,#2556,#2562));
#2554 = ORIENTED_EDGE('',*,*,#2529,.F.);
#2555 = ORIENTED_EDGE('',*,*,#2459,.T.);
#2556 = ORIENTED_EDGE('',*,*,#2557,.F.);
#2557 = EDGE_CURVE('',#2193,#2451,#2558,.T.);
#2558 = LINE('',#2559,#2560);
#2559 = CARTESIAN_POINT('',(-2.8175,-0.6175,-6.4675));
#2560 = VECTOR('',#2561,1.);
#2561 = DIRECTION('',(1.,0.,0.));
#2562 = ORIENTED_EDGE('',*,*,#2192,.F.);
#2563 = PLANE('',#2564);
#2564 = AXIS2_PLACEMENT_3D('',#2565,#2566,#2567);
#2565 = CARTESIAN_POINT('',(-2.8175,-5.24,-6.4675));
#2566 = DIRECTION('',(0.,0.,-1.));
#2567 = DIRECTION('',(0.,1.,0.));
#2568 = ADVANCED_FACE('',(#2569),#2580,.T.);
#2569 = FACE_BOUND('',#2570,.T.);
#2570 = EDGE_LOOP('',(#2571,#2577,#2578,#2579));
#2571 = ORIENTED_EDGE('',*,*,#2572,.T.);
#2572 = EDGE_CURVE('',#2201,#2443,#2573,.T.);
#2573 = LINE('',#2574,#2575);
#2574 = CARTESIAN_POINT('',(-2.8175,0.3175,-5.5325));
#2575 = VECTOR('',#2576,1.);
#2576 = DIRECTION('',(1.,0.,0.));
#2577 = ORIENTED_EDGE('',*,*,#2450,.F.);
#2578 = ORIENTED_EDGE('',*,*,#2557,.F.);
#2579 = ORIENTED_EDGE('',*,*,#2200,.T.);
#2580 = CYLINDRICAL_SURFACE('',#2581,0.935);
#2581 = AXIS2_PLACEMENT_3D('',#2582,#2583,#2584);
#2582 = CARTESIAN_POINT('',(-2.8175,-0.6175,-5.5325));
#2583 = DIRECTION('',(1.,0.,0.));
#2584 = DIRECTION('',(0.,0.,-1.));
#2585 = ADVANCED_FACE('',(#2586),#2592,.T.);
#2586 = FACE_BOUND('',#2587,.F.);
#2587 = EDGE_LOOP('',(#2588,#2589,#2590,#2591));
#2588 = ORIENTED_EDGE('',*,*,#1470,.F.);
#2589 = ORIENTED_EDGE('',*,*,#2209,.F.);
#2590 = ORIENTED_EDGE('',*,*,#2572,.T.);
#2591 = ORIENTED_EDGE('',*,*,#2442,.T.);
#2592 = PLANE('',#2593);
#2593 = AXIS2_PLACEMENT_3D('',#2594,#2595,#2596);
#2594 = CARTESIAN_POINT('',(-2.8175,0.3175,-5.5325));
#2595 = DIRECTION('',(0.,1.,0.));
#2596 = DIRECTION('',(0.,-0.,1.));
#2597 = ADVANCED_FACE('',(#2598),#2609,.T.);
#2598 = FACE_BOUND('',#2599,.F.);
#2599 = EDGE_LOOP('',(#2600,#2606,#2607,#2608));
#2600 = ORIENTED_EDGE('',*,*,#2601,.T.);
#2601 = EDGE_CURVE('',#2474,#2250,#2602,.T.);
#2602 = LINE('',#2603,#2604);
#2603 = CARTESIAN_POINT('',(-2.1825,0.3175,2.25));
#2604 = VECTOR('',#2605,1.);
#2605 = DIRECTION('',(-1.,0.,0.));
#2606 = ORIENTED_EDGE('',*,*,#2264,.F.);
#2607 = ORIENTED_EDGE('',*,*,#2168,.T.);
#2608 = ORIENTED_EDGE('',*,*,#2481,.T.);
#2609 = PLANE('',#2610);
#2610 = AXIS2_PLACEMENT_3D('',#2611,#2612,#2613);
#2611 = CARTESIAN_POINT('',(-2.8175,0.3175,-5.5325));
#2612 = DIRECTION('',(0.,1.,0.));
#2613 = DIRECTION('',(0.,-0.,1.));
#2614 = ADVANCED_FACE('',(#2615),#2640,.T.);
#2615 = FACE_BOUND('',#2616,.F.);
#2616 = EDGE_LOOP('',(#2617,#2625,#2626,#2634));
#2617 = ORIENTED_EDGE('',*,*,#2618,.F.);
#2618 = EDGE_CURVE('',#2250,#2619,#2621,.T.);
#2619 = VERTEX_POINT('',#2620);
#2620 = CARTESIAN_POINT('',(-2.6675,0.1675,2.8));
#2621 = LINE('',#2622,#2623);
#2622 = CARTESIAN_POINT('',(-2.8175,0.3175,2.25));
#2623 = VECTOR('',#2624,1.);
#2624 = DIRECTION('',(0.254456678904,-0.254456678904,0.933007822648));
#2625 = ORIENTED_EDGE('',*,*,#2601,.F.);
#2626 = ORIENTED_EDGE('',*,*,#2627,.F.);
#2627 = EDGE_CURVE('',#2628,#2474,#2630,.T.);
#2628 = VERTEX_POINT('',#2629);
#2629 = CARTESIAN_POINT('',(-2.3325,0.1675,2.8));
#2630 = LINE('',#2631,#2632);
#2631 = CARTESIAN_POINT('',(-2.3325,0.1675,2.8));
#2632 = VECTOR('',#2633,1.);
#2633 = DIRECTION('',(0.254456678904,0.254456678904,-0.933007822648));
#2634 = ORIENTED_EDGE('',*,*,#2635,.T.);
#2635 = EDGE_CURVE('',#2628,#2619,#2636,.T.);
#2636 = LINE('',#2637,#2638);
#2637 = CARTESIAN_POINT('',(-2.3325,0.1675,2.8));
#2638 = VECTOR('',#2639,1.);
#2639 = DIRECTION('',(-1.,0.,0.));
#2640 = PLANE('',#2641);
#2641 = AXIS2_PLACEMENT_3D('',#2642,#2643,#2644);
#2642 = CARTESIAN_POINT('',(-2.5,0.2425,2.525));
#2643 = DIRECTION('',(0.,0.964763821238,0.263117405792));
#2644 = DIRECTION('',(0.,0.263117405792,-0.964763821238));
#2645 = ADVANCED_FACE('',(#2646),#2664,.T.);
#2646 = FACE_BOUND('',#2647,.F.);
#2647 = EDGE_LOOP('',(#2648,#2656,#2657,#2658));
#2648 = ORIENTED_EDGE('',*,*,#2649,.T.);
#2649 = EDGE_CURVE('',#2650,#2248,#2652,.T.);
#2650 = VERTEX_POINT('',#2651);
#2651 = CARTESIAN_POINT('',(-2.6675,-0.1675,2.8));
#2652 = LINE('',#2653,#2654);
#2653 = CARTESIAN_POINT('',(-2.6675,-0.1675,2.8));
#2654 = VECTOR('',#2655,1.);
#2655 = DIRECTION('',(-0.254456678904,-0.254456678904,-0.933007822648));
#2656 = ORIENTED_EDGE('',*,*,#2247,.T.);
#2657 = ORIENTED_EDGE('',*,*,#2618,.T.);
#2658 = ORIENTED_EDGE('',*,*,#2659,.F.);
#2659 = EDGE_CURVE('',#2650,#2619,#2660,.T.);
#2660 = LINE('',#2661,#2662);
#2661 = CARTESIAN_POINT('',(-2.6675,-0.1675,2.8));
#2662 = VECTOR('',#2663,1.);
#2663 = DIRECTION('',(0.,1.,0.));
#2664 = PLANE('',#2665);
#2665 = AXIS2_PLACEMENT_3D('',#2666,#2667,#2668);
#2666 = CARTESIAN_POINT('',(-2.7425,0.,2.525));
#2667 = DIRECTION('',(-0.964763821238,0.,0.263117405792));
#2668 = DIRECTION('',(0.263117405792,0.,0.964763821238));
#2669 = ADVANCED_FACE('',(#2670),#2688,.T.);
#2670 = FACE_BOUND('',#2671,.F.);
#2671 = EDGE_LOOP('',(#2672,#2673,#2681,#2687));
#2672 = ORIENTED_EDGE('',*,*,#2649,.F.);
#2673 = ORIENTED_EDGE('',*,*,#2674,.F.);
#2674 = EDGE_CURVE('',#2675,#2650,#2677,.T.);
#2675 = VERTEX_POINT('',#2676);
#2676 = CARTESIAN_POINT('',(-2.3325,-0.1675,2.8));
#2677 = LINE('',#2678,#2679);
#2678 = CARTESIAN_POINT('',(-2.3325,-0.1675,2.8));
#2679 = VECTOR('',#2680,1.);
#2680 = DIRECTION('',(-1.,0.,0.));
#2681 = ORIENTED_EDGE('',*,*,#2682,.F.);
#2682 = EDGE_CURVE('',#2407,#2675,#2683,.T.);
#2683 = LINE('',#2684,#2685);
#2684 = CARTESIAN_POINT('',(-2.1825,-0.3175,2.25));
#2685 = VECTOR('',#2686,1.);
#2686 = DIRECTION('',(-0.254456678904,0.254456678904,0.933007822648));
#2687 = ORIENTED_EDGE('',*,*,#2406,.T.);
#2688 = PLANE('',#2689);
#2689 = AXIS2_PLACEMENT_3D('',#2690,#2691,#2692);
#2690 = CARTESIAN_POINT('',(-2.5,-0.2425,2.525));
#2691 = DIRECTION('',(0.,-0.964763821238,0.263117405792));
#2692 = DIRECTION('',(0.,0.263117405792,0.964763821238));
#2693 = ADVANCED_FACE('',(#2694),#2705,.T.);
#2694 = FACE_BOUND('',#2695,.F.);
#2695 = EDGE_LOOP('',(#2696,#2697,#2703,#2704));
#2696 = ORIENTED_EDGE('',*,*,#2635,.F.);
#2697 = ORIENTED_EDGE('',*,*,#2698,.T.);
#2698 = EDGE_CURVE('',#2628,#2675,#2699,.T.);
#2699 = LINE('',#2700,#2701);
#2700 = CARTESIAN_POINT('',(-2.3325,0.1675,2.8));
#2701 = VECTOR('',#2702,1.);
#2702 = DIRECTION('',(0.,-1.,0.));
#2703 = ORIENTED_EDGE('',*,*,#2674,.T.);
#2704 = ORIENTED_EDGE('',*,*,#2659,.T.);
#2705 = PLANE('',#2706);
#2706 = AXIS2_PLACEMENT_3D('',#2707,#2708,#2709);
#2707 = CARTESIAN_POINT('',(-2.8175,0.3175,2.8));
#2708 = DIRECTION('',(0.,0.,1.));
#2709 = DIRECTION('',(0.,-1.,0.));
#2710 = ADVANCED_FACE('',(#2711),#2717,.T.);
#2711 = FACE_BOUND('',#2712,.F.);
#2712 = EDGE_LOOP('',(#2713,#2714,#2715,#2716));
#2713 = ORIENTED_EDGE('',*,*,#2682,.T.);
#2714 = ORIENTED_EDGE('',*,*,#2698,.F.);
#2715 = ORIENTED_EDGE('',*,*,#2627,.T.);
#2716 = ORIENTED_EDGE('',*,*,#2473,.T.);
#2717 = PLANE('',#2718);
#2718 = AXIS2_PLACEMENT_3D('',#2719,#2720,#2721);
#2719 = CARTESIAN_POINT('',(-2.2575,0.,2.525));
#2720 = DIRECTION('',(0.964763821238,0.,0.263117405792));
#2721 = DIRECTION('',(-0.263117405792,0.,0.964763821238));
#2722 = ADVANCED_FACE('',(#2723),#2734,.F.);
#2723 = FACE_BOUND('',#2724,.F.);
#2724 = EDGE_LOOP('',(#2725,#2726,#2727,#2728));
#2725 = ORIENTED_EDGE('',*,*,#754,.F.);
#2726 = ORIENTED_EDGE('',*,*,#2081,.T.);
#2727 = ORIENTED_EDGE('',*,*,#1911,.T.);
#2728 = ORIENTED_EDGE('',*,*,#2729,.F.);
#2729 = EDGE_CURVE('',#755,#1904,#2730,.T.);
#2730 = LINE('',#2731,#2732);
#2731 = CARTESIAN_POINT('',(1.39,1.37,4.23));
#2732 = VECTOR('',#2733,1.);
#2733 = DIRECTION('',(0.,0.,-1.));
#2734 = PLANE('',#2735);
#2735 = AXIS2_PLACEMENT_3D('',#2736,#2737,#2738);
#2736 = CARTESIAN_POINT('',(-1.39,1.37,5.69));
#2737 = DIRECTION('',(0.,-1.,0.));
#2738 = DIRECTION('',(1.,0.,0.));
#2739 = ADVANCED_FACE('',(#2740),#2767,.F.);
#2740 = FACE_BOUND('',#2741,.F.);
#2741 = EDGE_LOOP('',(#2742,#2743,#2751,#2759,#2765,#2766));
#2742 = ORIENTED_EDGE('',*,*,#1903,.T.);
#2743 = ORIENTED_EDGE('',*,*,#2744,.T.);
#2744 = EDGE_CURVE('',#1896,#2745,#2747,.T.);
#2745 = VERTEX_POINT('',#2746);
#2746 = CARTESIAN_POINT('',(1.39,1.095,-1.77));
#2747 = LINE('',#2748,#2749);
#2748 = CARTESIAN_POINT('',(1.39,1.095,-0.31));
#2749 = VECTOR('',#2750,1.);
#2750 = DIRECTION('',(0.,0.,-1.));
#2751 = ORIENTED_EDGE('',*,*,#2752,.T.);
#2752 = EDGE_CURVE('',#2745,#2753,#2755,.T.);
#2753 = VERTEX_POINT('',#2754);
#2754 = CARTESIAN_POINT('',(1.39,-1.095,-1.77));
#2755 = LINE('',#2756,#2757);
#2756 = CARTESIAN_POINT('',(1.39,1.095,-1.77));
#2757 = VECTOR('',#2758,1.);
#2758 = DIRECTION('',(0.,-1.,0.));
#2759 = ORIENTED_EDGE('',*,*,#2760,.F.);
#2760 = EDGE_CURVE('',#763,#2753,#2761,.T.);
#2761 = LINE('',#2762,#2763);
#2762 = CARTESIAN_POINT('',(1.39,-1.095,4.23));
#2763 = VECTOR('',#2764,1.);
#2764 = DIRECTION('',(0.,0.,-1.));
#2765 = ORIENTED_EDGE('',*,*,#762,.T.);
#2766 = ORIENTED_EDGE('',*,*,#2729,.T.);
#2767 = PLANE('',#2768);
#2768 = AXIS2_PLACEMENT_3D('',#2769,#2770,#2771);
#2769 = CARTESIAN_POINT('',(1.39,1.37,5.69));
#2770 = DIRECTION('',(-1.,0.,0.));
#2771 = DIRECTION('',(0.,-1.,0.));
#2772 = ADVANCED_FACE('',(#2773),#2793,.F.);
#2773 = FACE_BOUND('',#2774,.F.);
#2774 = EDGE_LOOP('',(#2775,#2776,#2777,#2778,#2786,#2792));
#2775 = ORIENTED_EDGE('',*,*,#1895,.F.);
#2776 = ORIENTED_EDGE('',*,*,#1957,.F.);
#2777 = ORIENTED_EDGE('',*,*,#818,.F.);
#2778 = ORIENTED_EDGE('',*,*,#2779,.T.);
#2779 = EDGE_CURVE('',#811,#2780,#2782,.T.);
#2780 = VERTEX_POINT('',#2781);
#2781 = CARTESIAN_POINT('',(3.61,1.095,-1.77));
#2782 = LINE('',#2783,#2784);
#2783 = CARTESIAN_POINT('',(3.61,1.095,4.23));
#2784 = VECTOR('',#2785,1.);
#2785 = DIRECTION('',(0.,0.,-1.));
#2786 = ORIENTED_EDGE('',*,*,#2787,.T.);
#2787 = EDGE_CURVE('',#2780,#2745,#2788,.T.);
#2788 = LINE('',#2789,#2790);
#2789 = CARTESIAN_POINT('',(3.61,1.095,-1.77));
#2790 = VECTOR('',#2791,1.);
#2791 = DIRECTION('',(-1.,0.,0.));
#2792 = ORIENTED_EDGE('',*,*,#2744,.F.);
#2793 = PLANE('',#2794);
#2794 = AXIS2_PLACEMENT_3D('',#2795,#2796,#2797);
#2795 = CARTESIAN_POINT('',(3.61,1.095,4.23));
#2796 = DIRECTION('',(0.,1.,0.));
#2797 = DIRECTION('',(-1.,0.,0.));
#2798 = ADVANCED_FACE('',(#2799),#2841,.F.);
#2799 = FACE_BOUND('',#2800,.F.);
#2800 = EDGE_LOOP('',(#2801,#2811,#2819,#2825,#2826,#2827,#2835));
#2801 = ORIENTED_EDGE('',*,*,#2802,.F.);
#2802 = EDGE_CURVE('',#2803,#2805,#2807,.T.);
#2803 = VERTEX_POINT('',#2804);
#2804 = CARTESIAN_POINT('',(3.61,-1.095,-7.E-02));
#2805 = VERTEX_POINT('',#2806);
#2806 = CARTESIAN_POINT('',(3.61,-0.385,-7.E-02));
#2807 = LINE('',#2808,#2809);
#2808 = CARTESIAN_POINT('',(3.61,-1.095,-7.E-02));
#2809 = VECTOR('',#2810,1.);
#2810 = DIRECTION('',(0.,1.,0.));
#2811 = ORIENTED_EDGE('',*,*,#2812,.T.);
#2812 = EDGE_CURVE('',#2803,#2813,#2815,.T.);
#2813 = VERTEX_POINT('',#2814);
#2814 = CARTESIAN_POINT('',(3.61,-1.095,-1.77));
#2815 = LINE('',#2816,#2817);
#2816 = CARTESIAN_POINT('',(3.61,-1.095,-7.E-02));
#2817 = VECTOR('',#2818,1.);
#2818 = DIRECTION('',(0.,0.,-1.));
#2819 = ORIENTED_EDGE('',*,*,#2820,.T.);
#2820 = EDGE_CURVE('',#2813,#2780,#2821,.T.);
#2821 = LINE('',#2822,#2823);
#2822 = CARTESIAN_POINT('',(3.61,-1.095,-1.77));
#2823 = VECTOR('',#2824,1.);
#2824 = DIRECTION('',(0.,1.,0.));
#2825 = ORIENTED_EDGE('',*,*,#2779,.F.);
#2826 = ORIENTED_EDGE('',*,*,#810,.F.);
#2827 = ORIENTED_EDGE('',*,*,#2828,.F.);
#2828 = EDGE_CURVE('',#2829,#803,#2831,.T.);
#2829 = VERTEX_POINT('',#2830);
#2830 = CARTESIAN_POINT('',(3.61,-0.385,3.63));
#2831 = LINE('',#2832,#2833);
#2832 = CARTESIAN_POINT('',(3.61,-0.385,3.63));
#2833 = VECTOR('',#2834,1.);
#2834 = DIRECTION('',(0.,0.707106781187,0.707106781187));
#2835 = ORIENTED_EDGE('',*,*,#2836,.F.);
#2836 = EDGE_CURVE('',#2805,#2829,#2837,.T.);
#2837 = LINE('',#2838,#2839);
#2838 = CARTESIAN_POINT('',(3.61,-0.385,-7.E-02));
#2839 = VECTOR('',#2840,1.);
#2840 = DIRECTION('',(0.,0.,1.));
#2841 = PLANE('',#2842);
#2842 = AXIS2_PLACEMENT_3D('',#2843,#2844,#2845);
#2843 = CARTESIAN_POINT('',(3.61,-1.095,4.23));
#2844 = DIRECTION('',(1.,0.,0.));
#2845 = DIRECTION('',(-0.,1.,0.));
#2846 = ADVANCED_FACE('',(#2847),#2872,.F.);
#2847 = FACE_BOUND('',#2848,.F.);
#2848 = EDGE_LOOP('',(#2849,#2859,#2865,#2866));
#2849 = ORIENTED_EDGE('',*,*,#2850,.F.);
#2850 = EDGE_CURVE('',#2851,#2853,#2855,.T.);
#2851 = VERTEX_POINT('',#2852);
#2852 = CARTESIAN_POINT('',(3.89,-1.095,-7.E-02));
#2853 = VERTEX_POINT('',#2854);
#2854 = CARTESIAN_POINT('',(3.89,-0.385,-7.E-02));
#2855 = LINE('',#2856,#2857);
#2856 = CARTESIAN_POINT('',(3.89,-1.095,-7.E-02));
#2857 = VECTOR('',#2858,1.);
#2858 = DIRECTION('',(0.,1.,0.));
#2859 = ORIENTED_EDGE('',*,*,#2860,.T.);
#2860 = EDGE_CURVE('',#2851,#2803,#2861,.T.);
#2861 = LINE('',#2862,#2863);
#2862 = CARTESIAN_POINT('',(3.89,-1.095,-7.E-02));
#2863 = VECTOR('',#2864,1.);
#2864 = DIRECTION('',(-1.,0.,0.));
#2865 = ORIENTED_EDGE('',*,*,#2802,.T.);
#2866 = ORIENTED_EDGE('',*,*,#2867,.F.);
#2867 = EDGE_CURVE('',#2853,#2805,#2868,.T.);
#2868 = LINE('',#2869,#2870);
#2869 = CARTESIAN_POINT('',(3.89,-0.385,-7.E-02));
#2870 = VECTOR('',#2871,1.);
#2871 = DIRECTION('',(-1.,0.,0.));
#2872 = PLANE('',#2873);
#2873 = AXIS2_PLACEMENT_3D('',#2874,#2875,#2876);
#2874 = CARTESIAN_POINT('',(5.,-1.095,-7.E-02));
#2875 = DIRECTION('',(0.,0.,-1.));
#2876 = DIRECTION('',(0.,1.,0.));
#2877 = ADVANCED_FACE('',(#2878),#2918,.F.);
#2878 = FACE_BOUND('',#2879,.F.);
#2879 = EDGE_LOOP('',(#2880,#2881,#2889,#2895,#2896,#2904,#2912));
#2880 = ORIENTED_EDGE('',*,*,#2850,.T.);
#2881 = ORIENTED_EDGE('',*,*,#2882,.T.);
#2882 = EDGE_CURVE('',#2853,#2883,#2885,.T.);
#2883 = VERTEX_POINT('',#2884);
#2884 = CARTESIAN_POINT('',(3.89,-0.385,3.63));
#2885 = LINE('',#2886,#2887);
#2886 = CARTESIAN_POINT('',(3.89,-0.385,-7.E-02));
#2887 = VECTOR('',#2888,1.);
#2888 = DIRECTION('',(0.,0.,1.));
#2889 = ORIENTED_EDGE('',*,*,#2890,.T.);
#2890 = EDGE_CURVE('',#2883,#795,#2891,.T.);
#2891 = LINE('',#2892,#2893);
#2892 = CARTESIAN_POINT('',(3.89,-0.385,3.63));
#2893 = VECTOR('',#2894,1.);
#2894 = DIRECTION('',(0.,0.707106781187,0.707106781187));
#2895 = ORIENTED_EDGE('',*,*,#794,.F.);
#2896 = ORIENTED_EDGE('',*,*,#2897,.T.);
#2897 = EDGE_CURVE('',#787,#2898,#2900,.T.);
#2898 = VERTEX_POINT('',#2899);
#2899 = CARTESIAN_POINT('',(3.89,1.095,-1.77));
#2900 = LINE('',#2901,#2902);
#2901 = CARTESIAN_POINT('',(3.89,1.095,4.23));
#2902 = VECTOR('',#2903,1.);
#2903 = DIRECTION('',(0.,0.,-1.));
#2904 = ORIENTED_EDGE('',*,*,#2905,.T.);
#2905 = EDGE_CURVE('',#2898,#2906,#2908,.T.);
#2906 = VERTEX_POINT('',#2907);
#2907 = CARTESIAN_POINT('',(3.89,-1.095,-1.77));
#2908 = LINE('',#2909,#2910);
#2909 = CARTESIAN_POINT('',(3.89,1.095,-1.77));
#2910 = VECTOR('',#2911,1.);
#2911 = DIRECTION('',(0.,-1.,0.));
#2912 = ORIENTED_EDGE('',*,*,#2913,.F.);
#2913 = EDGE_CURVE('',#2851,#2906,#2914,.T.);
#2914 = LINE('',#2915,#2916);
#2915 = CARTESIAN_POINT('',(3.89,-1.095,-7.E-02));
#2916 = VECTOR('',#2917,1.);
#2917 = DIRECTION('',(0.,0.,-1.));
#2918 = PLANE('',#2919);
#2919 = AXIS2_PLACEMENT_3D('',#2920,#2921,#2922);
#2920 = CARTESIAN_POINT('',(3.89,1.095,4.23));
#2921 = DIRECTION('',(-1.,0.,0.));
#2922 = DIRECTION('',(0.,-1.,0.));
#2923 = ADVANCED_FACE('',(#2924),#2935,.F.);
#2924 = FACE_BOUND('',#2925,.F.);
#2925 = EDGE_LOOP('',(#2926,#2927,#2928,#2929));
#2926 = ORIENTED_EDGE('',*,*,#2882,.F.);
#2927 = ORIENTED_EDGE('',*,*,#2867,.T.);
#2928 = ORIENTED_EDGE('',*,*,#2836,.T.);
#2929 = ORIENTED_EDGE('',*,*,#2930,.F.);
#2930 = EDGE_CURVE('',#2883,#2829,#2931,.T.);
#2931 = LINE('',#2932,#2933);
#2932 = CARTESIAN_POINT('',(3.89,-0.385,3.63));
#2933 = VECTOR('',#2934,1.);
#2934 = DIRECTION('',(-1.,0.,0.));
#2935 = PLANE('',#2936);
#2936 = AXIS2_PLACEMENT_3D('',#2937,#2938,#2939);
#2937 = CARTESIAN_POINT('',(5.,-0.385,-7.E-02));
#2938 = DIRECTION('',(0.,1.,0.));
#2939 = DIRECTION('',(0.,-0.,1.));
#2940 = ADVANCED_FACE('',(#2941),#2947,.F.);
#2941 = FACE_BOUND('',#2942,.F.);
#2942 = EDGE_LOOP('',(#2943,#2944,#2945,#2946));
#2943 = ORIENTED_EDGE('',*,*,#802,.T.);
#2944 = ORIENTED_EDGE('',*,*,#2890,.F.);
#2945 = ORIENTED_EDGE('',*,*,#2930,.T.);
#2946 = ORIENTED_EDGE('',*,*,#2828,.T.);
#2947 = PLANE('',#2948);
#2948 = AXIS2_PLACEMENT_3D('',#2949,#2950,#2951);
#2949 = CARTESIAN_POINT('',(5.,-0.385,3.63));
#2950 = DIRECTION('',(0.,0.707106781187,-0.707106781187));
#2951 = DIRECTION('',(0.,0.707106781187,0.707106781187));
#2952 = ADVANCED_FACE('',(#2953),#2971,.F.);
#2953 = FACE_BOUND('',#2954,.F.);
#2954 = EDGE_LOOP('',(#2955,#2956,#2964,#2970));
#2955 = ORIENTED_EDGE('',*,*,#786,.F.);
#2956 = ORIENTED_EDGE('',*,*,#2957,.T.);
#2957 = EDGE_CURVE('',#779,#2958,#2960,.T.);
#2958 = VERTEX_POINT('',#2959);
#2959 = CARTESIAN_POINT('',(6.11,1.095,-1.77));
#2960 = LINE('',#2961,#2962);
#2961 = CARTESIAN_POINT('',(6.11,1.095,4.23));
#2962 = VECTOR('',#2963,1.);
#2963 = DIRECTION('',(0.,0.,-1.));
#2964 = ORIENTED_EDGE('',*,*,#2965,.T.);
#2965 = EDGE_CURVE('',#2958,#2898,#2966,.T.);
#2966 = LINE('',#2967,#2968);
#2967 = CARTESIAN_POINT('',(6.11,1.095,-1.77));
#2968 = VECTOR('',#2969,1.);
#2969 = DIRECTION('',(-1.,0.,0.));
#2970 = ORIENTED_EDGE('',*,*,#2897,.F.);
#2971 = PLANE('',#2972);
#2972 = AXIS2_PLACEMENT_3D('',#2973,#2974,#2975);
#2973 = CARTESIAN_POINT('',(6.11,1.095,4.23));
#2974 = DIRECTION('',(0.,1.,0.));
#2975 = DIRECTION('',(-1.,0.,0.));
#2976 = ADVANCED_FACE('',(#2977),#2995,.F.);
#2977 = FACE_BOUND('',#2978,.F.);
#2978 = EDGE_LOOP('',(#2979,#2980,#2988,#2994));
#2979 = ORIENTED_EDGE('',*,*,#778,.F.);
#2980 = ORIENTED_EDGE('',*,*,#2981,.T.);
#2981 = EDGE_CURVE('',#771,#2982,#2984,.T.);
#2982 = VERTEX_POINT('',#2983);
#2983 = CARTESIAN_POINT('',(6.11,-1.095,-1.77));
#2984 = LINE('',#2985,#2986);
#2985 = CARTESIAN_POINT('',(6.11,-1.095,4.23));
#2986 = VECTOR('',#2987,1.);
#2987 = DIRECTION('',(0.,0.,-1.));
#2988 = ORIENTED_EDGE('',*,*,#2989,.T.);
#2989 = EDGE_CURVE('',#2982,#2958,#2990,.T.);
#2990 = LINE('',#2991,#2992);
#2991 = CARTESIAN_POINT('',(6.11,-1.095,-1.77));
#2992 = VECTOR('',#2993,1.);
#2993 = DIRECTION('',(0.,1.,0.));
#2994 = ORIENTED_EDGE('',*,*,#2957,.F.);
#2995 = PLANE('',#2996);
#2996 = AXIS2_PLACEMENT_3D('',#2997,#2998,#2999);
#2997 = CARTESIAN_POINT('',(6.11,-1.095,4.23));
#2998 = DIRECTION('',(1.,0.,0.));
#2999 = DIRECTION('',(-0.,1.,0.));
#3000 = ADVANCED_FACE('',(#3001),#3021,.F.);
#3001 = FACE_BOUND('',#3002,.F.);
#3002 = EDGE_LOOP('',(#3003,#3004,#3005,#3011,#3012,#3013,#3014,#3020));
#3003 = ORIENTED_EDGE('',*,*,#770,.T.);
#3004 = ORIENTED_EDGE('',*,*,#2760,.T.);
#3005 = ORIENTED_EDGE('',*,*,#3006,.T.);
#3006 = EDGE_CURVE('',#2753,#2813,#3007,.T.);
#3007 = LINE('',#3008,#3009);
#3008 = CARTESIAN_POINT('',(1.39,-1.095,-1.77));
#3009 = VECTOR('',#3010,1.);
#3010 = DIRECTION('',(1.,0.,0.));
#3011 = ORIENTED_EDGE('',*,*,#2812,.F.);
#3012 = ORIENTED_EDGE('',*,*,#2860,.F.);
#3013 = ORIENTED_EDGE('',*,*,#2913,.T.);
#3014 = ORIENTED_EDGE('',*,*,#3015,.T.);
#3015 = EDGE_CURVE('',#2906,#2982,#3016,.T.);
#3016 = LINE('',#3017,#3018);
#3017 = CARTESIAN_POINT('',(3.89,-1.095,-1.77));
#3018 = VECTOR('',#3019,1.);
#3019 = DIRECTION('',(1.,0.,0.));
#3020 = ORIENTED_EDGE('',*,*,#2981,.F.);
#3021 = PLANE('',#3022);
#3022 = AXIS2_PLACEMENT_3D('',#3023,#3024,#3025);
#3023 = CARTESIAN_POINT('',(3.89,-1.095,4.23));
#3024 = DIRECTION('',(0.,-1.,0.));
#3025 = DIRECTION('',(1.,0.,0.));
#3026 = ADVANCED_FACE('',(#3027,#3033),#3067,.T.);
#3027 = FACE_BOUND('',#3028,.F.);
#3028 = EDGE_LOOP('',(#3029,#3030,#3031,#3032));
#3029 = ORIENTED_EDGE('',*,*,#2752,.F.);
#3030 = ORIENTED_EDGE('',*,*,#2787,.F.);
#3031 = ORIENTED_EDGE('',*,*,#2820,.F.);
#3032 = ORIENTED_EDGE('',*,*,#3006,.F.);
#3033 = FACE_BOUND('',#3034,.F.);
#3034 = EDGE_LOOP('',(#3035,#3045,#3053,#3061));
#3035 = ORIENTED_EDGE('',*,*,#3036,.F.);
#3036 = EDGE_CURVE('',#3037,#3039,#3041,.T.);
#3037 = VERTEX_POINT('',#3038);
#3038 = CARTESIAN_POINT('',(2.1825,-0.3175,-1.77));
#3039 = VERTEX_POINT('',#3040);
#3040 = CARTESIAN_POINT('',(2.1825,0.3175,-1.77));
#3041 = LINE('',#3042,#3043);
#3042 = CARTESIAN_POINT('',(2.1825,-0.3175,-1.77));
#3043 = VECTOR('',#3044,1.);
#3044 = DIRECTION('',(0.,1.,0.));
#3045 = ORIENTED_EDGE('',*,*,#3046,.T.);
#3046 = EDGE_CURVE('',#3037,#3047,#3049,.T.);
#3047 = VERTEX_POINT('',#3048);
#3048 = CARTESIAN_POINT('',(2.8175,-0.3175,-1.77));
#3049 = LINE('',#3050,#3051);
#3050 = CARTESIAN_POINT('',(2.1825,-0.3175,-1.77));
#3051 = VECTOR('',#3052,1.);
#3052 = DIRECTION('',(1.,0.,0.));
#3053 = ORIENTED_EDGE('',*,*,#3054,.T.);
#3054 = EDGE_CURVE('',#3047,#3055,#3057,.T.);
#3055 = VERTEX_POINT('',#3056);
#3056 = CARTESIAN_POINT('',(2.8175,0.3175,-1.77));
#3057 = LINE('',#3058,#3059);
#3058 = CARTESIAN_POINT('',(2.8175,-0.3175,-1.77));
#3059 = VECTOR('',#3060,1.);
#3060 = DIRECTION('',(0.,1.,0.));
#3061 = ORIENTED_EDGE('',*,*,#3062,.F.);
#3062 = EDGE_CURVE('',#3039,#3055,#3063,.T.);
#3063 = LINE('',#3064,#3065);
#3064 = CARTESIAN_POINT('',(2.1825,0.3175,-1.77));
#3065 = VECTOR('',#3066,1.);
#3066 = DIRECTION('',(1.,0.,0.));
#3067 = PLANE('',#3068);
#3068 = AXIS2_PLACEMENT_3D('',#3069,#3070,#3071);
#3069 = CARTESIAN_POINT('',(0.,-1.74,-1.77));
#3070 = DIRECTION('',(0.,0.,1.));
#3071 = DIRECTION('',(1.,0.,-0.));
#3072 = ADVANCED_FACE('',(#3073),#3132,.F.);
#3073 = FACE_BOUND('',#3074,.F.);
#3074 = EDGE_LOOP('',(#3075,#3085,#3093,#3102,#3108,#3109,#3117,#3126));
#3075 = ORIENTED_EDGE('',*,*,#3076,.F.);
#3076 = EDGE_CURVE('',#3077,#3079,#3081,.T.);
#3077 = VERTEX_POINT('',#3078);
#3078 = CARTESIAN_POINT('',(2.1825,-4.69,-6.4675));
#3079 = VERTEX_POINT('',#3080);
#3080 = CARTESIAN_POINT('',(2.1825,-4.69,-5.8325));
#3081 = LINE('',#3082,#3083);
#3082 = CARTESIAN_POINT('',(2.1825,-4.69,-6.4675));
#3083 = VECTOR('',#3084,1.);
#3084 = DIRECTION('',(0.,0.,1.));
#3085 = ORIENTED_EDGE('',*,*,#3086,.T.);
#3086 = EDGE_CURVE('',#3077,#3087,#3089,.T.);
#3087 = VERTEX_POINT('',#3088);
#3088 = CARTESIAN_POINT('',(2.1825,-0.6175,-6.4675));
#3089 = LINE('',#3090,#3091);
#3090 = CARTESIAN_POINT('',(2.1825,-4.69,-6.4675));
#3091 = VECTOR('',#3092,1.);
#3092 = DIRECTION('',(0.,1.,0.));
#3093 = ORIENTED_EDGE('',*,*,#3094,.T.);
#3094 = EDGE_CURVE('',#3087,#3095,#3097,.T.);
#3095 = VERTEX_POINT('',#3096);
#3096 = CARTESIAN_POINT('',(2.1825,0.3175,-5.5325));
#3097 = CIRCLE('',#3098,0.935);
#3098 = AXIS2_PLACEMENT_3D('',#3099,#3100,#3101);
#3099 = CARTESIAN_POINT('',(2.1825,-0.6175,-5.5325));
#3100 = DIRECTION('',(1.,0.,0.));
#3101 = DIRECTION('',(0.,0.,-1.));
#3102 = ORIENTED_EDGE('',*,*,#3103,.T.);
#3103 = EDGE_CURVE('',#3095,#1411,#3104,.T.);
#3104 = LINE('',#3105,#3106);
#3105 = CARTESIAN_POINT('',(2.1825,0.3175,-5.5325));
#3106 = VECTOR('',#3107,1.);
#3107 = DIRECTION('',(0.,0.,1.));
#3108 = ORIENTED_EDGE('',*,*,#1408,.F.);
#3109 = ORIENTED_EDGE('',*,*,#3110,.T.);
#3110 = EDGE_CURVE('',#1409,#3111,#3113,.T.);
#3111 = VERTEX_POINT('',#3112);
#3112 = CARTESIAN_POINT('',(2.1825,-0.3175,-5.5325));
#3113 = LINE('',#3114,#3115);
#3114 = CARTESIAN_POINT('',(2.1825,-0.3175,-4.23));
#3115 = VECTOR('',#3116,1.);
#3116 = DIRECTION('',(0.,0.,-1.));
#3117 = ORIENTED_EDGE('',*,*,#3118,.T.);
#3118 = EDGE_CURVE('',#3111,#3119,#3121,.T.);
#3119 = VERTEX_POINT('',#3120);
#3120 = CARTESIAN_POINT('',(2.1825,-0.6175,-5.8325));
#3121 = CIRCLE('',#3122,0.3);
#3122 = AXIS2_PLACEMENT_3D('',#3123,#3124,#3125);
#3123 = CARTESIAN_POINT('',(2.1825,-0.6175,-5.5325));
#3124 = DIRECTION('',(-1.,0.,0.));
#3125 = DIRECTION('',(0.,1.,0.));
#3126 = ORIENTED_EDGE('',*,*,#3127,.T.);
#3127 = EDGE_CURVE('',#3119,#3079,#3128,.T.);
#3128 = LINE('',#3129,#3130);
#3129 = CARTESIAN_POINT('',(2.1825,-0.6175,-5.8325));
#3130 = VECTOR('',#3131,1.);
#3131 = DIRECTION('',(0.,-1.,0.));
#3132 = PLANE('',#3133);
#3133 = AXIS2_PLACEMENT_3D('',#3134,#3135,#3136);
#3134 = CARTESIAN_POINT('',(2.1825,-1.74,0.));
#3135 = DIRECTION('',(1.,0.,0.));
#3136 = DIRECTION('',(0.,0.,-1.));
#3137 = ADVANCED_FACE('',(#3138),#3163,.F.);
#3138 = FACE_BOUND('',#3139,.F.);
#3139 = EDGE_LOOP('',(#3140,#3150,#3156,#3157));
#3140 = ORIENTED_EDGE('',*,*,#3141,.F.);
#3141 = EDGE_CURVE('',#3142,#3144,#3146,.T.);
#3142 = VERTEX_POINT('',#3143);
#3143 = CARTESIAN_POINT('',(2.1825,-0.3175,2.25));
#3144 = VERTEX_POINT('',#3145);
#3145 = CARTESIAN_POINT('',(2.1825,0.3175,2.25));
#3146 = LINE('',#3147,#3148);
#3147 = CARTESIAN_POINT('',(2.1825,-0.3175,2.25));
#3148 = VECTOR('',#3149,1.);
#3149 = DIRECTION('',(0.,1.,0.));
#3150 = ORIENTED_EDGE('',*,*,#3151,.T.);
#3151 = EDGE_CURVE('',#3142,#3037,#3152,.T.);
#3152 = LINE('',#3153,#3154);
#3153 = CARTESIAN_POINT('',(2.1825,-0.3175,2.25));
#3154 = VECTOR('',#3155,1.);
#3155 = DIRECTION('',(0.,0.,-1.));
#3156 = ORIENTED_EDGE('',*,*,#3036,.T.);
#3157 = ORIENTED_EDGE('',*,*,#3158,.T.);
#3158 = EDGE_CURVE('',#3039,#3144,#3159,.T.);
#3159 = LINE('',#3160,#3161);
#3160 = CARTESIAN_POINT('',(2.1825,0.3175,-1.77));
#3161 = VECTOR('',#3162,1.);
#3162 = DIRECTION('',(0.,0.,1.));
#3163 = PLANE('',#3164);
#3164 = AXIS2_PLACEMENT_3D('',#3165,#3166,#3167);
#3165 = CARTESIAN_POINT('',(2.1825,-1.74,0.));
#3166 = DIRECTION('',(1.,0.,0.));
#3167 = DIRECTION('',(0.,0.,-1.));
#3168 = ADVANCED_FACE('',(#3169),#3194,.T.);
#3169 = FACE_BOUND('',#3170,.F.);
#3170 = EDGE_LOOP('',(#3171,#3179,#3187,#3193));
#3171 = ORIENTED_EDGE('',*,*,#3172,.F.);
#3172 = EDGE_CURVE('',#3173,#3079,#3175,.T.);
#3173 = VERTEX_POINT('',#3174);
#3174 = CARTESIAN_POINT('',(2.3325,-5.24,-5.9825));
#3175 = LINE('',#3176,#3177);
#3176 = CARTESIAN_POINT('',(2.3325,-5.24,-5.9825));
#3177 = VECTOR('',#3178,1.);
#3178 = DIRECTION('',(-0.254456678904,0.933007822648,0.254456678904));
#3179 = ORIENTED_EDGE('',*,*,#3180,.F.);
#3180 = EDGE_CURVE('',#3181,#3173,#3183,.T.);
#3181 = VERTEX_POINT('',#3182);
#3182 = CARTESIAN_POINT('',(2.3325,-5.24,-6.3175));
#3183 = LINE('',#3184,#3185);
#3184 = CARTESIAN_POINT('',(2.3325,-5.24,-6.3175));
#3185 = VECTOR('',#3186,1.);
#3186 = DIRECTION('',(0.,0.,1.));
#3187 = ORIENTED_EDGE('',*,*,#3188,.T.);
#3188 = EDGE_CURVE('',#3181,#3077,#3189,.T.);
#3189 = LINE('',#3190,#3191);
#3190 = CARTESIAN_POINT('',(2.3325,-5.24,-6.3175));
#3191 = VECTOR('',#3192,1.);
#3192 = DIRECTION('',(-0.254456678904,0.933007822648,-0.254456678904));
#3193 = ORIENTED_EDGE('',*,*,#3076,.T.);
#3194 = PLANE('',#3195);
#3195 = AXIS2_PLACEMENT_3D('',#3196,#3197,#3198);
#3196 = CARTESIAN_POINT('',(2.2575,-4.965,-6.15));
#3197 = DIRECTION('',(-0.964763821238,-0.263117405792,0.));
#3198 = DIRECTION('',(0.263117405792,-0.964763821238,0.));
#3199 = ADVANCED_FACE('',(#3200),#3225,.T.);
#3200 = FACE_BOUND('',#3201,.F.);
#3201 = EDGE_LOOP('',(#3202,#3203,#3211,#3219));
#3202 = ORIENTED_EDGE('',*,*,#3172,.T.);
#3203 = ORIENTED_EDGE('',*,*,#3204,.F.);
#3204 = EDGE_CURVE('',#3205,#3079,#3207,.T.);
#3205 = VERTEX_POINT('',#3206);
#3206 = CARTESIAN_POINT('',(2.8175,-4.69,-5.8325));
#3207 = LINE('',#3208,#3209);
#3208 = CARTESIAN_POINT('',(2.8175,-4.69,-5.8325));
#3209 = VECTOR('',#3210,1.);
#3210 = DIRECTION('',(-1.,0.,0.));
#3211 = ORIENTED_EDGE('',*,*,#3212,.F.);
#3212 = EDGE_CURVE('',#3213,#3205,#3215,.T.);
#3213 = VERTEX_POINT('',#3214);
#3214 = CARTESIAN_POINT('',(2.6675,-5.24,-5.9825));
#3215 = LINE('',#3216,#3217);
#3216 = CARTESIAN_POINT('',(2.6675,-5.24,-5.9825));
#3217 = VECTOR('',#3218,1.);
#3218 = DIRECTION('',(0.254456678904,0.933007822648,0.254456678904));
#3219 = ORIENTED_EDGE('',*,*,#3220,.T.);
#3220 = EDGE_CURVE('',#3213,#3173,#3221,.T.);
#3221 = LINE('',#3222,#3223);
#3222 = CARTESIAN_POINT('',(2.6675,-5.24,-5.9825));
#3223 = VECTOR('',#3224,1.);
#3224 = DIRECTION('',(-1.,0.,0.));
#3225 = PLANE('',#3226);
#3226 = AXIS2_PLACEMENT_3D('',#3227,#3228,#3229);
#3227 = CARTESIAN_POINT('',(2.5,-4.965,-5.9075));
#3228 = DIRECTION('',(0.,-0.263117405792,0.964763821238));
#3229 = DIRECTION('',(0.,0.964763821238,0.263117405792));
#3230 = ADVANCED_FACE('',(#3231),#3249,.T.);
#3231 = FACE_BOUND('',#3232,.F.);
#3232 = EDGE_LOOP('',(#3233,#3234,#3235,#3243));
#3233 = ORIENTED_EDGE('',*,*,#3204,.T.);
#3234 = ORIENTED_EDGE('',*,*,#3127,.F.);
#3235 = ORIENTED_EDGE('',*,*,#3236,.T.);
#3236 = EDGE_CURVE('',#3119,#3237,#3239,.T.);
#3237 = VERTEX_POINT('',#3238);
#3238 = CARTESIAN_POINT('',(2.8175,-0.6175,-5.8325));
#3239 = LINE('',#3240,#3241);
#3240 = CARTESIAN_POINT('',(2.1825,-0.6175,-5.8325));
#3241 = VECTOR('',#3242,1.);
#3242 = DIRECTION('',(1.,0.,0.));
#3243 = ORIENTED_EDGE('',*,*,#3244,.T.);
#3244 = EDGE_CURVE('',#3237,#3205,#3245,.T.);
#3245 = LINE('',#3246,#3247);
#3246 = CARTESIAN_POINT('',(2.8175,-0.6175,-5.8325));
#3247 = VECTOR('',#3248,1.);
#3248 = DIRECTION('',(0.,-1.,0.));
#3249 = PLANE('',#3250);
#3250 = AXIS2_PLACEMENT_3D('',#3251,#3252,#3253);
#3251 = CARTESIAN_POINT('',(2.1825,-0.6175,-5.8325));
#3252 = DIRECTION('',(0.,0.,1.));
#3253 = DIRECTION('',(0.,-1.,0.));
#3254 = ADVANCED_FACE('',(#3255),#3274,.F.);
#3255 = FACE_BOUND('',#3256,.F.);
#3256 = EDGE_LOOP('',(#3257,#3258,#3266,#3273));
#3257 = ORIENTED_EDGE('',*,*,#3118,.F.);
#3258 = ORIENTED_EDGE('',*,*,#3259,.T.);
#3259 = EDGE_CURVE('',#3111,#3260,#3262,.T.);
#3260 = VERTEX_POINT('',#3261);
#3261 = CARTESIAN_POINT('',(2.8175,-0.3175,-5.5325));
#3262 = LINE('',#3263,#3264);
#3263 = CARTESIAN_POINT('',(2.1825,-0.3175,-5.5325));
#3264 = VECTOR('',#3265,1.);
#3265 = DIRECTION('',(1.,0.,0.));
#3266 = ORIENTED_EDGE('',*,*,#3267,.T.);
#3267 = EDGE_CURVE('',#3260,#3237,#3268,.T.);
#3268 = CIRCLE('',#3269,0.3);
#3269 = AXIS2_PLACEMENT_3D('',#3270,#3271,#3272);
#3270 = CARTESIAN_POINT('',(2.8175,-0.6175,-5.5325));
#3271 = DIRECTION('',(-1.,0.,0.));
#3272 = DIRECTION('',(0.,1.,0.));
#3273 = ORIENTED_EDGE('',*,*,#3236,.F.);
#3274 = CYLINDRICAL_SURFACE('',#3275,0.3);
#3275 = AXIS2_PLACEMENT_3D('',#3276,#3277,#3278);
#3276 = CARTESIAN_POINT('',(2.1825,-0.6175,-5.5325));
#3277 = DIRECTION('',(1.,0.,0.));
#3278 = DIRECTION('',(0.,0.,-1.));
#3279 = ADVANCED_FACE('',(#3280),#3291,.T.);
#3280 = FACE_BOUND('',#3281,.F.);
#3281 = EDGE_LOOP('',(#3282,#3283,#3289,#3290));
#3282 = ORIENTED_EDGE('',*,*,#1434,.T.);
#3283 = ORIENTED_EDGE('',*,*,#3284,.T.);
#3284 = EDGE_CURVE('',#1427,#3260,#3285,.T.);
#3285 = LINE('',#3286,#3287);
#3286 = CARTESIAN_POINT('',(2.8175,-0.3175,-4.23));
#3287 = VECTOR('',#3288,1.);
#3288 = DIRECTION('',(0.,0.,-1.));
#3289 = ORIENTED_EDGE('',*,*,#3259,.F.);
#3290 = ORIENTED_EDGE('',*,*,#3110,.F.);
#3291 = PLANE('',#3292);
#3292 = AXIS2_PLACEMENT_3D('',#3293,#3294,#3295);
#3293 = CARTESIAN_POINT('',(2.1825,-0.3175,2.8));
#3294 = DIRECTION('',(0.,-1.,0.));
#3295 = DIRECTION('',(0.,0.,-1.));
#3296 = ADVANCED_FACE('',(#3297),#3315,.T.);
#3297 = FACE_BOUND('',#3298,.F.);
#3298 = EDGE_LOOP('',(#3299,#3307,#3313,#3314));
#3299 = ORIENTED_EDGE('',*,*,#3300,.F.);
#3300 = EDGE_CURVE('',#3301,#3142,#3303,.T.);
#3301 = VERTEX_POINT('',#3302);
#3302 = CARTESIAN_POINT('',(2.8175,-0.3175,2.25));
#3303 = LINE('',#3304,#3305);
#3304 = CARTESIAN_POINT('',(2.8175,-0.3175,2.25));
#3305 = VECTOR('',#3306,1.);
#3306 = DIRECTION('',(-1.,0.,0.));
#3307 = ORIENTED_EDGE('',*,*,#3308,.T.);
#3308 = EDGE_CURVE('',#3301,#3047,#3309,.T.);
#3309 = LINE('',#3310,#3311);
#3310 = CARTESIAN_POINT('',(2.8175,-0.3175,2.25));
#3311 = VECTOR('',#3312,1.);
#3312 = DIRECTION('',(0.,0.,-1.));
#3313 = ORIENTED_EDGE('',*,*,#3046,.F.);
#3314 = ORIENTED_EDGE('',*,*,#3151,.F.);
#3315 = PLANE('',#3316);
#3316 = AXIS2_PLACEMENT_3D('',#3317,#3318,#3319);
#3317 = CARTESIAN_POINT('',(2.1825,-0.3175,2.8));
#3318 = DIRECTION('',(0.,-1.,0.));
#3319 = DIRECTION('',(0.,0.,-1.));
#3320 = ADVANCED_FACE('',(#3321),#3358,.T.);
#3321 = FACE_BOUND('',#3322,.F.);
#3322 = EDGE_LOOP('',(#3323,#3331,#3332,#3333,#3334,#3335,#3343,#3352));
#3323 = ORIENTED_EDGE('',*,*,#3324,.F.);
#3324 = EDGE_CURVE('',#3205,#3325,#3327,.T.);
#3325 = VERTEX_POINT('',#3326);
#3326 = CARTESIAN_POINT('',(2.8175,-4.69,-6.4675));
#3327 = LINE('',#3328,#3329);
#3328 = CARTESIAN_POINT('',(2.8175,-4.69,-5.8325));
#3329 = VECTOR('',#3330,1.);
#3330 = DIRECTION('',(0.,0.,-1.));
#3331 = ORIENTED_EDGE('',*,*,#3244,.F.);
#3332 = ORIENTED_EDGE('',*,*,#3267,.F.);
#3333 = ORIENTED_EDGE('',*,*,#3284,.F.);
#3334 = ORIENTED_EDGE('',*,*,#1426,.T.);
#3335 = ORIENTED_EDGE('',*,*,#3336,.F.);
#3336 = EDGE_CURVE('',#3337,#1419,#3339,.T.);
#3337 = VERTEX_POINT('',#3338);
#3338 = CARTESIAN_POINT('',(2.8175,0.3175,-5.5325));
#3339 = LINE('',#3340,#3341);
#3340 = CARTESIAN_POINT('',(2.8175,0.3175,-5.5325));
#3341 = VECTOR('',#3342,1.);
#3342 = DIRECTION('',(0.,0.,1.));
#3343 = ORIENTED_EDGE('',*,*,#3344,.F.);
#3344 = EDGE_CURVE('',#3345,#3337,#3347,.T.);
#3345 = VERTEX_POINT('',#3346);
#3346 = CARTESIAN_POINT('',(2.8175,-0.6175,-6.4675));
#3347 = CIRCLE('',#3348,0.935);
#3348 = AXIS2_PLACEMENT_3D('',#3349,#3350,#3351);
#3349 = CARTESIAN_POINT('',(2.8175,-0.6175,-5.5325));
#3350 = DIRECTION('',(1.,0.,0.));
#3351 = DIRECTION('',(0.,0.,-1.));
#3352 = ORIENTED_EDGE('',*,*,#3353,.F.);
#3353 = EDGE_CURVE('',#3325,#3345,#3354,.T.);
#3354 = LINE('',#3355,#3356);
#3355 = CARTESIAN_POINT('',(2.8175,-4.69,-6.4675));
#3356 = VECTOR('',#3357,1.);
#3357 = DIRECTION('',(0.,1.,0.));
#3358 = PLANE('',#3359);
#3359 = AXIS2_PLACEMENT_3D('',#3360,#3361,#3362);
#3360 = CARTESIAN_POINT('',(2.8175,-1.74,0.));
#3361 = DIRECTION('',(1.,0.,0.));
#3362 = DIRECTION('',(0.,0.,-1.));
#3363 = ADVANCED_FACE('',(#3364),#3382,.T.);
#3364 = FACE_BOUND('',#3365,.F.);
#3365 = EDGE_LOOP('',(#3366,#3374,#3380,#3381));
#3366 = ORIENTED_EDGE('',*,*,#3367,.F.);
#3367 = EDGE_CURVE('',#3368,#3301,#3370,.T.);
#3368 = VERTEX_POINT('',#3369);
#3369 = CARTESIAN_POINT('',(2.8175,0.3175,2.25));
#3370 = LINE('',#3371,#3372);
#3371 = CARTESIAN_POINT('',(2.8175,0.3175,2.25));
#3372 = VECTOR('',#3373,1.);
#3373 = DIRECTION('',(0.,-1.,0.));
#3374 = ORIENTED_EDGE('',*,*,#3375,.F.);
#3375 = EDGE_CURVE('',#3055,#3368,#3376,.T.);
#3376 = LINE('',#3377,#3378);
#3377 = CARTESIAN_POINT('',(2.8175,0.3175,-1.77));
#3378 = VECTOR('',#3379,1.);
#3379 = DIRECTION('',(0.,0.,1.));
#3380 = ORIENTED_EDGE('',*,*,#3054,.F.);
#3381 = ORIENTED_EDGE('',*,*,#3308,.F.);
#3382 = PLANE('',#3383);
#3383 = AXIS2_PLACEMENT_3D('',#3384,#3385,#3386);
#3384 = CARTESIAN_POINT('',(2.8175,-1.74,0.));
#3385 = DIRECTION('',(1.,0.,0.));
#3386 = DIRECTION('',(0.,0.,-1.));
#3387 = ADVANCED_FACE('',(#3388),#3406,.T.);
#3388 = FACE_BOUND('',#3389,.F.);
#3389 = EDGE_LOOP('',(#3390,#3391,#3392,#3400));
#3390 = ORIENTED_EDGE('',*,*,#3212,.T.);
#3391 = ORIENTED_EDGE('',*,*,#3324,.T.);
#3392 = ORIENTED_EDGE('',*,*,#3393,.T.);
#3393 = EDGE_CURVE('',#3325,#3394,#3396,.T.);
#3394 = VERTEX_POINT('',#3395);
#3395 = CARTESIAN_POINT('',(2.6675,-5.24,-6.3175));
#3396 = LINE('',#3397,#3398);
#3397 = CARTESIAN_POINT('',(2.8175,-4.69,-6.4675));
#3398 = VECTOR('',#3399,1.);
#3399 = DIRECTION('',(-0.254456678904,-0.933007822648,0.254456678904));
#3400 = ORIENTED_EDGE('',*,*,#3401,.F.);
#3401 = EDGE_CURVE('',#3213,#3394,#3402,.T.);
#3402 = LINE('',#3403,#3404);
#3403 = CARTESIAN_POINT('',(2.6675,-5.24,-5.9825));
#3404 = VECTOR('',#3405,1.);
#3405 = DIRECTION('',(0.,0.,-1.));
#3406 = PLANE('',#3407);
#3407 = AXIS2_PLACEMENT_3D('',#3408,#3409,#3410);
#3408 = CARTESIAN_POINT('',(2.7425,-4.965,-6.15));
#3409 = DIRECTION('',(0.964763821238,-0.263117405792,0.));
#3410 = DIRECTION('',(-0.263117405792,-0.964763821238,0.));
#3411 = ADVANCED_FACE('',(#3412),#3428,.T.);
#3412 = FACE_BOUND('',#3413,.F.);
#3413 = EDGE_LOOP('',(#3414,#3415,#3421,#3422));
#3414 = ORIENTED_EDGE('',*,*,#3188,.F.);
#3415 = ORIENTED_EDGE('',*,*,#3416,.F.);
#3416 = EDGE_CURVE('',#3394,#3181,#3417,.T.);
#3417 = LINE('',#3418,#3419);
#3418 = CARTESIAN_POINT('',(2.6675,-5.24,-6.3175));
#3419 = VECTOR('',#3420,1.);
#3420 = DIRECTION('',(-1.,0.,0.));
#3421 = ORIENTED_EDGE('',*,*,#3393,.F.);
#3422 = ORIENTED_EDGE('',*,*,#3423,.T.);
#3423 = EDGE_CURVE('',#3325,#3077,#3424,.T.);
#3424 = LINE('',#3425,#3426);
#3425 = CARTESIAN_POINT('',(2.8175,-4.69,-6.4675));
#3426 = VECTOR('',#3427,1.);
#3427 = DIRECTION('',(-1.,0.,0.));
#3428 = PLANE('',#3429);
#3429 = AXIS2_PLACEMENT_3D('',#3430,#3431,#3432);
#3430 = CARTESIAN_POINT('',(2.5,-4.965,-6.3925));
#3431 = DIRECTION('',(0.,-0.263117405792,-0.964763821238));
#3432 = DIRECTION('',(0.,-0.964763821238,0.263117405792));
#3433 = ADVANCED_FACE('',(#3434),#3440,.T.);
#3434 = FACE_BOUND('',#3435,.F.);
#3435 = EDGE_LOOP('',(#3436,#3437,#3438,#3439));
#3436 = ORIENTED_EDGE('',*,*,#3416,.T.);
#3437 = ORIENTED_EDGE('',*,*,#3180,.T.);
#3438 = ORIENTED_EDGE('',*,*,#3220,.F.);
#3439 = ORIENTED_EDGE('',*,*,#3401,.T.);
#3440 = PLANE('',#3441);
#3441 = AXIS2_PLACEMENT_3D('',#3442,#3443,#3444);
#3442 = CARTESIAN_POINT('',(2.1825,-5.24,-5.8325));
#3443 = DIRECTION('',(0.,-1.,0.));
#3444 = DIRECTION('',(0.,0.,-1.));
#3445 = ADVANCED_FACE('',(#3446),#3457,.T.);
#3446 = FACE_BOUND('',#3447,.F.);
#3447 = EDGE_LOOP('',(#3448,#3449,#3450,#3456));
#3448 = ORIENTED_EDGE('',*,*,#3423,.F.);
#3449 = ORIENTED_EDGE('',*,*,#3353,.T.);
#3450 = ORIENTED_EDGE('',*,*,#3451,.F.);
#3451 = EDGE_CURVE('',#3087,#3345,#3452,.T.);
#3452 = LINE('',#3453,#3454);
#3453 = CARTESIAN_POINT('',(2.1825,-0.6175,-6.4675));
#3454 = VECTOR('',#3455,1.);
#3455 = DIRECTION('',(1.,0.,0.));
#3456 = ORIENTED_EDGE('',*,*,#3086,.F.);
#3457 = PLANE('',#3458);
#3458 = AXIS2_PLACEMENT_3D('',#3459,#3460,#3461);
#3459 = CARTESIAN_POINT('',(2.1825,-5.24,-6.4675));
#3460 = DIRECTION('',(0.,0.,-1.));
#3461 = DIRECTION('',(0.,1.,0.));
#3462 = ADVANCED_FACE('',(#3463),#3474,.T.);
#3463 = FACE_BOUND('',#3464,.T.);
#3464 = EDGE_LOOP('',(#3465,#3471,#3472,#3473));
#3465 = ORIENTED_EDGE('',*,*,#3466,.T.);
#3466 = EDGE_CURVE('',#3095,#3337,#3467,.T.);
#3467 = LINE('',#3468,#3469);
#3468 = CARTESIAN_POINT('',(2.1825,0.3175,-5.5325));
#3469 = VECTOR('',#3470,1.);
#3470 = DIRECTION('',(1.,0.,0.));
#3471 = ORIENTED_EDGE('',*,*,#3344,.F.);
#3472 = ORIENTED_EDGE('',*,*,#3451,.F.);
#3473 = ORIENTED_EDGE('',*,*,#3094,.T.);
#3474 = CYLINDRICAL_SURFACE('',#3475,0.935);
#3475 = AXIS2_PLACEMENT_3D('',#3476,#3477,#3478);
#3476 = CARTESIAN_POINT('',(2.1825,-0.6175,-5.5325));
#3477 = DIRECTION('',(1.,0.,0.));
#3478 = DIRECTION('',(0.,0.,-1.));
#3479 = ADVANCED_FACE('',(#3480),#3486,.T.);
#3480 = FACE_BOUND('',#3481,.F.);
#3481 = EDGE_LOOP('',(#3482,#3483,#3484,#3485));
#3482 = ORIENTED_EDGE('',*,*,#1418,.F.);
#3483 = ORIENTED_EDGE('',*,*,#3103,.F.);
#3484 = ORIENTED_EDGE('',*,*,#3466,.T.);
#3485 = ORIENTED_EDGE('',*,*,#3336,.T.);
#3486 = PLANE('',#3487);
#3487 = AXIS2_PLACEMENT_3D('',#3488,#3489,#3490);
#3488 = CARTESIAN_POINT('',(2.1825,0.3175,-5.5325));
#3489 = DIRECTION('',(0.,1.,0.));
#3490 = DIRECTION('',(0.,-0.,1.));
#3491 = ADVANCED_FACE('',(#3492),#3503,.T.);
#3492 = FACE_BOUND('',#3493,.F.);
#3493 = EDGE_LOOP('',(#3494,#3500,#3501,#3502));
#3494 = ORIENTED_EDGE('',*,*,#3495,.T.);
#3495 = EDGE_CURVE('',#3368,#3144,#3496,.T.);
#3496 = LINE('',#3497,#3498);
#3497 = CARTESIAN_POINT('',(2.8175,0.3175,2.25));
#3498 = VECTOR('',#3499,1.);
#3499 = DIRECTION('',(-1.,0.,0.));
#3500 = ORIENTED_EDGE('',*,*,#3158,.F.);
#3501 = ORIENTED_EDGE('',*,*,#3062,.T.);
#3502 = ORIENTED_EDGE('',*,*,#3375,.T.);
#3503 = PLANE('',#3504);
#3504 = AXIS2_PLACEMENT_3D('',#3505,#3506,#3507);
#3505 = CARTESIAN_POINT('',(2.1825,0.3175,-5.5325));
#3506 = DIRECTION('',(0.,1.,0.));
#3507 = DIRECTION('',(0.,-0.,1.));
#3508 = ADVANCED_FACE('',(#3509),#3534,.T.);
#3509 = FACE_BOUND('',#3510,.F.);
#3510 = EDGE_LOOP('',(#3511,#3519,#3520,#3528));
#3511 = ORIENTED_EDGE('',*,*,#3512,.F.);
#3512 = EDGE_CURVE('',#3144,#3513,#3515,.T.);
#3513 = VERTEX_POINT('',#3514);
#3514 = CARTESIAN_POINT('',(2.3325,0.1675,2.8));
#3515 = LINE('',#3516,#3517);
#3516 = CARTESIAN_POINT('',(2.1825,0.3175,2.25));
#3517 = VECTOR('',#3518,1.);
#3518 = DIRECTION('',(0.254456678904,-0.254456678904,0.933007822648));
#3519 = ORIENTED_EDGE('',*,*,#3495,.F.);
#3520 = ORIENTED_EDGE('',*,*,#3521,.F.);
#3521 = EDGE_CURVE('',#3522,#3368,#3524,.T.);
#3522 = VERTEX_POINT('',#3523);
#3523 = CARTESIAN_POINT('',(2.6675,0.1675,2.8));
#3524 = LINE('',#3525,#3526);
#3525 = CARTESIAN_POINT('',(2.6675,0.1675,2.8));
#3526 = VECTOR('',#3527,1.);
#3527 = DIRECTION('',(0.254456678904,0.254456678904,-0.933007822648));
#3528 = ORIENTED_EDGE('',*,*,#3529,.T.);
#3529 = EDGE_CURVE('',#3522,#3513,#3530,.T.);
#3530 = LINE('',#3531,#3532);
#3531 = CARTESIAN_POINT('',(2.6675,0.1675,2.8));
#3532 = VECTOR('',#3533,1.);
#3533 = DIRECTION('',(-1.,0.,0.));
#3534 = PLANE('',#3535);
#3535 = AXIS2_PLACEMENT_3D('',#3536,#3537,#3538);
#3536 = CARTESIAN_POINT('',(2.5,0.2425,2.525));
#3537 = DIRECTION('',(0.,0.964763821238,0.263117405792));
#3538 = DIRECTION('',(0.,0.263117405792,-0.964763821238));
#3539 = ADVANCED_FACE('',(#3540),#3558,.T.);
#3540 = FACE_BOUND('',#3541,.F.);
#3541 = EDGE_LOOP('',(#3542,#3550,#3551,#3552));
#3542 = ORIENTED_EDGE('',*,*,#3543,.T.);
#3543 = EDGE_CURVE('',#3544,#3142,#3546,.T.);
#3544 = VERTEX_POINT('',#3545);
#3545 = CARTESIAN_POINT('',(2.3325,-0.1675,2.8));
#3546 = LINE('',#3547,#3548);
#3547 = CARTESIAN_POINT('',(2.3325,-0.1675,2.8));
#3548 = VECTOR('',#3549,1.);
#3549 = DIRECTION('',(-0.254456678904,-0.254456678904,-0.933007822648));
#3550 = ORIENTED_EDGE('',*,*,#3141,.T.);
#3551 = ORIENTED_EDGE('',*,*,#3512,.T.);
#3552 = ORIENTED_EDGE('',*,*,#3553,.F.);
#3553 = EDGE_CURVE('',#3544,#3513,#3554,.T.);
#3554 = LINE('',#3555,#3556);
#3555 = CARTESIAN_POINT('',(2.3325,-0.1675,2.8));
#3556 = VECTOR('',#3557,1.);
#3557 = DIRECTION('',(0.,1.,0.));
#3558 = PLANE('',#3559);
#3559 = AXIS2_PLACEMENT_3D('',#3560,#3561,#3562);
#3560 = CARTESIAN_POINT('',(2.2575,0.,2.525));
#3561 = DIRECTION('',(-0.964763821238,0.,0.263117405792));
#3562 = DIRECTION('',(0.263117405792,0.,0.964763821238));
#3563 = ADVANCED_FACE('',(#3564),#3582,.T.);
#3564 = FACE_BOUND('',#3565,.F.);
#3565 = EDGE_LOOP('',(#3566,#3567,#3575,#3581));
#3566 = ORIENTED_EDGE('',*,*,#3543,.F.);
#3567 = ORIENTED_EDGE('',*,*,#3568,.F.);
#3568 = EDGE_CURVE('',#3569,#3544,#3571,.T.);
#3569 = VERTEX_POINT('',#3570);
#3570 = CARTESIAN_POINT('',(2.6675,-0.1675,2.8));
#3571 = LINE('',#3572,#3573);
#3572 = CARTESIAN_POINT('',(2.6675,-0.1675,2.8));
#3573 = VECTOR('',#3574,1.);
#3574 = DIRECTION('',(-1.,0.,0.));
#3575 = ORIENTED_EDGE('',*,*,#3576,.F.);
#3576 = EDGE_CURVE('',#3301,#3569,#3577,.T.);
#3577 = LINE('',#3578,#3579);
#3578 = CARTESIAN_POINT('',(2.8175,-0.3175,2.25));
#3579 = VECTOR('',#3580,1.);
#3580 = DIRECTION('',(-0.254456678904,0.254456678904,0.933007822648));
#3581 = ORIENTED_EDGE('',*,*,#3300,.T.);
#3582 = PLANE('',#3583);
#3583 = AXIS2_PLACEMENT_3D('',#3584,#3585,#3586);
#3584 = CARTESIAN_POINT('',(2.5,-0.2425,2.525));
#3585 = DIRECTION('',(0.,-0.964763821238,0.263117405792));
#3586 = DIRECTION('',(0.,0.263117405792,0.964763821238));
#3587 = ADVANCED_FACE('',(#3588),#3599,.T.);
#3588 = FACE_BOUND('',#3589,.F.);
#3589 = EDGE_LOOP('',(#3590,#3591,#3597,#3598));
#3590 = ORIENTED_EDGE('',*,*,#3529,.F.);
#3591 = ORIENTED_EDGE('',*,*,#3592,.T.);
#3592 = EDGE_CURVE('',#3522,#3569,#3593,.T.);
#3593 = LINE('',#3594,#3595);
#3594 = CARTESIAN_POINT('',(2.6675,0.1675,2.8));
#3595 = VECTOR('',#3596,1.);
#3596 = DIRECTION('',(0.,-1.,0.));
#3597 = ORIENTED_EDGE('',*,*,#3568,.T.);
#3598 = ORIENTED_EDGE('',*,*,#3553,.T.);
#3599 = PLANE('',#3600);
#3600 = AXIS2_PLACEMENT_3D('',#3601,#3602,#3603);
#3601 = CARTESIAN_POINT('',(2.1825,0.3175,2.8));
#3602 = DIRECTION('',(0.,0.,1.));
#3603 = DIRECTION('',(0.,-1.,0.));
#3604 = ADVANCED_FACE('',(#3605),#3611,.T.);
#3605 = FACE_BOUND('',#3606,.F.);
#3606 = EDGE_LOOP('',(#3607,#3608,#3609,#3610));
#3607 = ORIENTED_EDGE('',*,*,#3576,.T.);
#3608 = ORIENTED_EDGE('',*,*,#3592,.F.);
#3609 = ORIENTED_EDGE('',*,*,#3521,.T.);
#3610 = ORIENTED_EDGE('',*,*,#3367,.T.);
#3611 = PLANE('',#3612);
#3612 = AXIS2_PLACEMENT_3D('',#3613,#3614,#3615);
#3613 = CARTESIAN_POINT('',(2.7425,0.,2.525));
#3614 = DIRECTION('',(0.964763821238,0.,0.263117405792));
#3615 = DIRECTION('',(-0.263117405792,0.,0.964763821238));
#3616 = ADVANCED_FACE('',(#3617,#3623),#3657,.T.);
#3617 = FACE_BOUND('',#3618,.F.);
#3618 = EDGE_LOOP('',(#3619,#3620,#3621,#3622));
#3619 = ORIENTED_EDGE('',*,*,#2905,.F.);
#3620 = ORIENTED_EDGE('',*,*,#2965,.F.);
#3621 = ORIENTED_EDGE('',*,*,#2989,.F.);
#3622 = ORIENTED_EDGE('',*,*,#3015,.F.);
#3623 = FACE_BOUND('',#3624,.F.);
#3624 = EDGE_LOOP('',(#3625,#3635,#3643,#3651));
#3625 = ORIENTED_EDGE('',*,*,#3626,.F.);
#3626 = EDGE_CURVE('',#3627,#3629,#3631,.T.);
#3627 = VERTEX_POINT('',#3628);
#3628 = CARTESIAN_POINT('',(4.6825,-0.3175,-1.77));
#3629 = VERTEX_POINT('',#3630);
#3630 = CARTESIAN_POINT('',(4.6825,0.3175,-1.77));
#3631 = LINE('',#3632,#3633);
#3632 = CARTESIAN_POINT('',(4.6825,-0.3175,-1.77));
#3633 = VECTOR('',#3634,1.);
#3634 = DIRECTION('',(0.,1.,0.));
#3635 = ORIENTED_EDGE('',*,*,#3636,.T.);
#3636 = EDGE_CURVE('',#3627,#3637,#3639,.T.);
#3637 = VERTEX_POINT('',#3638);
#3638 = CARTESIAN_POINT('',(5.3175,-0.3175,-1.77));
#3639 = LINE('',#3640,#3641);
#3640 = CARTESIAN_POINT('',(4.6825,-0.3175,-1.77));
#3641 = VECTOR('',#3642,1.);
#3642 = DIRECTION('',(1.,0.,0.));
#3643 = ORIENTED_EDGE('',*,*,#3644,.T.);
#3644 = EDGE_CURVE('',#3637,#3645,#3647,.T.);
#3645 = VERTEX_POINT('',#3646);
#3646 = CARTESIAN_POINT('',(5.3175,0.3175,-1.77));
#3647 = LINE('',#3648,#3649);
#3648 = CARTESIAN_POINT('',(5.3175,-0.3175,-1.77));
#3649 = VECTOR('',#3650,1.);
#3650 = DIRECTION('',(0.,1.,0.));
#3651 = ORIENTED_EDGE('',*,*,#3652,.F.);
#3652 = EDGE_CURVE('',#3629,#3645,#3653,.T.);
#3653 = LINE('',#3654,#3655);
#3654 = CARTESIAN_POINT('',(4.6825,0.3175,-1.77));
#3655 = VECTOR('',#3656,1.);
#3656 = DIRECTION('',(1.,0.,0.));
#3657 = PLANE('',#3658);
#3658 = AXIS2_PLACEMENT_3D('',#3659,#3660,#3661);
#3659 = CARTESIAN_POINT('',(0.,-1.74,-1.77));
#3660 = DIRECTION('',(0.,0.,1.));
#3661 = DIRECTION('',(1.,0.,-0.));
#3662 = ADVANCED_FACE('',(#3663),#3688,.F.);
#3663 = FACE_BOUND('',#3664,.F.);
#3664 = EDGE_LOOP('',(#3665,#3675,#3681,#3682));
#3665 = ORIENTED_EDGE('',*,*,#3666,.F.);
#3666 = EDGE_CURVE('',#3667,#3669,#3671,.T.);
#3667 = VERTEX_POINT('',#3668);
#3668 = CARTESIAN_POINT('',(4.6825,-0.3175,2.25));
#3669 = VERTEX_POINT('',#3670);
#3670 = CARTESIAN_POINT('',(4.6825,0.3175,2.25));
#3671 = LINE('',#3672,#3673);
#3672 = CARTESIAN_POINT('',(4.6825,-0.3175,2.25));
#3673 = VECTOR('',#3674,1.);
#3674 = DIRECTION('',(0.,1.,0.));
#3675 = ORIENTED_EDGE('',*,*,#3676,.T.);
#3676 = EDGE_CURVE('',#3667,#3627,#3677,.T.);
#3677 = LINE('',#3678,#3679);
#3678 = CARTESIAN_POINT('',(4.6825,-0.3175,2.25));
#3679 = VECTOR('',#3680,1.);
#3680 = DIRECTION('',(0.,0.,-1.));
#3681 = ORIENTED_EDGE('',*,*,#3626,.T.);
#3682 = ORIENTED_EDGE('',*,*,#3683,.T.);
#3683 = EDGE_CURVE('',#3629,#3669,#3684,.T.);
#3684 = LINE('',#3685,#3686);
#3685 = CARTESIAN_POINT('',(4.6825,0.3175,-1.77));
#3686 = VECTOR('',#3687,1.);
#3687 = DIRECTION('',(0.,0.,1.));
#3688 = PLANE('',#3689);
#3689 = AXIS2_PLACEMENT_3D('',#3690,#3691,#3692);
#3690 = CARTESIAN_POINT('',(4.6825,-1.74,0.));
#3691 = DIRECTION('',(1.,0.,0.));
#3692 = DIRECTION('',(0.,0.,-1.));
#3693 = ADVANCED_FACE('',(#3694),#3753,.F.);
#3694 = FACE_BOUND('',#3695,.F.);
#3695 = EDGE_LOOP('',(#3696,#3706,#3714,#3723,#3729,#3730,#3738,#3747));
#3696 = ORIENTED_EDGE('',*,*,#3697,.F.);
#3697 = EDGE_CURVE('',#3698,#3700,#3702,.T.);
#3698 = VERTEX_POINT('',#3699);
#3699 = CARTESIAN_POINT('',(4.6825,-4.69,-6.4675));
#3700 = VERTEX_POINT('',#3701);
#3701 = CARTESIAN_POINT('',(4.6825,-4.69,-5.8325));
#3702 = LINE('',#3703,#3704);
#3703 = CARTESIAN_POINT('',(4.6825,-4.69,-6.4675));
#3704 = VECTOR('',#3705,1.);
#3705 = DIRECTION('',(0.,0.,1.));
#3706 = ORIENTED_EDGE('',*,*,#3707,.T.);
#3707 = EDGE_CURVE('',#3698,#3708,#3710,.T.);
#3708 = VERTEX_POINT('',#3709);
#3709 = CARTESIAN_POINT('',(4.6825,-0.6175,-6.4675));
#3710 = LINE('',#3711,#3712);
#3711 = CARTESIAN_POINT('',(4.6825,-4.69,-6.4675));
#3712 = VECTOR('',#3713,1.);
#3713 = DIRECTION('',(0.,1.,0.));
#3714 = ORIENTED_EDGE('',*,*,#3715,.T.);
#3715 = EDGE_CURVE('',#3708,#3716,#3718,.T.);
#3716 = VERTEX_POINT('',#3717);
#3717 = CARTESIAN_POINT('',(4.6825,0.3175,-5.5325));
#3718 = CIRCLE('',#3719,0.935);
#3719 = AXIS2_PLACEMENT_3D('',#3720,#3721,#3722);
#3720 = CARTESIAN_POINT('',(4.6825,-0.6175,-5.5325));
#3721 = DIRECTION('',(1.,0.,0.));
#3722 = DIRECTION('',(0.,0.,-1.));
#3723 = ORIENTED_EDGE('',*,*,#3724,.T.);
#3724 = EDGE_CURVE('',#3716,#1377,#3725,.T.);
#3725 = LINE('',#3726,#3727);
#3726 = CARTESIAN_POINT('',(4.6825,0.3175,-5.5325));
#3727 = VECTOR('',#3728,1.);
#3728 = DIRECTION('',(0.,0.,1.));
#3729 = ORIENTED_EDGE('',*,*,#1374,.F.);
#3730 = ORIENTED_EDGE('',*,*,#3731,.T.);
#3731 = EDGE_CURVE('',#1375,#3732,#3734,.T.);
#3732 = VERTEX_POINT('',#3733);
#3733 = CARTESIAN_POINT('',(4.6825,-0.3175,-5.5325));
#3734 = LINE('',#3735,#3736);
#3735 = CARTESIAN_POINT('',(4.6825,-0.3175,-4.23));
#3736 = VECTOR('',#3737,1.);
#3737 = DIRECTION('',(0.,0.,-1.));
#3738 = ORIENTED_EDGE('',*,*,#3739,.T.);
#3739 = EDGE_CURVE('',#3732,#3740,#3742,.T.);
#3740 = VERTEX_POINT('',#3741);
#3741 = CARTESIAN_POINT('',(4.6825,-0.6175,-5.8325));
#3742 = CIRCLE('',#3743,0.3);
#3743 = AXIS2_PLACEMENT_3D('',#3744,#3745,#3746);
#3744 = CARTESIAN_POINT('',(4.6825,-0.6175,-5.5325));
#3745 = DIRECTION('',(-1.,0.,0.));
#3746 = DIRECTION('',(0.,1.,0.));
#3747 = ORIENTED_EDGE('',*,*,#3748,.T.);
#3748 = EDGE_CURVE('',#3740,#3700,#3749,.T.);
#3749 = LINE('',#3750,#3751);
#3750 = CARTESIAN_POINT('',(4.6825,-0.6175,-5.8325));
#3751 = VECTOR('',#3752,1.);
#3752 = DIRECTION('',(0.,-1.,0.));
#3753 = PLANE('',#3754);
#3754 = AXIS2_PLACEMENT_3D('',#3755,#3756,#3757);
#3755 = CARTESIAN_POINT('',(4.6825,-1.74,0.));
#3756 = DIRECTION('',(1.,0.,0.));
#3757 = DIRECTION('',(0.,0.,-1.));
#3758 = ADVANCED_FACE('',(#3759),#3784,.T.);
#3759 = FACE_BOUND('',#3760,.F.);
#3760 = EDGE_LOOP('',(#3761,#3771,#3777,#3778));
#3761 = ORIENTED_EDGE('',*,*,#3762,.F.);
#3762 = EDGE_CURVE('',#3763,#3765,#3767,.T.);
#3763 = VERTEX_POINT('',#3764);
#3764 = CARTESIAN_POINT('',(4.8325,-0.1675,2.8));
#3765 = VERTEX_POINT('',#3766);
#3766 = CARTESIAN_POINT('',(4.8325,0.1675,2.8));
#3767 = LINE('',#3768,#3769);
#3768 = CARTESIAN_POINT('',(4.8325,-0.1675,2.8));
#3769 = VECTOR('',#3770,1.);
#3770 = DIRECTION('',(0.,1.,0.));
#3771 = ORIENTED_EDGE('',*,*,#3772,.T.);
#3772 = EDGE_CURVE('',#3763,#3667,#3773,.T.);
#3773 = LINE('',#3774,#3775);
#3774 = CARTESIAN_POINT('',(4.8325,-0.1675,2.8));
#3775 = VECTOR('',#3776,1.);
#3776 = DIRECTION('',(-0.254456678904,-0.254456678904,-0.933007822648));
#3777 = ORIENTED_EDGE('',*,*,#3666,.T.);
#3778 = ORIENTED_EDGE('',*,*,#3779,.T.);
#3779 = EDGE_CURVE('',#3669,#3765,#3780,.T.);
#3780 = LINE('',#3781,#3782);
#3781 = CARTESIAN_POINT('',(4.6825,0.3175,2.25));
#3782 = VECTOR('',#3783,1.);
#3783 = DIRECTION('',(0.254456678904,-0.254456678904,0.933007822648));
#3784 = PLANE('',#3785);
#3785 = AXIS2_PLACEMENT_3D('',#3786,#3787,#3788);
#3786 = CARTESIAN_POINT('',(4.7575,0.,2.525));
#3787 = DIRECTION('',(-0.964763821238,0.,0.263117405792));
#3788 = DIRECTION('',(0.263117405792,0.,0.964763821238));
#3789 = ADVANCED_FACE('',(#3790),#3815,.T.);
#3790 = FACE_BOUND('',#3791,.F.);
#3791 = EDGE_LOOP('',(#3792,#3800,#3808,#3814));
#3792 = ORIENTED_EDGE('',*,*,#3793,.F.);
#3793 = EDGE_CURVE('',#3794,#3765,#3796,.T.);
#3794 = VERTEX_POINT('',#3795);
#3795 = CARTESIAN_POINT('',(5.1675,0.1675,2.8));
#3796 = LINE('',#3797,#3798);
#3797 = CARTESIAN_POINT('',(5.1675,0.1675,2.8));
#3798 = VECTOR('',#3799,1.);
#3799 = DIRECTION('',(-1.,0.,0.));
#3800 = ORIENTED_EDGE('',*,*,#3801,.T.);
#3801 = EDGE_CURVE('',#3794,#3802,#3804,.T.);
#3802 = VERTEX_POINT('',#3803);
#3803 = CARTESIAN_POINT('',(5.1675,-0.1675,2.8));
#3804 = LINE('',#3805,#3806);
#3805 = CARTESIAN_POINT('',(5.1675,0.1675,2.8));
#3806 = VECTOR('',#3807,1.);
#3807 = DIRECTION('',(0.,-1.,0.));
#3808 = ORIENTED_EDGE('',*,*,#3809,.T.);
#3809 = EDGE_CURVE('',#3802,#3763,#3810,.T.);
#3810 = LINE('',#3811,#3812);
#3811 = CARTESIAN_POINT('',(5.1675,-0.1675,2.8));
#3812 = VECTOR('',#3813,1.);
#3813 = DIRECTION('',(-1.,0.,0.));
#3814 = ORIENTED_EDGE('',*,*,#3762,.T.);
#3815 = PLANE('',#3816);
#3816 = AXIS2_PLACEMENT_3D('',#3817,#3818,#3819);
#3817 = CARTESIAN_POINT('',(4.6825,0.3175,2.8));
#3818 = DIRECTION('',(0.,0.,1.));
#3819 = DIRECTION('',(0.,-1.,0.));
#3820 = ADVANCED_FACE('',(#3821),#3839,.T.);
#3821 = FACE_BOUND('',#3822,.F.);
#3822 = EDGE_LOOP('',(#3823,#3824,#3825,#3833));
#3823 = ORIENTED_EDGE('',*,*,#3793,.T.);
#3824 = ORIENTED_EDGE('',*,*,#3779,.F.);
#3825 = ORIENTED_EDGE('',*,*,#3826,.F.);
#3826 = EDGE_CURVE('',#3827,#3669,#3829,.T.);
#3827 = VERTEX_POINT('',#3828);
#3828 = CARTESIAN_POINT('',(5.3175,0.3175,2.25));
#3829 = LINE('',#3830,#3831);
#3830 = CARTESIAN_POINT('',(5.3175,0.3175,2.25));
#3831 = VECTOR('',#3832,1.);
#3832 = DIRECTION('',(-1.,0.,0.));
#3833 = ORIENTED_EDGE('',*,*,#3834,.F.);
#3834 = EDGE_CURVE('',#3794,#3827,#3835,.T.);
#3835 = LINE('',#3836,#3837);
#3836 = CARTESIAN_POINT('',(5.1675,0.1675,2.8));
#3837 = VECTOR('',#3838,1.);
#3838 = DIRECTION('',(0.254456678904,0.254456678904,-0.933007822648));
#3839 = PLANE('',#3840);
#3840 = AXIS2_PLACEMENT_3D('',#3841,#3842,#3843);
#3841 = CARTESIAN_POINT('',(5.,0.2425,2.525));
#3842 = DIRECTION('',(0.,0.964763821238,0.263117405792));
#3843 = DIRECTION('',(0.,0.263117405792,-0.964763821238));
#3844 = ADVANCED_FACE('',(#3845),#3863,.T.);
#3845 = FACE_BOUND('',#3846,.F.);
#3846 = EDGE_LOOP('',(#3847,#3848,#3849,#3857));
#3847 = ORIENTED_EDGE('',*,*,#1384,.F.);
#3848 = ORIENTED_EDGE('',*,*,#3724,.F.);
#3849 = ORIENTED_EDGE('',*,*,#3850,.T.);
#3850 = EDGE_CURVE('',#3716,#3851,#3853,.T.);
#3851 = VERTEX_POINT('',#3852);
#3852 = CARTESIAN_POINT('',(5.3175,0.3175,-5.5325));
#3853 = LINE('',#3854,#3855);
#3854 = CARTESIAN_POINT('',(4.6825,0.3175,-5.5325));
#3855 = VECTOR('',#3856,1.);
#3856 = DIRECTION('',(1.,0.,0.));
#3857 = ORIENTED_EDGE('',*,*,#3858,.T.);
#3858 = EDGE_CURVE('',#3851,#1385,#3859,.T.);
#3859 = LINE('',#3860,#3861);
#3860 = CARTESIAN_POINT('',(5.3175,0.3175,-5.5325));
#3861 = VECTOR('',#3862,1.);
#3862 = DIRECTION('',(0.,0.,1.));
#3863 = PLANE('',#3864);
#3864 = AXIS2_PLACEMENT_3D('',#3865,#3866,#3867);
#3865 = CARTESIAN_POINT('',(4.6825,0.3175,-5.5325));
#3866 = DIRECTION('',(0.,1.,0.));
#3867 = DIRECTION('',(0.,-0.,1.));
#3868 = ADVANCED_FACE('',(#3869),#3880,.T.);
#3869 = FACE_BOUND('',#3870,.F.);
#3870 = EDGE_LOOP('',(#3871,#3872,#3873,#3874));
#3871 = ORIENTED_EDGE('',*,*,#3826,.T.);
#3872 = ORIENTED_EDGE('',*,*,#3683,.F.);
#3873 = ORIENTED_EDGE('',*,*,#3652,.T.);
#3874 = ORIENTED_EDGE('',*,*,#3875,.T.);
#3875 = EDGE_CURVE('',#3645,#3827,#3876,.T.);
#3876 = LINE('',#3877,#3878);
#3877 = CARTESIAN_POINT('',(5.3175,0.3175,-1.77));
#3878 = VECTOR('',#3879,1.);
#3879 = DIRECTION('',(0.,0.,1.));
#3880 = PLANE('',#3881);
#3881 = AXIS2_PLACEMENT_3D('',#3882,#3883,#3884);
#3882 = CARTESIAN_POINT('',(4.6825,0.3175,-5.5325));
#3883 = DIRECTION('',(0.,1.,0.));
#3884 = DIRECTION('',(0.,-0.,1.));
#3885 = ADVANCED_FACE('',(#3886),#3905,.T.);
#3886 = FACE_BOUND('',#3887,.T.);
#3887 = EDGE_LOOP('',(#3888,#3889,#3898,#3904));
#3888 = ORIENTED_EDGE('',*,*,#3850,.T.);
#3889 = ORIENTED_EDGE('',*,*,#3890,.F.);
#3890 = EDGE_CURVE('',#3891,#3851,#3893,.T.);
#3891 = VERTEX_POINT('',#3892);
#3892 = CARTESIAN_POINT('',(5.3175,-0.6175,-6.4675));
#3893 = CIRCLE('',#3894,0.935);
#3894 = AXIS2_PLACEMENT_3D('',#3895,#3896,#3897);
#3895 = CARTESIAN_POINT('',(5.3175,-0.6175,-5.5325));
#3896 = DIRECTION('',(1.,0.,0.));
#3897 = DIRECTION('',(0.,0.,-1.));
#3898 = ORIENTED_EDGE('',*,*,#3899,.F.);
#3899 = EDGE_CURVE('',#3708,#3891,#3900,.T.);
#3900 = LINE('',#3901,#3902);
#3901 = CARTESIAN_POINT('',(4.6825,-0.6175,-6.4675));
#3902 = VECTOR('',#3903,1.);
#3903 = DIRECTION('',(1.,0.,0.));
#3904 = ORIENTED_EDGE('',*,*,#3715,.T.);
#3905 = CYLINDRICAL_SURFACE('',#3906,0.935);
#3906 = AXIS2_PLACEMENT_3D('',#3907,#3908,#3909);
#3907 = CARTESIAN_POINT('',(4.6825,-0.6175,-5.5325));
#3908 = DIRECTION('',(1.,0.,0.));
#3909 = DIRECTION('',(0.,0.,-1.));
#3910 = ADVANCED_FACE('',(#3911),#3929,.T.);
#3911 = FACE_BOUND('',#3912,.F.);
#3912 = EDGE_LOOP('',(#3913,#3921,#3927,#3928));
#3913 = ORIENTED_EDGE('',*,*,#3914,.F.);
#3914 = EDGE_CURVE('',#3915,#3698,#3917,.T.);
#3915 = VERTEX_POINT('',#3916);
#3916 = CARTESIAN_POINT('',(5.3175,-4.69,-6.4675));
#3917 = LINE('',#3918,#3919);
#3918 = CARTESIAN_POINT('',(5.3175,-4.69,-6.4675));
#3919 = VECTOR('',#3920,1.);
#3920 = DIRECTION('',(-1.,0.,0.));
#3921 = ORIENTED_EDGE('',*,*,#3922,.T.);
#3922 = EDGE_CURVE('',#3915,#3891,#3923,.T.);
#3923 = LINE('',#3924,#3925);
#3924 = CARTESIAN_POINT('',(5.3175,-4.69,-6.4675));
#3925 = VECTOR('',#3926,1.);
#3926 = DIRECTION('',(0.,1.,0.));
#3927 = ORIENTED_EDGE('',*,*,#3899,.F.);
#3928 = ORIENTED_EDGE('',*,*,#3707,.F.);
#3929 = PLANE('',#3930);
#3930 = AXIS2_PLACEMENT_3D('',#3931,#3932,#3933);
#3931 = CARTESIAN_POINT('',(4.6825,-5.24,-6.4675));
#3932 = DIRECTION('',(0.,0.,-1.));
#3933 = DIRECTION('',(0.,1.,0.));
#3934 = ADVANCED_FACE('',(#3935),#3960,.T.);
#3935 = FACE_BOUND('',#3936,.F.);
#3936 = EDGE_LOOP('',(#3937,#3945,#3953,#3959));
#3937 = ORIENTED_EDGE('',*,*,#3938,.F.);
#3938 = EDGE_CURVE('',#3939,#3698,#3941,.T.);
#3939 = VERTEX_POINT('',#3940);
#3940 = CARTESIAN_POINT('',(4.8325,-5.24,-6.3175));
#3941 = LINE('',#3942,#3943);
#3942 = CARTESIAN_POINT('',(4.8325,-5.24,-6.3175));
#3943 = VECTOR('',#3944,1.);
#3944 = DIRECTION('',(-0.254456678904,0.933007822648,-0.254456678904));
#3945 = ORIENTED_EDGE('',*,*,#3946,.F.);
#3946 = EDGE_CURVE('',#3947,#3939,#3949,.T.);
#3947 = VERTEX_POINT('',#3948);
#3948 = CARTESIAN_POINT('',(5.1675,-5.24,-6.3175));
#3949 = LINE('',#3950,#3951);
#3950 = CARTESIAN_POINT('',(5.1675,-5.24,-6.3175));
#3951 = VECTOR('',#3952,1.);
#3952 = DIRECTION('',(-1.,0.,0.));
#3953 = ORIENTED_EDGE('',*,*,#3954,.T.);
#3954 = EDGE_CURVE('',#3947,#3915,#3955,.T.);
#3955 = LINE('',#3956,#3957);
#3956 = CARTESIAN_POINT('',(5.1675,-5.24,-6.3175));
#3957 = VECTOR('',#3958,1.);
#3958 = DIRECTION('',(0.254456678904,0.933007822648,-0.254456678904));
#3959 = ORIENTED_EDGE('',*,*,#3914,.T.);
#3960 = PLANE('',#3961);
#3961 = AXIS2_PLACEMENT_3D('',#3962,#3963,#3964);
#3962 = CARTESIAN_POINT('',(5.,-4.965,-6.3925));
#3963 = DIRECTION('',(0.,-0.263117405792,-0.964763821238));
#3964 = DIRECTION('',(0.,-0.964763821238,0.263117405792));
#3965 = ADVANCED_FACE('',(#3966),#3984,.T.);
#3966 = FACE_BOUND('',#3967,.F.);
#3967 = EDGE_LOOP('',(#3968,#3969,#3970,#3978));
#3968 = ORIENTED_EDGE('',*,*,#3938,.T.);
#3969 = ORIENTED_EDGE('',*,*,#3697,.T.);
#3970 = ORIENTED_EDGE('',*,*,#3971,.F.);
#3971 = EDGE_CURVE('',#3972,#3700,#3974,.T.);
#3972 = VERTEX_POINT('',#3973);
#3973 = CARTESIAN_POINT('',(4.8325,-5.24,-5.9825));
#3974 = LINE('',#3975,#3976);
#3975 = CARTESIAN_POINT('',(4.8325,-5.24,-5.9825));
#3976 = VECTOR('',#3977,1.);
#3977 = DIRECTION('',(-0.254456678904,0.933007822648,0.254456678904));
#3978 = ORIENTED_EDGE('',*,*,#3979,.F.);
#3979 = EDGE_CURVE('',#3939,#3972,#3980,.T.);
#3980 = LINE('',#3981,#3982);
#3981 = CARTESIAN_POINT('',(4.8325,-5.24,-6.3175));
#3982 = VECTOR('',#3983,1.);
#3983 = DIRECTION('',(0.,0.,1.));
#3984 = PLANE('',#3985);
#3985 = AXIS2_PLACEMENT_3D('',#3986,#3987,#3988);
#3986 = CARTESIAN_POINT('',(4.7575,-4.965,-6.15));
#3987 = DIRECTION('',(-0.964763821238,-0.263117405792,0.));
#3988 = DIRECTION('',(0.263117405792,-0.964763821238,0.));
#3989 = ADVANCED_FACE('',(#3990),#4015,.T.);
#3990 = FACE_BOUND('',#3991,.F.);
#3991 = EDGE_LOOP('',(#3992,#4000,#4008,#4014));
#3992 = ORIENTED_EDGE('',*,*,#3993,.F.);
#3993 = EDGE_CURVE('',#3994,#3700,#3996,.T.);
#3994 = VERTEX_POINT('',#3995);
#3995 = CARTESIAN_POINT('',(5.3175,-4.69,-5.8325));
#3996 = LINE('',#3997,#3998);
#3997 = CARTESIAN_POINT('',(5.3175,-4.69,-5.8325));
#3998 = VECTOR('',#3999,1.);
#3999 = DIRECTION('',(-1.,0.,0.));
#4000 = ORIENTED_EDGE('',*,*,#4001,.F.);
#4001 = EDGE_CURVE('',#4002,#3994,#4004,.T.);
#4002 = VERTEX_POINT('',#4003);
#4003 = CARTESIAN_POINT('',(5.1675,-5.24,-5.9825));
#4004 = LINE('',#4005,#4006);
#4005 = CARTESIAN_POINT('',(5.1675,-5.24,-5.9825));
#4006 = VECTOR('',#4007,1.);
#4007 = DIRECTION('',(0.254456678904,0.933007822648,0.254456678904));
#4008 = ORIENTED_EDGE('',*,*,#4009,.T.);
#4009 = EDGE_CURVE('',#4002,#3972,#4010,.T.);
#4010 = LINE('',#4011,#4012);
#4011 = CARTESIAN_POINT('',(5.1675,-5.24,-5.9825));
#4012 = VECTOR('',#4013,1.);
#4013 = DIRECTION('',(-1.,0.,0.));
#4014 = ORIENTED_EDGE('',*,*,#3971,.T.);
#4015 = PLANE('',#4016);
#4016 = AXIS2_PLACEMENT_3D('',#4017,#4018,#4019);
#4017 = CARTESIAN_POINT('',(5.,-4.965,-5.9075));
#4018 = DIRECTION('',(0.,-0.263117405792,0.964763821238));
#4019 = DIRECTION('',(0.,0.964763821238,0.263117405792));
#4020 = ADVANCED_FACE('',(#4021),#4039,.T.);
#4021 = FACE_BOUND('',#4022,.F.);
#4022 = EDGE_LOOP('',(#4023,#4024,#4025,#4033));
#4023 = ORIENTED_EDGE('',*,*,#3993,.T.);
#4024 = ORIENTED_EDGE('',*,*,#3748,.F.);
#4025 = ORIENTED_EDGE('',*,*,#4026,.T.);
#4026 = EDGE_CURVE('',#3740,#4027,#4029,.T.);
#4027 = VERTEX_POINT('',#4028);
#4028 = CARTESIAN_POINT('',(5.3175,-0.6175,-5.8325));
#4029 = LINE('',#4030,#4031);
#4030 = CARTESIAN_POINT('',(4.6825,-0.6175,-5.8325));
#4031 = VECTOR('',#4032,1.);
#4032 = DIRECTION('',(1.,0.,0.));
#4033 = ORIENTED_EDGE('',*,*,#4034,.T.);
#4034 = EDGE_CURVE('',#4027,#3994,#4035,.T.);
#4035 = LINE('',#4036,#4037);
#4036 = CARTESIAN_POINT('',(5.3175,-0.6175,-5.8325));
#4037 = VECTOR('',#4038,1.);
#4038 = DIRECTION('',(0.,-1.,0.));
#4039 = PLANE('',#4040);
#4040 = AXIS2_PLACEMENT_3D('',#4041,#4042,#4043);
#4041 = CARTESIAN_POINT('',(4.6825,-0.6175,-5.8325));
#4042 = DIRECTION('',(0.,0.,1.));
#4043 = DIRECTION('',(0.,-1.,0.));
#4044 = ADVANCED_FACE('',(#4045),#4064,.F.);
#4045 = FACE_BOUND('',#4046,.F.);
#4046 = EDGE_LOOP('',(#4047,#4048,#4056,#4063));
#4047 = ORIENTED_EDGE('',*,*,#3739,.F.);
#4048 = ORIENTED_EDGE('',*,*,#4049,.T.);
#4049 = EDGE_CURVE('',#3732,#4050,#4052,.T.);
#4050 = VERTEX_POINT('',#4051);
#4051 = CARTESIAN_POINT('',(5.3175,-0.3175,-5.5325));
#4052 = LINE('',#4053,#4054);
#4053 = CARTESIAN_POINT('',(4.6825,-0.3175,-5.5325));
#4054 = VECTOR('',#4055,1.);
#4055 = DIRECTION('',(1.,0.,0.));
#4056 = ORIENTED_EDGE('',*,*,#4057,.T.);
#4057 = EDGE_CURVE('',#4050,#4027,#4058,.T.);
#4058 = CIRCLE('',#4059,0.3);
#4059 = AXIS2_PLACEMENT_3D('',#4060,#4061,#4062);
#4060 = CARTESIAN_POINT('',(5.3175,-0.6175,-5.5325));
#4061 = DIRECTION('',(-1.,0.,0.));
#4062 = DIRECTION('',(0.,1.,0.));
#4063 = ORIENTED_EDGE('',*,*,#4026,.F.);
#4064 = CYLINDRICAL_SURFACE('',#4065,0.3);
#4065 = AXIS2_PLACEMENT_3D('',#4066,#4067,#4068);
#4066 = CARTESIAN_POINT('',(4.6825,-0.6175,-5.5325));
#4067 = DIRECTION('',(1.,0.,0.));
#4068 = DIRECTION('',(0.,0.,-1.));
#4069 = ADVANCED_FACE('',(#4070),#4081,.T.);
#4070 = FACE_BOUND('',#4071,.F.);
#4071 = EDGE_LOOP('',(#4072,#4073,#4079,#4080));
#4072 = ORIENTED_EDGE('',*,*,#1400,.T.);
#4073 = ORIENTED_EDGE('',*,*,#4074,.T.);
#4074 = EDGE_CURVE('',#1393,#4050,#4075,.T.);
#4075 = LINE('',#4076,#4077);
#4076 = CARTESIAN_POINT('',(5.3175,-0.3175,-4.23));
#4077 = VECTOR('',#4078,1.);
#4078 = DIRECTION('',(0.,0.,-1.));
#4079 = ORIENTED_EDGE('',*,*,#4049,.F.);
#4080 = ORIENTED_EDGE('',*,*,#3731,.F.);
#4081 = PLANE('',#4082);
#4082 = AXIS2_PLACEMENT_3D('',#4083,#4084,#4085);
#4083 = CARTESIAN_POINT('',(4.6825,-0.3175,2.8));
#4084 = DIRECTION('',(0.,-1.,0.));
#4085 = DIRECTION('',(0.,0.,-1.));
#4086 = ADVANCED_FACE('',(#4087),#4105,.T.);
#4087 = FACE_BOUND('',#4088,.F.);
#4088 = EDGE_LOOP('',(#4089,#4097,#4103,#4104));
#4089 = ORIENTED_EDGE('',*,*,#4090,.F.);
#4090 = EDGE_CURVE('',#4091,#3667,#4093,.T.);
#4091 = VERTEX_POINT('',#4092);
#4092 = CARTESIAN_POINT('',(5.3175,-0.3175,2.25));
#4093 = LINE('',#4094,#4095);
#4094 = CARTESIAN_POINT('',(5.3175,-0.3175,2.25));
#4095 = VECTOR('',#4096,1.);
#4096 = DIRECTION('',(-1.,0.,0.));
#4097 = ORIENTED_EDGE('',*,*,#4098,.T.);
#4098 = EDGE_CURVE('',#4091,#3637,#4099,.T.);
#4099 = LINE('',#4100,#4101);
#4100 = CARTESIAN_POINT('',(5.3175,-0.3175,2.25));
#4101 = VECTOR('',#4102,1.);
#4102 = DIRECTION('',(0.,0.,-1.));
#4103 = ORIENTED_EDGE('',*,*,#3636,.F.);
#4104 = ORIENTED_EDGE('',*,*,#3676,.F.);
#4105 = PLANE('',#4106);
#4106 = AXIS2_PLACEMENT_3D('',#4107,#4108,#4109);
#4107 = CARTESIAN_POINT('',(4.6825,-0.3175,2.8));
#4108 = DIRECTION('',(0.,-1.,0.));
#4109 = DIRECTION('',(0.,0.,-1.));
#4110 = ADVANCED_FACE('',(#4111),#4122,.T.);
#4111 = FACE_BOUND('',#4112,.F.);
#4112 = EDGE_LOOP('',(#4113,#4119,#4120,#4121));
#4113 = ORIENTED_EDGE('',*,*,#4114,.F.);
#4114 = EDGE_CURVE('',#3827,#4091,#4115,.T.);
#4115 = LINE('',#4116,#4117);
#4116 = CARTESIAN_POINT('',(5.3175,0.3175,2.25));
#4117 = VECTOR('',#4118,1.);
#4118 = DIRECTION('',(0.,-1.,0.));
#4119 = ORIENTED_EDGE('',*,*,#3875,.F.);
#4120 = ORIENTED_EDGE('',*,*,#3644,.F.);
#4121 = ORIENTED_EDGE('',*,*,#4098,.F.);
#4122 = PLANE('',#4123);
#4123 = AXIS2_PLACEMENT_3D('',#4124,#4125,#4126);
#4124 = CARTESIAN_POINT('',(5.3175,-1.74,0.));
#4125 = DIRECTION('',(1.,0.,0.));
#4126 = DIRECTION('',(0.,0.,-1.));
#4127 = ADVANCED_FACE('',(#4128),#4143,.T.);
#4128 = FACE_BOUND('',#4129,.F.);
#4129 = EDGE_LOOP('',(#4130,#4136,#4137,#4138,#4139,#4140,#4141,#4142));
#4130 = ORIENTED_EDGE('',*,*,#4131,.F.);
#4131 = EDGE_CURVE('',#3994,#3915,#4132,.T.);
#4132 = LINE('',#4133,#4134);
#4133 = CARTESIAN_POINT('',(5.3175,-4.69,-5.8325));
#4134 = VECTOR('',#4135,1.);
#4135 = DIRECTION('',(0.,0.,-1.));
#4136 = ORIENTED_EDGE('',*,*,#4034,.F.);
#4137 = ORIENTED_EDGE('',*,*,#4057,.F.);
#4138 = ORIENTED_EDGE('',*,*,#4074,.F.);
#4139 = ORIENTED_EDGE('',*,*,#1392,.T.);
#4140 = ORIENTED_EDGE('',*,*,#3858,.F.);
#4141 = ORIENTED_EDGE('',*,*,#3890,.F.);
#4142 = ORIENTED_EDGE('',*,*,#3922,.F.);
#4143 = PLANE('',#4144);
#4144 = AXIS2_PLACEMENT_3D('',#4145,#4146,#4147);
#4145 = CARTESIAN_POINT('',(5.3175,-1.74,0.));
#4146 = DIRECTION('',(1.,0.,0.));
#4147 = DIRECTION('',(0.,0.,-1.));
#4148 = ADVANCED_FACE('',(#4149),#4160,.T.);
#4149 = FACE_BOUND('',#4150,.F.);
#4150 = EDGE_LOOP('',(#4151,#4152,#4153,#4154));
#4151 = ORIENTED_EDGE('',*,*,#3801,.F.);
#4152 = ORIENTED_EDGE('',*,*,#3834,.T.);
#4153 = ORIENTED_EDGE('',*,*,#4114,.T.);
#4154 = ORIENTED_EDGE('',*,*,#4155,.T.);
#4155 = EDGE_CURVE('',#4091,#3802,#4156,.T.);
#4156 = LINE('',#4157,#4158);
#4157 = CARTESIAN_POINT('',(5.3175,-0.3175,2.25));
#4158 = VECTOR('',#4159,1.);
#4159 = DIRECTION('',(-0.254456678904,0.254456678904,0.933007822648));
#4160 = PLANE('',#4161);
#4161 = AXIS2_PLACEMENT_3D('',#4162,#4163,#4164);
#4162 = CARTESIAN_POINT('',(5.2425,0.,2.525));
#4163 = DIRECTION('',(0.964763821238,0.,0.263117405792));
#4164 = DIRECTION('',(-0.263117405792,0.,0.964763821238));
#4165 = ADVANCED_FACE('',(#4166),#4172,.T.);
#4166 = FACE_BOUND('',#4167,.F.);
#4167 = EDGE_LOOP('',(#4168,#4169,#4170,#4171));
#4168 = ORIENTED_EDGE('',*,*,#4090,.T.);
#4169 = ORIENTED_EDGE('',*,*,#3772,.F.);
#4170 = ORIENTED_EDGE('',*,*,#3809,.F.);
#4171 = ORIENTED_EDGE('',*,*,#4155,.F.);
#4172 = PLANE('',#4173);
#4173 = AXIS2_PLACEMENT_3D('',#4174,#4175,#4176);
#4174 = CARTESIAN_POINT('',(5.,-0.2425,2.525));
#4175 = DIRECTION('',(0.,-0.964763821238,0.263117405792));
#4176 = DIRECTION('',(0.,0.263117405792,0.964763821238));
#4177 = ADVANCED_FACE('',(#4178),#4189,.T.);
#4178 = FACE_BOUND('',#4179,.F.);
#4179 = EDGE_LOOP('',(#4180,#4181,#4187,#4188));
#4180 = ORIENTED_EDGE('',*,*,#3954,.F.);
#4181 = ORIENTED_EDGE('',*,*,#4182,.F.);
#4182 = EDGE_CURVE('',#4002,#3947,#4183,.T.);
#4183 = LINE('',#4184,#4185);
#4184 = CARTESIAN_POINT('',(5.1675,-5.24,-5.9825));
#4185 = VECTOR('',#4186,1.);
#4186 = DIRECTION('',(0.,0.,-1.));
#4187 = ORIENTED_EDGE('',*,*,#4001,.T.);
#4188 = ORIENTED_EDGE('',*,*,#4131,.T.);
#4189 = PLANE('',#4190);
#4190 = AXIS2_PLACEMENT_3D('',#4191,#4192,#4193);
#4191 = CARTESIAN_POINT('',(5.2425,-4.965,-6.15));
#4192 = DIRECTION('',(0.964763821238,-0.263117405792,0.));
#4193 = DIRECTION('',(-0.263117405792,-0.964763821238,0.));
#4194 = ADVANCED_FACE('',(#4195),#4201,.T.);
#4195 = FACE_BOUND('',#4196,.F.);
#4196 = EDGE_LOOP('',(#4197,#4198,#4199,#4200));
#4197 = ORIENTED_EDGE('',*,*,#3946,.T.);
#4198 = ORIENTED_EDGE('',*,*,#3979,.T.);
#4199 = ORIENTED_EDGE('',*,*,#4009,.F.);
#4200 = ORIENTED_EDGE('',*,*,#4182,.T.);
#4201 = PLANE('',#4202);
#4202 = AXIS2_PLACEMENT_3D('',#4203,#4204,#4205);
#4203 = CARTESIAN_POINT('',(4.6825,-5.24,-5.8325));
#4204 = DIRECTION('',(0.,-1.,0.));
#4205 = DIRECTION('',(0.,0.,-1.));
#4206 = ADVANCED_FACE('',(#4207),#4234,.F.);
#4207 = FACE_BOUND('',#4208,.F.);
#4208 = EDGE_LOOP('',(#4209,#4217,#4225,#4231,#4232,#4233));
#4209 = ORIENTED_EDGE('',*,*,#4210,.F.);
#4210 = EDGE_CURVE('',#4211,#1545,#4213,.T.);
#4211 = VERTEX_POINT('',#4212);
#4212 = CARTESIAN_POINT('',(-2.6,4.35,-0.52));
#4213 = LINE('',#4214,#4215);
#4214 = CARTESIAN_POINT('',(-2.6,4.35,-0.52));
#4215 = VECTOR('',#4216,1.);
#4216 = DIRECTION('',(0.,-1.,0.));
#4217 = ORIENTED_EDGE('',*,*,#4218,.F.);
#4218 = EDGE_CURVE('',#4219,#4211,#4221,.T.);
#4219 = VERTEX_POINT('',#4220);
#4220 = CARTESIAN_POINT('',(-2.6,4.35,5.69));
#4221 = LINE('',#4222,#4223);
#4222 = CARTESIAN_POINT('',(-2.6,4.35,5.69));
#4223 = VECTOR('',#4224,1.);
#4224 = DIRECTION('',(0.,0.,-1.));
#4225 = ORIENTED_EDGE('',*,*,#4226,.T.);
#4226 = EDGE_CURVE('',#4219,#1981,#4227,.T.);
#4227 = LINE('',#4228,#4229);
#4228 = CARTESIAN_POINT('',(-2.6,4.35,5.69));
#4229 = VECTOR('',#4230,1.);
#4230 = DIRECTION('',(0.,-1.,0.));
#4231 = ORIENTED_EDGE('',*,*,#1980,.T.);
#4232 = ORIENTED_EDGE('',*,*,#867,.T.);
#4233 = ORIENTED_EDGE('',*,*,#1553,.T.);
#4234 = PLANE('',#4235);
#4235 = AXIS2_PLACEMENT_3D('',#4236,#4237,#4238);
#4236 = CARTESIAN_POINT('',(-2.6,0.,0.));
#4237 = DIRECTION('',(1.,0.,0.));
#4238 = DIRECTION('',(0.,0.,-1.));
#4239 = ADVANCED_FACE('',(#4240),#4252,.T.);
#4240 = FACE_BOUND('',#4241,.T.);
#4241 = EDGE_LOOP('',(#4242,#4243,#4244,#4251));
#4242 = ORIENTED_EDGE('',*,*,#1544,.F.);
#4243 = ORIENTED_EDGE('',*,*,#4210,.F.);
#4244 = ORIENTED_EDGE('',*,*,#4245,.T.);
#4245 = EDGE_CURVE('',#4211,#1606,#4246,.T.);
#4246 = CIRCLE('',#4247,0.25);
#4247 = AXIS2_PLACEMENT_3D('',#4248,#4249,#4250);
#4248 = CARTESIAN_POINT('',(-2.35,4.35,-0.52));
#4249 = DIRECTION('',(0.,-1.,0.));
#4250 = DIRECTION('',(-1.,0.,0.));
#4251 = ORIENTED_EDGE('',*,*,#1613,.T.);
#4252 = CYLINDRICAL_SURFACE('',#4253,0.25);
#4253 = AXIS2_PLACEMENT_3D('',#4254,#4255,#4256);
#4254 = CARTESIAN_POINT('',(-2.35,4.39537208165,-0.52));
#4255 = DIRECTION('',(0.,-1.,0.));
#4256 = DIRECTION('',(-1.,0.,0.));
#4257 = ADVANCED_FACE('',(#4258),#4269,.T.);
#4258 = FACE_BOUND('',#4259,.T.);
#4259 = EDGE_LOOP('',(#4260,#4261,#4268));
#4260 = ORIENTED_EDGE('',*,*,#4245,.F.);
#4261 = ORIENTED_EDGE('',*,*,#4262,.T.);
#4262 = EDGE_CURVE('',#4211,#1724,#4263,.T.);
#4263 = CIRCLE('',#4264,0.25);
#4264 = AXIS2_PLACEMENT_3D('',#4265,#4266,#4267);
#4265 = CARTESIAN_POINT('',(-2.35,4.35,-0.52));
#4266 = DIRECTION('',(0.,0.,-1.));
#4267 = DIRECTION('',(-1.,0.,0.));
#4268 = ORIENTED_EDGE('',*,*,#1723,.T.);
#4269 = SPHERICAL_SURFACE('',#4270,0.25);
#4270 = AXIS2_PLACEMENT_3D('',#4271,#4272,#4273);
#4271 = CARTESIAN_POINT('',(-2.35,4.35,-0.52));
#4272 = DIRECTION('',(0.,0.707106786488,0.707106775885));
#4273 = DIRECTION('',(0.,0.707106775885,-0.707106786488));
#4274 = ADVANCED_FACE('',(#4275),#4294,.T.);
#4275 = FACE_BOUND('',#4276,.T.);
#4276 = EDGE_LOOP('',(#4277,#4285,#4286,#4287));
#4277 = ORIENTED_EDGE('',*,*,#4278,.T.);
#4278 = EDGE_CURVE('',#4279,#1724,#4281,.T.);
#4279 = VERTEX_POINT('',#4280);
#4280 = CARTESIAN_POINT('',(-2.35,4.6,5.69));
#4281 = LINE('',#4282,#4283);
#4282 = CARTESIAN_POINT('',(-2.35,4.6,5.69));
#4283 = VECTOR('',#4284,1.);
#4284 = DIRECTION('',(0.,0.,-1.));
#4285 = ORIENTED_EDGE('',*,*,#4262,.F.);
#4286 = ORIENTED_EDGE('',*,*,#4218,.F.);
#4287 = ORIENTED_EDGE('',*,*,#4288,.F.);
#4288 = EDGE_CURVE('',#4279,#4219,#4289,.T.);
#4289 = CIRCLE('',#4290,0.25);
#4290 = AXIS2_PLACEMENT_3D('',#4291,#4292,#4293);
#4291 = CARTESIAN_POINT('',(-2.35,4.35,5.69));
#4292 = DIRECTION('',(0.,-0.,1.));
#4293 = DIRECTION('',(0.,1.,0.));
#4294 = CYLINDRICAL_SURFACE('',#4295,0.25);
#4295 = AXIS2_PLACEMENT_3D('',#4296,#4297,#4298);
#4296 = CARTESIAN_POINT('',(-2.35,4.35,21.86850236479));
#4297 = DIRECTION('',(0.,0.,-1.));
#4298 = DIRECTION('',(-1.,0.,0.));
#4299 = ADVANCED_FACE('',(#4300),#4328,.T.);
#4300 = FACE_BOUND('',#4301,.F.);
#4301 = EDGE_LOOP('',(#4302,#4313,#4319,#4320,#4321,#4322));
#4302 = ORIENTED_EDGE('',*,*,#4303,.F.);
#4303 = EDGE_CURVE('',#4304,#4306,#4308,.T.);
#4304 = VERTEX_POINT('',#4305);
#4305 = CARTESIAN_POINT('',(2.6,4.35,5.69));
#4306 = VERTEX_POINT('',#4307);
#4307 = CARTESIAN_POINT('',(2.35,4.6,5.69));
#4308 = CIRCLE('',#4309,0.25);
#4309 = AXIS2_PLACEMENT_3D('',#4310,#4311,#4312);
#4310 = CARTESIAN_POINT('',(2.35,4.35,5.69));
#4311 = DIRECTION('',(0.,0.,1.));
#4312 = DIRECTION('',(1.,0.,-0.));
#4313 = ORIENTED_EDGE('',*,*,#4314,.T.);
#4314 = EDGE_CURVE('',#4304,#1989,#4315,.T.);
#4315 = LINE('',#4316,#4317);
#4316 = CARTESIAN_POINT('',(2.6,4.35,5.69));
#4317 = VECTOR('',#4318,1.);
#4318 = DIRECTION('',(0.,-1.,0.));
#4319 = ORIENTED_EDGE('',*,*,#1988,.F.);
#4320 = ORIENTED_EDGE('',*,*,#4226,.F.);
#4321 = ORIENTED_EDGE('',*,*,#4288,.F.);
#4322 = ORIENTED_EDGE('',*,*,#4323,.T.);
#4323 = EDGE_CURVE('',#4279,#4306,#4324,.T.);
#4324 = LINE('',#4325,#4326);
#4325 = CARTESIAN_POINT('',(-2.35,4.6,5.69));
#4326 = VECTOR('',#4327,1.);
#4327 = DIRECTION('',(1.,0.,0.));
#4328 = PLANE('',#4329);
#4329 = AXIS2_PLACEMENT_3D('',#4330,#4331,#4332);
#4330 = CARTESIAN_POINT('',(-2.6,4.6,5.69));
#4331 = DIRECTION('',(0.,0.,1.));
#4332 = DIRECTION('',(0.,-1.,0.));
#4333 = ADVANCED_FACE('',(#4334),#4358,.T.);
#4334 = FACE_BOUND('',#4335,.T.);
#4335 = EDGE_LOOP('',(#4336,#4344,#4351,#4357));
#4336 = ORIENTED_EDGE('',*,*,#4337,.F.);
#4337 = EDGE_CURVE('',#4338,#4304,#4340,.T.);
#4338 = VERTEX_POINT('',#4339);
#4339 = CARTESIAN_POINT('',(2.6,4.35,-0.52));
#4340 = LINE('',#4341,#4342);
#4341 = CARTESIAN_POINT('',(2.6,4.35,-0.52));
#4342 = VECTOR('',#4343,1.);
#4343 = DIRECTION('',(0.,0.,1.));
#4344 = ORIENTED_EDGE('',*,*,#4345,.T.);
#4345 = EDGE_CURVE('',#4338,#1756,#4346,.T.);
#4346 = CIRCLE('',#4347,0.25);
#4347 = AXIS2_PLACEMENT_3D('',#4348,#4349,#4350);
#4348 = CARTESIAN_POINT('',(2.35,4.35,-0.52));
#4349 = DIRECTION('',(0.,0.,1.));
#4350 = DIRECTION('',(1.,0.,-0.));
#4351 = ORIENTED_EDGE('',*,*,#4352,.T.);
#4352 = EDGE_CURVE('',#1756,#4306,#4353,.T.);
#4353 = LINE('',#4354,#4355);
#4354 = CARTESIAN_POINT('',(2.35,4.6,-0.520000000288));
#4355 = VECTOR('',#4356,1.);
#4356 = DIRECTION('',(0.,0.,1.));
#4357 = ORIENTED_EDGE('',*,*,#4303,.F.);
#4358 = CYLINDRICAL_SURFACE('',#4359,0.25);
#4359 = AXIS2_PLACEMENT_3D('',#4360,#4361,#4362);
#4360 = CARTESIAN_POINT('',(2.35,4.35,-0.551939672266));
#4361 = DIRECTION('',(0.,0.,1.));
#4362 = DIRECTION('',(1.,0.,-0.));
#4363 = ADVANCED_FACE('',(#4364),#4397,.T.);
#4364 = FACE_BOUND('',#4365,.F.);
#4365 = EDGE_LOOP('',(#4366,#4367,#4376,#4384,#4391,#4392,#4393,#4394,
    #4395,#4396));
#4366 = ORIENTED_EDGE('',*,*,#1798,.T.);
#4367 = ORIENTED_EDGE('',*,*,#4368,.T.);
#4368 = EDGE_CURVE('',#1791,#4369,#4371,.T.);
#4369 = VERTEX_POINT('',#4370);
#4370 = CARTESIAN_POINT('',(-0.85,4.6,4.39));
#4371 = CIRCLE('',#4372,0.3);
#4372 = AXIS2_PLACEMENT_3D('',#4373,#4374,#4375);
#4373 = CARTESIAN_POINT('',(-0.85,4.6,4.09));
#4374 = DIRECTION('',(0.,1.,0.));
#4375 = DIRECTION('',(-1.,0.,0.));
#4376 = ORIENTED_EDGE('',*,*,#4377,.T.);
#4377 = EDGE_CURVE('',#4369,#4378,#4380,.T.);
#4378 = VERTEX_POINT('',#4379);
#4379 = CARTESIAN_POINT('',(0.85,4.6,4.39));
#4380 = LINE('',#4381,#4382);
#4381 = CARTESIAN_POINT('',(-0.85,4.6,4.39));
#4382 = VECTOR('',#4383,1.);
#4383 = DIRECTION('',(1.,0.,0.));
#4384 = ORIENTED_EDGE('',*,*,#4385,.T.);
#4385 = EDGE_CURVE('',#4378,#1692,#4386,.T.);
#4386 = CIRCLE('',#4387,0.3);
#4387 = AXIS2_PLACEMENT_3D('',#4388,#4389,#4390);
#4388 = CARTESIAN_POINT('',(0.85,4.6,4.09));
#4389 = DIRECTION('',(0.,1.,0.));
#4390 = DIRECTION('',(0.,-0.,1.));
#4391 = ORIENTED_EDGE('',*,*,#1691,.F.);
#4392 = ORIENTED_EDGE('',*,*,#1755,.T.);
#4393 = ORIENTED_EDGE('',*,*,#4352,.T.);
#4394 = ORIENTED_EDGE('',*,*,#4323,.F.);
#4395 = ORIENTED_EDGE('',*,*,#4278,.T.);
#4396 = ORIENTED_EDGE('',*,*,#1732,.T.);
#4397 = PLANE('',#4398);
#4398 = AXIS2_PLACEMENT_3D('',#4399,#4400,#4401);
#4399 = CARTESIAN_POINT('',(-2.6,4.6,-0.52));
#4400 = DIRECTION('',(0.,1.,0.));
#4401 = DIRECTION('',(0.,-0.,1.));
#4402 = ADVANCED_FACE('',(#4403),#4414,.F.);
#4403 = FACE_BOUND('',#4404,.F.);
#4404 = EDGE_LOOP('',(#4405,#4406,#4407,#4408));
#4405 = ORIENTED_EDGE('',*,*,#4368,.F.);
#4406 = ORIENTED_EDGE('',*,*,#1790,.T.);
#4407 = ORIENTED_EDGE('',*,*,#1870,.T.);
#4408 = ORIENTED_EDGE('',*,*,#4409,.F.);
#4409 = EDGE_CURVE('',#4369,#1863,#4410,.T.);
#4410 = LINE('',#4411,#4412);
#4411 = CARTESIAN_POINT('',(-0.85,4.6,4.39));
#4412 = VECTOR('',#4413,1.);
#4413 = DIRECTION('',(0.,-1.,0.));
#4414 = CYLINDRICAL_SURFACE('',#4415,0.3);
#4415 = AXIS2_PLACEMENT_3D('',#4416,#4417,#4418);
#4416 = CARTESIAN_POINT('',(-0.85,4.6,4.09));
#4417 = DIRECTION('',(0.,1.,0.));
#4418 = DIRECTION('',(1.,0.,0.));
#4419 = ADVANCED_FACE('',(#4420),#4431,.F.);
#4420 = FACE_BOUND('',#4421,.F.);
#4421 = EDGE_LOOP('',(#4422,#4423,#4424,#4425));
#4422 = ORIENTED_EDGE('',*,*,#4377,.F.);
#4423 = ORIENTED_EDGE('',*,*,#4409,.T.);
#4424 = ORIENTED_EDGE('',*,*,#1862,.T.);
#4425 = ORIENTED_EDGE('',*,*,#4426,.F.);
#4426 = EDGE_CURVE('',#4378,#1854,#4427,.T.);
#4427 = LINE('',#4428,#4429);
#4428 = CARTESIAN_POINT('',(0.85,4.6,4.39));
#4429 = VECTOR('',#4430,1.);
#4430 = DIRECTION('',(0.,-1.,0.));
#4431 = PLANE('',#4432);
#4432 = AXIS2_PLACEMENT_3D('',#4433,#4434,#4435);
#4433 = CARTESIAN_POINT('',(-0.85,4.6,4.39));
#4434 = DIRECTION('',(0.,0.,1.));
#4435 = DIRECTION('',(1.,0.,-0.));
#4436 = ADVANCED_FACE('',(#4437),#4443,.F.);
#4437 = FACE_BOUND('',#4438,.F.);
#4438 = EDGE_LOOP('',(#4439,#4440,#4441,#4442));
#4439 = ORIENTED_EDGE('',*,*,#4385,.F.);
#4440 = ORIENTED_EDGE('',*,*,#4426,.T.);
#4441 = ORIENTED_EDGE('',*,*,#1853,.T.);
#4442 = ORIENTED_EDGE('',*,*,#1699,.F.);
#4443 = CYLINDRICAL_SURFACE('',#4444,0.3);
#4444 = AXIS2_PLACEMENT_3D('',#4445,#4446,#4447);
#4445 = CARTESIAN_POINT('',(0.85,4.6,4.09));
#4446 = DIRECTION('',(0.,1.,0.));
#4447 = DIRECTION('',(1.,0.,0.));
#4448 = ADVANCED_FACE('',(#4449),#4460,.T.);
#4449 = FACE_BOUND('',#4450,.T.);
#4450 = EDGE_LOOP('',(#4451,#4452,#4459));
#4451 = ORIENTED_EDGE('',*,*,#4345,.F.);
#4452 = ORIENTED_EDGE('',*,*,#4453,.T.);
#4453 = EDGE_CURVE('',#4338,#1621,#4454,.T.);
#4454 = CIRCLE('',#4455,0.25);
#4455 = AXIS2_PLACEMENT_3D('',#4456,#4457,#4458);
#4456 = CARTESIAN_POINT('',(2.35,4.35,-0.52));
#4457 = DIRECTION('',(-0.,1.,0.));
#4458 = DIRECTION('',(1.,0.,0.));
#4459 = ORIENTED_EDGE('',*,*,#1763,.T.);
#4460 = SPHERICAL_SURFACE('',#4461,0.25);
#4461 = AXIS2_PLACEMENT_3D('',#4462,#4463,#4464);
#4462 = CARTESIAN_POINT('',(2.35,4.35,-0.52));
#4463 = DIRECTION('',(0.,-0.707106786488,-0.707106775885));
#4464 = DIRECTION('',(0.,0.707106775885,-0.707106786488));
#4465 = ADVANCED_FACE('',(#4466),#4477,.T.);
#4466 = FACE_BOUND('',#4467,.T.);
#4467 = EDGE_LOOP('',(#4468,#4469,#4470,#4471));
#4468 = ORIENTED_EDGE('',*,*,#1572,.F.);
#4469 = ORIENTED_EDGE('',*,*,#1620,.T.);
#4470 = ORIENTED_EDGE('',*,*,#4453,.F.);
#4471 = ORIENTED_EDGE('',*,*,#4472,.F.);
#4472 = EDGE_CURVE('',#1565,#4338,#4473,.T.);
#4473 = LINE('',#4474,#4475);
#4474 = CARTESIAN_POINT('',(2.6,1.74,-0.52));
#4475 = VECTOR('',#4476,1.);
#4476 = DIRECTION('',(0.,1.,0.));
#4477 = CYLINDRICAL_SURFACE('',#4478,0.25);
#4478 = AXIS2_PLACEMENT_3D('',#4479,#4480,#4481);
#4479 = CARTESIAN_POINT('',(2.35,-18.067424,-0.52));
#4480 = DIRECTION('',(0.,1.,0.));
#4481 = DIRECTION('',(1.,0.,0.));
#4482 = ADVANCED_FACE('',(#4483),#4491,.T.);
#4483 = FACE_BOUND('',#4484,.F.);
#4484 = EDGE_LOOP('',(#4485,#4486,#4487,#4488,#4489,#4490));
#4485 = ORIENTED_EDGE('',*,*,#4337,.F.);
#4486 = ORIENTED_EDGE('',*,*,#4472,.F.);
#4487 = ORIENTED_EDGE('',*,*,#1564,.F.);
#4488 = ORIENTED_EDGE('',*,*,#842,.F.);
#4489 = ORIENTED_EDGE('',*,*,#1996,.F.);
#4490 = ORIENTED_EDGE('',*,*,#4314,.F.);
#4491 = PLANE('',#4492);
#4492 = AXIS2_PLACEMENT_3D('',#4493,#4494,#4495);
#4493 = CARTESIAN_POINT('',(2.6,0.,0.));
#4494 = DIRECTION('',(1.,0.,0.));
#4495 = DIRECTION('',(0.,0.,-1.));
#4496 = ADVANCED_FACE('',(#4497),#4515,.T.);
#4497 = FACE_BOUND('',#4498,.F.);
#4498 = EDGE_LOOP('',(#4499,#4500,#4501,#4509));
#4499 = ORIENTED_EDGE('',*,*,#1443,.F.);
#4500 = ORIENTED_EDGE('',*,*,#1126,.F.);
#4501 = ORIENTED_EDGE('',*,*,#4502,.T.);
#4502 = EDGE_CURVE('',#1118,#4503,#4505,.T.);
#4503 = VERTEX_POINT('',#4504);
#4504 = CARTESIAN_POINT('',(0.3175,0.3175,-5.5325));
#4505 = LINE('',#4506,#4507);
#4506 = CARTESIAN_POINT('',(-0.3175,0.3175,-5.5325));
#4507 = VECTOR('',#4508,1.);
#4508 = DIRECTION('',(1.,0.,0.));
#4509 = ORIENTED_EDGE('',*,*,#4510,.T.);
#4510 = EDGE_CURVE('',#4503,#1444,#4511,.T.);
#4511 = LINE('',#4512,#4513);
#4512 = CARTESIAN_POINT('',(0.3175,0.3175,-5.5325));
#4513 = VECTOR('',#4514,1.);
#4514 = DIRECTION('',(0.,0.,1.));
#4515 = PLANE('',#4516);
#4516 = AXIS2_PLACEMENT_3D('',#4517,#4518,#4519);
#4517 = CARTESIAN_POINT('',(-0.3175,0.3175,-5.5325));
#4518 = DIRECTION('',(0.,1.,0.));
#4519 = DIRECTION('',(0.,-0.,1.));
#4520 = ADVANCED_FACE('',(#4521),#4539,.T.);
#4521 = FACE_BOUND('',#4522,.F.);
#4522 = EDGE_LOOP('',(#4523,#4531,#4532,#4533));
#4523 = ORIENTED_EDGE('',*,*,#4524,.T.);
#4524 = EDGE_CURVE('',#4525,#1176,#4527,.T.);
#4525 = VERTEX_POINT('',#4526);
#4526 = CARTESIAN_POINT('',(0.3175,0.3175,2.25));
#4527 = LINE('',#4528,#4529);
#4528 = CARTESIAN_POINT('',(0.3175,0.3175,2.25));
#4529 = VECTOR('',#4530,1.);
#4530 = DIRECTION('',(-1.,0.,0.));
#4531 = ORIENTED_EDGE('',*,*,#1190,.F.);
#4532 = ORIENTED_EDGE('',*,*,#1085,.T.);
#4533 = ORIENTED_EDGE('',*,*,#4534,.T.);
#4534 = EDGE_CURVE('',#1078,#4525,#4535,.T.);
#4535 = LINE('',#4536,#4537);
#4536 = CARTESIAN_POINT('',(0.3175,0.3175,-1.77));
#4537 = VECTOR('',#4538,1.);
#4538 = DIRECTION('',(0.,0.,1.));
#4539 = PLANE('',#4540);
#4540 = AXIS2_PLACEMENT_3D('',#4541,#4542,#4543);
#4541 = CARTESIAN_POINT('',(-0.3175,0.3175,-5.5325));
#4542 = DIRECTION('',(0.,1.,0.));
#4543 = DIRECTION('',(0.,-0.,1.));
#4544 = ADVANCED_FACE('',(#4545),#4564,.T.);
#4545 = FACE_BOUND('',#4546,.T.);
#4546 = EDGE_LOOP('',(#4547,#4548,#4557,#4563));
#4547 = ORIENTED_EDGE('',*,*,#4502,.T.);
#4548 = ORIENTED_EDGE('',*,*,#4549,.F.);
#4549 = EDGE_CURVE('',#4550,#4503,#4552,.T.);
#4550 = VERTEX_POINT('',#4551);
#4551 = CARTESIAN_POINT('',(0.3175,-0.6175,-6.4675));
#4552 = CIRCLE('',#4553,0.935);
#4553 = AXIS2_PLACEMENT_3D('',#4554,#4555,#4556);
#4554 = CARTESIAN_POINT('',(0.3175,-0.6175,-5.5325));
#4555 = DIRECTION('',(1.,0.,0.));
#4556 = DIRECTION('',(0.,0.,-1.));
#4557 = ORIENTED_EDGE('',*,*,#4558,.F.);
#4558 = EDGE_CURVE('',#1110,#4550,#4559,.T.);
#4559 = LINE('',#4560,#4561);
#4560 = CARTESIAN_POINT('',(-0.3175,-0.6175,-6.4675));
#4561 = VECTOR('',#4562,1.);
#4562 = DIRECTION('',(1.,0.,0.));
#4563 = ORIENTED_EDGE('',*,*,#1117,.T.);
#4564 = CYLINDRICAL_SURFACE('',#4565,0.935);
#4565 = AXIS2_PLACEMENT_3D('',#4566,#4567,#4568);
#4566 = CARTESIAN_POINT('',(-0.3175,-0.6175,-5.5325));
#4567 = DIRECTION('',(1.,0.,0.));
#4568 = DIRECTION('',(0.,0.,-1.));
#4569 = ADVANCED_FACE('',(#4570),#4588,.T.);
#4570 = FACE_BOUND('',#4571,.F.);
#4571 = EDGE_LOOP('',(#4572,#4580,#4586,#4587));
#4572 = ORIENTED_EDGE('',*,*,#4573,.F.);
#4573 = EDGE_CURVE('',#4574,#1100,#4576,.T.);
#4574 = VERTEX_POINT('',#4575);
#4575 = CARTESIAN_POINT('',(0.3175,-4.69,-6.4675));
#4576 = LINE('',#4577,#4578);
#4577 = CARTESIAN_POINT('',(0.3175,-4.69,-6.4675));
#4578 = VECTOR('',#4579,1.);
#4579 = DIRECTION('',(-1.,0.,0.));
#4580 = ORIENTED_EDGE('',*,*,#4581,.T.);
#4581 = EDGE_CURVE('',#4574,#4550,#4582,.T.);
#4582 = LINE('',#4583,#4584);
#4583 = CARTESIAN_POINT('',(0.3175,-4.69,-6.4675));
#4584 = VECTOR('',#4585,1.);
#4585 = DIRECTION('',(0.,1.,0.));
#4586 = ORIENTED_EDGE('',*,*,#4558,.F.);
#4587 = ORIENTED_EDGE('',*,*,#1109,.F.);
#4588 = PLANE('',#4589);
#4589 = AXIS2_PLACEMENT_3D('',#4590,#4591,#4592);
#4590 = CARTESIAN_POINT('',(-0.3175,-5.24,-6.4675));
#4591 = DIRECTION('',(0.,0.,-1.));
#4592 = DIRECTION('',(0.,1.,0.));
#4593 = ADVANCED_FACE('',(#4594),#4612,.T.);
#4594 = FACE_BOUND('',#4595,.F.);
#4595 = EDGE_LOOP('',(#4596,#4597,#4605,#4611));
#4596 = ORIENTED_EDGE('',*,*,#1220,.F.);
#4597 = ORIENTED_EDGE('',*,*,#4598,.F.);
#4598 = EDGE_CURVE('',#4599,#1213,#4601,.T.);
#4599 = VERTEX_POINT('',#4600);
#4600 = CARTESIAN_POINT('',(0.1675,-5.24,-6.3175));
#4601 = LINE('',#4602,#4603);
#4602 = CARTESIAN_POINT('',(0.1675,-5.24,-6.3175));
#4603 = VECTOR('',#4604,1.);
#4604 = DIRECTION('',(-1.,0.,0.));
#4605 = ORIENTED_EDGE('',*,*,#4606,.F.);
#4606 = EDGE_CURVE('',#4574,#4599,#4607,.T.);
#4607 = LINE('',#4608,#4609);
#4608 = CARTESIAN_POINT('',(0.3175,-4.69,-6.4675));
#4609 = VECTOR('',#4610,1.);
#4610 = DIRECTION('',(-0.254456678904,-0.933007822648,0.254456678904));
#4611 = ORIENTED_EDGE('',*,*,#4573,.T.);
#4612 = PLANE('',#4613);
#4613 = AXIS2_PLACEMENT_3D('',#4614,#4615,#4616);
#4614 = CARTESIAN_POINT('',(0.,-4.965,-6.3925));
#4615 = DIRECTION('',(0.,-0.263117405792,-0.964763821238));
#4616 = DIRECTION('',(0.,-0.964763821238,0.263117405792));
#4617 = ADVANCED_FACE('',(#4618),#4629,.T.);
#4618 = FACE_BOUND('',#4619,.F.);
#4619 = EDGE_LOOP('',(#4620,#4621,#4622,#4623));
#4620 = ORIENTED_EDGE('',*,*,#4598,.T.);
#4621 = ORIENTED_EDGE('',*,*,#1212,.T.);
#4622 = ORIENTED_EDGE('',*,*,#1252,.F.);
#4623 = ORIENTED_EDGE('',*,*,#4624,.T.);
#4624 = EDGE_CURVE('',#1245,#4599,#4625,.T.);
#4625 = LINE('',#4626,#4627);
#4626 = CARTESIAN_POINT('',(0.1675,-5.24,-5.9825));
#4627 = VECTOR('',#4628,1.);
#4628 = DIRECTION('',(0.,0.,-1.));
#4629 = PLANE('',#4630);
#4630 = AXIS2_PLACEMENT_3D('',#4631,#4632,#4633);
#4631 = CARTESIAN_POINT('',(-0.3175,-5.24,-5.8325));
#4632 = DIRECTION('',(0.,-1.,0.));
#4633 = DIRECTION('',(0.,0.,-1.));
#4634 = ADVANCED_FACE('',(#4635),#4646,.T.);
#4635 = FACE_BOUND('',#4636,.F.);
#4636 = EDGE_LOOP('',(#4637,#4638,#4644,#4645));
#4637 = ORIENTED_EDGE('',*,*,#1244,.T.);
#4638 = ORIENTED_EDGE('',*,*,#4639,.T.);
#4639 = EDGE_CURVE('',#1237,#4574,#4640,.T.);
#4640 = LINE('',#4641,#4642);
#4641 = CARTESIAN_POINT('',(0.3175,-4.69,-5.8325));
#4642 = VECTOR('',#4643,1.);
#4643 = DIRECTION('',(0.,0.,-1.));
#4644 = ORIENTED_EDGE('',*,*,#4606,.T.);
#4645 = ORIENTED_EDGE('',*,*,#4624,.F.);
#4646 = PLANE('',#4647);
#4647 = AXIS2_PLACEMENT_3D('',#4648,#4649,#4650);
#4648 = CARTESIAN_POINT('',(0.2425,-4.965,-6.15));
#4649 = DIRECTION('',(0.964763821238,-0.263117405792,0.));
#4650 = DIRECTION('',(-0.263117405792,-0.964763821238,0.));
#4651 = ADVANCED_FACE('',(#4652),#4662,.T.);
#4652 = FACE_BOUND('',#4653,.F.);
#4653 = EDGE_LOOP('',(#4654,#4655,#4656,#4657,#4658,#4659,#4660,#4661));
#4654 = ORIENTED_EDGE('',*,*,#4639,.F.);
#4655 = ORIENTED_EDGE('',*,*,#1276,.F.);
#4656 = ORIENTED_EDGE('',*,*,#1299,.F.);
#4657 = ORIENTED_EDGE('',*,*,#1323,.F.);
#4658 = ORIENTED_EDGE('',*,*,#1451,.T.);
#4659 = ORIENTED_EDGE('',*,*,#4510,.F.);
#4660 = ORIENTED_EDGE('',*,*,#4549,.F.);
#4661 = ORIENTED_EDGE('',*,*,#4581,.F.);
#4662 = PLANE('',#4663);
#4663 = AXIS2_PLACEMENT_3D('',#4664,#4665,#4666);
#4664 = CARTESIAN_POINT('',(0.3175,-1.74,0.));
#4665 = DIRECTION('',(1.,0.,0.));
#4666 = DIRECTION('',(0.,0.,-1.));
#4667 = ADVANCED_FACE('',(#4668),#4679,.T.);
#4668 = FACE_BOUND('',#4669,.F.);
#4669 = EDGE_LOOP('',(#4670,#4676,#4677,#4678));
#4670 = ORIENTED_EDGE('',*,*,#4671,.F.);
#4671 = EDGE_CURVE('',#4525,#1340,#4672,.T.);
#4672 = LINE('',#4673,#4674);
#4673 = CARTESIAN_POINT('',(0.3175,0.3175,2.25));
#4674 = VECTOR('',#4675,1.);
#4675 = DIRECTION('',(0.,-1.,0.));
#4676 = ORIENTED_EDGE('',*,*,#4534,.F.);
#4677 = ORIENTED_EDGE('',*,*,#1077,.F.);
#4678 = ORIENTED_EDGE('',*,*,#1347,.F.);
#4679 = PLANE('',#4680);
#4680 = AXIS2_PLACEMENT_3D('',#4681,#4682,#4683);
#4681 = CARTESIAN_POINT('',(0.3175,-1.74,0.));
#4682 = DIRECTION('',(1.,0.,0.));
#4683 = DIRECTION('',(0.,0.,-1.));
#4684 = ADVANCED_FACE('',(#4685),#4710,.T.);
#4685 = FACE_BOUND('',#4686,.F.);
#4686 = EDGE_LOOP('',(#4687,#4695,#4703,#4709));
#4687 = ORIENTED_EDGE('',*,*,#4688,.T.);
#4688 = EDGE_CURVE('',#1340,#4689,#4691,.T.);
#4689 = VERTEX_POINT('',#4690);
#4690 = CARTESIAN_POINT('',(0.1675,-0.1675,2.8));
#4691 = LINE('',#4692,#4693);
#4692 = CARTESIAN_POINT('',(0.3175,-0.3175,2.25));
#4693 = VECTOR('',#4694,1.);
#4694 = DIRECTION('',(-0.254456678904,0.254456678904,0.933007822648));
#4695 = ORIENTED_EDGE('',*,*,#4696,.F.);
#4696 = EDGE_CURVE('',#4697,#4689,#4699,.T.);
#4697 = VERTEX_POINT('',#4698);
#4698 = CARTESIAN_POINT('',(0.1675,0.1675,2.8));
#4699 = LINE('',#4700,#4701);
#4700 = CARTESIAN_POINT('',(0.1675,0.1675,2.8));
#4701 = VECTOR('',#4702,1.);
#4702 = DIRECTION('',(0.,-1.,0.));
#4703 = ORIENTED_EDGE('',*,*,#4704,.T.);
#4704 = EDGE_CURVE('',#4697,#4525,#4705,.T.);
#4705 = LINE('',#4706,#4707);
#4706 = CARTESIAN_POINT('',(0.1675,0.1675,2.8));
#4707 = VECTOR('',#4708,1.);
#4708 = DIRECTION('',(0.254456678904,0.254456678904,-0.933007822648));
#4709 = ORIENTED_EDGE('',*,*,#4671,.T.);
#4710 = PLANE('',#4711);
#4711 = AXIS2_PLACEMENT_3D('',#4712,#4713,#4714);
#4712 = CARTESIAN_POINT('',(0.2425,0.,2.525));
#4713 = DIRECTION('',(0.964763821238,0.,0.263117405792));
#4714 = DIRECTION('',(-0.263117405792,0.,0.964763821238));
#4715 = ADVANCED_FACE('',(#4716),#4734,.T.);
#4716 = FACE_BOUND('',#4717,.F.);
#4717 = EDGE_LOOP('',(#4718,#4726,#4732,#4733));
#4718 = ORIENTED_EDGE('',*,*,#4719,.F.);
#4719 = EDGE_CURVE('',#4720,#1174,#4722,.T.);
#4720 = VERTEX_POINT('',#4721);
#4721 = CARTESIAN_POINT('',(-0.1675,-0.1675,2.8));
#4722 = LINE('',#4723,#4724);
#4723 = CARTESIAN_POINT('',(-0.1675,-0.1675,2.8));
#4724 = VECTOR('',#4725,1.);
#4725 = DIRECTION('',(-0.254456678904,-0.254456678904,-0.933007822648));
#4726 = ORIENTED_EDGE('',*,*,#4727,.F.);
#4727 = EDGE_CURVE('',#4689,#4720,#4728,.T.);
#4728 = LINE('',#4729,#4730);
#4729 = CARTESIAN_POINT('',(0.1675,-0.1675,2.8));
#4730 = VECTOR('',#4731,1.);
#4731 = DIRECTION('',(-1.,0.,0.));
#4732 = ORIENTED_EDGE('',*,*,#4688,.F.);
#4733 = ORIENTED_EDGE('',*,*,#1339,.T.);
#4734 = PLANE('',#4735);
#4735 = AXIS2_PLACEMENT_3D('',#4736,#4737,#4738);
#4736 = CARTESIAN_POINT('',(0.,-0.2425,2.525));
#4737 = DIRECTION('',(0.,-0.964763821238,0.263117405792));
#4738 = DIRECTION('',(0.,0.263117405792,0.964763821238));
#4739 = ADVANCED_FACE('',(#4740),#4758,.T.);
#4740 = FACE_BOUND('',#4741,.F.);
#4741 = EDGE_LOOP('',(#4742,#4743,#4744,#4752));
#4742 = ORIENTED_EDGE('',*,*,#4719,.T.);
#4743 = ORIENTED_EDGE('',*,*,#1173,.T.);
#4744 = ORIENTED_EDGE('',*,*,#4745,.T.);
#4745 = EDGE_CURVE('',#1176,#4746,#4748,.T.);
#4746 = VERTEX_POINT('',#4747);
#4747 = CARTESIAN_POINT('',(-0.1675,0.1675,2.8));
#4748 = LINE('',#4749,#4750);
#4749 = CARTESIAN_POINT('',(-0.3175,0.3175,2.25));
#4750 = VECTOR('',#4751,1.);
#4751 = DIRECTION('',(0.254456678904,-0.254456678904,0.933007822648));
#4752 = ORIENTED_EDGE('',*,*,#4753,.F.);
#4753 = EDGE_CURVE('',#4720,#4746,#4754,.T.);
#4754 = LINE('',#4755,#4756);
#4755 = CARTESIAN_POINT('',(-0.1675,-0.1675,2.8));
#4756 = VECTOR('',#4757,1.);
#4757 = DIRECTION('',(0.,1.,0.));
#4758 = PLANE('',#4759);
#4759 = AXIS2_PLACEMENT_3D('',#4760,#4761,#4762);
#4760 = CARTESIAN_POINT('',(-0.2425,0.,2.525));
#4761 = DIRECTION('',(-0.964763821238,0.,0.263117405792));
#4762 = DIRECTION('',(0.263117405792,0.,0.964763821238));
#4763 = ADVANCED_FACE('',(#4764),#4775,.T.);
#4764 = FACE_BOUND('',#4765,.F.);
#4765 = EDGE_LOOP('',(#4766,#4767,#4768,#4769));
#4766 = ORIENTED_EDGE('',*,*,#4745,.F.);
#4767 = ORIENTED_EDGE('',*,*,#4524,.F.);
#4768 = ORIENTED_EDGE('',*,*,#4704,.F.);
#4769 = ORIENTED_EDGE('',*,*,#4770,.T.);
#4770 = EDGE_CURVE('',#4697,#4746,#4771,.T.);
#4771 = LINE('',#4772,#4773);
#4772 = CARTESIAN_POINT('',(0.1675,0.1675,2.8));
#4773 = VECTOR('',#4774,1.);
#4774 = DIRECTION('',(-1.,0.,0.));
#4775 = PLANE('',#4776);
#4776 = AXIS2_PLACEMENT_3D('',#4777,#4778,#4779);
#4777 = CARTESIAN_POINT('',(0.,0.2425,2.525));
#4778 = DIRECTION('',(0.,0.964763821238,0.263117405792));
#4779 = DIRECTION('',(0.,0.263117405792,-0.964763821238));
#4780 = ADVANCED_FACE('',(#4781),#4787,.T.);
#4781 = FACE_BOUND('',#4782,.F.);
#4782 = EDGE_LOOP('',(#4783,#4784,#4785,#4786));
#4783 = ORIENTED_EDGE('',*,*,#4770,.F.);
#4784 = ORIENTED_EDGE('',*,*,#4696,.T.);
#4785 = ORIENTED_EDGE('',*,*,#4727,.T.);
#4786 = ORIENTED_EDGE('',*,*,#4753,.T.);
#4787 = PLANE('',#4788);
#4788 = AXIS2_PLACEMENT_3D('',#4789,#4790,#4791);
#4789 = CARTESIAN_POINT('',(-0.3175,0.3175,2.8));
#4790 = DIRECTION('',(0.,0.,1.));
#4791 = DIRECTION('',(0.,-1.,0.));
#4792 = ADVANCED_FACE('',(#4793),#4852,.F.);
#4793 = FACE_BOUND('',#4794,.F.);
#4794 = EDGE_LOOP('',(#4795,#4805,#4813,#4822,#4828,#4829,#4837,#4846));
#4795 = ORIENTED_EDGE('',*,*,#4796,.F.);
#4796 = EDGE_CURVE('',#4797,#4799,#4801,.T.);
#4797 = VERTEX_POINT('',#4798);
#4798 = CARTESIAN_POINT('',(-5.3175,-4.69,-6.4675));
#4799 = VERTEX_POINT('',#4800);
#4800 = CARTESIAN_POINT('',(-5.3175,-4.69,-5.8325));
#4801 = LINE('',#4802,#4803);
#4802 = CARTESIAN_POINT('',(-5.3175,-4.69,-6.4675));
#4803 = VECTOR('',#4804,1.);
#4804 = DIRECTION('',(0.,0.,1.));
#4805 = ORIENTED_EDGE('',*,*,#4806,.T.);
#4806 = EDGE_CURVE('',#4797,#4807,#4809,.T.);
#4807 = VERTEX_POINT('',#4808);
#4808 = CARTESIAN_POINT('',(-5.3175,-0.6175,-6.4675));
#4809 = LINE('',#4810,#4811);
#4810 = CARTESIAN_POINT('',(-5.3175,-4.69,-6.4675));
#4811 = VECTOR('',#4812,1.);
#4812 = DIRECTION('',(0.,1.,0.));
#4813 = ORIENTED_EDGE('',*,*,#4814,.T.);
#4814 = EDGE_CURVE('',#4807,#4815,#4817,.T.);
#4815 = VERTEX_POINT('',#4816);
#4816 = CARTESIAN_POINT('',(-5.3175,0.3175,-5.5325));
#4817 = CIRCLE('',#4818,0.935);
#4818 = AXIS2_PLACEMENT_3D('',#4819,#4820,#4821);
#4819 = CARTESIAN_POINT('',(-5.3175,-0.6175,-5.5325));
#4820 = DIRECTION('',(1.,0.,0.));
#4821 = DIRECTION('',(0.,0.,-1.));
#4822 = ORIENTED_EDGE('',*,*,#4823,.T.);
#4823 = EDGE_CURVE('',#4815,#1497,#4824,.T.);
#4824 = LINE('',#4825,#4826);
#4825 = CARTESIAN_POINT('',(-5.3175,0.3175,-5.5325));
#4826 = VECTOR('',#4827,1.);
#4827 = DIRECTION('',(0.,0.,1.));
#4828 = ORIENTED_EDGE('',*,*,#1494,.F.);
#4829 = ORIENTED_EDGE('',*,*,#4830,.T.);
#4830 = EDGE_CURVE('',#1495,#4831,#4833,.T.);
#4831 = VERTEX_POINT('',#4832);
#4832 = CARTESIAN_POINT('',(-5.3175,-0.3175,-5.5325));
#4833 = LINE('',#4834,#4835);
#4834 = CARTESIAN_POINT('',(-5.3175,-0.3175,-4.23));
#4835 = VECTOR('',#4836,1.);
#4836 = DIRECTION('',(0.,0.,-1.));
#4837 = ORIENTED_EDGE('',*,*,#4838,.T.);
#4838 = EDGE_CURVE('',#4831,#4839,#4841,.T.);
#4839 = VERTEX_POINT('',#4840);
#4840 = CARTESIAN_POINT('',(-5.3175,-0.6175,-5.8325));
#4841 = CIRCLE('',#4842,0.3);
#4842 = AXIS2_PLACEMENT_3D('',#4843,#4844,#4845);
#4843 = CARTESIAN_POINT('',(-5.3175,-0.6175,-5.5325));
#4844 = DIRECTION('',(-1.,0.,0.));
#4845 = DIRECTION('',(0.,1.,0.));
#4846 = ORIENTED_EDGE('',*,*,#4847,.T.);
#4847 = EDGE_CURVE('',#4839,#4799,#4848,.T.);
#4848 = LINE('',#4849,#4850);
#4849 = CARTESIAN_POINT('',(-5.3175,-0.6175,-5.8325));
#4850 = VECTOR('',#4851,1.);
#4851 = DIRECTION('',(0.,-1.,0.));
#4852 = PLANE('',#4853);
#4853 = AXIS2_PLACEMENT_3D('',#4854,#4855,#4856);
#4854 = CARTESIAN_POINT('',(-5.3175,-1.74,0.));
#4855 = DIRECTION('',(1.,0.,0.));
#4856 = DIRECTION('',(0.,0.,-1.));
#4857 = ADVANCED_FACE('',(#4858),#4892,.F.);
#4858 = FACE_BOUND('',#4859,.F.);
#4859 = EDGE_LOOP('',(#4860,#4870,#4878,#4886));
#4860 = ORIENTED_EDGE('',*,*,#4861,.F.);
#4861 = EDGE_CURVE('',#4862,#4864,#4866,.T.);
#4862 = VERTEX_POINT('',#4863);
#4863 = CARTESIAN_POINT('',(-5.3175,-0.3175,2.25));
#4864 = VERTEX_POINT('',#4865);
#4865 = CARTESIAN_POINT('',(-5.3175,0.3175,2.25));
#4866 = LINE('',#4867,#4868);
#4867 = CARTESIAN_POINT('',(-5.3175,-0.3175,2.25));
#4868 = VECTOR('',#4869,1.);
#4869 = DIRECTION('',(0.,1.,0.));
#4870 = ORIENTED_EDGE('',*,*,#4871,.T.);
#4871 = EDGE_CURVE('',#4862,#4872,#4874,.T.);
#4872 = VERTEX_POINT('',#4873);
#4873 = CARTESIAN_POINT('',(-5.3175,-0.3175,-1.77));
#4874 = LINE('',#4875,#4876);
#4875 = CARTESIAN_POINT('',(-5.3175,-0.3175,2.25));
#4876 = VECTOR('',#4877,1.);
#4877 = DIRECTION('',(0.,0.,-1.));
#4878 = ORIENTED_EDGE('',*,*,#4879,.T.);
#4879 = EDGE_CURVE('',#4872,#4880,#4882,.T.);
#4880 = VERTEX_POINT('',#4881);
#4881 = CARTESIAN_POINT('',(-5.3175,0.3175,-1.77));
#4882 = LINE('',#4883,#4884);
#4883 = CARTESIAN_POINT('',(-5.3175,-0.3175,-1.77));
#4884 = VECTOR('',#4885,1.);
#4885 = DIRECTION('',(0.,1.,0.));
#4886 = ORIENTED_EDGE('',*,*,#4887,.T.);
#4887 = EDGE_CURVE('',#4880,#4864,#4888,.T.);
#4888 = LINE('',#4889,#4890);
#4889 = CARTESIAN_POINT('',(-5.3175,0.3175,-1.77));
#4890 = VECTOR('',#4891,1.);
#4891 = DIRECTION('',(0.,0.,1.));
#4892 = PLANE('',#4893);
#4893 = AXIS2_PLACEMENT_3D('',#4894,#4895,#4896);
#4894 = CARTESIAN_POINT('',(-5.3175,-1.74,0.));
#4895 = DIRECTION('',(1.,0.,0.));
#4896 = DIRECTION('',(0.,0.,-1.));
#4897 = ADVANCED_FACE('',(#4898),#4923,.T.);
#4898 = FACE_BOUND('',#4899,.F.);
#4899 = EDGE_LOOP('',(#4900,#4908,#4916,#4922));
#4900 = ORIENTED_EDGE('',*,*,#4901,.F.);
#4901 = EDGE_CURVE('',#4902,#4799,#4904,.T.);
#4902 = VERTEX_POINT('',#4903);
#4903 = CARTESIAN_POINT('',(-5.1675,-5.24,-5.9825));
#4904 = LINE('',#4905,#4906);
#4905 = CARTESIAN_POINT('',(-5.1675,-5.24,-5.9825));
#4906 = VECTOR('',#4907,1.);
#4907 = DIRECTION('',(-0.254456678904,0.933007822648,0.254456678904));
#4908 = ORIENTED_EDGE('',*,*,#4909,.F.);
#4909 = EDGE_CURVE('',#4910,#4902,#4912,.T.);
#4910 = VERTEX_POINT('',#4911);
#4911 = CARTESIAN_POINT('',(-5.1675,-5.24,-6.3175));
#4912 = LINE('',#4913,#4914);
#4913 = CARTESIAN_POINT('',(-5.1675,-5.24,-6.3175));
#4914 = VECTOR('',#4915,1.);
#4915 = DIRECTION('',(0.,0.,1.));
#4916 = ORIENTED_EDGE('',*,*,#4917,.T.);
#4917 = EDGE_CURVE('',#4910,#4797,#4918,.T.);
#4918 = LINE('',#4919,#4920);
#4919 = CARTESIAN_POINT('',(-5.1675,-5.24,-6.3175));
#4920 = VECTOR('',#4921,1.);
#4921 = DIRECTION('',(-0.254456678904,0.933007822648,-0.254456678904));
#4922 = ORIENTED_EDGE('',*,*,#4796,.T.);
#4923 = PLANE('',#4924);
#4924 = AXIS2_PLACEMENT_3D('',#4925,#4926,#4927);
#4925 = CARTESIAN_POINT('',(-5.2425,-4.965,-6.15));
#4926 = DIRECTION('',(-0.964763821238,-0.263117405792,0.));
#4927 = DIRECTION('',(0.263117405792,-0.964763821238,0.));
#4928 = ADVANCED_FACE('',(#4929),#4954,.T.);
#4929 = FACE_BOUND('',#4930,.F.);
#4930 = EDGE_LOOP('',(#4931,#4932,#4940,#4948));
#4931 = ORIENTED_EDGE('',*,*,#4901,.T.);
#4932 = ORIENTED_EDGE('',*,*,#4933,.F.);
#4933 = EDGE_CURVE('',#4934,#4799,#4936,.T.);
#4934 = VERTEX_POINT('',#4935);
#4935 = CARTESIAN_POINT('',(-4.6825,-4.69,-5.8325));
#4936 = LINE('',#4937,#4938);
#4937 = CARTESIAN_POINT('',(-4.6825,-4.69,-5.8325));
#4938 = VECTOR('',#4939,1.);
#4939 = DIRECTION('',(-1.,0.,0.));
#4940 = ORIENTED_EDGE('',*,*,#4941,.F.);
#4941 = EDGE_CURVE('',#4942,#4934,#4944,.T.);
#4942 = VERTEX_POINT('',#4943);
#4943 = CARTESIAN_POINT('',(-4.8325,-5.24,-5.9825));
#4944 = LINE('',#4945,#4946);
#4945 = CARTESIAN_POINT('',(-4.8325,-5.24,-5.9825));
#4946 = VECTOR('',#4947,1.);
#4947 = DIRECTION('',(0.254456678904,0.933007822648,0.254456678904));
#4948 = ORIENTED_EDGE('',*,*,#4949,.T.);
#4949 = EDGE_CURVE('',#4942,#4902,#4950,.T.);
#4950 = LINE('',#4951,#4952);
#4951 = CARTESIAN_POINT('',(-4.8325,-5.24,-5.9825));
#4952 = VECTOR('',#4953,1.);
#4953 = DIRECTION('',(-1.,0.,0.));
#4954 = PLANE('',#4955);
#4955 = AXIS2_PLACEMENT_3D('',#4956,#4957,#4958);
#4956 = CARTESIAN_POINT('',(-5.,-4.965,-5.9075));
#4957 = DIRECTION('',(0.,-0.263117405792,0.964763821238));
#4958 = DIRECTION('',(0.,0.964763821238,0.263117405792));
#4959 = ADVANCED_FACE('',(#4960),#4978,.T.);
#4960 = FACE_BOUND('',#4961,.F.);
#4961 = EDGE_LOOP('',(#4962,#4963,#4964,#4972));
#4962 = ORIENTED_EDGE('',*,*,#4933,.T.);
#4963 = ORIENTED_EDGE('',*,*,#4847,.F.);
#4964 = ORIENTED_EDGE('',*,*,#4965,.T.);
#4965 = EDGE_CURVE('',#4839,#4966,#4968,.T.);
#4966 = VERTEX_POINT('',#4967);
#4967 = CARTESIAN_POINT('',(-4.6825,-0.6175,-5.8325));
#4968 = LINE('',#4969,#4970);
#4969 = CARTESIAN_POINT('',(-5.3175,-0.6175,-5.8325));
#4970 = VECTOR('',#4971,1.);
#4971 = DIRECTION('',(1.,0.,0.));
#4972 = ORIENTED_EDGE('',*,*,#4973,.T.);
#4973 = EDGE_CURVE('',#4966,#4934,#4974,.T.);
#4974 = LINE('',#4975,#4976);
#4975 = CARTESIAN_POINT('',(-4.6825,-0.6175,-5.8325));
#4976 = VECTOR('',#4977,1.);
#4977 = DIRECTION('',(0.,-1.,0.));
#4978 = PLANE('',#4979);
#4979 = AXIS2_PLACEMENT_3D('',#4980,#4981,#4982);
#4980 = CARTESIAN_POINT('',(-5.3175,-0.6175,-5.8325));
#4981 = DIRECTION('',(0.,0.,1.));
#4982 = DIRECTION('',(0.,-1.,0.));
#4983 = ADVANCED_FACE('',(#4984),#5003,.F.);
#4984 = FACE_BOUND('',#4985,.F.);
#4985 = EDGE_LOOP('',(#4986,#4987,#4995,#5002));
#4986 = ORIENTED_EDGE('',*,*,#4838,.F.);
#4987 = ORIENTED_EDGE('',*,*,#4988,.T.);
#4988 = EDGE_CURVE('',#4831,#4989,#4991,.T.);
#4989 = VERTEX_POINT('',#4990);
#4990 = CARTESIAN_POINT('',(-4.6825,-0.3175,-5.5325));
#4991 = LINE('',#4992,#4993);
#4992 = CARTESIAN_POINT('',(-5.3175,-0.3175,-5.5325));
#4993 = VECTOR('',#4994,1.);
#4994 = DIRECTION('',(1.,0.,0.));
#4995 = ORIENTED_EDGE('',*,*,#4996,.T.);
#4996 = EDGE_CURVE('',#4989,#4966,#4997,.T.);
#4997 = CIRCLE('',#4998,0.3);
#4998 = AXIS2_PLACEMENT_3D('',#4999,#5000,#5001);
#4999 = CARTESIAN_POINT('',(-4.6825,-0.6175,-5.5325));
#5000 = DIRECTION('',(-1.,0.,0.));
#5001 = DIRECTION('',(0.,1.,0.));
#5002 = ORIENTED_EDGE('',*,*,#4965,.F.);
#5003 = CYLINDRICAL_SURFACE('',#5004,0.3);
#5004 = AXIS2_PLACEMENT_3D('',#5005,#5006,#5007);
#5005 = CARTESIAN_POINT('',(-5.3175,-0.6175,-5.5325));
#5006 = DIRECTION('',(1.,0.,0.));
#5007 = DIRECTION('',(0.,0.,-1.));
#5008 = ADVANCED_FACE('',(#5009),#5020,.T.);
#5009 = FACE_BOUND('',#5010,.F.);
#5010 = EDGE_LOOP('',(#5011,#5012,#5018,#5019));
#5011 = ORIENTED_EDGE('',*,*,#1520,.T.);
#5012 = ORIENTED_EDGE('',*,*,#5013,.T.);
#5013 = EDGE_CURVE('',#1513,#4989,#5014,.T.);
#5014 = LINE('',#5015,#5016);
#5015 = CARTESIAN_POINT('',(-4.6825,-0.3175,-4.23));
#5016 = VECTOR('',#5017,1.);
#5017 = DIRECTION('',(0.,0.,-1.));
#5018 = ORIENTED_EDGE('',*,*,#4988,.F.);
#5019 = ORIENTED_EDGE('',*,*,#4830,.F.);
#5020 = PLANE('',#5021);
#5021 = AXIS2_PLACEMENT_3D('',#5022,#5023,#5024);
#5022 = CARTESIAN_POINT('',(-5.3175,-0.3175,2.8));
#5023 = DIRECTION('',(0.,-1.,0.));
#5024 = DIRECTION('',(0.,0.,-1.));
#5025 = ADVANCED_FACE('',(#5026),#5051,.T.);
#5026 = FACE_BOUND('',#5027,.F.);
#5027 = EDGE_LOOP('',(#5028,#5036,#5044,#5050));
#5028 = ORIENTED_EDGE('',*,*,#5029,.F.);
#5029 = EDGE_CURVE('',#5030,#4862,#5032,.T.);
#5030 = VERTEX_POINT('',#5031);
#5031 = CARTESIAN_POINT('',(-4.6825,-0.3175,2.25));
#5032 = LINE('',#5033,#5034);
#5033 = CARTESIAN_POINT('',(-4.6825,-0.3175,2.25));
#5034 = VECTOR('',#5035,1.);
#5035 = DIRECTION('',(-1.,0.,0.));
#5036 = ORIENTED_EDGE('',*,*,#5037,.T.);
#5037 = EDGE_CURVE('',#5030,#5038,#5040,.T.);
#5038 = VERTEX_POINT('',#5039);
#5039 = CARTESIAN_POINT('',(-4.6825,-0.3175,-1.77));
#5040 = LINE('',#5041,#5042);
#5041 = CARTESIAN_POINT('',(-4.6825,-0.3175,2.25));
#5042 = VECTOR('',#5043,1.);
#5043 = DIRECTION('',(0.,0.,-1.));
#5044 = ORIENTED_EDGE('',*,*,#5045,.F.);
#5045 = EDGE_CURVE('',#4872,#5038,#5046,.T.);
#5046 = LINE('',#5047,#5048);
#5047 = CARTESIAN_POINT('',(-5.3175,-0.3175,-1.77));
#5048 = VECTOR('',#5049,1.);
#5049 = DIRECTION('',(1.,0.,0.));
#5050 = ORIENTED_EDGE('',*,*,#4871,.F.);
#5051 = PLANE('',#5052);
#5052 = AXIS2_PLACEMENT_3D('',#5053,#5054,#5055);
#5053 = CARTESIAN_POINT('',(-5.3175,-0.3175,2.8));
#5054 = DIRECTION('',(0.,-1.,0.));
#5055 = DIRECTION('',(0.,0.,-1.));
#5056 = ADVANCED_FACE('',(#5057),#5094,.T.);
#5057 = FACE_BOUND('',#5058,.F.);
#5058 = EDGE_LOOP('',(#5059,#5067,#5068,#5069,#5070,#5071,#5079,#5088));
#5059 = ORIENTED_EDGE('',*,*,#5060,.F.);
#5060 = EDGE_CURVE('',#4934,#5061,#5063,.T.);
#5061 = VERTEX_POINT('',#5062);
#5062 = CARTESIAN_POINT('',(-4.6825,-4.69,-6.4675));
#5063 = LINE('',#5064,#5065);
#5064 = CARTESIAN_POINT('',(-4.6825,-4.69,-5.8325));
#5065 = VECTOR('',#5066,1.);
#5066 = DIRECTION('',(0.,0.,-1.));
#5067 = ORIENTED_EDGE('',*,*,#4973,.F.);
#5068 = ORIENTED_EDGE('',*,*,#4996,.F.);
#5069 = ORIENTED_EDGE('',*,*,#5013,.F.);
#5070 = ORIENTED_EDGE('',*,*,#1512,.T.);
#5071 = ORIENTED_EDGE('',*,*,#5072,.F.);
#5072 = EDGE_CURVE('',#5073,#1505,#5075,.T.);
#5073 = VERTEX_POINT('',#5074);
#5074 = CARTESIAN_POINT('',(-4.6825,0.3175,-5.5325));
#5075 = LINE('',#5076,#5077);
#5076 = CARTESIAN_POINT('',(-4.6825,0.3175,-5.5325));
#5077 = VECTOR('',#5078,1.);
#5078 = DIRECTION('',(0.,0.,1.));
#5079 = ORIENTED_EDGE('',*,*,#5080,.F.);
#5080 = EDGE_CURVE('',#5081,#5073,#5083,.T.);
#5081 = VERTEX_POINT('',#5082);
#5082 = CARTESIAN_POINT('',(-4.6825,-0.6175,-6.4675));
#5083 = CIRCLE('',#5084,0.935);
#5084 = AXIS2_PLACEMENT_3D('',#5085,#5086,#5087);
#5085 = CARTESIAN_POINT('',(-4.6825,-0.6175,-5.5325));
#5086 = DIRECTION('',(1.,0.,0.));
#5087 = DIRECTION('',(0.,0.,-1.));
#5088 = ORIENTED_EDGE('',*,*,#5089,.F.);
#5089 = EDGE_CURVE('',#5061,#5081,#5090,.T.);
#5090 = LINE('',#5091,#5092);
#5091 = CARTESIAN_POINT('',(-4.6825,-4.69,-6.4675));
#5092 = VECTOR('',#5093,1.);
#5093 = DIRECTION('',(0.,1.,0.));
#5094 = PLANE('',#5095);
#5095 = AXIS2_PLACEMENT_3D('',#5096,#5097,#5098);
#5096 = CARTESIAN_POINT('',(-4.6825,-1.74,0.));
#5097 = DIRECTION('',(1.,0.,0.));
#5098 = DIRECTION('',(0.,0.,-1.));
#5099 = ADVANCED_FACE('',(#5100),#5125,.T.);
#5100 = FACE_BOUND('',#5101,.F.);
#5101 = EDGE_LOOP('',(#5102,#5110,#5118,#5124));
#5102 = ORIENTED_EDGE('',*,*,#5103,.F.);
#5103 = EDGE_CURVE('',#5104,#5030,#5106,.T.);
#5104 = VERTEX_POINT('',#5105);
#5105 = CARTESIAN_POINT('',(-4.6825,0.3175,2.25));
#5106 = LINE('',#5107,#5108);
#5107 = CARTESIAN_POINT('',(-4.6825,0.3175,2.25));
#5108 = VECTOR('',#5109,1.);
#5109 = DIRECTION('',(0.,-1.,0.));
#5110 = ORIENTED_EDGE('',*,*,#5111,.F.);
#5111 = EDGE_CURVE('',#5112,#5104,#5114,.T.);
#5112 = VERTEX_POINT('',#5113);
#5113 = CARTESIAN_POINT('',(-4.6825,0.3175,-1.77));
#5114 = LINE('',#5115,#5116);
#5115 = CARTESIAN_POINT('',(-4.6825,0.3175,-1.77));
#5116 = VECTOR('',#5117,1.);
#5117 = DIRECTION('',(0.,0.,1.));
#5118 = ORIENTED_EDGE('',*,*,#5119,.F.);
#5119 = EDGE_CURVE('',#5038,#5112,#5120,.T.);
#5120 = LINE('',#5121,#5122);
#5121 = CARTESIAN_POINT('',(-4.6825,-0.3175,-1.77));
#5122 = VECTOR('',#5123,1.);
#5123 = DIRECTION('',(0.,1.,0.));
#5124 = ORIENTED_EDGE('',*,*,#5037,.F.);
#5125 = PLANE('',#5126);
#5126 = AXIS2_PLACEMENT_3D('',#5127,#5128,#5129);
#5127 = CARTESIAN_POINT('',(-4.6825,-1.74,0.));
#5128 = DIRECTION('',(1.,0.,0.));
#5129 = DIRECTION('',(0.,0.,-1.));
#5130 = ADVANCED_FACE('',(#5131),#5149,.T.);
#5131 = FACE_BOUND('',#5132,.F.);
#5132 = EDGE_LOOP('',(#5133,#5134,#5135,#5143));
#5133 = ORIENTED_EDGE('',*,*,#4941,.T.);
#5134 = ORIENTED_EDGE('',*,*,#5060,.T.);
#5135 = ORIENTED_EDGE('',*,*,#5136,.T.);
#5136 = EDGE_CURVE('',#5061,#5137,#5139,.T.);
#5137 = VERTEX_POINT('',#5138);
#5138 = CARTESIAN_POINT('',(-4.8325,-5.24,-6.3175));
#5139 = LINE('',#5140,#5141);
#5140 = CARTESIAN_POINT('',(-4.6825,-4.69,-6.4675));
#5141 = VECTOR('',#5142,1.);
#5142 = DIRECTION('',(-0.254456678904,-0.933007822648,0.254456678904));
#5143 = ORIENTED_EDGE('',*,*,#5144,.F.);
#5144 = EDGE_CURVE('',#4942,#5137,#5145,.T.);
#5145 = LINE('',#5146,#5147);
#5146 = CARTESIAN_POINT('',(-4.8325,-5.24,-5.9825));
#5147 = VECTOR('',#5148,1.);
#5148 = DIRECTION('',(0.,0.,-1.));
#5149 = PLANE('',#5150);
#5150 = AXIS2_PLACEMENT_3D('',#5151,#5152,#5153);
#5151 = CARTESIAN_POINT('',(-4.7575,-4.965,-6.15));
#5152 = DIRECTION('',(0.964763821238,-0.263117405792,0.));
#5153 = DIRECTION('',(-0.263117405792,-0.964763821238,0.));
#5154 = ADVANCED_FACE('',(#5155),#5171,.T.);
#5155 = FACE_BOUND('',#5156,.F.);
#5156 = EDGE_LOOP('',(#5157,#5158,#5164,#5165));
#5157 = ORIENTED_EDGE('',*,*,#4917,.F.);
#5158 = ORIENTED_EDGE('',*,*,#5159,.F.);
#5159 = EDGE_CURVE('',#5137,#4910,#5160,.T.);
#5160 = LINE('',#5161,#5162);
#5161 = CARTESIAN_POINT('',(-4.8325,-5.24,-6.3175));
#5162 = VECTOR('',#5163,1.);
#5163 = DIRECTION('',(-1.,0.,0.));
#5164 = ORIENTED_EDGE('',*,*,#5136,.F.);
#5165 = ORIENTED_EDGE('',*,*,#5166,.T.);
#5166 = EDGE_CURVE('',#5061,#4797,#5167,.T.);
#5167 = LINE('',#5168,#5169);
#5168 = CARTESIAN_POINT('',(-4.6825,-4.69,-6.4675));
#5169 = VECTOR('',#5170,1.);
#5170 = DIRECTION('',(-1.,0.,0.));
#5171 = PLANE('',#5172);
#5172 = AXIS2_PLACEMENT_3D('',#5173,#5174,#5175);
#5173 = CARTESIAN_POINT('',(-5.,-4.965,-6.3925));
#5174 = DIRECTION('',(0.,-0.263117405792,-0.964763821238));
#5175 = DIRECTION('',(0.,-0.964763821238,0.263117405792));
#5176 = ADVANCED_FACE('',(#5177),#5183,.T.);
#5177 = FACE_BOUND('',#5178,.F.);
#5178 = EDGE_LOOP('',(#5179,#5180,#5181,#5182));
#5179 = ORIENTED_EDGE('',*,*,#5159,.T.);
#5180 = ORIENTED_EDGE('',*,*,#4909,.T.);
#5181 = ORIENTED_EDGE('',*,*,#4949,.F.);
#5182 = ORIENTED_EDGE('',*,*,#5144,.T.);
#5183 = PLANE('',#5184);
#5184 = AXIS2_PLACEMENT_3D('',#5185,#5186,#5187);
#5185 = CARTESIAN_POINT('',(-5.3175,-5.24,-5.8325));
#5186 = DIRECTION('',(0.,-1.,0.));
#5187 = DIRECTION('',(0.,0.,-1.));
#5188 = ADVANCED_FACE('',(#5189),#5200,.T.);
#5189 = FACE_BOUND('',#5190,.F.);
#5190 = EDGE_LOOP('',(#5191,#5192,#5193,#5199));
#5191 = ORIENTED_EDGE('',*,*,#5166,.F.);
#5192 = ORIENTED_EDGE('',*,*,#5089,.T.);
#5193 = ORIENTED_EDGE('',*,*,#5194,.F.);
#5194 = EDGE_CURVE('',#4807,#5081,#5195,.T.);
#5195 = LINE('',#5196,#5197);
#5196 = CARTESIAN_POINT('',(-5.3175,-0.6175,-6.4675));
#5197 = VECTOR('',#5198,1.);
#5198 = DIRECTION('',(1.,0.,0.));
#5199 = ORIENTED_EDGE('',*,*,#4806,.F.);
#5200 = PLANE('',#5201);
#5201 = AXIS2_PLACEMENT_3D('',#5202,#5203,#5204);
#5202 = CARTESIAN_POINT('',(-5.3175,-5.24,-6.4675));
#5203 = DIRECTION('',(0.,0.,-1.));
#5204 = DIRECTION('',(0.,1.,0.));
#5205 = ADVANCED_FACE('',(#5206),#5217,.T.);
#5206 = FACE_BOUND('',#5207,.T.);
#5207 = EDGE_LOOP('',(#5208,#5214,#5215,#5216));
#5208 = ORIENTED_EDGE('',*,*,#5209,.T.);
#5209 = EDGE_CURVE('',#4815,#5073,#5210,.T.);
#5210 = LINE('',#5211,#5212);
#5211 = CARTESIAN_POINT('',(-5.3175,0.3175,-5.5325));
#5212 = VECTOR('',#5213,1.);
#5213 = DIRECTION('',(1.,0.,0.));
#5214 = ORIENTED_EDGE('',*,*,#5080,.F.);
#5215 = ORIENTED_EDGE('',*,*,#5194,.F.);
#5216 = ORIENTED_EDGE('',*,*,#4814,.T.);
#5217 = CYLINDRICAL_SURFACE('',#5218,0.935);
#5218 = AXIS2_PLACEMENT_3D('',#5219,#5220,#5221);
#5219 = CARTESIAN_POINT('',(-5.3175,-0.6175,-5.5325));
#5220 = DIRECTION('',(1.,0.,0.));
#5221 = DIRECTION('',(0.,0.,-1.));
#5222 = ADVANCED_FACE('',(#5223),#5229,.T.);
#5223 = FACE_BOUND('',#5224,.F.);
#5224 = EDGE_LOOP('',(#5225,#5226,#5227,#5228));
#5225 = ORIENTED_EDGE('',*,*,#1504,.F.);
#5226 = ORIENTED_EDGE('',*,*,#4823,.F.);
#5227 = ORIENTED_EDGE('',*,*,#5209,.T.);
#5228 = ORIENTED_EDGE('',*,*,#5072,.T.);
#5229 = PLANE('',#5230);
#5230 = AXIS2_PLACEMENT_3D('',#5231,#5232,#5233);
#5231 = CARTESIAN_POINT('',(-5.3175,0.3175,-5.5325));
#5232 = DIRECTION('',(0.,1.,0.));
#5233 = DIRECTION('',(0.,-0.,1.));
#5234 = ADVANCED_FACE('',(#5235),#5251,.T.);
#5235 = FACE_BOUND('',#5236,.F.);
#5236 = EDGE_LOOP('',(#5237,#5243,#5244,#5250));
#5237 = ORIENTED_EDGE('',*,*,#5238,.T.);
#5238 = EDGE_CURVE('',#5104,#4864,#5239,.T.);
#5239 = LINE('',#5240,#5241);
#5240 = CARTESIAN_POINT('',(-4.6825,0.3175,2.25));
#5241 = VECTOR('',#5242,1.);
#5242 = DIRECTION('',(-1.,0.,0.));
#5243 = ORIENTED_EDGE('',*,*,#4887,.F.);
#5244 = ORIENTED_EDGE('',*,*,#5245,.T.);
#5245 = EDGE_CURVE('',#4880,#5112,#5246,.T.);
#5246 = LINE('',#5247,#5248);
#5247 = CARTESIAN_POINT('',(-5.3175,0.3175,-1.77));
#5248 = VECTOR('',#5249,1.);
#5249 = DIRECTION('',(1.,0.,0.));
#5250 = ORIENTED_EDGE('',*,*,#5111,.T.);
#5251 = PLANE('',#5252);
#5252 = AXIS2_PLACEMENT_3D('',#5253,#5254,#5255);
#5253 = CARTESIAN_POINT('',(-5.3175,0.3175,-5.5325));
#5254 = DIRECTION('',(0.,1.,0.));
#5255 = DIRECTION('',(0.,-0.,1.));
#5256 = ADVANCED_FACE('',(#5257),#5282,.T.);
#5257 = FACE_BOUND('',#5258,.F.);
#5258 = EDGE_LOOP('',(#5259,#5267,#5268,#5276));
#5259 = ORIENTED_EDGE('',*,*,#5260,.F.);
#5260 = EDGE_CURVE('',#4864,#5261,#5263,.T.);
#5261 = VERTEX_POINT('',#5262);
#5262 = CARTESIAN_POINT('',(-5.1675,0.1675,2.8));
#5263 = LINE('',#5264,#5265);
#5264 = CARTESIAN_POINT('',(-5.3175,0.3175,2.25));
#5265 = VECTOR('',#5266,1.);
#5266 = DIRECTION('',(0.254456678904,-0.254456678904,0.933007822648));
#5267 = ORIENTED_EDGE('',*,*,#5238,.F.);
#5268 = ORIENTED_EDGE('',*,*,#5269,.F.);
#5269 = EDGE_CURVE('',#5270,#5104,#5272,.T.);
#5270 = VERTEX_POINT('',#5271);
#5271 = CARTESIAN_POINT('',(-4.8325,0.1675,2.8));
#5272 = LINE('',#5273,#5274);
#5273 = CARTESIAN_POINT('',(-4.8325,0.1675,2.8));
#5274 = VECTOR('',#5275,1.);
#5275 = DIRECTION('',(0.254456678904,0.254456678904,-0.933007822648));
#5276 = ORIENTED_EDGE('',*,*,#5277,.T.);
#5277 = EDGE_CURVE('',#5270,#5261,#5278,.T.);
#5278 = LINE('',#5279,#5280);
#5279 = CARTESIAN_POINT('',(-4.8325,0.1675,2.8));
#5280 = VECTOR('',#5281,1.);
#5281 = DIRECTION('',(-1.,0.,0.));
#5282 = PLANE('',#5283);
#5283 = AXIS2_PLACEMENT_3D('',#5284,#5285,#5286);
#5284 = CARTESIAN_POINT('',(-5.,0.2425,2.525));
#5285 = DIRECTION('',(0.,0.964763821238,0.263117405792));
#5286 = DIRECTION('',(0.,0.263117405792,-0.964763821238));
#5287 = ADVANCED_FACE('',(#5288),#5306,.T.);
#5288 = FACE_BOUND('',#5289,.F.);
#5289 = EDGE_LOOP('',(#5290,#5298,#5299,#5300));
#5290 = ORIENTED_EDGE('',*,*,#5291,.T.);
#5291 = EDGE_CURVE('',#5292,#4862,#5294,.T.);
#5292 = VERTEX_POINT('',#5293);
#5293 = CARTESIAN_POINT('',(-5.1675,-0.1675,2.8));
#5294 = LINE('',#5295,#5296);
#5295 = CARTESIAN_POINT('',(-5.1675,-0.1675,2.8));
#5296 = VECTOR('',#5297,1.);
#5297 = DIRECTION('',(-0.254456678904,-0.254456678904,-0.933007822648));
#5298 = ORIENTED_EDGE('',*,*,#4861,.T.);
#5299 = ORIENTED_EDGE('',*,*,#5260,.T.);
#5300 = ORIENTED_EDGE('',*,*,#5301,.F.);
#5301 = EDGE_CURVE('',#5292,#5261,#5302,.T.);
#5302 = LINE('',#5303,#5304);
#5303 = CARTESIAN_POINT('',(-5.1675,-0.1675,2.8));
#5304 = VECTOR('',#5305,1.);
#5305 = DIRECTION('',(0.,1.,0.));
#5306 = PLANE('',#5307);
#5307 = AXIS2_PLACEMENT_3D('',#5308,#5309,#5310);
#5308 = CARTESIAN_POINT('',(-5.2425,0.,2.525));
#5309 = DIRECTION('',(-0.964763821238,0.,0.263117405792));
#5310 = DIRECTION('',(0.263117405792,0.,0.964763821238));
#5311 = ADVANCED_FACE('',(#5312),#5330,.T.);
#5312 = FACE_BOUND('',#5313,.F.);
#5313 = EDGE_LOOP('',(#5314,#5315,#5323,#5329));
#5314 = ORIENTED_EDGE('',*,*,#5291,.F.);
#5315 = ORIENTED_EDGE('',*,*,#5316,.F.);
#5316 = EDGE_CURVE('',#5317,#5292,#5319,.T.);
#5317 = VERTEX_POINT('',#5318);
#5318 = CARTESIAN_POINT('',(-4.8325,-0.1675,2.8));
#5319 = LINE('',#5320,#5321);
#5320 = CARTESIAN_POINT('',(-4.8325,-0.1675,2.8));
#5321 = VECTOR('',#5322,1.);
#5322 = DIRECTION('',(-1.,0.,0.));
#5323 = ORIENTED_EDGE('',*,*,#5324,.F.);
#5324 = EDGE_CURVE('',#5030,#5317,#5325,.T.);
#5325 = LINE('',#5326,#5327);
#5326 = CARTESIAN_POINT('',(-4.6825,-0.3175,2.25));
#5327 = VECTOR('',#5328,1.);
#5328 = DIRECTION('',(-0.254456678904,0.254456678904,0.933007822648));
#5329 = ORIENTED_EDGE('',*,*,#5029,.T.);
#5330 = PLANE('',#5331);
#5331 = AXIS2_PLACEMENT_3D('',#5332,#5333,#5334);
#5332 = CARTESIAN_POINT('',(-5.,-0.2425,2.525));
#5333 = DIRECTION('',(0.,-0.964763821238,0.263117405792));
#5334 = DIRECTION('',(0.,0.263117405792,0.964763821238));
#5335 = ADVANCED_FACE('',(#5336),#5347,.T.);
#5336 = FACE_BOUND('',#5337,.F.);
#5337 = EDGE_LOOP('',(#5338,#5339,#5345,#5346));
#5338 = ORIENTED_EDGE('',*,*,#5277,.F.);
#5339 = ORIENTED_EDGE('',*,*,#5340,.T.);
#5340 = EDGE_CURVE('',#5270,#5317,#5341,.T.);
#5341 = LINE('',#5342,#5343);
#5342 = CARTESIAN_POINT('',(-4.8325,0.1675,2.8));
#5343 = VECTOR('',#5344,1.);
#5344 = DIRECTION('',(0.,-1.,0.));
#5345 = ORIENTED_EDGE('',*,*,#5316,.T.);
#5346 = ORIENTED_EDGE('',*,*,#5301,.T.);
#5347 = PLANE('',#5348);
#5348 = AXIS2_PLACEMENT_3D('',#5349,#5350,#5351);
#5349 = CARTESIAN_POINT('',(-5.3175,0.3175,2.8));
#5350 = DIRECTION('',(0.,0.,1.));
#5351 = DIRECTION('',(0.,-1.,0.));
#5352 = ADVANCED_FACE('',(#5353),#5359,.T.);
#5353 = FACE_BOUND('',#5354,.F.);
#5354 = EDGE_LOOP('',(#5355,#5356,#5357,#5358));
#5355 = ORIENTED_EDGE('',*,*,#5324,.T.);
#5356 = ORIENTED_EDGE('',*,*,#5340,.F.);
#5357 = ORIENTED_EDGE('',*,*,#5269,.T.);
#5358 = ORIENTED_EDGE('',*,*,#5103,.T.);
#5359 = PLANE('',#5360);
#5360 = AXIS2_PLACEMENT_3D('',#5361,#5362,#5363);
#5361 = CARTESIAN_POINT('',(-4.7575,0.,2.525));
#5362 = DIRECTION('',(0.964763821238,0.,0.263117405792));
#5363 = DIRECTION('',(-0.263117405792,0.,0.964763821238));
#5364 = ADVANCED_FACE('',(#5365,#5399),#5405,.T.);
#5365 = FACE_BOUND('',#5366,.F.);
#5366 = EDGE_LOOP('',(#5367,#5377,#5385,#5393));
#5367 = ORIENTED_EDGE('',*,*,#5368,.F.);
#5368 = EDGE_CURVE('',#5369,#5371,#5373,.T.);
#5369 = VERTEX_POINT('',#5370);
#5370 = CARTESIAN_POINT('',(-6.11,1.095,-1.77));
#5371 = VERTEX_POINT('',#5372);
#5372 = CARTESIAN_POINT('',(-6.11,-1.095,-1.77));
#5373 = LINE('',#5374,#5375);
#5374 = CARTESIAN_POINT('',(-6.11,1.095,-1.77));
#5375 = VECTOR('',#5376,1.);
#5376 = DIRECTION('',(0.,-1.,0.));
#5377 = ORIENTED_EDGE('',*,*,#5378,.F.);
#5378 = EDGE_CURVE('',#5379,#5369,#5381,.T.);
#5379 = VERTEX_POINT('',#5380);
#5380 = CARTESIAN_POINT('',(-3.89,1.095,-1.77));
#5381 = LINE('',#5382,#5383);
#5382 = CARTESIAN_POINT('',(-3.89,1.095,-1.77));
#5383 = VECTOR('',#5384,1.);
#5384 = DIRECTION('',(-1.,0.,0.));
#5385 = ORIENTED_EDGE('',*,*,#5386,.F.);
#5386 = EDGE_CURVE('',#5387,#5379,#5389,.T.);
#5387 = VERTEX_POINT('',#5388);
#5388 = CARTESIAN_POINT('',(-3.89,-1.095,-1.77));
#5389 = LINE('',#5390,#5391);
#5390 = CARTESIAN_POINT('',(-3.89,-1.095,-1.77));
#5391 = VECTOR('',#5392,1.);
#5392 = DIRECTION('',(0.,1.,0.));
#5393 = ORIENTED_EDGE('',*,*,#5394,.F.);
#5394 = EDGE_CURVE('',#5371,#5387,#5395,.T.);
#5395 = LINE('',#5396,#5397);
#5396 = CARTESIAN_POINT('',(-6.11,-1.095,-1.77));
#5397 = VECTOR('',#5398,1.);
#5398 = DIRECTION('',(1.,0.,0.));
#5399 = FACE_BOUND('',#5400,.F.);
#5400 = EDGE_LOOP('',(#5401,#5402,#5403,#5404));
#5401 = ORIENTED_EDGE('',*,*,#4879,.F.);
#5402 = ORIENTED_EDGE('',*,*,#5045,.T.);
#5403 = ORIENTED_EDGE('',*,*,#5119,.T.);
#5404 = ORIENTED_EDGE('',*,*,#5245,.F.);
#5405 = PLANE('',#5406);
#5406 = AXIS2_PLACEMENT_3D('',#5407,#5408,#5409);
#5407 = CARTESIAN_POINT('',(0.,-1.74,-1.77));
#5408 = DIRECTION('',(0.,0.,1.));
#5409 = DIRECTION('',(1.,0.,-0.));
#5410 = ADVANCED_FACE('',(#5411),#5427,.F.);
#5411 = FACE_BOUND('',#5412,.F.);
#5412 = EDGE_LOOP('',(#5413,#5414,#5420,#5421));
#5413 = ORIENTED_EDGE('',*,*,#883,.F.);
#5414 = ORIENTED_EDGE('',*,*,#5415,.T.);
#5415 = EDGE_CURVE('',#884,#5369,#5416,.T.);
#5416 = LINE('',#5417,#5418);
#5417 = CARTESIAN_POINT('',(-6.11,1.095,4.23));
#5418 = VECTOR('',#5419,1.);
#5419 = DIRECTION('',(0.,0.,-1.));
#5420 = ORIENTED_EDGE('',*,*,#5368,.T.);
#5421 = ORIENTED_EDGE('',*,*,#5422,.F.);
#5422 = EDGE_CURVE('',#886,#5371,#5423,.T.);
#5423 = LINE('',#5424,#5425);
#5424 = CARTESIAN_POINT('',(-6.11,-1.095,4.23));
#5425 = VECTOR('',#5426,1.);
#5426 = DIRECTION('',(0.,0.,-1.));
#5427 = PLANE('',#5428);
#5428 = AXIS2_PLACEMENT_3D('',#5429,#5430,#5431);
#5429 = CARTESIAN_POINT('',(-6.11,1.095,4.23));
#5430 = DIRECTION('',(-1.,0.,0.));
#5431 = DIRECTION('',(0.,-1.,0.));
#5432 = ADVANCED_FACE('',(#5433),#5444,.F.);
#5433 = FACE_BOUND('',#5434,.F.);
#5434 = EDGE_LOOP('',(#5435,#5436,#5442,#5443));
#5435 = ORIENTED_EDGE('',*,*,#909,.F.);
#5436 = ORIENTED_EDGE('',*,*,#5437,.T.);
#5437 = EDGE_CURVE('',#902,#5379,#5438,.T.);
#5438 = LINE('',#5439,#5440);
#5439 = CARTESIAN_POINT('',(-3.89,1.095,4.23));
#5440 = VECTOR('',#5441,1.);
#5441 = DIRECTION('',(0.,0.,-1.));
#5442 = ORIENTED_EDGE('',*,*,#5378,.T.);
#5443 = ORIENTED_EDGE('',*,*,#5415,.F.);
#5444 = PLANE('',#5445);
#5445 = AXIS2_PLACEMENT_3D('',#5446,#5447,#5448);
#5446 = CARTESIAN_POINT('',(-3.89,1.095,4.23));
#5447 = DIRECTION('',(0.,1.,0.));
#5448 = DIRECTION('',(-1.,0.,0.));
#5449 = ADVANCED_FACE('',(#5450),#5461,.F.);
#5450 = FACE_BOUND('',#5451,.F.);
#5451 = EDGE_LOOP('',(#5452,#5453,#5459,#5460));
#5452 = ORIENTED_EDGE('',*,*,#901,.F.);
#5453 = ORIENTED_EDGE('',*,*,#5454,.T.);
#5454 = EDGE_CURVE('',#894,#5387,#5455,.T.);
#5455 = LINE('',#5456,#5457);
#5456 = CARTESIAN_POINT('',(-3.89,-1.095,4.23));
#5457 = VECTOR('',#5458,1.);
#5458 = DIRECTION('',(0.,0.,-1.));
#5459 = ORIENTED_EDGE('',*,*,#5386,.T.);
#5460 = ORIENTED_EDGE('',*,*,#5437,.F.);
#5461 = PLANE('',#5462);
#5462 = AXIS2_PLACEMENT_3D('',#5463,#5464,#5465);
#5463 = CARTESIAN_POINT('',(-3.89,-1.095,4.23));
#5464 = DIRECTION('',(1.,0.,0.));
#5465 = DIRECTION('',(-0.,1.,0.));
#5466 = ADVANCED_FACE('',(#5467),#5473,.F.);
#5467 = FACE_BOUND('',#5468,.F.);
#5468 = EDGE_LOOP('',(#5469,#5470,#5471,#5472));
#5469 = ORIENTED_EDGE('',*,*,#893,.F.);
#5470 = ORIENTED_EDGE('',*,*,#5422,.T.);
#5471 = ORIENTED_EDGE('',*,*,#5394,.T.);
#5472 = ORIENTED_EDGE('',*,*,#5454,.F.);
#5473 = PLANE('',#5474);
#5474 = AXIS2_PLACEMENT_3D('',#5475,#5476,#5477);
#5475 = CARTESIAN_POINT('',(-6.11,-1.095,4.23));
#5476 = DIRECTION('',(0.,-1.,0.));
#5477 = DIRECTION('',(1.,0.,0.));
#5478 = ADVANCED_FACE('',(#5479),#5514,.T.);
#5479 = FACE_BOUND('',#5480,.T.);
#5480 = EDGE_LOOP('',(#5481,#5489,#5490,#5498,#5506));
#5481 = ORIENTED_EDGE('',*,*,#5482,.F.);
#5482 = EDGE_CURVE('',#169,#5483,#5485,.T.);
#5483 = VERTEX_POINT('',#5484);
#5484 = CARTESIAN_POINT('',(-5.200002705839,-2.939999841553,
    1.804596557706));
#5485 = LINE('',#5486,#5487);
#5486 = CARTESIAN_POINT('',(-5.2,-1.74,1.804596669241));
#5487 = VECTOR('',#5488,1.);
#5488 = DIRECTION('',(-2.254865812031E-06,-0.999999999997,
    -9.294608089172E-08));
#5489 = ORIENTED_EDGE('',*,*,#168,.T.);
#5490 = ORIENTED_EDGE('',*,*,#5491,.T.);
#5491 = EDGE_CURVE('',#171,#5492,#5494,.T.);
#5492 = VERTEX_POINT('',#5493);
#5493 = CARTESIAN_POINT('',(-5.2,-3.34,1.43));
#5494 = LINE('',#5495,#5496);
#5495 = CARTESIAN_POINT('',(-5.2,-1.74,1.43));
#5496 = VECTOR('',#5497,1.);
#5497 = DIRECTION('',(0.,-1.,0.));
#5498 = ORIENTED_EDGE('',*,*,#5499,.F.);
#5499 = EDGE_CURVE('',#5500,#5492,#5502,.T.);
#5500 = VERTEX_POINT('',#5501);
#5501 = CARTESIAN_POINT('',(-5.200003308571,-3.340000586781,
    1.648467626139));
#5502 = LINE('',#5503,#5504);
#5503 = CARTESIAN_POINT('',(-5.200003308571,-3.340000586781,
    1.648467626139));
#5504 = VECTOR('',#5505,1.);
#5505 = DIRECTION('',(1.514444338615E-05,2.685895283744E-06,
    -0.999999999882));
#5506 = ORIENTED_EDGE('',*,*,#5507,.T.);
#5507 = EDGE_CURVE('',#5500,#5483,#5508,.T.);
#5508 = B_SPLINE_CURVE_WITH_KNOTS('',3,(#5509,#5510,#5511,#5512,#5513),
  .UNSPECIFIED.,.F.,.F.,(4,1,4),(0.,0.5,1.),.QUASI_UNIFORM_KNOTS.);
#5509 = CARTESIAN_POINT('',(-5.200003308571,-3.340000586781,
    1.648467626139));
#5510 = CARTESIAN_POINT('',(-5.200003308571,-3.278744039873,
    1.672608995062));
#5511 = CARTESIAN_POINT('',(-5.199996992795,-3.150817870826,
    1.722764141102));
#5512 = CARTESIAN_POINT('',(-5.200002705839,-3.01207266566,
    1.776684147442));
#5513 = CARTESIAN_POINT('',(-5.200002705839,-2.939999841553,
    1.804596557706));
#5514 = PLANE('',#5515);
#5515 = AXIS2_PLACEMENT_3D('',#5516,#5517,#5518);
#5516 = CARTESIAN_POINT('',(-5.2,-1.74,1.804596669241));
#5517 = DIRECTION('',(-1.,0.,0.));
#5518 = DIRECTION('',(0.,0.,-1.));
#5519 = ADVANCED_FACE('',(#5520),#5549,.T.);
#5520 = FACE_BOUND('',#5521,.T.);
#5521 = EDGE_LOOP('',(#5522,#5534,#5541,#5542));
#5522 = ORIENTED_EDGE('',*,*,#5523,.F.);
#5523 = EDGE_CURVE('',#5524,#5526,#5528,.T.);
#5524 = VERTEX_POINT('',#5525);
#5525 = CARTESIAN_POINT('',(-4.800000038329,-2.939999942508,1.8045965208
    ));
#5526 = VERTEX_POINT('',#5527);
#5527 = CARTESIAN_POINT('',(-4.799999435612,-3.340000687802,
    1.648467589077));
#5528 = B_SPLINE_CURVE_WITH_KNOTS('',3,(#5529,#5530,#5531,#5532,#5533),
  .UNSPECIFIED.,.F.,.F.,(4,1,4),(0.,0.5,1.),.QUASI_UNIFORM_KNOTS.);
#5529 = CARTESIAN_POINT('',(-4.800000038329,-2.939999942508,1.8045965208
    ));
#5530 = CARTESIAN_POINT('',(-4.800000038329,-3.012048386425,
    1.776693552484));
#5531 = CARTESIAN_POINT('',(-4.800000263029,-3.150769055143,
    1.722783180692));
#5532 = CARTESIAN_POINT('',(-4.799999435612,-3.278719817103,
    1.67261854419));
#5533 = CARTESIAN_POINT('',(-4.799999435612,-3.340000687802,
    1.648467589077));
#5534 = ORIENTED_EDGE('',*,*,#5535,.F.);
#5535 = EDGE_CURVE('',#5483,#5524,#5536,.T.);
#5536 = CIRCLE('',#5537,0.799999327477);
#5537 = AXIS2_PLACEMENT_3D('',#5538,#5539,#5540);
#5538 = CARTESIAN_POINT('',(-5.000004103517,-2.940001387602,
    1.030000674913));
#5539 = DIRECTION('',(0.,1.,0.));
#5540 = DIRECTION('',(-0.249995395391,0.,0.968247025445));
#5541 = ORIENTED_EDGE('',*,*,#5507,.F.);
#5542 = ORIENTED_EDGE('',*,*,#5543,.F.);
#5543 = EDGE_CURVE('',#5526,#5500,#5544,.T.);
#5544 = CIRCLE('',#5545,0.650006896875);
#5545 = AXIS2_PLACEMENT_3D('',#5546,#5547,#5548);
#5546 = CARTESIAN_POINT('',(-5.000004103517,-3.34,1.030000674913));
#5547 = DIRECTION('',(0.,-1.,0.));
#5548 = DIRECTION('',(0.30769832708,0.,0.951483967028));
#5549 = CONICAL_SURFACE('',#5550,0.725003074591,0.358755220162);
#5550 = AXIS2_PLACEMENT_3D('',#5551,#5552,#5553);
#5551 = CARTESIAN_POINT('',(-5.000004103517,-3.140000794032,
    1.030000674913));
#5552 = DIRECTION('',(0.,1.,0.));
#5553 = DIRECTION('',(0.,0.,-1.));
#5554 = ADVANCED_FACE('',(#5555),#5693,.T.);
#5555 = FACE_BOUND('',#5556,.F.);
#5556 = EDGE_LOOP('',(#5557,#5568,#5576,#5585,#5593,#5602,#5610,#5619,
    #5627,#5636,#5644,#5653,#5661,#5670,#5678,#5687));
#5557 = ORIENTED_EDGE('',*,*,#5558,.F.);
#5558 = EDGE_CURVE('',#5559,#5561,#5563,.T.);
#5559 = VERTEX_POINT('',#5560);
#5560 = CARTESIAN_POINT('',(4.799999435612,-3.340000687802,
    0.411532410923));
#5561 = VERTEX_POINT('',#5562);
#5562 = CARTESIAN_POINT('',(5.200003308571,-3.340000586781,
    0.411532373861));
#5563 = CIRCLE('',#5564,0.650006896875);
#5564 = AXIS2_PLACEMENT_3D('',#5565,#5566,#5567);
#5565 = CARTESIAN_POINT('',(5.000004103518,-3.34,1.029999325087));
#5566 = DIRECTION('',(0.,-1.,0.));
#5567 = DIRECTION('',(-0.30769832708,-0.,-0.951483967028));
#5568 = ORIENTED_EDGE('',*,*,#5569,.F.);
#5569 = EDGE_CURVE('',#5570,#5559,#5572,.T.);
#5570 = VERTEX_POINT('',#5571);
#5571 = CARTESIAN_POINT('',(4.8,-3.34,0.63));
#5572 = LINE('',#5573,#5574);
#5573 = CARTESIAN_POINT('',(4.8,-3.34,0.63));
#5574 = VECTOR('',#5575,1.);
#5575 = DIRECTION('',(-2.583392464589E-06,-3.148300016995E-06,
    -0.999999999992));
#5576 = ORIENTED_EDGE('',*,*,#5577,.F.);
#5577 = EDGE_CURVE('',#5578,#5570,#5580,.T.);
#5578 = VERTEX_POINT('',#5579);
#5579 = CARTESIAN_POINT('',(4.6,-3.34,0.83));
#5580 = CIRCLE('',#5581,0.2);
#5581 = AXIS2_PLACEMENT_3D('',#5582,#5583,#5584);
#5582 = CARTESIAN_POINT('',(4.6,-3.34,0.63));
#5583 = DIRECTION('',(0.,1.,0.));
#5584 = DIRECTION('',(0.,-0.,1.));
#5585 = ORIENTED_EDGE('',*,*,#5586,.F.);
#5586 = EDGE_CURVE('',#5587,#5578,#5589,.T.);
#5587 = VERTEX_POINT('',#5588);
#5588 = CARTESIAN_POINT('',(4.381532373861,-3.340000586781,
    0.829996691429));
#5589 = LINE('',#5590,#5591);
#5590 = CARTESIAN_POINT('',(4.381532373861,-3.340000586781,
    0.829996691429));
#5591 = VECTOR('',#5592,1.);
#5592 = DIRECTION('',(0.999999999882,2.685895133321E-06,
    1.51444433953E-05));
#5593 = ORIENTED_EDGE('',*,*,#5594,.F.);
#5594 = EDGE_CURVE('',#5595,#5587,#5597,.T.);
#5595 = VERTEX_POINT('',#5596);
#5596 = CARTESIAN_POINT('',(4.381532410923,-3.340000687802,
    1.230000564388));
#5597 = CIRCLE('',#5598,0.650006896875);
#5598 = AXIS2_PLACEMENT_3D('',#5599,#5600,#5601);
#5599 = CARTESIAN_POINT('',(4.999999325087,-3.34,1.029995896483));
#5600 = DIRECTION('',(0.,-1.,0.));
#5601 = DIRECTION('',(-0.951483967028,0.,0.30769832708));
#5602 = ORIENTED_EDGE('',*,*,#5603,.F.);
#5603 = EDGE_CURVE('',#5604,#5595,#5606,.T.);
#5604 = VERTEX_POINT('',#5605);
#5605 = CARTESIAN_POINT('',(4.6,-3.34,1.23));
#5606 = LINE('',#5607,#5608);
#5607 = CARTESIAN_POINT('',(4.6,-3.34,1.23));
#5608 = VECTOR('',#5609,1.);
#5609 = DIRECTION('',(-0.999999999992,-3.148300016995E-06,
    2.583392467638E-06));
#5610 = ORIENTED_EDGE('',*,*,#5611,.F.);
#5611 = EDGE_CURVE('',#5612,#5604,#5614,.T.);
#5612 = VERTEX_POINT('',#5613);
#5613 = CARTESIAN_POINT('',(4.8,-3.34,1.43));
#5614 = CIRCLE('',#5615,0.2);
#5615 = AXIS2_PLACEMENT_3D('',#5616,#5617,#5618);
#5616 = CARTESIAN_POINT('',(4.6,-3.34,1.43));
#5617 = DIRECTION('',(0.,1.,0.));
#5618 = DIRECTION('',(1.,-0.,4.440892098501E-14));
#5619 = ORIENTED_EDGE('',*,*,#5620,.F.);
#5620 = EDGE_CURVE('',#5621,#5612,#5623,.T.);
#5621 = VERTEX_POINT('',#5622);
#5622 = CARTESIAN_POINT('',(4.799996691429,-3.340000586781,
    1.648467626139));
#5623 = LINE('',#5624,#5625);
#5624 = CARTESIAN_POINT('',(4.799996691429,-3.340000586781,
    1.648467626139));
#5625 = VECTOR('',#5626,1.);
#5626 = DIRECTION('',(1.514444339835E-05,2.685895222762E-06,
    -0.999999999882));
#5627 = ORIENTED_EDGE('',*,*,#5628,.F.);
#5628 = EDGE_CURVE('',#5629,#5621,#5631,.T.);
#5629 = VERTEX_POINT('',#5630);
#5630 = CARTESIAN_POINT('',(5.200000564388,-3.340000687802,
    1.648467589077));
#5631 = CIRCLE('',#5632,0.650006896875);
#5632 = AXIS2_PLACEMENT_3D('',#5633,#5634,#5635);
#5633 = CARTESIAN_POINT('',(4.999995896482,-3.34,1.030000674913));
#5634 = DIRECTION('',(0.,-1.,0.));
#5635 = DIRECTION('',(0.30769832708,0.,0.951483967028));
#5636 = ORIENTED_EDGE('',*,*,#5637,.F.);
#5637 = EDGE_CURVE('',#5638,#5629,#5640,.T.);
#5638 = VERTEX_POINT('',#5639);
#5639 = CARTESIAN_POINT('',(5.2,-3.34,1.43));
#5640 = LINE('',#5641,#5642);
#5641 = CARTESIAN_POINT('',(5.2,-3.34,1.43));
#5642 = VECTOR('',#5643,1.);
#5643 = DIRECTION('',(2.58339247272E-06,-3.148300016995E-06,
    0.999999999992));
#5644 = ORIENTED_EDGE('',*,*,#5645,.F.);
#5645 = EDGE_CURVE('',#5646,#5638,#5648,.T.);
#5646 = VERTEX_POINT('',#5647);
#5647 = CARTESIAN_POINT('',(5.4,-3.34,1.23));
#5648 = CIRCLE('',#5649,0.2);
#5649 = AXIS2_PLACEMENT_3D('',#5650,#5651,#5652);
#5650 = CARTESIAN_POINT('',(5.4,-3.34,1.43));
#5651 = DIRECTION('',(0.,1.,0.));
#5652 = DIRECTION('',(0.,0.,-1.));
#5653 = ORIENTED_EDGE('',*,*,#5654,.F.);
#5654 = EDGE_CURVE('',#5655,#5646,#5657,.T.);
#5655 = VERTEX_POINT('',#5656);
#5656 = CARTESIAN_POINT('',(5.618467626139,-3.340000586781,
    1.230003308571));
#5657 = LINE('',#5658,#5659);
#5658 = CARTESIAN_POINT('',(5.618467626139,-3.340000586781,
    1.230003308571));
#5659 = VECTOR('',#5660,1.);
#5660 = DIRECTION('',(-0.999999999882,2.68589525122E-06,
    -1.514444339123E-05));
#5661 = ORIENTED_EDGE('',*,*,#5662,.F.);
#5662 = EDGE_CURVE('',#5663,#5655,#5665,.T.);
#5663 = VERTEX_POINT('',#5664);
#5664 = CARTESIAN_POINT('',(5.618467589077,-3.340000687802,
    0.829999435613));
#5665 = CIRCLE('',#5666,0.650006896875);
#5666 = AXIS2_PLACEMENT_3D('',#5667,#5668,#5669);
#5667 = CARTESIAN_POINT('',(5.000000674913,-3.34,1.030004103517));
#5668 = DIRECTION('',(0.,-1.,0.));
#5669 = DIRECTION('',(0.951483967028,0.,-0.30769832708));
#5670 = ORIENTED_EDGE('',*,*,#5671,.F.);
#5671 = EDGE_CURVE('',#5672,#5663,#5674,.T.);
#5672 = VERTEX_POINT('',#5673);
#5673 = CARTESIAN_POINT('',(5.4,-3.34,0.83));
#5674 = LINE('',#5675,#5676);
#5675 = CARTESIAN_POINT('',(5.4,-3.34,0.83));
#5676 = VECTOR('',#5677,1.);
#5677 = DIRECTION('',(0.999999999992,-3.148300016995E-06,
    -2.583392468654E-06));
#5678 = ORIENTED_EDGE('',*,*,#5679,.F.);
#5679 = EDGE_CURVE('',#5680,#5672,#5682,.T.);
#5680 = VERTEX_POINT('',#5681);
#5681 = CARTESIAN_POINT('',(5.2,-3.34,0.63));
#5682 = CIRCLE('',#5683,0.2);
#5683 = AXIS2_PLACEMENT_3D('',#5684,#5685,#5686);
#5684 = CARTESIAN_POINT('',(5.4,-3.34,0.63));
#5685 = DIRECTION('',(0.,1.,0.));
#5686 = DIRECTION('',(-1.,0.,-4.662936703426E-14));
#5687 = ORIENTED_EDGE('',*,*,#5688,.F.);
#5688 = EDGE_CURVE('',#5561,#5680,#5689,.T.);
#5689 = LINE('',#5690,#5691);
#5690 = CARTESIAN_POINT('',(5.200003308571,-3.340000586781,
    0.411532373861));
#5691 = VECTOR('',#5692,1.);
#5692 = DIRECTION('',(-1.514444339022E-05,2.685895214631E-06,
    0.999999999882));
#5693 = PLANE('',#5694);
#5694 = AXIS2_PLACEMENT_3D('',#5695,#5696,#5697);
#5695 = CARTESIAN_POINT('',(-6.72,-3.34,4.23));
#5696 = DIRECTION('',(0.,-1.,0.));
#5697 = DIRECTION('',(1.,0.,0.));
#5698 = ADVANCED_FACE('',(#5699),#5820,.T.);
#5699 = FACE_BOUND('',#5700,.F.);
#5700 = EDGE_LOOP('',(#5701,#5702,#5710,#5719,#5727,#5736,#5744,#5753,
    #5761,#5770,#5778,#5787,#5795,#5804,#5812,#5819));
#5701 = ORIENTED_EDGE('',*,*,#5543,.F.);
#5702 = ORIENTED_EDGE('',*,*,#5703,.F.);
#5703 = EDGE_CURVE('',#5704,#5526,#5706,.T.);
#5704 = VERTEX_POINT('',#5705);
#5705 = CARTESIAN_POINT('',(-4.8,-3.34,1.43));
#5706 = LINE('',#5707,#5708);
#5707 = CARTESIAN_POINT('',(-4.8,-3.34,1.43));
#5708 = VECTOR('',#5709,1.);
#5709 = DIRECTION('',(2.583392464589E-06,-3.148300016995E-06,
    0.999999999992));
#5710 = ORIENTED_EDGE('',*,*,#5711,.F.);
#5711 = EDGE_CURVE('',#5712,#5704,#5714,.T.);
#5712 = VERTEX_POINT('',#5713);
#5713 = CARTESIAN_POINT('',(-4.6,-3.34,1.23));
#5714 = CIRCLE('',#5715,0.2);
#5715 = AXIS2_PLACEMENT_3D('',#5716,#5717,#5718);
#5716 = CARTESIAN_POINT('',(-4.6,-3.34,1.43));
#5717 = DIRECTION('',(0.,1.,0.));
#5718 = DIRECTION('',(0.,0.,-1.));
#5719 = ORIENTED_EDGE('',*,*,#5720,.F.);
#5720 = EDGE_CURVE('',#5721,#5712,#5723,.T.);
#5721 = VERTEX_POINT('',#5722);
#5722 = CARTESIAN_POINT('',(-4.381532373861,-3.340000586781,
    1.230003308571));
#5723 = LINE('',#5724,#5725);
#5724 = CARTESIAN_POINT('',(-4.381532373861,-3.340000586781,
    1.230003308571));
#5725 = VECTOR('',#5726,1.);
#5726 = DIRECTION('',(-0.999999999882,2.685895192271E-06,
    -1.51444433892E-05));
#5727 = ORIENTED_EDGE('',*,*,#5728,.F.);
#5728 = EDGE_CURVE('',#5729,#5721,#5731,.T.);
#5729 = VERTEX_POINT('',#5730);
#5730 = CARTESIAN_POINT('',(-4.381532410923,-3.340000687802,
    0.829999435613));
#5731 = CIRCLE('',#5732,0.650006896874);
#5732 = AXIS2_PLACEMENT_3D('',#5733,#5734,#5735);
#5733 = CARTESIAN_POINT('',(-4.999999325087,-3.34,1.030004103517));
#5734 = DIRECTION('',(0.,-1.,0.));
#5735 = DIRECTION('',(0.951483967028,0.,-0.30769832708));
#5736 = ORIENTED_EDGE('',*,*,#5737,.F.);
#5737 = EDGE_CURVE('',#5738,#5729,#5740,.T.);
#5738 = VERTEX_POINT('',#5739);
#5739 = CARTESIAN_POINT('',(-4.6,-3.34,0.83));
#5740 = LINE('',#5741,#5742);
#5741 = CARTESIAN_POINT('',(-4.6,-3.34,0.83));
#5742 = VECTOR('',#5743,1.);
#5743 = DIRECTION('',(0.999999999992,-3.148300016995E-06,
    -2.583392467129E-06));
#5744 = ORIENTED_EDGE('',*,*,#5745,.F.);
#5745 = EDGE_CURVE('',#5746,#5738,#5748,.T.);
#5746 = VERTEX_POINT('',#5747);
#5747 = CARTESIAN_POINT('',(-4.8,-3.34,0.63));
#5748 = CIRCLE('',#5749,0.2);
#5749 = AXIS2_PLACEMENT_3D('',#5750,#5751,#5752);
#5750 = CARTESIAN_POINT('',(-4.6,-3.34,0.63));
#5751 = DIRECTION('',(0.,1.,0.));
#5752 = DIRECTION('',(-1.,0.,-1.110223024625E-14));
#5753 = ORIENTED_EDGE('',*,*,#5754,.F.);
#5754 = EDGE_CURVE('',#5755,#5746,#5757,.T.);
#5755 = VERTEX_POINT('',#5756);
#5756 = CARTESIAN_POINT('',(-4.799996691429,-3.340000586781,
    0.411532373861));
#5757 = LINE('',#5758,#5759);
#5758 = CARTESIAN_POINT('',(-4.799996691429,-3.340000586781,
    0.411532373861));
#5759 = VECTOR('',#5760,1.);
#5760 = DIRECTION('',(-1.514444338209E-05,2.685895511412E-06,
    0.999999999882));
#5761 = ORIENTED_EDGE('',*,*,#5762,.F.);
#5762 = EDGE_CURVE('',#5763,#5755,#5765,.T.);
#5763 = VERTEX_POINT('',#5764);
#5764 = CARTESIAN_POINT('',(-5.200000564388,-3.340000687802,
    0.411532410923));
#5765 = CIRCLE('',#5766,0.650006896875);
#5766 = AXIS2_PLACEMENT_3D('',#5767,#5768,#5769);
#5767 = CARTESIAN_POINT('',(-4.999995896482,-3.34,1.029999325087));
#5768 = DIRECTION('',(0.,-1.,0.));
#5769 = DIRECTION('',(-0.30769832708,-0.,-0.951483967028));
#5770 = ORIENTED_EDGE('',*,*,#5771,.F.);
#5771 = EDGE_CURVE('',#5772,#5763,#5774,.T.);
#5772 = VERTEX_POINT('',#5773);
#5773 = CARTESIAN_POINT('',(-5.2,-3.34,0.63));
#5774 = LINE('',#5775,#5776);
#5775 = CARTESIAN_POINT('',(-5.2,-3.34,0.63));
#5776 = VECTOR('',#5777,1.);
#5777 = DIRECTION('',(-2.583392468654E-06,-3.148300016995E-06,
    -0.999999999992));
#5778 = ORIENTED_EDGE('',*,*,#5779,.F.);
#5779 = EDGE_CURVE('',#5780,#5772,#5782,.T.);
#5780 = VERTEX_POINT('',#5781);
#5781 = CARTESIAN_POINT('',(-5.4,-3.34,0.83));
#5782 = CIRCLE('',#5783,0.2);
#5783 = AXIS2_PLACEMENT_3D('',#5784,#5785,#5786);
#5784 = CARTESIAN_POINT('',(-5.4,-3.34,0.63));
#5785 = DIRECTION('',(0.,1.,0.));
#5786 = DIRECTION('',(0.,-0.,1.));
#5787 = ORIENTED_EDGE('',*,*,#5788,.F.);
#5788 = EDGE_CURVE('',#5789,#5780,#5791,.T.);
#5789 = VERTEX_POINT('',#5790);
#5790 = CARTESIAN_POINT('',(-5.618467626139,-3.340000586781,
    0.829996691429));
#5791 = LINE('',#5792,#5793);
#5792 = CARTESIAN_POINT('',(-5.618467626139,-3.340000586781,
    0.829996691429));
#5793 = VECTOR('',#5794,1.);
#5794 = DIRECTION('',(0.999999999882,2.685895316268E-06,
    1.514444338615E-05));
#5795 = ORIENTED_EDGE('',*,*,#5796,.F.);
#5796 = EDGE_CURVE('',#5797,#5789,#5799,.T.);
#5797 = VERTEX_POINT('',#5798);
#5798 = CARTESIAN_POINT('',(-5.618467589077,-3.340000687802,
    1.230000564388));
#5799 = CIRCLE('',#5800,0.650006896875);
#5800 = AXIS2_PLACEMENT_3D('',#5801,#5802,#5803);
#5801 = CARTESIAN_POINT('',(-5.000000674913,-3.34,1.029995896483));
#5802 = DIRECTION('',(0.,-1.,0.));
#5803 = DIRECTION('',(-0.951483967028,0.,0.30769832708));
#5804 = ORIENTED_EDGE('',*,*,#5805,.F.);
#5805 = EDGE_CURVE('',#5806,#5797,#5808,.T.);
#5806 = VERTEX_POINT('',#5807);
#5807 = CARTESIAN_POINT('',(-5.4,-3.34,1.23));
#5808 = LINE('',#5809,#5810);
#5809 = CARTESIAN_POINT('',(-5.4,-3.34,1.23));
#5810 = VECTOR('',#5811,1.);
#5811 = DIRECTION('',(-0.999999999992,-3.148300016995E-06,
    2.583392467638E-06));
#5812 = ORIENTED_EDGE('',*,*,#5813,.F.);
#5813 = EDGE_CURVE('',#5492,#5806,#5814,.T.);
#5814 = CIRCLE('',#5815,0.2);
#5815 = AXIS2_PLACEMENT_3D('',#5816,#5817,#5818);
#5816 = CARTESIAN_POINT('',(-5.4,-3.34,1.43));
#5817 = DIRECTION('',(-0.,1.,0.));
#5818 = DIRECTION('',(1.,0.,0.));
#5819 = ORIENTED_EDGE('',*,*,#5499,.F.);
#5820 = PLANE('',#5821);
#5821 = AXIS2_PLACEMENT_3D('',#5822,#5823,#5824);
#5822 = CARTESIAN_POINT('',(-6.72,-3.34,4.23));
#5823 = DIRECTION('',(0.,-1.,0.));
#5824 = DIRECTION('',(1.,0.,0.));
#5825 = ADVANCED_FACE('',(#5826),#5856,.T.);
#5826 = FACE_BOUND('',#5827,.T.);
#5827 = EDGE_LOOP('',(#5828,#5838,#5847,#5855));
#5828 = ORIENTED_EDGE('',*,*,#5829,.F.);
#5829 = EDGE_CURVE('',#5830,#5559,#5832,.T.);
#5830 = VERTEX_POINT('',#5831);
#5831 = CARTESIAN_POINT('',(4.800000038329,-2.939999942508,0.2554034792)
  );
#5832 = B_SPLINE_CURVE_WITH_KNOTS('',3,(#5833,#5834,#5835,#5836,#5837),
  .UNSPECIFIED.,.F.,.F.,(4,1,4),(0.,0.5,1.),.QUASI_UNIFORM_KNOTS.);
#5833 = CARTESIAN_POINT('',(4.800000038329,-2.939999942508,0.2554034792)
  );
#5834 = CARTESIAN_POINT('',(4.800000038329,-3.011978253619,
    0.283279286437));
#5835 = CARTESIAN_POINT('',(4.800000263029,-3.150628918957,
    0.337162160795));
#5836 = CARTESIAN_POINT('',(4.799999435612,-3.278649846405,0.38735388017
    ));
#5837 = CARTESIAN_POINT('',(4.799999435612,-3.340000687802,
    0.411532410923));
#5838 = ORIENTED_EDGE('',*,*,#5839,.F.);
#5839 = EDGE_CURVE('',#5840,#5830,#5842,.T.);
#5840 = VERTEX_POINT('',#5841);
#5841 = CARTESIAN_POINT('',(5.200002705839,-2.939999841553,
    0.255403442294));
#5842 = CIRCLE('',#5843,0.799999327477);
#5843 = AXIS2_PLACEMENT_3D('',#5844,#5845,#5846);
#5844 = CARTESIAN_POINT('',(5.000004103518,-2.940001387602,
    1.029999325087));
#5845 = DIRECTION('',(0.,1.,0.));
#5846 = DIRECTION('',(0.249995395391,0.,-0.968247025445));
#5847 = ORIENTED_EDGE('',*,*,#5848,.F.);
#5848 = EDGE_CURVE('',#5561,#5840,#5849,.T.);
#5849 = B_SPLINE_CURVE_WITH_KNOTS('',3,(#5850,#5851,#5852,#5853,#5854),
  .UNSPECIFIED.,.F.,.F.,(4,1,4),(0.,0.5,1.),.QUASI_UNIFORM_KNOTS.);
#5850 = CARTESIAN_POINT('',(5.200003308571,-3.340000586781,
    0.411532373861));
#5851 = CARTESIAN_POINT('',(5.200003308571,-3.278662435995,
    0.387358844631));
#5852 = CARTESIAN_POINT('',(5.199996992795,-3.150654435935,
    0.337172112878));
#5853 = CARTESIAN_POINT('',(5.200002705839,-3.011990872723,
    0.283284175736));
#5854 = CARTESIAN_POINT('',(5.200002705839,-2.939999841553,
    0.255403442294));
#5855 = ORIENTED_EDGE('',*,*,#5558,.F.);
#5856 = CONICAL_SURFACE('',#5857,0.725003074591,0.358755220162);
#5857 = AXIS2_PLACEMENT_3D('',#5858,#5859,#5860);
#5858 = CARTESIAN_POINT('',(5.000004103518,-3.140000794032,
    1.029999325087));
#5859 = DIRECTION('',(0.,1.,0.));
#5860 = DIRECTION('',(0.,0.,-1.));
#5861 = ADVANCED_FACE('',(#5862),#5879,.T.);
#5862 = FACE_BOUND('',#5863,.F.);
#5863 = EDGE_LOOP('',(#5864,#5865,#5866,#5872,#5873));
#5864 = ORIENTED_EDGE('',*,*,#5848,.F.);
#5865 = ORIENTED_EDGE('',*,*,#5688,.T.);
#5866 = ORIENTED_EDGE('',*,*,#5867,.F.);
#5867 = EDGE_CURVE('',#386,#5680,#5868,.T.);
#5868 = LINE('',#5869,#5870);
#5869 = CARTESIAN_POINT('',(5.2,-1.74,0.63));
#5870 = VECTOR('',#5871,1.);
#5871 = DIRECTION('',(0.,-1.,0.));
#5872 = ORIENTED_EDGE('',*,*,#385,.F.);
#5873 = ORIENTED_EDGE('',*,*,#5874,.T.);
#5874 = EDGE_CURVE('',#377,#5840,#5875,.T.);
#5875 = LINE('',#5876,#5877);
#5876 = CARTESIAN_POINT('',(5.2,-1.74,0.255403330759));
#5877 = VECTOR('',#5878,1.);
#5878 = DIRECTION('',(2.254865814992E-06,-0.999999999997,
    9.294607645083E-08));
#5879 = PLANE('',#5880);
#5880 = AXIS2_PLACEMENT_3D('',#5881,#5882,#5883);
#5881 = CARTESIAN_POINT('',(5.2,-1.74,0.255403330759));
#5882 = DIRECTION('',(1.,0.,0.));
#5883 = DIRECTION('',(0.,0.,1.));
#5884 = ADVANCED_FACE('',(#5885),#5896,.F.);
#5885 = FACE_BOUND('',#5886,.F.);
#5886 = EDGE_LOOP('',(#5887,#5888,#5889,#5890));
#5887 = ORIENTED_EDGE('',*,*,#393,.T.);
#5888 = ORIENTED_EDGE('',*,*,#5867,.T.);
#5889 = ORIENTED_EDGE('',*,*,#5679,.T.);
#5890 = ORIENTED_EDGE('',*,*,#5891,.F.);
#5891 = EDGE_CURVE('',#394,#5672,#5892,.T.);
#5892 = LINE('',#5893,#5894);
#5893 = CARTESIAN_POINT('',(5.4,-1.74,0.83));
#5894 = VECTOR('',#5895,1.);
#5895 = DIRECTION('',(0.,-1.,0.));
#5896 = CYLINDRICAL_SURFACE('',#5897,0.2);
#5897 = AXIS2_PLACEMENT_3D('',#5898,#5899,#5900);
#5898 = CARTESIAN_POINT('',(5.4,-1.74,0.63));
#5899 = DIRECTION('',(0.,-1.,0.));
#5900 = DIRECTION('',(1.,0.,0.));
#5901 = ADVANCED_FACE('',(#5902),#5923,.T.);
#5902 = FACE_BOUND('',#5903,.F.);
#5903 = EDGE_LOOP('',(#5904,#5914,#5920,#5921,#5922));
#5904 = ORIENTED_EDGE('',*,*,#5905,.F.);
#5905 = EDGE_CURVE('',#5906,#5663,#5908,.T.);
#5906 = VERTEX_POINT('',#5907);
#5907 = CARTESIAN_POINT('',(5.7745965208,-2.939999942508,0.830000038329)
  );
#5908 = B_SPLINE_CURVE_WITH_KNOTS('',3,(#5909,#5910,#5911,#5912,#5913),
  .UNSPECIFIED.,.F.,.F.,(4,1,4),(0.,0.5,1.),.QUASI_UNIFORM_KNOTS.);
#5909 = CARTESIAN_POINT('',(5.7745965208,-2.939999942508,0.830000038329)
  );
#5910 = CARTESIAN_POINT('',(5.746687351907,-3.012064396979,
    0.830000038329));
#5911 = CARTESIAN_POINT('',(5.692770702705,-3.150801046688,0.83000026303
    ));
#5912 = CARTESIAN_POINT('',(5.642612248973,-3.27873579065,0.829999435613
    ));
#5913 = CARTESIAN_POINT('',(5.618467589077,-3.340000687802,
    0.829999435613));
#5914 = ORIENTED_EDGE('',*,*,#5915,.F.);
#5915 = EDGE_CURVE('',#403,#5906,#5916,.T.);
#5916 = LINE('',#5917,#5918);
#5917 = CARTESIAN_POINT('',(5.774596669241,-1.74,0.83));
#5918 = VECTOR('',#5919,1.);
#5919 = DIRECTION('',(-1.237010960384E-07,-1.,3.194046846827E-08));
#5920 = ORIENTED_EDGE('',*,*,#402,.F.);
#5921 = ORIENTED_EDGE('',*,*,#5891,.T.);
#5922 = ORIENTED_EDGE('',*,*,#5671,.T.);
#5923 = PLANE('',#5924);
#5924 = AXIS2_PLACEMENT_3D('',#5925,#5926,#5927);
#5925 = CARTESIAN_POINT('',(5.4,-1.74,0.83));
#5926 = DIRECTION('',(0.,0.,-1.));
#5927 = DIRECTION('',(1.,0.,0.));
#5928 = ADVANCED_FACE('',(#5929),#5950,.T.);
#5929 = FACE_BOUND('',#5930,.T.);
#5930 = EDGE_LOOP('',(#5931,#5932,#5941,#5949));
#5931 = ORIENTED_EDGE('',*,*,#5905,.F.);
#5932 = ORIENTED_EDGE('',*,*,#5933,.F.);
#5933 = EDGE_CURVE('',#5934,#5906,#5936,.T.);
#5934 = VERTEX_POINT('',#5935);
#5935 = CARTESIAN_POINT('',(5.774596557706,-2.939999841553,
    1.230002705839));
#5936 = CIRCLE('',#5937,0.799999327477);
#5937 = AXIS2_PLACEMENT_3D('',#5938,#5939,#5940);
#5938 = CARTESIAN_POINT('',(5.000000674913,-2.940001387602,
    1.030004103517));
#5939 = DIRECTION('',(0.,1.,0.));
#5940 = DIRECTION('',(0.968247025445,-0.,0.249995395391));
#5941 = ORIENTED_EDGE('',*,*,#5942,.F.);
#5942 = EDGE_CURVE('',#5655,#5934,#5943,.T.);
#5943 = B_SPLINE_CURVE_WITH_KNOTS('',3,(#5944,#5945,#5946,#5947,#5948),
  .UNSPECIFIED.,.F.,.F.,(4,1,4),(0.,0.5,1.),.QUASI_UNIFORM_KNOTS.);
#5944 = CARTESIAN_POINT('',(5.618467626139,-3.340000586781,
    1.230003308571));
#5945 = CARTESIAN_POINT('',(5.642604204616,-3.2787561952,1.230003308571)
  );
#5946 = CARTESIAN_POINT('',(5.692754645759,-3.150842215298,
    1.229996992795));
#5947 = CARTESIAN_POINT('',(5.746679429013,-3.012084849148,
    1.230002705839));
#5948 = CARTESIAN_POINT('',(5.774596557706,-2.939999841553,
    1.230002705839));
#5949 = ORIENTED_EDGE('',*,*,#5662,.F.);
#5950 = CONICAL_SURFACE('',#5951,0.725003074591,0.358755220162);
#5951 = AXIS2_PLACEMENT_3D('',#5952,#5953,#5954);
#5952 = CARTESIAN_POINT('',(5.000000674913,-3.140000794031,
    1.030004103517));
#5953 = DIRECTION('',(0.,1.,0.));
#5954 = DIRECTION('',(0.,0.,-1.));
#5955 = ADVANCED_FACE('',(#5956),#5973,.T.);
#5956 = FACE_BOUND('',#5957,.F.);
#5957 = EDGE_LOOP('',(#5958,#5959,#5960,#5966,#5967));
#5958 = ORIENTED_EDGE('',*,*,#5942,.F.);
#5959 = ORIENTED_EDGE('',*,*,#5654,.T.);
#5960 = ORIENTED_EDGE('',*,*,#5961,.F.);
#5961 = EDGE_CURVE('',#420,#5646,#5962,.T.);
#5962 = LINE('',#5963,#5964);
#5963 = CARTESIAN_POINT('',(5.4,-1.74,1.23));
#5964 = VECTOR('',#5965,1.);
#5965 = DIRECTION('',(0.,-1.,0.));
#5966 = ORIENTED_EDGE('',*,*,#419,.F.);
#5967 = ORIENTED_EDGE('',*,*,#5968,.T.);
#5968 = EDGE_CURVE('',#411,#5934,#5969,.T.);
#5969 = LINE('',#5970,#5971);
#5970 = CARTESIAN_POINT('',(5.774596669241,-1.74,1.23));
#5971 = VECTOR('',#5972,1.);
#5972 = DIRECTION('',(-9.294602538057E-08,-0.999999999997,
    2.254865813327E-06));
#5973 = PLANE('',#5974);
#5974 = AXIS2_PLACEMENT_3D('',#5975,#5976,#5977);
#5975 = CARTESIAN_POINT('',(5.774596669241,-1.74,1.23));
#5976 = DIRECTION('',(0.,0.,1.));
#5977 = DIRECTION('',(-1.,0.,0.));
#5978 = ADVANCED_FACE('',(#5979),#5990,.F.);
#5979 = FACE_BOUND('',#5980,.F.);
#5980 = EDGE_LOOP('',(#5981,#5982,#5983,#5984));
#5981 = ORIENTED_EDGE('',*,*,#427,.T.);
#5982 = ORIENTED_EDGE('',*,*,#5961,.T.);
#5983 = ORIENTED_EDGE('',*,*,#5645,.T.);
#5984 = ORIENTED_EDGE('',*,*,#5985,.F.);
#5985 = EDGE_CURVE('',#428,#5638,#5986,.T.);
#5986 = LINE('',#5987,#5988);
#5987 = CARTESIAN_POINT('',(5.2,-1.74,1.43));
#5988 = VECTOR('',#5989,1.);
#5989 = DIRECTION('',(0.,-1.,0.));
#5990 = CYLINDRICAL_SURFACE('',#5991,0.2);
#5991 = AXIS2_PLACEMENT_3D('',#5992,#5993,#5994);
#5992 = CARTESIAN_POINT('',(5.4,-1.74,1.43));
#5993 = DIRECTION('',(0.,-1.,0.));
#5994 = DIRECTION('',(1.,0.,0.));
#5995 = ADVANCED_FACE('',(#5996),#6017,.T.);
#5996 = FACE_BOUND('',#5997,.F.);
#5997 = EDGE_LOOP('',(#5998,#6008,#6014,#6015,#6016));
#5998 = ORIENTED_EDGE('',*,*,#5999,.F.);
#5999 = EDGE_CURVE('',#6000,#5629,#6002,.T.);
#6000 = VERTEX_POINT('',#6001);
#6001 = CARTESIAN_POINT('',(5.199999961671,-2.939999942508,1.8045965208)
  );
#6002 = B_SPLINE_CURVE_WITH_KNOTS('',3,(#6003,#6004,#6005,#6006,#6007),
  .UNSPECIFIED.,.F.,.F.,(4,1,4),(0.,0.5,1.),.QUASI_UNIFORM_KNOTS.);
#6003 = CARTESIAN_POINT('',(5.199999961671,-2.939999942508,1.8045965208)
  );
#6004 = CARTESIAN_POINT('',(5.199999961671,-3.012062862504,
    1.776687946179));
#6005 = CARTESIAN_POINT('',(5.199999736971,-3.150797980569,
    1.722771898615));
#6006 = CARTESIAN_POINT('',(5.200000564388,-3.278734259721,
    1.672612852316));
#6007 = CARTESIAN_POINT('',(5.200000564388,-3.340000687802,
    1.648467589077));
#6008 = ORIENTED_EDGE('',*,*,#6009,.F.);
#6009 = EDGE_CURVE('',#307,#6000,#6010,.T.);
#6010 = LINE('',#6011,#6012);
#6011 = CARTESIAN_POINT('',(5.2,-1.74,1.804596669241));
#6012 = VECTOR('',#6013,1.);
#6013 = DIRECTION('',(-3.194046661789E-08,-1.,-1.237011273097E-07));
#6014 = ORIENTED_EDGE('',*,*,#436,.F.);
#6015 = ORIENTED_EDGE('',*,*,#5985,.T.);
#6016 = ORIENTED_EDGE('',*,*,#5637,.T.);
#6017 = PLANE('',#6018);
#6018 = AXIS2_PLACEMENT_3D('',#6019,#6020,#6021);
#6019 = CARTESIAN_POINT('',(5.2,-1.74,1.43));
#6020 = DIRECTION('',(1.,0.,0.));
#6021 = DIRECTION('',(0.,0.,1.));
#6022 = ADVANCED_FACE('',(#6023),#6044,.T.);
#6023 = FACE_BOUND('',#6024,.T.);
#6024 = EDGE_LOOP('',(#6025,#6026,#6035,#6043));
#6025 = ORIENTED_EDGE('',*,*,#5999,.F.);
#6026 = ORIENTED_EDGE('',*,*,#6027,.F.);
#6027 = EDGE_CURVE('',#6028,#6000,#6030,.T.);
#6028 = VERTEX_POINT('',#6029);
#6029 = CARTESIAN_POINT('',(4.799997294161,-2.939999841553,
    1.804596557706));
#6030 = CIRCLE('',#6031,0.799999327477);
#6031 = AXIS2_PLACEMENT_3D('',#6032,#6033,#6034);
#6032 = CARTESIAN_POINT('',(4.999995896482,-2.940001387602,
    1.030000674913));
#6033 = DIRECTION('',(0.,1.,0.));
#6034 = DIRECTION('',(-0.249995395391,0.,0.968247025445));
#6035 = ORIENTED_EDGE('',*,*,#6036,.F.);
#6036 = EDGE_CURVE('',#5621,#6028,#6037,.T.);
#6037 = B_SPLINE_CURVE_WITH_KNOTS('',3,(#6038,#6039,#6040,#6041,#6042),
  .UNSPECIFIED.,.F.,.F.,(4,1,4),(0.,0.5,1.),.QUASI_UNIFORM_KNOTS.);
#6038 = CARTESIAN_POINT('',(4.799996691429,-3.340000586781,
    1.648467626139));
#6039 = CARTESIAN_POINT('',(4.799996691429,-3.278677532816,
    1.672635205671));
#6040 = CARTESIAN_POINT('',(4.800003007205,-3.15068467161,1.72281609406)
  );
#6041 = CARTESIAN_POINT('',(4.799997294161,-3.01200600452,1.776709964012
    ));
#6042 = CARTESIAN_POINT('',(4.799997294161,-2.939999841553,
    1.804596557706));
#6043 = ORIENTED_EDGE('',*,*,#5628,.F.);
#6044 = CONICAL_SURFACE('',#6045,0.725003074591,0.358755220162);
#6045 = AXIS2_PLACEMENT_3D('',#6046,#6047,#6048);
#6046 = CARTESIAN_POINT('',(4.999995896482,-3.140000794032,
    1.030000674913));
#6047 = DIRECTION('',(0.,1.,0.));
#6048 = DIRECTION('',(0.,0.,-1.));
#6049 = ADVANCED_FACE('',(#6050),#6067,.T.);
#6050 = FACE_BOUND('',#6051,.F.);
#6051 = EDGE_LOOP('',(#6052,#6053,#6054,#6060,#6061));
#6052 = ORIENTED_EDGE('',*,*,#6036,.F.);
#6053 = ORIENTED_EDGE('',*,*,#5620,.T.);
#6054 = ORIENTED_EDGE('',*,*,#6055,.F.);
#6055 = EDGE_CURVE('',#318,#5612,#6056,.T.);
#6056 = LINE('',#6057,#6058);
#6057 = CARTESIAN_POINT('',(4.8,-1.74,1.43));
#6058 = VECTOR('',#6059,1.);
#6059 = DIRECTION('',(0.,-1.,0.));
#6060 = ORIENTED_EDGE('',*,*,#317,.F.);
#6061 = ORIENTED_EDGE('',*,*,#6062,.T.);
#6062 = EDGE_CURVE('',#309,#6028,#6063,.T.);
#6063 = LINE('',#6064,#6065);
#6064 = CARTESIAN_POINT('',(4.8,-1.74,1.804596669241));
#6065 = VECTOR('',#6066,1.);
#6066 = DIRECTION('',(-2.254865814252E-06,-0.999999999997,
    -9.29460768209E-08));
#6067 = PLANE('',#6068);
#6068 = AXIS2_PLACEMENT_3D('',#6069,#6070,#6071);
#6069 = CARTESIAN_POINT('',(4.8,-1.74,1.804596669241));
#6070 = DIRECTION('',(-1.,0.,0.));
#6071 = DIRECTION('',(0.,0.,-1.));
#6072 = ADVANCED_FACE('',(#6073),#6084,.F.);
#6073 = FACE_BOUND('',#6074,.F.);
#6074 = EDGE_LOOP('',(#6075,#6076,#6077,#6078));
#6075 = ORIENTED_EDGE('',*,*,#325,.T.);
#6076 = ORIENTED_EDGE('',*,*,#6055,.T.);
#6077 = ORIENTED_EDGE('',*,*,#5611,.T.);
#6078 = ORIENTED_EDGE('',*,*,#6079,.F.);
#6079 = EDGE_CURVE('',#326,#5604,#6080,.T.);
#6080 = LINE('',#6081,#6082);
#6081 = CARTESIAN_POINT('',(4.6,-1.74,1.23));
#6082 = VECTOR('',#6083,1.);
#6083 = DIRECTION('',(0.,-1.,0.));
#6084 = CYLINDRICAL_SURFACE('',#6085,0.2);
#6085 = AXIS2_PLACEMENT_3D('',#6086,#6087,#6088);
#6086 = CARTESIAN_POINT('',(4.6,-1.74,1.43));
#6087 = DIRECTION('',(0.,-1.,0.));
#6088 = DIRECTION('',(1.,0.,0.));
#6089 = ADVANCED_FACE('',(#6090),#6111,.T.);
#6090 = FACE_BOUND('',#6091,.F.);
#6091 = EDGE_LOOP('',(#6092,#6102,#6108,#6109,#6110));
#6092 = ORIENTED_EDGE('',*,*,#6093,.F.);
#6093 = EDGE_CURVE('',#6094,#5595,#6096,.T.);
#6094 = VERTEX_POINT('',#6095);
#6095 = CARTESIAN_POINT('',(4.2254034792,-2.939999942508,1.229999961671)
  );
#6096 = B_SPLINE_CURVE_WITH_KNOTS('',3,(#6097,#6098,#6099,#6100,#6101),
  .UNSPECIFIED.,.F.,.F.,(4,1,4),(0.,0.5,1.),.QUASI_UNIFORM_KNOTS.);
#6097 = CARTESIAN_POINT('',(4.2254034792,-2.939999942508,1.229999961671)
  );
#6098 = CARTESIAN_POINT('',(4.253277708383,-3.011974178916,
    1.229999961671));
#6099 = CARTESIAN_POINT('',(4.307158985156,-3.150620777067,
    1.229999736971));
#6100 = CARTESIAN_POINT('',(4.357352278031,-3.27864578112,1.230000564388
    ));
#6101 = CARTESIAN_POINT('',(4.381532410923,-3.340000687802,
    1.230000564388));
#6102 = ORIENTED_EDGE('',*,*,#6103,.F.);
#6103 = EDGE_CURVE('',#335,#6094,#6104,.T.);
#6104 = LINE('',#6105,#6106);
#6105 = CARTESIAN_POINT('',(4.225403330759,-1.74,1.23));
#6106 = VECTOR('',#6107,1.);
#6107 = DIRECTION('',(1.237010967786E-07,-1.,-3.194046809819E-08));
#6108 = ORIENTED_EDGE('',*,*,#334,.F.);
#6109 = ORIENTED_EDGE('',*,*,#6079,.T.);
#6110 = ORIENTED_EDGE('',*,*,#5603,.T.);
#6111 = PLANE('',#6112);
#6112 = AXIS2_PLACEMENT_3D('',#6113,#6114,#6115);
#6113 = CARTESIAN_POINT('',(4.6,-1.74,1.23));
#6114 = DIRECTION('',(0.,0.,1.));
#6115 = DIRECTION('',(-1.,0.,0.));
#6116 = ADVANCED_FACE('',(#6117),#6138,.T.);
#6117 = FACE_BOUND('',#6118,.T.);
#6118 = EDGE_LOOP('',(#6119,#6120,#6129,#6137));
#6119 = ORIENTED_EDGE('',*,*,#6093,.F.);
#6120 = ORIENTED_EDGE('',*,*,#6121,.F.);
#6121 = EDGE_CURVE('',#6122,#6094,#6124,.T.);
#6122 = VERTEX_POINT('',#6123);
#6123 = CARTESIAN_POINT('',(4.225403442294,-2.939999841553,
    0.829997294161));
#6124 = CIRCLE('',#6125,0.799999327477);
#6125 = AXIS2_PLACEMENT_3D('',#6126,#6127,#6128);
#6126 = CARTESIAN_POINT('',(4.999999325087,-2.940001387602,
    1.029995896483));
#6127 = DIRECTION('',(0.,1.,0.));
#6128 = DIRECTION('',(-0.968247025445,0.,-0.249995395391));
#6129 = ORIENTED_EDGE('',*,*,#6130,.F.);
#6130 = EDGE_CURVE('',#5587,#6122,#6131,.T.);
#6131 = B_SPLINE_CURVE_WITH_KNOTS('',3,(#6132,#6133,#6134,#6135,#6136),
  .UNSPECIFIED.,.F.,.F.,(4,1,4),(0.,0.5,1.),.QUASI_UNIFORM_KNOTS.);
#6132 = CARTESIAN_POINT('',(4.381532373861,-3.340000586781,
    0.829996691429));
#6133 = CARTESIAN_POINT('',(4.357345274018,-3.278628001788,
    0.829996691429));
#6134 = CARTESIAN_POINT('',(4.307145214244,-3.150585471627,
    0.830003007205));
#6135 = CARTESIAN_POINT('',(4.253270809138,-3.011956358739,
    0.829997294161));
#6136 = CARTESIAN_POINT('',(4.225403442294,-2.939999841553,
    0.829997294161));
#6137 = ORIENTED_EDGE('',*,*,#5594,.F.);
#6138 = CONICAL_SURFACE('',#6139,0.725003074591,0.358755220162);
#6139 = AXIS2_PLACEMENT_3D('',#6140,#6141,#6142);
#6140 = CARTESIAN_POINT('',(4.999999325087,-3.140000794031,
    1.029995896483));
#6141 = DIRECTION('',(0.,1.,0.));
#6142 = DIRECTION('',(0.,0.,-1.));
#6143 = ADVANCED_FACE('',(#6144),#6161,.T.);
#6144 = FACE_BOUND('',#6145,.F.);
#6145 = EDGE_LOOP('',(#6146,#6147,#6148,#6154,#6155));
#6146 = ORIENTED_EDGE('',*,*,#6130,.F.);
#6147 = ORIENTED_EDGE('',*,*,#5586,.T.);
#6148 = ORIENTED_EDGE('',*,*,#6149,.F.);
#6149 = EDGE_CURVE('',#352,#5578,#6150,.T.);
#6150 = LINE('',#6151,#6152);
#6151 = CARTESIAN_POINT('',(4.6,-1.74,0.83));
#6152 = VECTOR('',#6153,1.);
#6153 = DIRECTION('',(0.,-1.,0.));
#6154 = ORIENTED_EDGE('',*,*,#351,.F.);
#6155 = ORIENTED_EDGE('',*,*,#6156,.T.);
#6156 = EDGE_CURVE('',#343,#6122,#6157,.T.);
#6157 = LINE('',#6158,#6159);
#6158 = CARTESIAN_POINT('',(4.225403330759,-1.74,0.83));
#6159 = VECTOR('',#6160,1.);
#6160 = DIRECTION('',(9.294601871924E-08,-0.999999999997,
    -2.254865812864E-06));
#6161 = PLANE('',#6162);
#6162 = AXIS2_PLACEMENT_3D('',#6163,#6164,#6165);
#6163 = CARTESIAN_POINT('',(4.225403330759,-1.74,0.83));
#6164 = DIRECTION('',(0.,0.,-1.));
#6165 = DIRECTION('',(1.,0.,0.));
#6166 = ADVANCED_FACE('',(#6167),#6178,.F.);
#6167 = FACE_BOUND('',#6168,.F.);
#6168 = EDGE_LOOP('',(#6169,#6170,#6171,#6172));
#6169 = ORIENTED_EDGE('',*,*,#359,.T.);
#6170 = ORIENTED_EDGE('',*,*,#6149,.T.);
#6171 = ORIENTED_EDGE('',*,*,#5577,.T.);
#6172 = ORIENTED_EDGE('',*,*,#6173,.F.);
#6173 = EDGE_CURVE('',#360,#5570,#6174,.T.);
#6174 = LINE('',#6175,#6176);
#6175 = CARTESIAN_POINT('',(4.8,-1.74,0.63));
#6176 = VECTOR('',#6177,1.);
#6177 = DIRECTION('',(0.,-1.,0.));
#6178 = CYLINDRICAL_SURFACE('',#6179,0.2);
#6179 = AXIS2_PLACEMENT_3D('',#6180,#6181,#6182);
#6180 = CARTESIAN_POINT('',(4.6,-1.74,0.63));
#6181 = DIRECTION('',(0.,-1.,0.));
#6182 = DIRECTION('',(1.,0.,0.));
#6183 = ADVANCED_FACE('',(#6184),#6196,.T.);
#6184 = FACE_BOUND('',#6185,.F.);
#6185 = EDGE_LOOP('',(#6186,#6187,#6193,#6194,#6195));
#6186 = ORIENTED_EDGE('',*,*,#5829,.F.);
#6187 = ORIENTED_EDGE('',*,*,#6188,.F.);
#6188 = EDGE_CURVE('',#369,#5830,#6189,.T.);
#6189 = LINE('',#6190,#6191);
#6190 = CARTESIAN_POINT('',(4.8,-1.74,0.255403330759));
#6191 = VECTOR('',#6192,1.);
#6192 = DIRECTION('',(3.194046809819E-08,-1.,1.237011274485E-07));
#6193 = ORIENTED_EDGE('',*,*,#368,.F.);
#6194 = ORIENTED_EDGE('',*,*,#6173,.T.);
#6195 = ORIENTED_EDGE('',*,*,#5569,.T.);
#6196 = PLANE('',#6197);
#6197 = AXIS2_PLACEMENT_3D('',#6198,#6199,#6200);
#6198 = CARTESIAN_POINT('',(4.8,-1.74,0.63));
#6199 = DIRECTION('',(-1.,0.,0.));
#6200 = DIRECTION('',(0.,0.,-1.));
#6201 = ADVANCED_FACE('',(#6202),#6208,.T.);
#6202 = FACE_BOUND('',#6203,.T.);
#6203 = EDGE_LOOP('',(#6204,#6205,#6206,#6207));
#6204 = ORIENTED_EDGE('',*,*,#6188,.F.);
#6205 = ORIENTED_EDGE('',*,*,#376,.T.);
#6206 = ORIENTED_EDGE('',*,*,#5874,.T.);
#6207 = ORIENTED_EDGE('',*,*,#5839,.T.);
#6208 = CYLINDRICAL_SURFACE('',#6209,0.8);
#6209 = AXIS2_PLACEMENT_3D('',#6210,#6211,#6212);
#6210 = CARTESIAN_POINT('',(5.,-1.74,1.03));
#6211 = DIRECTION('',(0.,-1.,0.));
#6212 = DIRECTION('',(1.,0.,0.));
#6213 = ADVANCED_FACE('',(#6214),#6220,.T.);
#6214 = FACE_BOUND('',#6215,.T.);
#6215 = EDGE_LOOP('',(#6216,#6217,#6218,#6219));
#6216 = ORIENTED_EDGE('',*,*,#6103,.F.);
#6217 = ORIENTED_EDGE('',*,*,#342,.T.);
#6218 = ORIENTED_EDGE('',*,*,#6156,.T.);
#6219 = ORIENTED_EDGE('',*,*,#6121,.T.);
#6220 = CYLINDRICAL_SURFACE('',#6221,0.8);
#6221 = AXIS2_PLACEMENT_3D('',#6222,#6223,#6224);
#6222 = CARTESIAN_POINT('',(5.,-1.74,1.03));
#6223 = DIRECTION('',(0.,-1.,0.));
#6224 = DIRECTION('',(1.,0.,0.));
#6225 = ADVANCED_FACE('',(#6226),#6232,.T.);
#6226 = FACE_BOUND('',#6227,.T.);
#6227 = EDGE_LOOP('',(#6228,#6229,#6230,#6231));
#6228 = ORIENTED_EDGE('',*,*,#6009,.F.);
#6229 = ORIENTED_EDGE('',*,*,#306,.T.);
#6230 = ORIENTED_EDGE('',*,*,#6062,.T.);
#6231 = ORIENTED_EDGE('',*,*,#6027,.T.);
#6232 = CYLINDRICAL_SURFACE('',#6233,0.8);
#6233 = AXIS2_PLACEMENT_3D('',#6234,#6235,#6236);
#6234 = CARTESIAN_POINT('',(5.,-1.74,1.03));
#6235 = DIRECTION('',(0.,-1.,0.));
#6236 = DIRECTION('',(1.,0.,0.));
#6237 = ADVANCED_FACE('',(#6238),#6244,.T.);
#6238 = FACE_BOUND('',#6239,.T.);
#6239 = EDGE_LOOP('',(#6240,#6241,#6242,#6243));
#6240 = ORIENTED_EDGE('',*,*,#5915,.F.);
#6241 = ORIENTED_EDGE('',*,*,#410,.T.);
#6242 = ORIENTED_EDGE('',*,*,#5968,.T.);
#6243 = ORIENTED_EDGE('',*,*,#5933,.T.);
#6244 = CYLINDRICAL_SURFACE('',#6245,0.8);
#6245 = AXIS2_PLACEMENT_3D('',#6246,#6247,#6248);
#6246 = CARTESIAN_POINT('',(5.,-1.74,1.03));
#6247 = DIRECTION('',(0.,-1.,0.));
#6248 = DIRECTION('',(1.,0.,0.));
#6249 = ADVANCED_FACE('',(#6250),#6267,.T.);
#6250 = FACE_BOUND('',#6251,.F.);
#6251 = EDGE_LOOP('',(#6252,#6253,#6259,#6260,#6266));
#6252 = ORIENTED_EDGE('',*,*,#5523,.F.);
#6253 = ORIENTED_EDGE('',*,*,#6254,.F.);
#6254 = EDGE_CURVE('',#290,#5524,#6255,.T.);
#6255 = LINE('',#6256,#6257);
#6256 = CARTESIAN_POINT('',(-4.8,-1.74,1.804596669241));
#6257 = VECTOR('',#6258,1.);
#6258 = DIRECTION('',(-3.194046809819E-08,-1.,-1.237011274948E-07));
#6259 = ORIENTED_EDGE('',*,*,#289,.F.);
#6260 = ORIENTED_EDGE('',*,*,#6261,.T.);
#6261 = EDGE_CURVE('',#281,#5704,#6262,.T.);
#6262 = LINE('',#6263,#6264);
#6263 = CARTESIAN_POINT('',(-4.8,-1.74,1.43));
#6264 = VECTOR('',#6265,1.);
#6265 = DIRECTION('',(0.,-1.,0.));
#6266 = ORIENTED_EDGE('',*,*,#5703,.T.);
#6267 = PLANE('',#6268);
#6268 = AXIS2_PLACEMENT_3D('',#6269,#6270,#6271);
#6269 = CARTESIAN_POINT('',(-4.8,-1.74,1.43));
#6270 = DIRECTION('',(1.,0.,0.));
#6271 = DIRECTION('',(0.,0.,1.));
#6272 = ADVANCED_FACE('',(#6273),#6279,.T.);
#6273 = FACE_BOUND('',#6274,.T.);
#6274 = EDGE_LOOP('',(#6275,#6276,#6277,#6278));
#6275 = ORIENTED_EDGE('',*,*,#6254,.F.);
#6276 = ORIENTED_EDGE('',*,*,#297,.T.);
#6277 = ORIENTED_EDGE('',*,*,#5482,.T.);
#6278 = ORIENTED_EDGE('',*,*,#5535,.T.);
#6279 = CYLINDRICAL_SURFACE('',#6280,0.8);
#6280 = AXIS2_PLACEMENT_3D('',#6281,#6282,#6283);
#6281 = CARTESIAN_POINT('',(-5.,-1.74,1.03));
#6282 = DIRECTION('',(0.,-1.,0.));
#6283 = DIRECTION('',(1.,0.,0.));
#6284 = ADVANCED_FACE('',(#6285),#6296,.F.);
#6285 = FACE_BOUND('',#6286,.F.);
#6286 = EDGE_LOOP('',(#6287,#6288,#6294,#6295));
#6287 = ORIENTED_EDGE('',*,*,#280,.T.);
#6288 = ORIENTED_EDGE('',*,*,#6289,.T.);
#6289 = EDGE_CURVE('',#273,#5712,#6290,.T.);
#6290 = LINE('',#6291,#6292);
#6291 = CARTESIAN_POINT('',(-4.6,-1.74,1.23));
#6292 = VECTOR('',#6293,1.);
#6293 = DIRECTION('',(0.,-1.,0.));
#6294 = ORIENTED_EDGE('',*,*,#5711,.T.);
#6295 = ORIENTED_EDGE('',*,*,#6261,.F.);
#6296 = CYLINDRICAL_SURFACE('',#6297,0.2);
#6297 = AXIS2_PLACEMENT_3D('',#6298,#6299,#6300);
#6298 = CARTESIAN_POINT('',(-4.6,-1.74,1.43));
#6299 = DIRECTION('',(0.,-1.,0.));
#6300 = DIRECTION('',(1.,0.,0.));
#6301 = ADVANCED_FACE('',(#6302),#6323,.T.);
#6302 = FACE_BOUND('',#6303,.T.);
#6303 = EDGE_LOOP('',(#6304,#6312,#6313,#6314,#6315));
#6304 = ORIENTED_EDGE('',*,*,#6305,.F.);
#6305 = EDGE_CURVE('',#264,#6306,#6308,.T.);
#6306 = VERTEX_POINT('',#6307);
#6307 = CARTESIAN_POINT('',(-4.225403442294,-2.939999841553,
    1.230002705839));
#6308 = LINE('',#6309,#6310);
#6309 = CARTESIAN_POINT('',(-4.225403330759,-1.74,1.23));
#6310 = VECTOR('',#6311,1.);
#6311 = DIRECTION('',(-9.294602093968E-08,-0.999999999997,
    2.254865812032E-06));
#6312 = ORIENTED_EDGE('',*,*,#272,.T.);
#6313 = ORIENTED_EDGE('',*,*,#6289,.T.);
#6314 = ORIENTED_EDGE('',*,*,#5720,.F.);
#6315 = ORIENTED_EDGE('',*,*,#6316,.T.);
#6316 = EDGE_CURVE('',#5721,#6306,#6317,.T.);
#6317 = B_SPLINE_CURVE_WITH_KNOTS('',3,(#6318,#6319,#6320,#6321,#6322),
  .UNSPECIFIED.,.F.,.F.,(4,1,4),(0.,0.5,1.),.QUASI_UNIFORM_KNOTS.);
#6318 = CARTESIAN_POINT('',(-4.381532373861,-3.340000586781,
    1.230003308571));
#6319 = CARTESIAN_POINT('',(-4.357353195522,-3.27864810189,
    1.230003308571));
#6320 = CARTESIAN_POINT('',(-4.307160915636,-3.150625727811,
    1.229996992795));
#6321 = CARTESIAN_POINT('',(-4.253278611554,-3.011976505409,
    1.230002705839));
#6322 = CARTESIAN_POINT('',(-4.225403442294,-2.939999841553,
    1.230002705839));
#6323 = PLANE('',#6324);
#6324 = AXIS2_PLACEMENT_3D('',#6325,#6326,#6327);
#6325 = CARTESIAN_POINT('',(-4.225403330759,-1.74,1.23));
#6326 = DIRECTION('',(0.,0.,1.));
#6327 = DIRECTION('',(-1.,0.,0.));
#6328 = ADVANCED_FACE('',(#6329),#6350,.T.);
#6329 = FACE_BOUND('',#6330,.T.);
#6330 = EDGE_LOOP('',(#6331,#6341,#6348,#6349));
#6331 = ORIENTED_EDGE('',*,*,#6332,.F.);
#6332 = EDGE_CURVE('',#6333,#5729,#6335,.T.);
#6333 = VERTEX_POINT('',#6334);
#6334 = CARTESIAN_POINT('',(-4.2254034792,-2.939999942508,0.830000038329
    ));
#6335 = B_SPLINE_CURVE_WITH_KNOTS('',3,(#6336,#6337,#6338,#6339,#6340),
  .UNSPECIFIED.,.F.,.F.,(4,1,4),(0.,0.5,1.),.QUASI_UNIFORM_KNOTS.);
#6336 = CARTESIAN_POINT('',(-4.2254034792,-2.939999942508,0.830000038329
    ));
#6337 = CARTESIAN_POINT('',(-4.253298864776,-3.012028806982,
    0.830000038329));
#6338 = CARTESIAN_POINT('',(-4.307201559894,-3.150729932403,
    0.83000026303));
#6339 = CARTESIAN_POINT('',(-4.357373757335,-3.278700282917,
    0.829999435613));
#6340 = CARTESIAN_POINT('',(-4.381532410923,-3.340000687802,
    0.829999435613));
#6341 = ORIENTED_EDGE('',*,*,#6342,.F.);
#6342 = EDGE_CURVE('',#6306,#6333,#6343,.T.);
#6343 = CIRCLE('',#6344,0.799999327477);
#6344 = AXIS2_PLACEMENT_3D('',#6345,#6346,#6347);
#6345 = CARTESIAN_POINT('',(-4.999999325087,-2.940001387602,
    1.030004103517));
#6346 = DIRECTION('',(0.,1.,0.));
#6347 = DIRECTION('',(0.968247025445,-0.,0.249995395391));
#6348 = ORIENTED_EDGE('',*,*,#6316,.F.);
#6349 = ORIENTED_EDGE('',*,*,#5728,.F.);
#6350 = CONICAL_SURFACE('',#6351,0.725003074591,0.358755220162);
#6351 = AXIS2_PLACEMENT_3D('',#6352,#6353,#6354);
#6352 = CARTESIAN_POINT('',(-4.999999325087,-3.140000794031,
    1.030004103517));
#6353 = DIRECTION('',(0.,1.,0.));
#6354 = DIRECTION('',(0.,0.,-1.));
#6355 = ADVANCED_FACE('',(#6356),#6367,.T.);
#6356 = FACE_BOUND('',#6357,.T.);
#6357 = EDGE_LOOP('',(#6358,#6364,#6365,#6366));
#6358 = ORIENTED_EDGE('',*,*,#6359,.F.);
#6359 = EDGE_CURVE('',#256,#6333,#6360,.T.);
#6360 = LINE('',#6361,#6362);
#6361 = CARTESIAN_POINT('',(-4.225403330759,-1.74,0.83));
#6362 = VECTOR('',#6363,1.);
#6363 = DIRECTION('',(-1.237010960384E-07,-1.,3.194046809819E-08));
#6364 = ORIENTED_EDGE('',*,*,#263,.T.);
#6365 = ORIENTED_EDGE('',*,*,#6305,.T.);
#6366 = ORIENTED_EDGE('',*,*,#6342,.T.);
#6367 = CYLINDRICAL_SURFACE('',#6368,0.8);
#6368 = AXIS2_PLACEMENT_3D('',#6369,#6370,#6371);
#6369 = CARTESIAN_POINT('',(-5.,-1.74,1.03));
#6370 = DIRECTION('',(0.,-1.,0.));
#6371 = DIRECTION('',(1.,0.,0.));
#6372 = ADVANCED_FACE('',(#6373),#6385,.T.);
#6373 = FACE_BOUND('',#6374,.F.);
#6374 = EDGE_LOOP('',(#6375,#6376,#6377,#6378,#6384));
#6375 = ORIENTED_EDGE('',*,*,#6332,.F.);
#6376 = ORIENTED_EDGE('',*,*,#6359,.F.);
#6377 = ORIENTED_EDGE('',*,*,#255,.F.);
#6378 = ORIENTED_EDGE('',*,*,#6379,.T.);
#6379 = EDGE_CURVE('',#247,#5738,#6380,.T.);
#6380 = LINE('',#6381,#6382);
#6381 = CARTESIAN_POINT('',(-4.6,-1.74,0.83));
#6382 = VECTOR('',#6383,1.);
#6383 = DIRECTION('',(0.,-1.,0.));
#6384 = ORIENTED_EDGE('',*,*,#5737,.T.);
#6385 = PLANE('',#6386);
#6386 = AXIS2_PLACEMENT_3D('',#6387,#6388,#6389);
#6387 = CARTESIAN_POINT('',(-4.6,-1.74,0.83));
#6388 = DIRECTION('',(0.,0.,-1.));
#6389 = DIRECTION('',(1.,0.,0.));
#6390 = ADVANCED_FACE('',(#6391),#6402,.F.);
#6391 = FACE_BOUND('',#6392,.F.);
#6392 = EDGE_LOOP('',(#6393,#6394,#6400,#6401));
#6393 = ORIENTED_EDGE('',*,*,#246,.T.);
#6394 = ORIENTED_EDGE('',*,*,#6395,.T.);
#6395 = EDGE_CURVE('',#239,#5746,#6396,.T.);
#6396 = LINE('',#6397,#6398);
#6397 = CARTESIAN_POINT('',(-4.8,-1.74,0.63));
#6398 = VECTOR('',#6399,1.);
#6399 = DIRECTION('',(0.,-1.,0.));
#6400 = ORIENTED_EDGE('',*,*,#5745,.T.);
#6401 = ORIENTED_EDGE('',*,*,#6379,.F.);
#6402 = CYLINDRICAL_SURFACE('',#6403,0.2);
#6403 = AXIS2_PLACEMENT_3D('',#6404,#6405,#6406);
#6404 = CARTESIAN_POINT('',(-4.6,-1.74,0.63));
#6405 = DIRECTION('',(0.,-1.,0.));
#6406 = DIRECTION('',(1.,0.,0.));
#6407 = ADVANCED_FACE('',(#6408),#6429,.T.);
#6408 = FACE_BOUND('',#6409,.T.);
#6409 = EDGE_LOOP('',(#6410,#6418,#6419,#6420,#6421));
#6410 = ORIENTED_EDGE('',*,*,#6411,.F.);
#6411 = EDGE_CURVE('',#230,#6412,#6414,.T.);
#6412 = VERTEX_POINT('',#6413);
#6413 = CARTESIAN_POINT('',(-4.799997294161,-2.939999841553,
    0.255403442294));
#6414 = LINE('',#6415,#6416);
#6415 = CARTESIAN_POINT('',(-4.8,-1.74,0.255403330759));
#6416 = VECTOR('',#6417,1.);
#6417 = DIRECTION('',(2.254865813511E-06,-0.999999999997,
    9.294609694369E-08));
#6418 = ORIENTED_EDGE('',*,*,#238,.T.);
#6419 = ORIENTED_EDGE('',*,*,#6395,.T.);
#6420 = ORIENTED_EDGE('',*,*,#5754,.F.);
#6421 = ORIENTED_EDGE('',*,*,#6422,.T.);
#6422 = EDGE_CURVE('',#5755,#6412,#6423,.T.);
#6423 = B_SPLINE_CURVE_WITH_KNOTS('',3,(#6424,#6425,#6426,#6427,#6428),
  .UNSPECIFIED.,.F.,.F.,(4,1,4),(0.,0.5,1.),.QUASI_UNIFORM_KNOTS.);
#6424 = CARTESIAN_POINT('',(-4.799996691429,-3.340000586781,
    0.411532373861));
#6425 = CARTESIAN_POINT('',(-4.799996691429,-3.278748761561,
    0.387392865768));
#6426 = CARTESIAN_POINT('',(-4.800003007205,-3.15082732734,
    0.337239547325));
#6427 = CARTESIAN_POINT('',(-4.799997294161,-3.012077398287,
    0.283317685413));
#6428 = CARTESIAN_POINT('',(-4.799997294161,-2.939999841553,
    0.255403442294));
#6429 = PLANE('',#6430);
#6430 = AXIS2_PLACEMENT_3D('',#6431,#6432,#6433);
#6431 = CARTESIAN_POINT('',(-4.8,-1.74,0.255403330759));
#6432 = DIRECTION('',(1.,0.,0.));
#6433 = DIRECTION('',(0.,0.,1.));
#6434 = ADVANCED_FACE('',(#6435),#6456,.T.);
#6435 = FACE_BOUND('',#6436,.T.);
#6436 = EDGE_LOOP('',(#6437,#6447,#6454,#6455));
#6437 = ORIENTED_EDGE('',*,*,#6438,.F.);
#6438 = EDGE_CURVE('',#6439,#5763,#6441,.T.);
#6439 = VERTEX_POINT('',#6440);
#6440 = CARTESIAN_POINT('',(-5.199999961671,-2.939999942508,0.2554034792
    ));
#6441 = B_SPLINE_CURVE_WITH_KNOTS('',3,(#6442,#6443,#6444,#6445,#6446),
  .UNSPECIFIED.,.F.,.F.,(4,1,4),(0.,0.5,1.),.QUASI_UNIFORM_KNOTS.);
#6442 = CARTESIAN_POINT('',(-5.199999961671,-2.939999942508,0.2554034792
    ));
#6443 = CARTESIAN_POINT('',(-5.199999961671,-3.012048881796,
    0.283306639363));
#6444 = CARTESIAN_POINT('',(-5.199999736971,-3.150770044971,
    0.33721720538));
#6445 = CARTESIAN_POINT('',(-5.200000564388,-3.278720311329,
    0.387381650586));
#6446 = CARTESIAN_POINT('',(-5.200000564388,-3.340000687802,
    0.411532410923));
#6447 = ORIENTED_EDGE('',*,*,#6448,.F.);
#6448 = EDGE_CURVE('',#6412,#6439,#6449,.T.);
#6449 = CIRCLE('',#6450,0.799999327477);
#6450 = AXIS2_PLACEMENT_3D('',#6451,#6452,#6453);
#6451 = CARTESIAN_POINT('',(-4.999995896482,-2.940001387602,
    1.029999325087));
#6452 = DIRECTION('',(0.,1.,0.));
#6453 = DIRECTION('',(0.249995395391,0.,-0.968247025445));
#6454 = ORIENTED_EDGE('',*,*,#6422,.F.);
#6455 = ORIENTED_EDGE('',*,*,#5762,.F.);
#6456 = CONICAL_SURFACE('',#6457,0.725003074591,0.358755220162);
#6457 = AXIS2_PLACEMENT_3D('',#6458,#6459,#6460);
#6458 = CARTESIAN_POINT('',(-4.999995896482,-3.140000794032,
    1.029999325087));
#6459 = DIRECTION('',(0.,1.,0.));
#6460 = DIRECTION('',(0.,0.,-1.));
#6461 = ADVANCED_FACE('',(#6462),#6473,.T.);
#6462 = FACE_BOUND('',#6463,.T.);
#6463 = EDGE_LOOP('',(#6464,#6470,#6471,#6472));
#6464 = ORIENTED_EDGE('',*,*,#6465,.F.);
#6465 = EDGE_CURVE('',#222,#6439,#6466,.T.);
#6466 = LINE('',#6467,#6468);
#6467 = CARTESIAN_POINT('',(-5.2,-1.74,0.255403330759));
#6468 = VECTOR('',#6469,1.);
#6469 = DIRECTION('',(3.194046735804E-08,-1.,1.237011271709E-07));
#6470 = ORIENTED_EDGE('',*,*,#229,.T.);
#6471 = ORIENTED_EDGE('',*,*,#6411,.T.);
#6472 = ORIENTED_EDGE('',*,*,#6448,.T.);
#6473 = CYLINDRICAL_SURFACE('',#6474,0.8);
#6474 = AXIS2_PLACEMENT_3D('',#6475,#6476,#6477);
#6475 = CARTESIAN_POINT('',(-5.,-1.74,1.03));
#6476 = DIRECTION('',(0.,-1.,0.));
#6477 = DIRECTION('',(1.,0.,0.));
#6478 = ADVANCED_FACE('',(#6479),#6491,.T.);
#6479 = FACE_BOUND('',#6480,.F.);
#6480 = EDGE_LOOP('',(#6481,#6482,#6483,#6484,#6490));
#6481 = ORIENTED_EDGE('',*,*,#6438,.F.);
#6482 = ORIENTED_EDGE('',*,*,#6465,.F.);
#6483 = ORIENTED_EDGE('',*,*,#221,.F.);
#6484 = ORIENTED_EDGE('',*,*,#6485,.T.);
#6485 = EDGE_CURVE('',#213,#5772,#6486,.T.);
#6486 = LINE('',#6487,#6488);
#6487 = CARTESIAN_POINT('',(-5.2,-1.74,0.63));
#6488 = VECTOR('',#6489,1.);
#6489 = DIRECTION('',(0.,-1.,0.));
#6490 = ORIENTED_EDGE('',*,*,#5771,.T.);
#6491 = PLANE('',#6492);
#6492 = AXIS2_PLACEMENT_3D('',#6493,#6494,#6495);
#6493 = CARTESIAN_POINT('',(-5.2,-1.74,0.63));
#6494 = DIRECTION('',(-1.,0.,0.));
#6495 = DIRECTION('',(0.,0.,-1.));
#6496 = ADVANCED_FACE('',(#6497),#6508,.F.);
#6497 = FACE_BOUND('',#6498,.F.);
#6498 = EDGE_LOOP('',(#6499,#6500,#6506,#6507));
#6499 = ORIENTED_EDGE('',*,*,#212,.T.);
#6500 = ORIENTED_EDGE('',*,*,#6501,.T.);
#6501 = EDGE_CURVE('',#205,#5780,#6502,.T.);
#6502 = LINE('',#6503,#6504);
#6503 = CARTESIAN_POINT('',(-5.4,-1.74,0.83));
#6504 = VECTOR('',#6505,1.);
#6505 = DIRECTION('',(0.,-1.,0.));
#6506 = ORIENTED_EDGE('',*,*,#5779,.T.);
#6507 = ORIENTED_EDGE('',*,*,#6485,.F.);
#6508 = CYLINDRICAL_SURFACE('',#6509,0.2);
#6509 = AXIS2_PLACEMENT_3D('',#6510,#6511,#6512);
#6510 = CARTESIAN_POINT('',(-5.4,-1.74,0.63));
#6511 = DIRECTION('',(0.,-1.,0.));
#6512 = DIRECTION('',(1.,0.,0.));
#6513 = ADVANCED_FACE('',(#6514),#6535,.T.);
#6514 = FACE_BOUND('',#6515,.T.);
#6515 = EDGE_LOOP('',(#6516,#6524,#6525,#6526,#6527));
#6516 = ORIENTED_EDGE('',*,*,#6517,.F.);
#6517 = EDGE_CURVE('',#196,#6518,#6520,.T.);
#6518 = VERTEX_POINT('',#6519);
#6519 = CARTESIAN_POINT('',(-5.774596557706,-2.939999841553,
    0.829997294161));
#6520 = LINE('',#6521,#6522);
#6521 = CARTESIAN_POINT('',(-5.774596669241,-1.74,0.83));
#6522 = VECTOR('',#6523,1.);
#6523 = DIRECTION('',(9.294603056161E-08,-0.999999999997,
    -2.254865811846E-06));
#6524 = ORIENTED_EDGE('',*,*,#204,.T.);
#6525 = ORIENTED_EDGE('',*,*,#6501,.T.);
#6526 = ORIENTED_EDGE('',*,*,#5788,.F.);
#6527 = ORIENTED_EDGE('',*,*,#6528,.T.);
#6528 = EDGE_CURVE('',#5789,#6518,#6529,.T.);
#6529 = B_SPLINE_CURVE_WITH_KNOTS('',3,(#6530,#6531,#6532,#6533,#6534),
  .UNSPECIFIED.,.F.,.F.,(4,1,4),(0.,0.5,1.),.QUASI_UNIFORM_KNOTS.);
#6530 = CARTESIAN_POINT('',(-5.618467626139,-3.340000586781,
    0.829996691429));
#6531 = CARTESIAN_POINT('',(-5.642608667671,-3.278744870599,
    0.829996691429));
#6532 = CARTESIAN_POINT('',(-5.692763492166,-3.15081953459,
    0.830003007205));
#6533 = CARTESIAN_POINT('',(-5.746683824972,-3.012073498311,
    0.829997294161));
#6534 = CARTESIAN_POINT('',(-5.774596557706,-2.939999841553,
    0.829997294161));
#6535 = PLANE('',#6536);
#6536 = AXIS2_PLACEMENT_3D('',#6537,#6538,#6539);
#6537 = CARTESIAN_POINT('',(-5.774596669241,-1.74,0.83));
#6538 = DIRECTION('',(0.,0.,-1.));
#6539 = DIRECTION('',(1.,0.,0.));
#6540 = ADVANCED_FACE('',(#6541),#6562,.T.);
#6541 = FACE_BOUND('',#6542,.T.);
#6542 = EDGE_LOOP('',(#6543,#6553,#6560,#6561));
#6543 = ORIENTED_EDGE('',*,*,#6544,.F.);
#6544 = EDGE_CURVE('',#6545,#5797,#6547,.T.);
#6545 = VERTEX_POINT('',#6546);
#6546 = CARTESIAN_POINT('',(-5.7745965208,-2.939999942508,1.229999961671
    ));
#6547 = B_SPLINE_CURVE_WITH_KNOTS('',3,(#6548,#6549,#6550,#6551,#6552),
  .UNSPECIFIED.,.F.,.F.,(4,1,4),(0.,0.5,1.),.QUASI_UNIFORM_KNOTS.);
#6548 = CARTESIAN_POINT('',(-5.7745965208,-2.939999942508,1.229999961671
    ));
#6549 = CARTESIAN_POINT('',(-5.746687615594,-3.01206371611,
    1.229999961671));
#6550 = CARTESIAN_POINT('',(-5.692771233347,-3.150799686207,
    1.229999736971));
#6551 = CARTESIAN_POINT('',(-5.642612516685,-3.278735111355,
    1.230000564388));
#6552 = CARTESIAN_POINT('',(-5.618467589077,-3.340000687802,
    1.230000564388));
#6553 = ORIENTED_EDGE('',*,*,#6554,.F.);
#6554 = EDGE_CURVE('',#6518,#6545,#6555,.T.);
#6555 = CIRCLE('',#6556,0.799999327477);
#6556 = AXIS2_PLACEMENT_3D('',#6557,#6558,#6559);
#6557 = CARTESIAN_POINT('',(-5.000000674913,-2.940001387602,
    1.029995896483));
#6558 = DIRECTION('',(0.,1.,0.));
#6559 = DIRECTION('',(-0.968247025445,0.,-0.249995395391));
#6560 = ORIENTED_EDGE('',*,*,#6528,.F.);
#6561 = ORIENTED_EDGE('',*,*,#5796,.F.);
#6562 = CONICAL_SURFACE('',#6563,0.725003074591,0.358755220162);
#6563 = AXIS2_PLACEMENT_3D('',#6564,#6565,#6566);
#6564 = CARTESIAN_POINT('',(-5.000000674913,-3.140000794031,
    1.029995896483));
#6565 = DIRECTION('',(0.,1.,0.));
#6566 = DIRECTION('',(0.,0.,-1.));
#6567 = ADVANCED_FACE('',(#6568),#6579,.T.);
#6568 = FACE_BOUND('',#6569,.T.);
#6569 = EDGE_LOOP('',(#6570,#6576,#6577,#6578));
#6570 = ORIENTED_EDGE('',*,*,#6571,.F.);
#6571 = EDGE_CURVE('',#188,#6545,#6572,.T.);
#6572 = LINE('',#6573,#6574);
#6573 = CARTESIAN_POINT('',(-5.774596669241,-1.74,1.23));
#6574 = VECTOR('',#6575,1.);
#6575 = DIRECTION('',(1.237010960384E-07,-1.,-3.194046809819E-08));
#6576 = ORIENTED_EDGE('',*,*,#195,.T.);
#6577 = ORIENTED_EDGE('',*,*,#6517,.T.);
#6578 = ORIENTED_EDGE('',*,*,#6554,.T.);
#6579 = CYLINDRICAL_SURFACE('',#6580,0.8);
#6580 = AXIS2_PLACEMENT_3D('',#6581,#6582,#6583);
#6581 = CARTESIAN_POINT('',(-5.,-1.74,1.03));
#6582 = DIRECTION('',(0.,-1.,0.));
#6583 = DIRECTION('',(1.,0.,0.));
#6584 = ADVANCED_FACE('',(#6585),#6597,.T.);
#6585 = FACE_BOUND('',#6586,.F.);
#6586 = EDGE_LOOP('',(#6587,#6588,#6589,#6590,#6596));
#6587 = ORIENTED_EDGE('',*,*,#6544,.F.);
#6588 = ORIENTED_EDGE('',*,*,#6571,.F.);
#6589 = ORIENTED_EDGE('',*,*,#187,.F.);
#6590 = ORIENTED_EDGE('',*,*,#6591,.T.);
#6591 = EDGE_CURVE('',#179,#5806,#6592,.T.);
#6592 = LINE('',#6593,#6594);
#6593 = CARTESIAN_POINT('',(-5.4,-1.74,1.23));
#6594 = VECTOR('',#6595,1.);
#6595 = DIRECTION('',(0.,-1.,0.));
#6596 = ORIENTED_EDGE('',*,*,#5805,.T.);
#6597 = PLANE('',#6598);
#6598 = AXIS2_PLACEMENT_3D('',#6599,#6600,#6601);
#6599 = CARTESIAN_POINT('',(-5.4,-1.74,1.23));
#6600 = DIRECTION('',(0.,0.,1.));
#6601 = DIRECTION('',(-1.,0.,0.));
#6602 = ADVANCED_FACE('',(#6603),#6609,.F.);
#6603 = FACE_BOUND('',#6604,.F.);
#6604 = EDGE_LOOP('',(#6605,#6606,#6607,#6608));
#6605 = ORIENTED_EDGE('',*,*,#178,.T.);
#6606 = ORIENTED_EDGE('',*,*,#5491,.T.);
#6607 = ORIENTED_EDGE('',*,*,#5813,.T.);
#6608 = ORIENTED_EDGE('',*,*,#6591,.F.);
#6609 = CYLINDRICAL_SURFACE('',#6610,0.2);
#6610 = AXIS2_PLACEMENT_3D('',#6611,#6612,#6613);
#6611 = CARTESIAN_POINT('',(-5.4,-1.74,1.43));
#6612 = DIRECTION('',(0.,-1.,0.));
#6613 = DIRECTION('',(1.,0.,0.));
#6614 = ( GEOMETRIC_REPRESENTATION_CONTEXT(3) 
GLOBAL_UNCERTAINTY_ASSIGNED_CONTEXT((#6618)) 
GLOBAL_UNIT_ASSIGNED_CONTEXT((#6615,#6616,#6617)) REPRESENTATION_CONTEXT
('Context #1','3D Context with UNIT and UNCERTAINTY') );
#6615 = ( LENGTH_UNIT() NAMED_UNIT(*) SI_UNIT(.MILLI.,.METRE.) );
#6616 = ( NAMED_UNIT(*) PLANE_ANGLE_UNIT() SI_UNIT($,.RADIAN.) );
#6617 = ( NAMED_UNIT(*) SI_UNIT($,.STERADIAN.) SOLID_ANGLE_UNIT() );
#6618 = UNCERTAINTY_MEASURE_WITH_UNIT(LENGTH_MEASURE(5.E-07),#6615,
  'distance_accuracy_value','confusion accuracy');
#6619 = CONTEXT_DEPENDENT_SHAPE_REPRESENTATION(#6620,#6622);
#6620 = ( REPRESENTATION_RELATIONSHIP('','',#63,#36) 
REPRESENTATION_RELATIONSHIP_WITH_TRANSFORMATION(#6621) 
SHAPE_REPRESENTATION_RELATIONSHIP() );
#6621 = ITEM_DEFINED_TRANSFORMATION('','',#11,#37);
#6622 = PRODUCT_DEFINITION_SHAPE('Placement','Placement of an item',
  #6623);
#6623 = NEXT_ASSEMBLY_USAGE_OCCURRENCE('1','=>[0:1:1:2]','',#31,#58,$);
#6624 = PRODUCT_RELATED_PRODUCT_CATEGORY('part',$,(#60));
#6625 = SHAPE_DEFINITION_REPRESENTATION(#6626,#6632);
#6626 = PRODUCT_DEFINITION_SHAPE('','',#6627);
#6627 = PRODUCT_DEFINITION('design','',#6628,#6631);
#6628 = PRODUCT_DEFINITION_FORMATION('','',#6629);
#6629 = PRODUCT('COMPOUND','COMPOUND','',(#6630));
#6630 = PRODUCT_CONTEXT('',#2,'mechanical');
#6631 = PRODUCT_DEFINITION_CONTEXT('part definition',#2,'design');
#6632 = SHAPE_REPRESENTATION('',(#11,#6633,#6650,#6667,#6684,#6701,#6718
    ,#6735),#6752);
#6633 = GEOMETRIC_CURVE_SET('',(#6634,#6642));
#6634 = TRIMMED_CURVE('',#6635,(#6640,PARAMETER_VALUE(0.)),(#6641,
    PARAMETER_VALUE(3.141592653589)),.T.,.PARAMETER.);
#6635 = CIRCLE('',#6636,0.6);
#6636 = AXIS2_PLACEMENT_3D('',#6637,#6638,#6639);
#6637 = CARTESIAN_POINT('',(5.,-2.04,-6.15));
#6638 = DIRECTION('',(0.,-1.,0.));
#6639 = DIRECTION('',(1.,0.,0.));
#6640 = CARTESIAN_POINT('',(5.6,-2.04,-6.15));
#6641 = CARTESIAN_POINT('',(4.4,-2.04,-6.15));
#6642 = TRIMMED_CURVE('',#6643,(#6648,PARAMETER_VALUE(0.)),(#6649,
    PARAMETER_VALUE(3.141592653589)),.T.,.PARAMETER.);
#6643 = CIRCLE('',#6644,0.6);
#6644 = AXIS2_PLACEMENT_3D('',#6645,#6646,#6647);
#6645 = CARTESIAN_POINT('',(5.,-2.04,-6.15));
#6646 = DIRECTION('',(0.,-1.,0.));
#6647 = DIRECTION('',(-1.,0.,0.));
#6648 = CARTESIAN_POINT('',(4.4,-2.04,-6.15));
#6649 = CARTESIAN_POINT('',(5.6,-2.04,-6.15));
#6650 = GEOMETRIC_CURVE_SET('',(#6651,#6659));
#6651 = TRIMMED_CURVE('',#6652,(#6657,PARAMETER_VALUE(0.)),(#6658,
    PARAMETER_VALUE(3.141592653589)),.T.,.PARAMETER.);
#6652 = CIRCLE('',#6653,0.6);
#6653 = AXIS2_PLACEMENT_3D('',#6654,#6655,#6656);
#6654 = CARTESIAN_POINT('',(2.5,-2.04,-6.15));
#6655 = DIRECTION('',(0.,-1.,0.));
#6656 = DIRECTION('',(1.,0.,0.));
#6657 = CARTESIAN_POINT('',(3.1,-2.04,-6.15));
#6658 = CARTESIAN_POINT('',(1.9,-2.04,-6.15));
#6659 = TRIMMED_CURVE('',#6660,(#6665,PARAMETER_VALUE(0.)),(#6666,
    PARAMETER_VALUE(3.141592653589)),.T.,.PARAMETER.);
#6660 = CIRCLE('',#6661,0.6);
#6661 = AXIS2_PLACEMENT_3D('',#6662,#6663,#6664);
#6662 = CARTESIAN_POINT('',(2.5,-2.04,-6.15));
#6663 = DIRECTION('',(0.,-1.,0.));
#6664 = DIRECTION('',(-1.,0.,0.));
#6665 = CARTESIAN_POINT('',(1.9,-2.04,-6.15));
#6666 = CARTESIAN_POINT('',(3.1,-2.04,-6.15));
#6667 = GEOMETRIC_CURVE_SET('',(#6668,#6676));
#6668 = TRIMMED_CURVE('',#6669,(#6674,PARAMETER_VALUE(0.)),(#6675,
    PARAMETER_VALUE(3.141592653589)),.T.,.PARAMETER.);
#6669 = CIRCLE('',#6670,0.6);
#6670 = AXIS2_PLACEMENT_3D('',#6671,#6672,#6673);
#6671 = CARTESIAN_POINT('',(0.,-2.04,-6.15));
#6672 = DIRECTION('',(0.,-1.,0.));
#6673 = DIRECTION('',(1.,0.,0.));
#6674 = CARTESIAN_POINT('',(0.6,-2.04,-6.15));
#6675 = CARTESIAN_POINT('',(-0.6,-2.04,-6.15));
#6676 = TRIMMED_CURVE('',#6677,(#6682,PARAMETER_VALUE(0.)),(#6683,
    PARAMETER_VALUE(3.141592653589)),.T.,.PARAMETER.);
#6677 = CIRCLE('',#6678,0.6);
#6678 = AXIS2_PLACEMENT_3D('',#6679,#6680,#6681);
#6679 = CARTESIAN_POINT('',(0.,-2.04,-6.15));
#6680 = DIRECTION('',(0.,-1.,0.));
#6681 = DIRECTION('',(-1.,0.,0.));
#6682 = CARTESIAN_POINT('',(-0.6,-2.04,-6.15));
#6683 = CARTESIAN_POINT('',(0.6,-2.04,-6.15));
#6684 = GEOMETRIC_CURVE_SET('',(#6685,#6693));
#6685 = TRIMMED_CURVE('',#6686,(#6691,PARAMETER_VALUE(0.)),(#6692,
    PARAMETER_VALUE(3.141592653589)),.T.,.PARAMETER.);
#6686 = CIRCLE('',#6687,0.6);
#6687 = AXIS2_PLACEMENT_3D('',#6688,#6689,#6690);
#6688 = CARTESIAN_POINT('',(-2.5,-2.04,-6.15));
#6689 = DIRECTION('',(0.,-1.,0.));
#6690 = DIRECTION('',(1.,0.,0.));
#6691 = CARTESIAN_POINT('',(-1.9,-2.04,-6.15));
#6692 = CARTESIAN_POINT('',(-3.1,-2.04,-6.15));
#6693 = TRIMMED_CURVE('',#6694,(#6699,PARAMETER_VALUE(0.)),(#6700,
    PARAMETER_VALUE(3.141592653589)),.T.,.PARAMETER.);
#6694 = CIRCLE('',#6695,0.6);
#6695 = AXIS2_PLACEMENT_3D('',#6696,#6697,#6698);
#6696 = CARTESIAN_POINT('',(-2.5,-2.04,-6.15));
#6697 = DIRECTION('',(0.,-1.,0.));
#6698 = DIRECTION('',(-1.,0.,0.));
#6699 = CARTESIAN_POINT('',(-3.1,-2.04,-6.15));
#6700 = CARTESIAN_POINT('',(-1.9,-2.04,-6.15));
#6701 = GEOMETRIC_CURVE_SET('',(#6702,#6710));
#6702 = TRIMMED_CURVE('',#6703,(#6708,PARAMETER_VALUE(0.)),(#6709,
    PARAMETER_VALUE(3.141592653589)),.T.,.PARAMETER.);
#6703 = CIRCLE('',#6704,0.6);
#6704 = AXIS2_PLACEMENT_3D('',#6705,#6706,#6707);
#6705 = CARTESIAN_POINT('',(-5.,-2.04,-6.15));
#6706 = DIRECTION('',(0.,-1.,0.));
#6707 = DIRECTION('',(1.,0.,0.));
#6708 = CARTESIAN_POINT('',(-4.4,-2.04,-6.15));
#6709 = CARTESIAN_POINT('',(-5.6,-2.04,-6.15));
#6710 = TRIMMED_CURVE('',#6711,(#6716,PARAMETER_VALUE(0.)),(#6717,
    PARAMETER_VALUE(3.141592653589)),.T.,.PARAMETER.);
#6711 = CIRCLE('',#6712,0.6);
#6712 = AXIS2_PLACEMENT_3D('',#6713,#6714,#6715);
#6713 = CARTESIAN_POINT('',(-5.,-2.04,-6.15));
#6714 = DIRECTION('',(0.,-1.,0.));
#6715 = DIRECTION('',(-1.,0.,0.));
#6716 = CARTESIAN_POINT('',(-5.6,-2.04,-6.15));
#6717 = CARTESIAN_POINT('',(-4.4,-2.04,-6.15));
#6718 = GEOMETRIC_CURVE_SET('',(#6719,#6727));
#6719 = TRIMMED_CURVE('',#6720,(#6725,PARAMETER_VALUE(0.)),(#6726,
    PARAMETER_VALUE(3.141592653589)),.T.,.PARAMETER.);
#6720 = CIRCLE('',#6721,0.85);
#6721 = AXIS2_PLACEMENT_3D('',#6722,#6723,#6724);
#6722 = CARTESIAN_POINT('',(-5.,-2.04,1.03));
#6723 = DIRECTION('',(0.,-1.,0.));
#6724 = DIRECTION('',(1.,0.,0.));
#6725 = CARTESIAN_POINT('',(-4.15,-2.04,1.03));
#6726 = CARTESIAN_POINT('',(-5.85,-2.04,1.03));
#6727 = TRIMMED_CURVE('',#6728,(#6733,PARAMETER_VALUE(0.)),(#6734,
    PARAMETER_VALUE(3.141592653589)),.T.,.PARAMETER.);
#6728 = CIRCLE('',#6729,0.85);
#6729 = AXIS2_PLACEMENT_3D('',#6730,#6731,#6732);
#6730 = CARTESIAN_POINT('',(-5.,-2.04,1.03));
#6731 = DIRECTION('',(0.,-1.,0.));
#6732 = DIRECTION('',(-1.,0.,0.));
#6733 = CARTESIAN_POINT('',(-5.85,-2.04,1.03));
#6734 = CARTESIAN_POINT('',(-4.15,-2.04,1.03));
#6735 = GEOMETRIC_CURVE_SET('',(#6736,#6744));
#6736 = TRIMMED_CURVE('',#6737,(#6742,PARAMETER_VALUE(0.)),(#6743,
    PARAMETER_VALUE(3.141592653589)),.T.,.PARAMETER.);
#6737 = CIRCLE('',#6738,0.85);
#6738 = AXIS2_PLACEMENT_3D('',#6739,#6740,#6741);
#6739 = CARTESIAN_POINT('',(5.,-2.04,1.03));
#6740 = DIRECTION('',(0.,-1.,0.));
#6741 = DIRECTION('',(1.,0.,0.));
#6742 = CARTESIAN_POINT('',(5.85,-2.04,1.03));
#6743 = CARTESIAN_POINT('',(4.15,-2.04,1.03));
#6744 = TRIMMED_CURVE('',#6745,(#6750,PARAMETER_VALUE(0.)),(#6751,
    PARAMETER_VALUE(3.141592653589)),.T.,.PARAMETER.);
#6745 = CIRCLE('',#6746,0.85);
#6746 = AXIS2_PLACEMENT_3D('',#6747,#6748,#6749);
#6747 = CARTESIAN_POINT('',(5.,-2.04,1.03));
#6748 = DIRECTION('',(0.,-1.,0.));
#6749 = DIRECTION('',(-1.,0.,0.));
#6750 = CARTESIAN_POINT('',(4.15,-2.04,1.03));
#6751 = CARTESIAN_POINT('',(5.85,-2.04,1.03));
#6752 = ( GEOMETRIC_REPRESENTATION_CONTEXT(3) 
GLOBAL_UNCERTAINTY_ASSIGNED_CONTEXT((#6756)) 
GLOBAL_UNIT_ASSIGNED_CONTEXT((#6753,#6754,#6755)) REPRESENTATION_CONTEXT
('Context #1','3D Context with UNIT and UNCERTAINTY') );
#6753 = ( LENGTH_UNIT() NAMED_UNIT(*) SI_UNIT(.MILLI.,.METRE.) );
#6754 = ( NAMED_UNIT(*) PLANE_ANGLE_UNIT() SI_UNIT($,.RADIAN.) );
#6755 = ( NAMED_UNIT(*) SI_UNIT($,.STERADIAN.) SOLID_ANGLE_UNIT() );
#6756 = UNCERTAINTY_MEASURE_WITH_UNIT(LENGTH_MEASURE(1.E-07),#6753,
  'distance_accuracy_value','confusion accuracy');
#6757 = CONTEXT_DEPENDENT_SHAPE_REPRESENTATION(#6758,#6760);
#6758 = ( REPRESENTATION_RELATIONSHIP('','',#6632,#36) 
REPRESENTATION_RELATIONSHIP_WITH_TRANSFORMATION(#6759) 
SHAPE_REPRESENTATION_RELATIONSHIP() );
#6759 = ITEM_DEFINED_TRANSFORMATION('','',#11,#41);
#6760 = PRODUCT_DEFINITION_SHAPE('Placement','Placement of an item',
  #6761);
#6761 = NEXT_ASSEMBLY_USAGE_OCCURRENCE('2','=>[0:1:1:3]','',#31,#6627,$
  );
#6762 = PRODUCT_RELATED_PRODUCT_CATEGORY('part',$,(#6629));
#6763 = SHAPE_DEFINITION_REPRESENTATION(#6764,#6770);
#6764 = PRODUCT_DEFINITION_SHAPE('','',#6765);
#6765 = PRODUCT_DEFINITION('design','',#6766,#6769);
#6766 = PRODUCT_DEFINITION_FORMATION('','',#6767);
#6767 = PRODUCT('Black Body Breakout Board_PCB',
  'Black Body Breakout Board_PCB','',(#6768));
#6768 = PRODUCT_CONTEXT('',#2,'mechanical');
#6769 = PRODUCT_DEFINITION_CONTEXT('part definition',#2,'design');
#6770 = ADVANCED_BREP_SHAPE_REPRESENTATION('',(#11,#6771),#7194);
#6771 = MANIFOLD_SOLID_BREP('',#6772);
#6772 = CLOSED_SHELL('',(#6773,#6813,#6844,#6875,#6969,#7063,#7075,#7092
    ,#7109,#7126,#7143,#7160,#7177));
#6773 = ADVANCED_FACE('',(#6774),#6808,.T.);
#6774 = FACE_BOUND('',#6775,.T.);
#6775 = EDGE_LOOP('',(#6776,#6786,#6794,#6802));
#6776 = ORIENTED_EDGE('',*,*,#6777,.T.);
#6777 = EDGE_CURVE('',#6778,#6780,#6782,.T.);
#6778 = VERTEX_POINT('',#6779);
#6779 = CARTESIAN_POINT('',(135.75,-78.75,0.));
#6780 = VERTEX_POINT('',#6781);
#6781 = CARTESIAN_POINT('',(135.75,-78.75,1.51));
#6782 = LINE('',#6783,#6784);
#6783 = CARTESIAN_POINT('',(135.75,-78.75,0.));
#6784 = VECTOR('',#6785,1.);
#6785 = DIRECTION('',(0.,0.,1.));
#6786 = ORIENTED_EDGE('',*,*,#6787,.T.);
#6787 = EDGE_CURVE('',#6780,#6788,#6790,.T.);
#6788 = VERTEX_POINT('',#6789);
#6789 = CARTESIAN_POINT('',(120.75,-78.75,1.51));
#6790 = LINE('',#6791,#6792);
#6791 = CARTESIAN_POINT('',(135.75,-78.75,1.51));
#6792 = VECTOR('',#6793,1.);
#6793 = DIRECTION('',(-1.,0.,0.));
#6794 = ORIENTED_EDGE('',*,*,#6795,.F.);
#6795 = EDGE_CURVE('',#6796,#6788,#6798,.T.);
#6796 = VERTEX_POINT('',#6797);
#6797 = CARTESIAN_POINT('',(120.75,-78.75,0.));
#6798 = LINE('',#6799,#6800);
#6799 = CARTESIAN_POINT('',(120.75,-78.75,0.));
#6800 = VECTOR('',#6801,1.);
#6801 = DIRECTION('',(0.,0.,1.));
#6802 = ORIENTED_EDGE('',*,*,#6803,.F.);
#6803 = EDGE_CURVE('',#6778,#6796,#6804,.T.);
#6804 = LINE('',#6805,#6806);
#6805 = CARTESIAN_POINT('',(135.75,-78.75,0.));
#6806 = VECTOR('',#6807,1.);
#6807 = DIRECTION('',(-1.,0.,0.));
#6808 = PLANE('',#6809);
#6809 = AXIS2_PLACEMENT_3D('',#6810,#6811,#6812);
#6810 = CARTESIAN_POINT('',(135.75,-78.75,0.));
#6811 = DIRECTION('',(0.,-1.,0.));
#6812 = DIRECTION('',(-1.,0.,0.));
#6813 = ADVANCED_FACE('',(#6814),#6839,.T.);
#6814 = FACE_BOUND('',#6815,.T.);
#6815 = EDGE_LOOP('',(#6816,#6826,#6832,#6833));
#6816 = ORIENTED_EDGE('',*,*,#6817,.T.);
#6817 = EDGE_CURVE('',#6818,#6820,#6822,.T.);
#6818 = VERTEX_POINT('',#6819);
#6819 = CARTESIAN_POINT('',(135.75,-65.75,0.));
#6820 = VERTEX_POINT('',#6821);
#6821 = CARTESIAN_POINT('',(135.75,-65.75,1.51));
#6822 = LINE('',#6823,#6824);
#6823 = CARTESIAN_POINT('',(135.75,-65.75,0.));
#6824 = VECTOR('',#6825,1.);
#6825 = DIRECTION('',(0.,0.,1.));
#6826 = ORIENTED_EDGE('',*,*,#6827,.T.);
#6827 = EDGE_CURVE('',#6820,#6780,#6828,.T.);
#6828 = LINE('',#6829,#6830);
#6829 = CARTESIAN_POINT('',(135.75,-65.75,1.51));
#6830 = VECTOR('',#6831,1.);
#6831 = DIRECTION('',(0.,-1.,0.));
#6832 = ORIENTED_EDGE('',*,*,#6777,.F.);
#6833 = ORIENTED_EDGE('',*,*,#6834,.F.);
#6834 = EDGE_CURVE('',#6818,#6778,#6835,.T.);
#6835 = LINE('',#6836,#6837);
#6836 = CARTESIAN_POINT('',(135.75,-65.75,0.));
#6837 = VECTOR('',#6838,1.);
#6838 = DIRECTION('',(0.,-1.,0.));
#6839 = PLANE('',#6840);
#6840 = AXIS2_PLACEMENT_3D('',#6841,#6842,#6843);
#6841 = CARTESIAN_POINT('',(135.75,-65.75,0.));
#6842 = DIRECTION('',(1.,0.,-0.));
#6843 = DIRECTION('',(0.,-1.,0.));
#6844 = ADVANCED_FACE('',(#6845),#6870,.T.);
#6845 = FACE_BOUND('',#6846,.T.);
#6846 = EDGE_LOOP('',(#6847,#6848,#6856,#6864));
#6847 = ORIENTED_EDGE('',*,*,#6795,.T.);
#6848 = ORIENTED_EDGE('',*,*,#6849,.T.);
#6849 = EDGE_CURVE('',#6788,#6850,#6852,.T.);
#6850 = VERTEX_POINT('',#6851);
#6851 = CARTESIAN_POINT('',(120.75,-65.75,1.51));
#6852 = LINE('',#6853,#6854);
#6853 = CARTESIAN_POINT('',(120.75,-78.75,1.51));
#6854 = VECTOR('',#6855,1.);
#6855 = DIRECTION('',(0.,1.,0.));
#6856 = ORIENTED_EDGE('',*,*,#6857,.F.);
#6857 = EDGE_CURVE('',#6858,#6850,#6860,.T.);
#6858 = VERTEX_POINT('',#6859);
#6859 = CARTESIAN_POINT('',(120.75,-65.75,0.));
#6860 = LINE('',#6861,#6862);
#6861 = CARTESIAN_POINT('',(120.75,-65.75,0.));
#6862 = VECTOR('',#6863,1.);
#6863 = DIRECTION('',(0.,0.,1.));
#6864 = ORIENTED_EDGE('',*,*,#6865,.F.);
#6865 = EDGE_CURVE('',#6796,#6858,#6866,.T.);
#6866 = LINE('',#6867,#6868);
#6867 = CARTESIAN_POINT('',(120.75,-78.75,0.));
#6868 = VECTOR('',#6869,1.);
#6869 = DIRECTION('',(0.,1.,0.));
#6870 = PLANE('',#6871);
#6871 = AXIS2_PLACEMENT_3D('',#6872,#6873,#6874);
#6872 = CARTESIAN_POINT('',(120.75,-78.75,0.));
#6873 = DIRECTION('',(-1.,0.,0.));
#6874 = DIRECTION('',(0.,1.,0.));
#6875 = ADVANCED_FACE('',(#6876,#6887,#6898,#6909,#6920,#6931,#6942,
    #6953),#6964,.F.);
#6876 = FACE_BOUND('',#6877,.F.);
#6877 = EDGE_LOOP('',(#6878,#6879,#6880,#6886));
#6878 = ORIENTED_EDGE('',*,*,#6803,.F.);
#6879 = ORIENTED_EDGE('',*,*,#6834,.F.);
#6880 = ORIENTED_EDGE('',*,*,#6881,.F.);
#6881 = EDGE_CURVE('',#6858,#6818,#6882,.T.);
#6882 = LINE('',#6883,#6884);
#6883 = CARTESIAN_POINT('',(120.75,-65.75,0.));
#6884 = VECTOR('',#6885,1.);
#6885 = DIRECTION('',(1.,0.,0.));
#6886 = ORIENTED_EDGE('',*,*,#6865,.F.);
#6887 = FACE_BOUND('',#6888,.F.);
#6888 = EDGE_LOOP('',(#6889));
#6889 = ORIENTED_EDGE('',*,*,#6890,.T.);
#6890 = EDGE_CURVE('',#6891,#6891,#6893,.T.);
#6891 = VERTEX_POINT('',#6892);
#6892 = CARTESIAN_POINT('',(123.25,-77.53,0.));
#6893 = CIRCLE('',#6894,0.6);
#6894 = AXIS2_PLACEMENT_3D('',#6895,#6896,#6897);
#6895 = CARTESIAN_POINT('',(123.25,-76.93,0.));
#6896 = DIRECTION('',(-0.,0.,-1.));
#6897 = DIRECTION('',(-0.,-1.,0.));
#6898 = FACE_BOUND('',#6899,.F.);
#6899 = EDGE_LOOP('',(#6900));
#6900 = ORIENTED_EDGE('',*,*,#6901,.T.);
#6901 = EDGE_CURVE('',#6902,#6902,#6904,.T.);
#6902 = VERTEX_POINT('',#6903);
#6903 = CARTESIAN_POINT('',(125.75,-77.53,0.));
#6904 = CIRCLE('',#6905,0.6);
#6905 = AXIS2_PLACEMENT_3D('',#6906,#6907,#6908);
#6906 = CARTESIAN_POINT('',(125.75,-76.93,0.));
#6907 = DIRECTION('',(-0.,0.,-1.));
#6908 = DIRECTION('',(-0.,-1.,0.));
#6909 = FACE_BOUND('',#6910,.F.);
#6910 = EDGE_LOOP('',(#6911));
#6911 = ORIENTED_EDGE('',*,*,#6912,.T.);
#6912 = EDGE_CURVE('',#6913,#6913,#6915,.T.);
#6913 = VERTEX_POINT('',#6914);
#6914 = CARTESIAN_POINT('',(128.25,-77.53,0.));
#6915 = CIRCLE('',#6916,0.6);
#6916 = AXIS2_PLACEMENT_3D('',#6917,#6918,#6919);
#6917 = CARTESIAN_POINT('',(128.25,-76.93,0.));
#6918 = DIRECTION('',(-0.,0.,-1.));
#6919 = DIRECTION('',(-0.,-1.,0.));
#6920 = FACE_BOUND('',#6921,.F.);
#6921 = EDGE_LOOP('',(#6922));
#6922 = ORIENTED_EDGE('',*,*,#6923,.T.);
#6923 = EDGE_CURVE('',#6924,#6924,#6926,.T.);
#6924 = VERTEX_POINT('',#6925);
#6925 = CARTESIAN_POINT('',(130.75,-77.53,0.));
#6926 = CIRCLE('',#6927,0.6);
#6927 = AXIS2_PLACEMENT_3D('',#6928,#6929,#6930);
#6928 = CARTESIAN_POINT('',(130.75,-76.93,0.));
#6929 = DIRECTION('',(-0.,0.,-1.));
#6930 = DIRECTION('',(-0.,-1.,0.));
#6931 = FACE_BOUND('',#6932,.F.);
#6932 = EDGE_LOOP('',(#6933));
#6933 = ORIENTED_EDGE('',*,*,#6934,.T.);
#6934 = EDGE_CURVE('',#6935,#6935,#6937,.T.);
#6935 = VERTEX_POINT('',#6936);
#6936 = CARTESIAN_POINT('',(133.25,-77.53,0.));
#6937 = CIRCLE('',#6938,0.6);
#6938 = AXIS2_PLACEMENT_3D('',#6939,#6940,#6941);
#6939 = CARTESIAN_POINT('',(133.25,-76.93,0.));
#6940 = DIRECTION('',(-0.,0.,-1.));
#6941 = DIRECTION('',(-0.,-1.,0.));
#6942 = FACE_BOUND('',#6943,.F.);
#6943 = EDGE_LOOP('',(#6944));
#6944 = ORIENTED_EDGE('',*,*,#6945,.T.);
#6945 = EDGE_CURVE('',#6946,#6946,#6948,.T.);
#6946 = VERTEX_POINT('',#6947);
#6947 = CARTESIAN_POINT('',(123.25,-70.6,0.));
#6948 = CIRCLE('',#6949,0.85);
#6949 = AXIS2_PLACEMENT_3D('',#6950,#6951,#6952);
#6950 = CARTESIAN_POINT('',(123.25,-69.75,0.));
#6951 = DIRECTION('',(-0.,0.,-1.));
#6952 = DIRECTION('',(-0.,-1.,0.));
#6953 = FACE_BOUND('',#6954,.F.);
#6954 = EDGE_LOOP('',(#6955));
#6955 = ORIENTED_EDGE('',*,*,#6956,.T.);
#6956 = EDGE_CURVE('',#6957,#6957,#6959,.T.);
#6957 = VERTEX_POINT('',#6958);
#6958 = CARTESIAN_POINT('',(133.25,-70.6,0.));
#6959 = CIRCLE('',#6960,0.85);
#6960 = AXIS2_PLACEMENT_3D('',#6961,#6962,#6963);
#6961 = CARTESIAN_POINT('',(133.25,-69.75,0.));
#6962 = DIRECTION('',(-0.,0.,-1.));
#6963 = DIRECTION('',(-0.,-1.,0.));
#6964 = PLANE('',#6965);
#6965 = AXIS2_PLACEMENT_3D('',#6966,#6967,#6968);
#6966 = CARTESIAN_POINT('',(0.,0.,0.));
#6967 = DIRECTION('',(0.,0.,1.));
#6968 = DIRECTION('',(1.,0.,-0.));
#6969 = ADVANCED_FACE('',(#6970,#6981,#6992,#7003,#7014,#7025,#7036,
    #7047),#7058,.T.);
#6970 = FACE_BOUND('',#6971,.T.);
#6971 = EDGE_LOOP('',(#6972,#6973,#6974,#6980));
#6972 = ORIENTED_EDGE('',*,*,#6787,.F.);
#6973 = ORIENTED_EDGE('',*,*,#6827,.F.);
#6974 = ORIENTED_EDGE('',*,*,#6975,.F.);
#6975 = EDGE_CURVE('',#6850,#6820,#6976,.T.);
#6976 = LINE('',#6977,#6978);
#6977 = CARTESIAN_POINT('',(120.75,-65.75,1.51));
#6978 = VECTOR('',#6979,1.);
#6979 = DIRECTION('',(1.,0.,0.));
#6980 = ORIENTED_EDGE('',*,*,#6849,.F.);
#6981 = FACE_BOUND('',#6982,.T.);
#6982 = EDGE_LOOP('',(#6983));
#6983 = ORIENTED_EDGE('',*,*,#6984,.T.);
#6984 = EDGE_CURVE('',#6985,#6985,#6987,.T.);
#6985 = VERTEX_POINT('',#6986);
#6986 = CARTESIAN_POINT('',(123.25,-77.53,1.51));
#6987 = CIRCLE('',#6988,0.6);
#6988 = AXIS2_PLACEMENT_3D('',#6989,#6990,#6991);
#6989 = CARTESIAN_POINT('',(123.25,-76.93,1.51));
#6990 = DIRECTION('',(-0.,0.,-1.));
#6991 = DIRECTION('',(-0.,-1.,0.));
#6992 = FACE_BOUND('',#6993,.T.);
#6993 = EDGE_LOOP('',(#6994));
#6994 = ORIENTED_EDGE('',*,*,#6995,.T.);
#6995 = EDGE_CURVE('',#6996,#6996,#6998,.T.);
#6996 = VERTEX_POINT('',#6997);
#6997 = CARTESIAN_POINT('',(125.75,-77.53,1.51));
#6998 = CIRCLE('',#6999,0.6);
#6999 = AXIS2_PLACEMENT_3D('',#7000,#7001,#7002);
#7000 = CARTESIAN_POINT('',(125.75,-76.93,1.51));
#7001 = DIRECTION('',(-0.,0.,-1.));
#7002 = DIRECTION('',(-0.,-1.,0.));
#7003 = FACE_BOUND('',#7004,.T.);
#7004 = EDGE_LOOP('',(#7005));
#7005 = ORIENTED_EDGE('',*,*,#7006,.T.);
#7006 = EDGE_CURVE('',#7007,#7007,#7009,.T.);
#7007 = VERTEX_POINT('',#7008);
#7008 = CARTESIAN_POINT('',(128.25,-77.53,1.51));
#7009 = CIRCLE('',#7010,0.6);
#7010 = AXIS2_PLACEMENT_3D('',#7011,#7012,#7013);
#7011 = CARTESIAN_POINT('',(128.25,-76.93,1.51));
#7012 = DIRECTION('',(-0.,0.,-1.));
#7013 = DIRECTION('',(-0.,-1.,0.));
#7014 = FACE_BOUND('',#7015,.T.);
#7015 = EDGE_LOOP('',(#7016));
#7016 = ORIENTED_EDGE('',*,*,#7017,.T.);
#7017 = EDGE_CURVE('',#7018,#7018,#7020,.T.);
#7018 = VERTEX_POINT('',#7019);
#7019 = CARTESIAN_POINT('',(130.75,-77.53,1.51));
#7020 = CIRCLE('',#7021,0.6);
#7021 = AXIS2_PLACEMENT_3D('',#7022,#7023,#7024);
#7022 = CARTESIAN_POINT('',(130.75,-76.93,1.51));
#7023 = DIRECTION('',(-0.,0.,-1.));
#7024 = DIRECTION('',(-0.,-1.,0.));
#7025 = FACE_BOUND('',#7026,.T.);
#7026 = EDGE_LOOP('',(#7027));
#7027 = ORIENTED_EDGE('',*,*,#7028,.T.);
#7028 = EDGE_CURVE('',#7029,#7029,#7031,.T.);
#7029 = VERTEX_POINT('',#7030);
#7030 = CARTESIAN_POINT('',(133.25,-77.53,1.51));
#7031 = CIRCLE('',#7032,0.6);
#7032 = AXIS2_PLACEMENT_3D('',#7033,#7034,#7035);
#7033 = CARTESIAN_POINT('',(133.25,-76.93,1.51));
#7034 = DIRECTION('',(-0.,0.,-1.));
#7035 = DIRECTION('',(-0.,-1.,0.));
#7036 = FACE_BOUND('',#7037,.T.);
#7037 = EDGE_LOOP('',(#7038));
#7038 = ORIENTED_EDGE('',*,*,#7039,.T.);
#7039 = EDGE_CURVE('',#7040,#7040,#7042,.T.);
#7040 = VERTEX_POINT('',#7041);
#7041 = CARTESIAN_POINT('',(123.25,-70.6,1.51));
#7042 = CIRCLE('',#7043,0.85);
#7043 = AXIS2_PLACEMENT_3D('',#7044,#7045,#7046);
#7044 = CARTESIAN_POINT('',(123.25,-69.75,1.51));
#7045 = DIRECTION('',(-0.,0.,-1.));
#7046 = DIRECTION('',(-0.,-1.,0.));
#7047 = FACE_BOUND('',#7048,.T.);
#7048 = EDGE_LOOP('',(#7049));
#7049 = ORIENTED_EDGE('',*,*,#7050,.T.);
#7050 = EDGE_CURVE('',#7051,#7051,#7053,.T.);
#7051 = VERTEX_POINT('',#7052);
#7052 = CARTESIAN_POINT('',(133.25,-70.6,1.51));
#7053 = CIRCLE('',#7054,0.85);
#7054 = AXIS2_PLACEMENT_3D('',#7055,#7056,#7057);
#7055 = CARTESIAN_POINT('',(133.25,-69.75,1.51));
#7056 = DIRECTION('',(-0.,0.,-1.));
#7057 = DIRECTION('',(-0.,-1.,0.));
#7058 = PLANE('',#7059);
#7059 = AXIS2_PLACEMENT_3D('',#7060,#7061,#7062);
#7060 = CARTESIAN_POINT('',(0.,0.,1.51));
#7061 = DIRECTION('',(0.,0.,1.));
#7062 = DIRECTION('',(1.,0.,-0.));
#7063 = ADVANCED_FACE('',(#7064),#7070,.T.);
#7064 = FACE_BOUND('',#7065,.T.);
#7065 = EDGE_LOOP('',(#7066,#7067,#7068,#7069));
#7066 = ORIENTED_EDGE('',*,*,#6857,.T.);
#7067 = ORIENTED_EDGE('',*,*,#6975,.T.);
#7068 = ORIENTED_EDGE('',*,*,#6817,.F.);
#7069 = ORIENTED_EDGE('',*,*,#6881,.F.);
#7070 = PLANE('',#7071);
#7071 = AXIS2_PLACEMENT_3D('',#7072,#7073,#7074);
#7072 = CARTESIAN_POINT('',(120.75,-65.75,0.));
#7073 = DIRECTION('',(0.,1.,0.));
#7074 = DIRECTION('',(1.,0.,0.));
#7075 = ADVANCED_FACE('',(#7076),#7087,.F.);
#7076 = FACE_BOUND('',#7077,.T.);
#7077 = EDGE_LOOP('',(#7078,#7079,#7085,#7086));
#7078 = ORIENTED_EDGE('',*,*,#6890,.T.);
#7079 = ORIENTED_EDGE('',*,*,#7080,.T.);
#7080 = EDGE_CURVE('',#6891,#6985,#7081,.T.);
#7081 = LINE('',#7082,#7083);
#7082 = CARTESIAN_POINT('',(123.25,-77.53,-4.6E-02));
#7083 = VECTOR('',#7084,1.);
#7084 = DIRECTION('',(0.,0.,1.));
#7085 = ORIENTED_EDGE('',*,*,#6984,.F.);
#7086 = ORIENTED_EDGE('',*,*,#7080,.F.);
#7087 = CYLINDRICAL_SURFACE('',#7088,0.6);
#7088 = AXIS2_PLACEMENT_3D('',#7089,#7090,#7091);
#7089 = CARTESIAN_POINT('',(123.25,-76.93,-4.6E-02));
#7090 = DIRECTION('',(-0.,-0.,-1.));
#7091 = DIRECTION('',(-0.,-1.,0.));
#7092 = ADVANCED_FACE('',(#7093),#7104,.F.);
#7093 = FACE_BOUND('',#7094,.T.);
#7094 = EDGE_LOOP('',(#7095,#7096,#7102,#7103));
#7095 = ORIENTED_EDGE('',*,*,#6901,.T.);
#7096 = ORIENTED_EDGE('',*,*,#7097,.T.);
#7097 = EDGE_CURVE('',#6902,#6996,#7098,.T.);
#7098 = LINE('',#7099,#7100);
#7099 = CARTESIAN_POINT('',(125.75,-77.53,-4.6E-02));
#7100 = VECTOR('',#7101,1.);
#7101 = DIRECTION('',(0.,0.,1.));
#7102 = ORIENTED_EDGE('',*,*,#6995,.F.);
#7103 = ORIENTED_EDGE('',*,*,#7097,.F.);
#7104 = CYLINDRICAL_SURFACE('',#7105,0.6);
#7105 = AXIS2_PLACEMENT_3D('',#7106,#7107,#7108);
#7106 = CARTESIAN_POINT('',(125.75,-76.93,-4.6E-02));
#7107 = DIRECTION('',(-0.,-0.,-1.));
#7108 = DIRECTION('',(-0.,-1.,0.));
#7109 = ADVANCED_FACE('',(#7110),#7121,.F.);
#7110 = FACE_BOUND('',#7111,.T.);
#7111 = EDGE_LOOP('',(#7112,#7113,#7119,#7120));
#7112 = ORIENTED_EDGE('',*,*,#6912,.T.);
#7113 = ORIENTED_EDGE('',*,*,#7114,.T.);
#7114 = EDGE_CURVE('',#6913,#7007,#7115,.T.);
#7115 = LINE('',#7116,#7117);
#7116 = CARTESIAN_POINT('',(128.25,-77.53,-4.6E-02));
#7117 = VECTOR('',#7118,1.);
#7118 = DIRECTION('',(0.,0.,1.));
#7119 = ORIENTED_EDGE('',*,*,#7006,.F.);
#7120 = ORIENTED_EDGE('',*,*,#7114,.F.);
#7121 = CYLINDRICAL_SURFACE('',#7122,0.6);
#7122 = AXIS2_PLACEMENT_3D('',#7123,#7124,#7125);
#7123 = CARTESIAN_POINT('',(128.25,-76.93,-4.6E-02));
#7124 = DIRECTION('',(-0.,-0.,-1.));
#7125 = DIRECTION('',(-0.,-1.,0.));
#7126 = ADVANCED_FACE('',(#7127),#7138,.F.);
#7127 = FACE_BOUND('',#7128,.T.);
#7128 = EDGE_LOOP('',(#7129,#7130,#7136,#7137));
#7129 = ORIENTED_EDGE('',*,*,#6923,.T.);
#7130 = ORIENTED_EDGE('',*,*,#7131,.T.);
#7131 = EDGE_CURVE('',#6924,#7018,#7132,.T.);
#7132 = LINE('',#7133,#7134);
#7133 = CARTESIAN_POINT('',(130.75,-77.53,-4.6E-02));
#7134 = VECTOR('',#7135,1.);
#7135 = DIRECTION('',(0.,0.,1.));
#7136 = ORIENTED_EDGE('',*,*,#7017,.F.);
#7137 = ORIENTED_EDGE('',*,*,#7131,.F.);
#7138 = CYLINDRICAL_SURFACE('',#7139,0.6);
#7139 = AXIS2_PLACEMENT_3D('',#7140,#7141,#7142);
#7140 = CARTESIAN_POINT('',(130.75,-76.93,-4.6E-02));
#7141 = DIRECTION('',(-0.,-0.,-1.));
#7142 = DIRECTION('',(-0.,-1.,0.));
#7143 = ADVANCED_FACE('',(#7144),#7155,.F.);
#7144 = FACE_BOUND('',#7145,.T.);
#7145 = EDGE_LOOP('',(#7146,#7147,#7153,#7154));
#7146 = ORIENTED_EDGE('',*,*,#6934,.T.);
#7147 = ORIENTED_EDGE('',*,*,#7148,.T.);
#7148 = EDGE_CURVE('',#6935,#7029,#7149,.T.);
#7149 = LINE('',#7150,#7151);
#7150 = CARTESIAN_POINT('',(133.25,-77.53,-4.6E-02));
#7151 = VECTOR('',#7152,1.);
#7152 = DIRECTION('',(0.,0.,1.));
#7153 = ORIENTED_EDGE('',*,*,#7028,.F.);
#7154 = ORIENTED_EDGE('',*,*,#7148,.F.);
#7155 = CYLINDRICAL_SURFACE('',#7156,0.6);
#7156 = AXIS2_PLACEMENT_3D('',#7157,#7158,#7159);
#7157 = CARTESIAN_POINT('',(133.25,-76.93,-4.6E-02));
#7158 = DIRECTION('',(-0.,-0.,-1.));
#7159 = DIRECTION('',(-0.,-1.,0.));
#7160 = ADVANCED_FACE('',(#7161),#7172,.F.);
#7161 = FACE_BOUND('',#7162,.T.);
#7162 = EDGE_LOOP('',(#7163,#7164,#7170,#7171));
#7163 = ORIENTED_EDGE('',*,*,#6945,.T.);
#7164 = ORIENTED_EDGE('',*,*,#7165,.T.);
#7165 = EDGE_CURVE('',#6946,#7040,#7166,.T.);
#7166 = LINE('',#7167,#7168);
#7167 = CARTESIAN_POINT('',(123.25,-70.6,-4.6E-02));
#7168 = VECTOR('',#7169,1.);
#7169 = DIRECTION('',(0.,0.,1.));
#7170 = ORIENTED_EDGE('',*,*,#7039,.F.);
#7171 = ORIENTED_EDGE('',*,*,#7165,.F.);
#7172 = CYLINDRICAL_SURFACE('',#7173,0.85);
#7173 = AXIS2_PLACEMENT_3D('',#7174,#7175,#7176);
#7174 = CARTESIAN_POINT('',(123.25,-69.75,-4.6E-02));
#7175 = DIRECTION('',(-0.,-0.,-1.));
#7176 = DIRECTION('',(-0.,-1.,0.));
#7177 = ADVANCED_FACE('',(#7178),#7189,.F.);
#7178 = FACE_BOUND('',#7179,.T.);
#7179 = EDGE_LOOP('',(#7180,#7181,#7187,#7188));
#7180 = ORIENTED_EDGE('',*,*,#6956,.T.);
#7181 = ORIENTED_EDGE('',*,*,#7182,.T.);
#7182 = EDGE_CURVE('',#6957,#7051,#7183,.T.);
#7183 = LINE('',#7184,#7185);
#7184 = CARTESIAN_POINT('',(133.25,-70.6,-4.6E-02));
#7185 = VECTOR('',#7186,1.);
#7186 = DIRECTION('',(0.,0.,1.));
#7187 = ORIENTED_EDGE('',*,*,#7050,.F.);
#7188 = ORIENTED_EDGE('',*,*,#7182,.F.);
#7189 = CYLINDRICAL_SURFACE('',#7190,0.85);
#7190 = AXIS2_PLACEMENT_3D('',#7191,#7192,#7193);
#7191 = CARTESIAN_POINT('',(133.25,-69.75,-4.6E-02));
#7192 = DIRECTION('',(-0.,-0.,-1.));
#7193 = DIRECTION('',(-0.,-1.,0.));
#7194 = ( GEOMETRIC_REPRESENTATION_CONTEXT(3) 
GLOBAL_UNCERTAINTY_ASSIGNED_CONTEXT((#7198)) 
GLOBAL_UNIT_ASSIGNED_CONTEXT((#7195,#7196,#7197)) REPRESENTATION_CONTEXT
('Context #1','3D Context with UNIT and UNCERTAINTY') );
#7195 = ( LENGTH_UNIT() NAMED_UNIT(*) SI_UNIT(.MILLI.,.METRE.) );
#7196 = ( NAMED_UNIT(*) PLANE_ANGLE_UNIT() SI_UNIT($,.RADIAN.) );
#7197 = ( NAMED_UNIT(*) SI_UNIT($,.STERADIAN.) SOLID_ANGLE_UNIT() );
#7198 = UNCERTAINTY_MEASURE_WITH_UNIT(LENGTH_MEASURE(1.E-07),#7195,
  'distance_accuracy_value','confusion accuracy');
#7199 = CONTEXT_DEPENDENT_SHAPE_REPRESENTATION(#7200,#7202);
#7200 = ( REPRESENTATION_RELATIONSHIP('','',#6770,#10) 
REPRESENTATION_RELATIONSHIP_WITH_TRANSFORMATION(#7201) 
SHAPE_REPRESENTATION_RELATIONSHIP() );
#7201 = ITEM_DEFINED_TRANSFORMATION('','',#11,#19);
#7202 = PRODUCT_DEFINITION_SHAPE('Placement','Placement of an item',
  #7203);
#7203 = NEXT_ASSEMBLY_USAGE_OCCURRENCE('4','=>[0:1:1:3]','',#5,#6765,$);
#7204 = PRODUCT_RELATED_PRODUCT_CATEGORY('part',$,(#6767));
#7205 = MECHANICAL_DESIGN_GEOMETRIC_PRESENTATION_REPRESENTATION('',(
    #7206),#7194);
#7206 = STYLED_ITEM('color',(#7207),#6771);
#7207 = PRESENTATION_STYLE_ASSIGNMENT((#7208));
#7208 = SURFACE_STYLE_USAGE(.BOTH.,#7209);
#7209 = SURFACE_SIDE_STYLE('',(#7210));
#7210 = SURFACE_STYLE_FILL_AREA(#7211);
#7211 = FILL_AREA_STYLE('',(#7212));
#7212 = FILL_AREA_STYLE_COLOUR('',#7213);
#7213 = COLOUR_RGB('',0.313304153717,0.484529207832,0.410020903123);
ENDSEC;
END-ISO-10303-21;
